date,pm10,pm2_5,carbon_monoxide,dust
2023-01-01 00:00:00+07:00,42.4,29.5,1935.0,0.0
2023-01-01 01:00:00+07:00,42.6,29.6,2030.0,0.0
2023-01-01 02:00:00+07:00,44.4,30.9,2072.0,0.0
2023-01-01 03:00:00+07:00,46.0,32.0,2092.0,0.0
2023-01-01 04:00:00+07:00,46.6,32.5,2149.0,0.0
2023-01-01 05:00:00+07:00,47.0,32.7,2308.0,0.0
2023-01-01 06:00:00+07:00,48.3,33.6,2512.0,0.0
2023-01-01 07:00:00+07:00,53.8,37.5,2398.0,0.0
2023-01-01 08:00:00+07:00,63.6,44.4,2030.0,0.0
2023-01-01 09:00:00+07:00,55.2,38.4,1507.0,0.0
2023-01-01 10:00:00+07:00,33.3,23.1,934.0,0.0
2023-01-01 11:00:00+07:00,27.1,18.7,747.0,0.0
2023-01-01 12:00:00+07:00,27.4,18.9,672.0,0.0
2023-01-01 13:00:00+07:00,27.3,18.8,616.0,0.0
2023-01-01 14:00:00+07:00,26.1,18.0,535.0,0.0
2023-01-01 15:00:00+07:00,24.5,16.9,465.0,0.0
2023-01-01 16:00:00+07:00,22.9,15.8,518.0,0.0
2023-01-01 17:00:00+07:00,22.8,15.7,743.0,0.0
2023-01-01 18:00:00+07:00,31.8,22.0,1079.0,0.0
2023-01-01 19:00:00+07:00,35.5,24.6,1518.0,0.0
2023-01-01 20:00:00+07:00,43.2,30.0,1789.0,0.0
2023-01-01 21:00:00+07:00,47.8,33.3,2174.0,0.0
2023-01-01 22:00:00+07:00,52.2,36.3,2586.0,0.0
2023-01-01 23:00:00+07:00,57.2,39.8,2717.0,0.0
2023-01-02 00:00:00+07:00,58.4,40.7,2763.0,0.0
2023-01-02 01:00:00+07:00,55.3,38.5,2737.0,0.0
2023-01-02 02:00:00+07:00,51.3,35.7,2631.0,0.0
2023-01-02 03:00:00+07:00,47.1,32.8,2461.0,0.0
2023-01-02 04:00:00+07:00,44.7,31.1,2303.0,0.0
2023-01-02 05:00:00+07:00,44.6,31.1,2340.0,0.0
2023-01-02 06:00:00+07:00,46.2,32.2,2445.0,0.0
2023-01-02 07:00:00+07:00,48.7,33.9,2376.0,0.0
2023-01-02 08:00:00+07:00,56.7,39.5,2145.0,0.0
2023-01-02 09:00:00+07:00,55.4,38.6,1813.0,0.0
2023-01-02 10:00:00+07:00,41.7,28.9,1391.0,0.0
2023-01-02 11:00:00+07:00,28.2,19.4,1137.0,0.0
2023-01-02 12:00:00+07:00,26.1,18.0,904.0,0.0
2023-01-02 13:00:00+07:00,24.8,17.1,670.0,0.0
2023-01-02 14:00:00+07:00,22.7,15.7,543.0,0.0
2023-01-02 15:00:00+07:00,21.0,14.4,461.0,0.0
2023-01-02 16:00:00+07:00,19.4,13.4,531.0,0.0
2023-01-02 17:00:00+07:00,19.3,13.3,794.0,0.0
2023-01-02 18:00:00+07:00,31.5,21.8,1191.0,0.0
2023-01-02 19:00:00+07:00,37.3,26.0,1705.0,0.0
2023-01-02 20:00:00+07:00,46.7,32.6,1978.0,0.0
2023-01-02 21:00:00+07:00,49.8,34.7,2364.0,0.0
2023-01-02 22:00:00+07:00,49.7,34.7,2697.0,0.0
2023-01-02 23:00:00+07:00,47.0,32.7,2644.0,0.0
2023-01-03 00:00:00+07:00,42.8,29.8,2438.0,0.0
2023-01-03 01:00:00+07:00,39.2,27.4,2146.0,0.0
2023-01-03 02:00:00+07:00,36.4,25.4,1977.0,0.0
2023-01-03 03:00:00+07:00,34.1,23.7,1809.0,0.0
2023-01-03 04:00:00+07:00,31.9,22.2,1626.0,0.0
2023-01-03 05:00:00+07:00,30.2,21.0,1553.0,0.0
2023-01-03 06:00:00+07:00,28.9,20.1,1516.0,0.0
2023-01-03 07:00:00+07:00,29.9,20.8,1473.0,0.0
2023-01-03 08:00:00+07:00,32.9,22.9,1363.0,0.0
2023-01-03 09:00:00+07:00,29.0,20.2,1204.0,0.0
2023-01-03 10:00:00+07:00,25.8,17.9,991.0,0.0
2023-01-03 11:00:00+07:00,22.6,15.7,844.0,0.0
2023-01-03 12:00:00+07:00,21.4,14.8,699.0,0.0
2023-01-03 13:00:00+07:00,22.0,15.3,551.0,0.0
2023-01-03 14:00:00+07:00,22.5,15.5,466.0,0.0
2023-01-03 15:00:00+07:00,21.0,14.5,407.0,0.0
2023-01-03 16:00:00+07:00,19.8,13.7,475.0,0.0
2023-01-03 17:00:00+07:00,20.7,14.3,699.0,0.0
2023-01-03 18:00:00+07:00,28.8,20.0,1032.0,0.0
2023-01-03 19:00:00+07:00,34.9,24.3,1528.0,0.0
2023-01-03 20:00:00+07:00,44.0,30.7,1724.0,0.0
2023-01-03 21:00:00+07:00,45.6,31.8,2003.0,0.0
2023-01-03 22:00:00+07:00,45.9,31.9,2288.0,0.0
2023-01-03 23:00:00+07:00,47.1,32.9,2353.0,0.0
2023-01-04 00:00:00+07:00,49.1,34.3,2345.0,0.0
2023-01-04 01:00:00+07:00,50.3,35.0,2284.0,0.0
2023-01-04 02:00:00+07:00,51.6,36.0,2213.0,0.0
2023-01-04 03:00:00+07:00,51.9,36.2,2111.0,0.0
2023-01-04 04:00:00+07:00,49.1,34.3,1960.0,0.0
2023-01-04 05:00:00+07:00,44.8,31.3,1856.0,0.0
2023-01-04 06:00:00+07:00,40.6,28.3,1748.0,0.0
2023-01-04 07:00:00+07:00,38.0,26.4,1528.0,0.0
2023-01-04 08:00:00+07:00,39.8,27.7,1344.0,0.0
2023-01-04 09:00:00+07:00,34.2,23.8,1081.0,0.0
2023-01-04 10:00:00+07:00,25.4,17.6,781.0,0.0
2023-01-04 11:00:00+07:00,22.9,15.8,659.0,0.0
2023-01-04 12:00:00+07:00,22.8,15.8,582.0,0.0
2023-01-04 13:00:00+07:00,23.5,16.2,517.0,0.0
2023-01-04 14:00:00+07:00,22.6,15.7,455.0,0.0
2023-01-04 15:00:00+07:00,22.0,15.2,405.0,0.0
2023-01-04 16:00:00+07:00,21.5,14.9,491.0,0.0
2023-01-04 17:00:00+07:00,22.0,15.3,745.0,0.0
2023-01-04 18:00:00+07:00,30.0,20.8,1114.0,0.0
2023-01-04 19:00:00+07:00,36.7,25.5,1511.0,0.0
2023-01-04 20:00:00+07:00,45.5,31.7,1839.0,0.0
2023-01-04 21:00:00+07:00,51.5,35.9,2303.0,0.0
2023-01-04 22:00:00+07:00,53.7,37.4,2751.0,0.0
2023-01-04 23:00:00+07:00,53.6,37.4,2795.0,0.0
2023-01-05 00:00:00+07:00,52.7,36.8,2694.0,0.0
2023-01-05 01:00:00+07:00,50.4,35.2,2494.0,0.0
2023-01-05 02:00:00+07:00,46.6,32.5,2324.0,0.0
2023-01-05 03:00:00+07:00,42.8,29.9,2115.0,0.0
2023-01-05 04:00:00+07:00,40.3,28.1,1888.0,0.0
2023-01-05 05:00:00+07:00,37.8,26.4,1824.0,0.0
2023-01-05 06:00:00+07:00,37.0,25.8,1809.0,0.0
2023-01-05 07:00:00+07:00,35.2,24.6,1557.0,0.0
2023-01-05 08:00:00+07:00,39.2,27.4,1424.0,0.0
2023-01-05 09:00:00+07:00,34.5,24.0,1232.0,0.0
2023-01-05 10:00:00+07:00,29.2,20.3,980.0,0.0
2023-01-05 11:00:00+07:00,21.3,14.8,814.0,0.0
2023-01-05 12:00:00+07:00,19.3,13.4,652.0,0.0
2023-01-05 13:00:00+07:00,18.9,13.1,492.0,0.0
2023-01-05 14:00:00+07:00,17.9,12.4,402.0,0.0
2023-01-05 15:00:00+07:00,17.4,12.1,343.0,0.0
2023-01-05 16:00:00+07:00,16.7,11.6,432.0,0.0
2023-01-05 17:00:00+07:00,16.9,11.7,712.0,0.0
2023-01-05 18:00:00+07:00,28.4,19.8,1121.0,0.0
2023-01-05 19:00:00+07:00,41.2,28.8,1734.0,0.0
2023-01-05 20:00:00+07:00,48.8,34.0,2084.0,0.0
2023-01-05 21:00:00+07:00,51.6,36.1,2577.0,0.0
2023-01-05 22:00:00+07:00,51.2,35.9,2972.0,0.0
2023-01-05 23:00:00+07:00,46.2,32.2,2832.0,0.0
2023-01-06 00:00:00+07:00,39.7,27.7,2470.0,0.0
2023-01-06 01:00:00+07:00,35.5,24.8,1997.0,0.0
2023-01-06 02:00:00+07:00,32.1,22.4,1760.0,0.0
2023-01-06 03:00:00+07:00,29.5,20.5,1549.0,0.0
2023-01-06 04:00:00+07:00,28.0,19.5,1348.0,0.0
2023-01-06 05:00:00+07:00,27.5,19.2,1298.0,0.0
2023-01-06 06:00:00+07:00,27.9,19.5,1309.0,0.0
2023-01-06 07:00:00+07:00,28.6,20.0,1326.0,0.0
2023-01-06 08:00:00+07:00,33.8,23.6,1234.0,0.0
2023-01-06 09:00:00+07:00,29.7,20.7,1102.0,0.0
2023-01-06 10:00:00+07:00,26.7,18.6,908.0,0.0
2023-01-06 11:00:00+07:00,20.1,14.0,747.0,0.0
2023-01-06 12:00:00+07:00,18.0,12.5,572.0,0.0
2023-01-06 13:00:00+07:00,17.4,12.1,391.0,0.0
2023-01-06 14:00:00+07:00,16.5,11.5,316.0,0.0
2023-01-06 15:00:00+07:00,15.4,10.7,280.0,0.0
2023-01-06 16:00:00+07:00,14.6,10.1,305.0,0.0
2023-01-06 17:00:00+07:00,14.5,10.1,415.0,0.0
2023-01-06 18:00:00+07:00,17.8,12.4,581.0,0.0
2023-01-06 19:00:00+07:00,17.0,11.9,887.0,0.0
2023-01-06 20:00:00+07:00,16.7,11.7,866.0,0.0
2023-01-06 21:00:00+07:00,16.1,11.2,835.0,0.0
2023-01-06 22:00:00+07:00,16.2,11.4,787.0,0.0
2023-01-06 23:00:00+07:00,16.7,11.7,746.0,0.0
2023-01-07 00:00:00+07:00,17.2,12.0,701.0,0.0
2023-01-07 01:00:00+07:00,17.5,12.2,644.0,0.0
2023-01-07 02:00:00+07:00,17.6,12.3,601.0,0.0
2023-01-07 03:00:00+07:00,17.6,12.3,558.0,0.0
2023-01-07 04:00:00+07:00,17.4,12.2,529.0,0.0
2023-01-07 05:00:00+07:00,17.4,12.2,549.0,0.0
2023-01-07 06:00:00+07:00,17.6,12.3,593.0,0.0
2023-01-07 07:00:00+07:00,18.0,12.6,575.0,0.0
2023-01-07 08:00:00+07:00,20.9,14.6,566.0,0.0
2023-01-07 09:00:00+07:00,19.7,13.7,552.0,0.0
2023-01-07 10:00:00+07:00,20.0,14.0,525.0,0.0
2023-01-07 11:00:00+07:00,20.7,14.5,492.0,0.0
2023-01-07 12:00:00+07:00,20.2,14.1,452.0,0.0
2023-01-07 13:00:00+07:00,19.8,13.9,410.0,0.0
2023-01-07 14:00:00+07:00,19.5,13.6,365.0,0.0
2023-01-07 15:00:00+07:00,19.2,13.4,320.0,0.0
2023-01-07 16:00:00+07:00,19.0,13.3,390.0,0.0
2023-01-07 17:00:00+07:00,19.7,13.8,620.0,0.0
2023-01-07 18:00:00+07:00,27.5,19.3,953.0,0.0
2023-01-07 19:00:00+07:00,27.4,19.2,1323.0,0.0
2023-01-07 20:00:00+07:00,35.0,24.5,1654.0,0.0
2023-01-07 21:00:00+07:00,40.3,28.2,2122.0,0.0
2023-01-07 22:00:00+07:00,42.0,29.5,2546.0,0.0
2023-01-07 23:00:00+07:00,41.2,28.8,2520.0,0.0
2023-01-08 00:00:00+07:00,39.1,27.4,2322.0,0.0
2023-01-08 01:00:00+07:00,36.9,25.8,2042.0,0.0
2023-01-08 02:00:00+07:00,35.4,24.8,1897.0,0.0
2023-01-08 03:00:00+07:00,34.2,23.9,1755.0,0.0
2023-01-08 04:00:00+07:00,32.8,23.0,1603.0,0.0
2023-01-08 05:00:00+07:00,31.0,21.7,1546.0,0.0
2023-01-08 06:00:00+07:00,29.8,20.8,1520.0,0.0
2023-01-08 07:00:00+07:00,29.9,21.0,1441.0,0.0
2023-01-08 08:00:00+07:00,35.3,24.7,1322.0,0.0
2023-01-08 09:00:00+07:00,34.5,24.1,1151.0,0.0
2023-01-08 10:00:00+07:00,29.8,20.8,927.0,0.0
2023-01-08 11:00:00+07:00,25.8,18.0,779.0,0.0
2023-01-08 12:00:00+07:00,23.5,16.4,637.0,0.0
2023-01-08 13:00:00+07:00,22.0,15.4,494.0,0.0
2023-01-08 14:00:00+07:00,20.8,14.5,401.0,0.0
2023-01-08 15:00:00+07:00,19.6,13.7,331.0,0.0
2023-01-08 16:00:00+07:00,19.2,13.4,432.0,0.0
2023-01-08 17:00:00+07:00,20.7,14.5,762.0,0.0
2023-01-08 18:00:00+07:00,35.5,24.9,1243.0,0.0
2023-01-08 19:00:00+07:00,43.0,30.0,1784.0,0.0
2023-01-08 20:00:00+07:00,52.0,36.3,2174.0,0.0
2023-01-08 21:00:00+07:00,58.0,40.5,2725.0,0.0
2023-01-08 22:00:00+07:00,60.8,42.5,3243.0,0.0
2023-01-08 23:00:00+07:00,58.9,41.2,3263.0,0.0
2023-01-09 00:00:00+07:00,54.9,38.4,3099.0,0.0
2023-01-09 01:00:00+07:00,50.5,35.4,2819.0,0.0
2023-01-09 02:00:00+07:00,46.7,32.6,2614.0,0.0
2023-01-09 03:00:00+07:00,43.7,30.5,2378.0,0.0
2023-01-09 04:00:00+07:00,41.3,28.9,2113.0,0.0
2023-01-09 05:00:00+07:00,39.6,27.7,2013.0,0.0
2023-01-09 06:00:00+07:00,38.1,26.7,1958.0,0.0
2023-01-09 07:00:00+07:00,35.4,24.7,1624.0,0.0
2023-01-09 08:00:00+07:00,40.3,28.2,1485.0,0.0
2023-01-09 09:00:00+07:00,40.3,28.2,1285.0,0.0
2023-01-09 10:00:00+07:00,36.4,25.5,1021.0,0.0
2023-01-09 11:00:00+07:00,29.4,20.5,844.0,0.0
2023-01-09 12:00:00+07:00,26.1,18.2,671.0,0.0
2023-01-09 13:00:00+07:00,24.4,17.0,505.0,0.0
2023-01-09 14:00:00+07:00,23.3,16.3,425.0,0.0
2023-01-09 15:00:00+07:00,23.0,16.0,383.0,0.0
2023-01-09 16:00:00+07:00,22.9,15.9,499.0,0.0
2023-01-09 17:00:00+07:00,24.0,16.8,787.0,0.0
2023-01-09 18:00:00+07:00,34.8,24.3,1203.0,0.0
2023-01-09 19:00:00+07:00,45.6,31.9,1798.0,0.0
2023-01-09 20:00:00+07:00,53.1,37.1,2191.0,0.0
2023-01-09 21:00:00+07:00,59.4,41.6,2747.0,0.0
2023-01-09 22:00:00+07:00,65.0,45.4,3301.0,0.0
2023-01-09 23:00:00+07:00,68.2,47.7,3387.0,0.0
2023-01-10 00:00:00+07:00,67.3,47.0,3311.0,0.0
2023-01-10 01:00:00+07:00,64.3,44.9,3140.0,0.0
2023-01-10 02:00:00+07:00,61.2,42.8,3000.0,0.0
2023-01-10 03:00:00+07:00,58.7,41.0,2821.0,0.0
2023-01-10 04:00:00+07:00,56.6,39.5,2609.0,0.0
2023-01-10 05:00:00+07:00,54.4,38.1,2524.0,0.0
2023-01-10 06:00:00+07:00,52.5,36.7,2470.0,0.0
2023-01-10 07:00:00+07:00,42.7,29.9,1674.0,0.0
2023-01-10 08:00:00+07:00,45.2,31.5,1596.0,0.0
2023-01-10 09:00:00+07:00,45.5,31.9,1481.0,0.0
2023-01-10 10:00:00+07:00,44.7,31.2,1266.0,0.0
2023-01-10 11:00:00+07:00,31.7,22.1,1018.0,0.0
2023-01-10 12:00:00+07:00,27.1,18.9,719.0,0.0
2023-01-10 13:00:00+07:00,22.7,15.8,414.0,0.0
2023-01-10 14:00:00+07:00,19.7,13.7,309.0,0.0
2023-01-10 15:00:00+07:00,18.4,12.8,274.0,0.0
2023-01-10 16:00:00+07:00,17.5,12.1,362.0,0.0
2023-01-10 17:00:00+07:00,19.6,13.6,559.0,0.0
2023-01-10 18:00:00+07:00,28.8,20.1,851.0,0.0
2023-01-10 19:00:00+07:00,36.3,25.4,1404.0,0.0
2023-01-10 20:00:00+07:00,40.0,28.0,1634.0,0.0
2023-01-10 21:00:00+07:00,43.0,30.0,1963.0,0.0
2023-01-10 22:00:00+07:00,46.4,32.5,2347.0,0.0
2023-01-10 23:00:00+07:00,49.8,34.8,2529.0,0.0
2023-01-11 00:00:00+07:00,51.9,36.3,2665.0,0.0
2023-01-11 01:00:00+07:00,53.7,37.5,2760.0,0.0
2023-01-11 02:00:00+07:00,55.3,38.6,2729.0,0.0
2023-01-11 03:00:00+07:00,56.0,39.1,2633.0,0.0
2023-01-11 04:00:00+07:00,57.0,39.8,2552.0,0.0
2023-01-11 05:00:00+07:00,58.7,41.0,2631.0,0.0
2023-01-11 06:00:00+07:00,59.3,41.4,2765.0,0.0
2023-01-11 07:00:00+07:00,60.8,42.5,2531.0,0.0
2023-01-11 08:00:00+07:00,69.6,48.8,2352.0,0.0
2023-01-11 09:00:00+07:00,66.8,46.8,2094.0,0.0
2023-01-11 10:00:00+07:00,56.2,39.3,1706.0,0.0
2023-01-11 11:00:00+07:00,41.2,28.8,1372.0,0.0
2023-01-11 12:00:00+07:00,36.7,25.6,1004.0,0.0
2023-01-11 13:00:00+07:00,33.8,23.6,627.0,0.0
2023-01-11 14:00:00+07:00,31.1,21.7,495.0,0.0
2023-01-11 15:00:00+07:00,28.3,19.8,450.0,0.0
2023-01-11 16:00:00+07:00,26.8,18.7,482.0,0.0
2023-01-11 17:00:00+07:00,27.5,19.2,577.0,0.0
2023-01-11 18:00:00+07:00,32.6,22.7,733.0,0.0
2023-01-11 19:00:00+07:00,37.4,26.1,992.0,0.0
2023-01-11 20:00:00+07:00,39.0,27.2,1070.0,0.0
2023-01-11 21:00:00+07:00,40.2,28.1,1181.0,0.0
2023-01-11 22:00:00+07:00,43.0,30.0,1325.0,0.0
2023-01-11 23:00:00+07:00,45.2,31.5,1423.0,0.0
2023-01-12 00:00:00+07:00,45.9,32.0,1519.0,0.0
2023-01-12 01:00:00+07:00,45.1,31.5,1591.0,0.0
2023-01-12 02:00:00+07:00,43.7,30.5,1555.0,0.0
2023-01-12 03:00:00+07:00,43.0,30.0,1470.0,0.0
2023-01-12 04:00:00+07:00,43.2,30.2,1422.0,0.0
2023-01-12 05:00:00+07:00,43.9,30.6,1548.0,0.0
2023-01-12 06:00:00+07:00,44.9,31.4,1743.0,0.0
2023-01-12 07:00:00+07:00,51.3,36.0,1745.0,0.0
2023-01-12 08:00:00+07:00,61.9,43.3,1494.0,0.0
2023-01-12 09:00:00+07:00,52.0,36.3,1136.0,0.0
2023-01-12 10:00:00+07:00,34.0,23.7,721.0,0.0
2023-01-12 11:00:00+07:00,25.7,17.8,540.0,0.0
2023-01-12 12:00:00+07:00,21.0,14.6,416.0,0.0
2023-01-12 13:00:00+07:00,18.1,12.5,303.0,0.0
2023-01-12 14:00:00+07:00,15.8,10.9,236.0,0.0
2023-01-12 15:00:00+07:00,13.8,9.5,197.0,0.0
2023-01-12 16:00:00+07:00,12.2,8.4,238.0,0.0
2023-01-12 17:00:00+07:00,12.9,8.9,357.0,0.0
2023-01-12 18:00:00+07:00,20.4,14.2,540.0,0.0
2023-01-12 19:00:00+07:00,25.3,17.7,975.0,0.0
2023-01-12 20:00:00+07:00,28.9,20.2,1162.0,0.0
2023-01-12 21:00:00+07:00,31.7,22.1,1431.0,0.0
2023-01-12 22:00:00+07:00,35.2,24.6,1778.0,0.0
2023-01-12 23:00:00+07:00,38.4,26.8,1996.0,0.0
2023-01-13 00:00:00+07:00,40.3,28.2,2201.0,0.0
2023-01-13 01:00:00+07:00,42.0,29.3,2405.0,0.0
2023-01-13 02:00:00+07:00,43.3,30.3,2465.0,0.0
2023-01-13 03:00:00+07:00,44.1,30.9,2469.0,0.0
2023-01-13 04:00:00+07:00,44.7,31.3,2504.0,0.0
2023-01-13 05:00:00+07:00,45.9,32.1,2654.0,0.0
2023-01-13 06:00:00+07:00,48.0,33.5,2847.0,0.0
2023-01-13 07:00:00+07:00,55.8,39.0,2868.0,0.0
2023-01-13 08:00:00+07:00,67.3,47.0,2588.0,0.0
2023-01-13 09:00:00+07:00,66.8,46.7,2186.0,0.0
2023-01-13 10:00:00+07:00,49.7,34.7,1630.0,0.0
2023-01-13 11:00:00+07:00,28.8,20.0,1219.0,0.0
2023-01-13 12:00:00+07:00,21.1,14.7,796.0,0.0
2023-01-13 13:00:00+07:00,18.9,13.1,376.0,0.0
2023-01-13 14:00:00+07:00,17.3,12.0,233.0,0.0
2023-01-13 15:00:00+07:00,15.9,11.1,197.0,0.0
2023-01-13 16:00:00+07:00,14.9,10.3,262.0,0.0
2023-01-13 17:00:00+07:00,16.1,11.2,389.0,0.0
2023-01-13 18:00:00+07:00,23.6,16.5,590.0,0.0
2023-01-13 19:00:00+07:00,27.8,19.4,931.0,0.0
2023-01-13 20:00:00+07:00,31.7,22.2,1263.0,0.0
2023-01-13 21:00:00+07:00,36.8,25.7,1649.0,0.0
2023-01-13 22:00:00+07:00,41.6,29.1,2104.0,0.0
2023-01-13 23:00:00+07:00,44.8,31.3,2364.0,0.0
2023-01-14 00:00:00+07:00,45.9,32.1,2578.0,0.0
2023-01-14 01:00:00+07:00,46.0,32.1,2743.0,0.0
2023-01-14 02:00:00+07:00,45.3,31.7,2727.0,0.0
2023-01-14 03:00:00+07:00,43.8,30.6,2620.0,0.0
2023-01-14 04:00:00+07:00,41.1,28.8,2475.0,0.0
2023-01-14 05:00:00+07:00,39.1,27.4,2425.0,0.0
2023-01-14 06:00:00+07:00,38.3,26.8,2387.0,0.0
2023-01-14 07:00:00+07:00,39.2,27.5,2284.0,0.0
2023-01-14 08:00:00+07:00,44.2,31.0,2151.0,0.0
2023-01-14 09:00:00+07:00,49.9,34.9,1982.0,0.0
2023-01-14 10:00:00+07:00,47.5,33.2,1675.0,0.0
2023-01-14 11:00:00+07:00,39.2,27.3,1324.0,0.0
2023-01-14 12:00:00+07:00,29.4,20.5,904.0,0.0
2023-01-14 13:00:00+07:00,26.3,18.3,470.0,0.0
2023-01-14 14:00:00+07:00,24.2,16.8,320.0,0.0
2023-01-14 15:00:00+07:00,22.2,15.4,266.0,0.0
2023-01-14 16:00:00+07:00,20.3,14.1,327.0,0.0
2023-01-14 17:00:00+07:00,22.9,16.0,478.0,0.0
2023-01-14 18:00:00+07:00,31.5,22.1,717.0,0.0
2023-01-14 19:00:00+07:00,36.1,25.3,1115.0,0.0
2023-01-14 20:00:00+07:00,41.1,28.7,1494.0,0.0
2023-01-14 21:00:00+07:00,46.6,32.6,1933.0,0.0
2023-01-14 22:00:00+07:00,51.9,36.3,2426.0,0.0
2023-01-14 23:00:00+07:00,55.2,38.6,2665.0,0.0
2023-01-15 00:00:00+07:00,55.3,38.6,2833.0,0.0
2023-01-15 01:00:00+07:00,53.9,37.7,2958.0,0.0
2023-01-15 02:00:00+07:00,52.4,36.7,2950.0,0.0
2023-01-15 03:00:00+07:00,51.1,35.7,2870.0,0.0
2023-01-15 04:00:00+07:00,49.8,34.9,2793.0,0.0
2023-01-15 05:00:00+07:00,49.0,34.2,2844.0,0.0
2023-01-15 06:00:00+07:00,49.0,34.3,2933.0,0.0
2023-01-15 07:00:00+07:00,51.5,36.0,2939.0,0.0
2023-01-15 08:00:00+07:00,59.8,41.8,2793.0,0.0
2023-01-15 09:00:00+07:00,67.1,47.0,2562.0,0.0
2023-01-15 10:00:00+07:00,56.5,39.5,2144.0,0.0
2023-01-15 11:00:00+07:00,49.1,34.2,1692.0,0.0
2023-01-15 12:00:00+07:00,35.4,24.6,1153.0,1.0
2023-01-15 13:00:00+07:00,29.5,20.4,594.0,1.0
2023-01-15 14:00:00+07:00,26.7,18.5,412.0,1.0
2023-01-15 15:00:00+07:00,24.4,16.9,358.0,1.0
2023-01-15 16:00:00+07:00,23.1,16.0,398.0,1.0
2023-01-15 17:00:00+07:00,24.7,17.2,511.0,1.0
2023-01-15 18:00:00+07:00,30.2,21.0,700.0,0.0
2023-01-15 19:00:00+07:00,35.6,24.9,1364.0,0.0
2023-01-15 20:00:00+07:00,40.0,28.0,1574.0,0.0
2023-01-15 21:00:00+07:00,43.1,30.0,1874.0,0.0
2023-01-15 22:00:00+07:00,47.3,33.1,2220.0,0.0
2023-01-15 23:00:00+07:00,52.6,36.8,2380.0,0.0
2023-01-16 00:00:00+07:00,54.4,38.1,2494.0,0.0
2023-01-16 01:00:00+07:00,53.2,37.3,2558.0,0.0
2023-01-16 02:00:00+07:00,51.1,35.7,2502.0,0.0
2023-01-16 03:00:00+07:00,48.9,34.1,2379.0,0.0
2023-01-16 04:00:00+07:00,47.5,33.2,2254.0,0.0
2023-01-16 05:00:00+07:00,47.6,33.3,2271.0,0.0
2023-01-16 06:00:00+07:00,48.7,34.0,2331.0,0.0
2023-01-16 07:00:00+07:00,49.4,34.5,2246.0,0.0
2023-01-16 08:00:00+07:00,54.2,38.0,2147.0,0.0
2023-01-16 09:00:00+07:00,57.5,40.2,2001.0,0.0
2023-01-16 10:00:00+07:00,50.2,35.0,1718.0,0.0
2023-01-16 11:00:00+07:00,38.4,26.8,1377.0,0.0
2023-01-16 12:00:00+07:00,30.5,21.2,961.0,0.0
2023-01-16 13:00:00+07:00,26.1,18.2,538.0,0.0
2023-01-16 14:00:00+07:00,24.6,17.1,411.0,0.0
2023-01-16 15:00:00+07:00,23.5,16.4,386.0,0.0
2023-01-16 16:00:00+07:00,23.1,16.1,470.0,0.0
2023-01-16 17:00:00+07:00,24.4,17.0,638.0,0.0
2023-01-16 18:00:00+07:00,31.0,21.7,887.0,0.0
2023-01-16 19:00:00+07:00,34.7,24.2,1187.0,0.0
2023-01-16 20:00:00+07:00,38.4,26.8,1346.0,0.0
2023-01-16 21:00:00+07:00,40.9,28.5,1571.0,0.0
2023-01-16 22:00:00+07:00,43.1,30.0,1796.0,0.0
2023-01-16 23:00:00+07:00,43.2,30.2,1825.0,0.0
2023-01-17 00:00:00+07:00,41.7,29.1,1788.0,0.0
2023-01-17 01:00:00+07:00,40.2,28.1,1742.0,0.0
2023-01-17 02:00:00+07:00,39.3,27.5,1736.0,0.0
2023-01-17 03:00:00+07:00,38.6,27.0,1737.0,0.0
2023-01-17 04:00:00+07:00,38.2,26.7,1785.0,0.0
2023-01-17 05:00:00+07:00,38.6,27.0,1919.0,0.0
2023-01-17 06:00:00+07:00,40.2,28.1,2099.0,0.0
2023-01-17 07:00:00+07:00,45.9,32.1,1993.0,0.0
2023-01-17 08:00:00+07:00,55.1,38.5,1851.0,0.0
2023-01-17 09:00:00+07:00,57.9,40.5,1646.0,0.0
2023-01-17 10:00:00+07:00,46.6,32.5,1332.0,0.0
2023-01-17 11:00:00+07:00,33.6,23.4,1052.0,0.0
2023-01-17 12:00:00+07:00,28.5,19.8,741.0,0.0
2023-01-17 13:00:00+07:00,27.0,18.7,426.0,0.0
2023-01-17 14:00:00+07:00,24.7,17.2,321.0,0.0
2023-01-17 15:00:00+07:00,23.9,16.6,292.0,0.0
2023-01-17 16:00:00+07:00,23.5,16.3,337.0,0.0
2023-01-17 17:00:00+07:00,25.4,17.7,434.0,0.0
2023-01-17 18:00:00+07:00,27.9,19.4,586.0,0.0
2023-01-17 19:00:00+07:00,40.5,28.2,787.0,0.0
2023-01-17 20:00:00+07:00,42.1,29.5,843.0,0.0
2023-01-17 21:00:00+07:00,42.3,29.5,924.0,0.0
2023-01-17 22:00:00+07:00,43.2,30.2,1034.0,0.0
2023-01-17 23:00:00+07:00,44.4,31.0,1108.0,0.0
2023-01-18 00:00:00+07:00,44.4,31.0,1182.0,0.0
2023-01-18 01:00:00+07:00,44.1,30.9,1265.0,0.0
2023-01-18 02:00:00+07:00,44.5,31.1,1303.0,0.0
2023-01-18 03:00:00+07:00,44.2,30.9,1328.0,0.0
2023-01-18 04:00:00+07:00,44.7,31.2,1375.0,0.0
2023-01-18 05:00:00+07:00,45.2,31.5,1470.0,0.0
2023-01-18 06:00:00+07:00,46.1,32.1,1587.0,0.0
2023-01-18 07:00:00+07:00,48.3,33.8,1682.0,0.0
2023-01-18 08:00:00+07:00,56.0,39.1,1478.0,0.0
2023-01-18 09:00:00+07:00,54.7,38.2,1188.0,0.0
2023-01-18 10:00:00+07:00,47.1,32.8,848.0,0.0
2023-01-18 11:00:00+07:00,37.8,26.3,694.0,0.0
2023-01-18 12:00:00+07:00,32.6,22.7,583.0,0.0
2023-01-18 13:00:00+07:00,30.5,21.2,484.0,0.0
2023-01-18 14:00:00+07:00,29.3,20.4,419.0,0.0
2023-01-18 15:00:00+07:00,27.6,19.2,378.0,0.0
2023-01-18 16:00:00+07:00,25.8,17.9,450.0,0.0
2023-01-18 17:00:00+07:00,24.7,17.1,645.0,0.0
2023-01-18 18:00:00+07:00,29.7,20.7,931.0,0.0
2023-01-18 19:00:00+07:00,52.3,36.6,1393.0,0.0
2023-01-18 20:00:00+07:00,61.7,43.1,1649.0,0.0
2023-01-18 21:00:00+07:00,61.7,43.1,2010.0,0.0
2023-01-18 22:00:00+07:00,58.0,40.5,2354.0,0.0
2023-01-18 23:00:00+07:00,54.2,37.8,2357.0,0.0
2023-01-19 00:00:00+07:00,50.6,35.4,2237.0,0.0
2023-01-19 01:00:00+07:00,48.3,33.8,2110.0,0.0
2023-01-19 02:00:00+07:00,47.8,33.4,2118.0,0.0
2023-01-19 03:00:00+07:00,48.7,34.0,2163.0,0.0
2023-01-19 04:00:00+07:00,50.6,35.4,2255.0,0.0
2023-01-19 05:00:00+07:00,53.0,36.9,2402.0,0.0
2023-01-19 06:00:00+07:00,55.3,38.6,2587.0,0.0
2023-01-19 07:00:00+07:00,60.1,41.9,2217.0,0.0
2023-01-19 08:00:00+07:00,68.7,48.1,1970.0,0.0
2023-01-19 09:00:00+07:00,59.6,41.6,1616.0,0.0
2023-01-19 10:00:00+07:00,44.9,31.3,1175.0,0.0
2023-01-19 11:00:00+07:00,33.1,22.9,922.0,0.0
2023-01-19 12:00:00+07:00,29.3,20.4,699.0,0.0
2023-01-19 13:00:00+07:00,28.0,19.4,487.0,0.0
2023-01-19 14:00:00+07:00,27.6,19.1,405.0,0.0
2023-01-19 15:00:00+07:00,26.9,18.6,380.0,0.0
2023-01-19 16:00:00+07:00,25.9,17.9,441.0,0.0
2023-01-19 17:00:00+07:00,25.6,17.7,572.0,0.0
2023-01-19 18:00:00+07:00,28.9,20.1,767.0,0.0
2023-01-19 19:00:00+07:00,33.8,23.5,914.0,0.0
2023-01-19 20:00:00+07:00,36.6,25.6,1084.0,0.0
2023-01-19 21:00:00+07:00,39.6,27.6,1326.0,0.0
2023-01-19 22:00:00+07:00,43.1,30.2,1595.0,0.0
2023-01-19 23:00:00+07:00,44.5,31.0,1687.0,0.0
2023-01-20 00:00:00+07:00,43.7,30.5,1729.0,0.0
2023-01-20 01:00:00+07:00,43.3,30.3,1777.0,0.0
2023-01-20 02:00:00+07:00,44.4,31.0,1823.0,0.0
2023-01-20 03:00:00+07:00,46.0,32.1,1865.0,0.0
2023-01-20 04:00:00+07:00,48.2,33.8,1946.0,0.0
2023-01-20 05:00:00+07:00,50.5,35.3,2086.0,0.0
2023-01-20 06:00:00+07:00,53.0,37.0,2257.0,0.0
2023-01-20 07:00:00+07:00,64.3,44.8,2213.0,0.0
2023-01-20 08:00:00+07:00,74.7,52.3,1933.0,0.0
2023-01-20 09:00:00+07:00,64.7,45.2,1533.0,1.0
2023-01-20 10:00:00+07:00,44.2,30.9,1068.0,1.0
2023-01-20 11:00:00+07:00,33.9,23.5,862.0,1.0
2023-01-20 12:00:00+07:00,31.8,22.1,717.0,0.0
2023-01-20 13:00:00+07:00,32.1,22.3,584.0,0.0
2023-01-20 14:00:00+07:00,31.9,22.2,508.0,0.0
2023-01-20 15:00:00+07:00,31.1,21.5,465.0,0.0
2023-01-20 16:00:00+07:00,30.0,20.8,503.0,0.0
2023-01-20 17:00:00+07:00,30.2,21.0,638.0,0.0
2023-01-20 18:00:00+07:00,35.2,24.5,843.0,0.0
2023-01-20 19:00:00+07:00,34.9,24.4,1050.0,0.0
2023-01-20 20:00:00+07:00,39.0,27.2,1144.0,0.0
2023-01-20 21:00:00+07:00,40.5,28.3,1279.0,0.0
2023-01-20 22:00:00+07:00,42.6,29.7,1445.0,0.0
2023-01-20 23:00:00+07:00,44.9,31.3,1533.0,0.0
2023-01-21 00:00:00+07:00,46.2,32.2,1607.0,0.0
2023-01-21 01:00:00+07:00,46.8,32.7,1694.0,0.0
2023-01-21 02:00:00+07:00,47.0,32.8,1743.0,0.0
2023-01-21 03:00:00+07:00,48.8,34.1,1781.0,0.0
2023-01-21 04:00:00+07:00,51.0,35.6,1862.0,0.0
2023-01-21 05:00:00+07:00,53.3,37.3,2018.0,0.0
2023-01-21 06:00:00+07:00,55.8,38.9,2214.0,0.0
2023-01-21 07:00:00+07:00,64.0,44.8,2130.0,0.0
2023-01-21 08:00:00+07:00,72.9,51.0,1860.0,0.0
2023-01-21 09:00:00+07:00,61.9,43.2,1475.0,0.0
2023-01-21 10:00:00+07:00,39.0,27.1,1024.0,0.0
2023-01-21 11:00:00+07:00,27.8,19.3,817.0,0.0
2023-01-21 12:00:00+07:00,26.7,18.5,667.0,0.0
2023-01-21 13:00:00+07:00,26.3,18.2,531.0,0.0
2023-01-21 14:00:00+07:00,25.8,17.9,463.0,0.0
2023-01-21 15:00:00+07:00,25.2,17.5,432.0,0.0
2023-01-21 16:00:00+07:00,24.5,17.0,478.0,0.0
2023-01-21 17:00:00+07:00,24.3,16.9,601.0,0.0
2023-01-21 18:00:00+07:00,29.2,20.4,785.0,0.0
2023-01-21 19:00:00+07:00,32.7,22.8,1067.0,0.0
2023-01-21 20:00:00+07:00,36.2,25.3,1174.0,0.0
2023-01-21 21:00:00+07:00,37.8,26.4,1328.0,0.0
2023-01-21 22:00:00+07:00,40.6,28.3,1544.0,0.0
2023-01-21 23:00:00+07:00,44.5,31.1,1705.0,0.0
2023-01-22 00:00:00+07:00,47.5,33.2,1872.0,0.0
2023-01-22 01:00:00+07:00,49.7,34.7,2057.0,0.0
2023-01-22 02:00:00+07:00,51.6,36.1,2137.0,0.0
2023-01-22 03:00:00+07:00,53.3,37.3,2186.0,0.0
2023-01-22 04:00:00+07:00,55.3,38.6,2263.0,0.0
2023-01-22 05:00:00+07:00,57.5,40.2,2400.0,0.0
2023-01-22 06:00:00+07:00,60.1,41.9,2562.0,0.0
2023-01-22 07:00:00+07:00,62.2,43.4,2475.0,0.0
2023-01-22 08:00:00+07:00,72.6,50.8,2197.0,0.0
2023-01-22 09:00:00+07:00,67.3,47.0,1798.0,0.0
2023-01-22 10:00:00+07:00,49.7,34.7,1305.0,0.0
2023-01-22 11:00:00+07:00,37.3,26.0,1030.0,0.0
2023-01-22 12:00:00+07:00,31.7,22.1,791.0,0.0
2023-01-22 13:00:00+07:00,28.4,19.8,561.0,0.0
2023-01-22 14:00:00+07:00,26.5,18.5,464.0,0.0
2023-01-22 15:00:00+07:00,25.2,17.5,425.0,0.0
2023-01-22 16:00:00+07:00,24.0,16.7,469.0,0.0
2023-01-22 17:00:00+07:00,24.7,17.2,597.0,0.0
2023-01-22 18:00:00+07:00,31.2,21.8,794.0,0.0
2023-01-22 19:00:00+07:00,36.3,25.3,803.0,0.0
2023-01-22 20:00:00+07:00,36.8,25.7,780.0,0.0
2023-01-22 21:00:00+07:00,36.6,25.5,747.0,0.0
2023-01-22 22:00:00+07:00,38.5,26.9,712.0,0.0
2023-01-22 23:00:00+07:00,41.8,29.2,701.0,0.0
2023-01-23 00:00:00+07:00,44.5,31.1,698.0,0.0
2023-01-23 01:00:00+07:00,46.1,32.2,700.0,0.0
2023-01-23 02:00:00+07:00,48.0,33.5,707.0,0.0
2023-01-23 03:00:00+07:00,49.5,34.6,718.0,0.0
2023-01-23 04:00:00+07:00,50.5,35.3,736.0,0.0
2023-01-23 05:00:00+07:00,51.3,35.9,753.0,0.0
2023-01-23 06:00:00+07:00,52.2,36.4,772.0,0.0
2023-01-23 07:00:00+07:00,52.7,36.8,764.0,0.0
2023-01-23 08:00:00+07:00,57.2,39.9,759.0,0.0
2023-01-23 09:00:00+07:00,56.2,39.3,751.0,0.0
2023-01-23 10:00:00+07:00,42.7,29.8,712.0,0.0
2023-01-23 11:00:00+07:00,33.2,23.2,635.0,0.0
2023-01-23 12:00:00+07:00,28.6,19.9,533.0,0.0
2023-01-23 13:00:00+07:00,27.8,19.3,438.0,0.0
2023-01-23 14:00:00+07:00,28.2,19.7,425.0,0.0
2023-01-23 15:00:00+07:00,28.4,19.8,443.0,0.0
2023-01-23 16:00:00+07:00,28.7,20.0,510.0,0.0
2023-01-23 17:00:00+07:00,30.3,21.1,611.0,0.0
2023-01-23 18:00:00+07:00,38.0,26.5,746.0,0.0
2023-01-23 19:00:00+07:00,40.0,28.0,854.0,0.0
2023-01-23 20:00:00+07:00,44.1,30.7,860.0,0.0
2023-01-23 21:00:00+07:00,46.2,32.2,869.0,0.0
2023-01-23 22:00:00+07:00,49.0,34.2,878.0,0.0
2023-01-23 23:00:00+07:00,51.9,36.2,881.0,0.0
2023-01-24 00:00:00+07:00,54.2,37.8,883.0,0.0
2023-01-24 01:00:00+07:00,56.7,39.6,880.0,0.0
2023-01-24 02:00:00+07:00,58.8,41.1,871.0,0.0
2023-01-24 03:00:00+07:00,58.7,41.1,858.0,0.0
2023-01-24 04:00:00+07:00,57.3,40.0,845.0,0.0
2023-01-24 05:00:00+07:00,55.1,38.5,842.0,0.0
2023-01-24 06:00:00+07:00,53.8,37.6,843.0,0.0
2023-01-24 07:00:00+07:00,53.1,37.1,837.0,0.0
2023-01-24 08:00:00+07:00,55.4,38.8,830.0,0.0
2023-01-24 09:00:00+07:00,54.5,38.1,818.0,0.0
2023-01-24 10:00:00+07:00,47.7,33.4,774.0,0.0
2023-01-24 11:00:00+07:00,39.1,27.3,694.0,0.0
2023-01-24 12:00:00+07:00,36.3,25.3,590.0,0.0
2023-01-24 13:00:00+07:00,37.3,26.0,485.0,0.0
2023-01-24 14:00:00+07:00,37.3,26.0,459.0,0.0
2023-01-24 15:00:00+07:00,36.1,25.1,462.0,0.0
2023-01-24 16:00:00+07:00,34.3,23.9,497.0,0.0
2023-01-24 17:00:00+07:00,32.5,22.5,554.0,0.0
2023-01-24 18:00:00+07:00,36.9,25.7,635.0,0.0
2023-01-24 19:00:00+07:00,46.1,32.1,825.0,0.0
2023-01-24 20:00:00+07:00,54.2,37.8,844.0,0.0
2023-01-24 21:00:00+07:00,59.1,41.2,872.0,0.0
2023-01-24 22:00:00+07:00,62.9,43.9,901.0,0.0
2023-01-24 23:00:00+07:00,66.6,46.4,906.0,0.0
2023-01-25 00:00:00+07:00,67.8,47.3,904.0,0.0
2023-01-25 01:00:00+07:00,65.4,45.6,910.0,0.0
2023-01-25 02:00:00+07:00,62.4,43.7,929.0,0.0
2023-01-25 03:00:00+07:00,60.5,42.3,956.0,0.0
2023-01-25 04:00:00+07:00,60.3,42.0,1002.0,0.0
2023-01-25 05:00:00+07:00,60.8,42.5,1063.0,0.0
2023-01-25 06:00:00+07:00,61.9,43.3,1137.0,0.0
2023-01-25 07:00:00+07:00,62.6,43.8,1077.0,0.0
2023-01-25 08:00:00+07:00,67.8,47.4,1024.0,0.0
2023-01-25 09:00:00+07:00,65.2,45.5,949.0,0.0
2023-01-25 10:00:00+07:00,47.5,33.1,847.0,0.0
2023-01-25 11:00:00+07:00,38.5,26.9,776.0,0.0
2023-01-25 12:00:00+07:00,35.2,24.5,705.0,0.0
2023-01-25 13:00:00+07:00,33.3,23.2,635.0,0.0
2023-01-25 14:00:00+07:00,31.9,22.2,611.0,0.0
2023-01-25 15:00:00+07:00,30.5,21.2,605.0,0.0
2023-01-25 16:00:00+07:00,30.4,21.2,621.0,0.0
2023-01-25 17:00:00+07:00,31.2,21.8,664.0,0.0
2023-01-25 18:00:00+07:00,34.1,23.7,725.0,0.0
2023-01-25 19:00:00+07:00,40.2,28.0,958.0,0.0
2023-01-25 20:00:00+07:00,39.6,27.6,1019.0,0.0
2023-01-25 21:00:00+07:00,39.1,27.3,1106.0,0.0
2023-01-25 22:00:00+07:00,40.3,28.1,1211.0,0.0
2023-01-25 23:00:00+07:00,41.7,29.2,1263.0,0.0
2023-01-26 00:00:00+07:00,41.7,29.1,1304.0,0.0
2023-01-26 01:00:00+07:00,41.2,28.8,1349.0,0.0
2023-01-26 02:00:00+07:00,41.7,29.1,1364.0,0.0
2023-01-26 03:00:00+07:00,43.1,30.2,1368.0,0.0
2023-01-26 04:00:00+07:00,45.3,31.7,1416.0,0.0
2023-01-26 05:00:00+07:00,47.5,33.2,1554.0,0.0
2023-01-26 06:00:00+07:00,50.6,35.4,1737.0,0.0
2023-01-26 07:00:00+07:00,59.8,41.9,1946.0,0.0
2023-01-26 08:00:00+07:00,71.9,50.4,1706.0,0.0
2023-01-26 09:00:00+07:00,60.1,42.0,1363.0,0.0
2023-01-26 10:00:00+07:00,43.7,30.5,964.0,0.0
2023-01-26 11:00:00+07:00,36.9,25.7,785.0,0.0
2023-01-26 12:00:00+07:00,34.8,24.3,659.0,0.0
2023-01-26 13:00:00+07:00,34.0,23.7,544.0,0.0
2023-01-26 14:00:00+07:00,33.4,23.3,482.0,0.0
2023-01-26 15:00:00+07:00,32.8,22.8,452.0,0.0
2023-01-26 16:00:00+07:00,32.1,22.4,492.0,0.0
2023-01-26 17:00:00+07:00,32.2,22.5,612.0,0.0
2023-01-26 18:00:00+07:00,36.9,25.7,790.0,0.0
2023-01-26 19:00:00+07:00,41.9,29.3,1116.0,0.0
2023-01-26 20:00:00+07:00,42.8,29.9,1218.0,0.0
2023-01-26 21:00:00+07:00,43.9,30.6,1363.0,0.0
2023-01-26 22:00:00+07:00,46.4,32.5,1541.0,0.0
2023-01-26 23:00:00+07:00,49.0,34.2,1634.0,0.0
2023-01-27 00:00:00+07:00,50.1,34.9,1712.0,0.0
2023-01-27 01:00:00+07:00,50.1,34.9,1787.0,0.0
2023-01-27 02:00:00+07:00,50.3,35.2,1802.0,0.0
2023-01-27 03:00:00+07:00,51.6,36.0,1794.0,0.0
2023-01-27 04:00:00+07:00,54.4,38.0,1834.0,0.0
2023-01-27 05:00:00+07:00,58.3,40.6,1984.0,0.0
2023-01-27 06:00:00+07:00,61.5,43.0,2187.0,0.0
2023-01-27 07:00:00+07:00,67.1,46.9,2333.0,0.0
2023-01-27 08:00:00+07:00,76.6,53.6,2122.0,0.0
2023-01-27 09:00:00+07:00,71.5,49.8,1820.0,0.0
2023-01-27 10:00:00+07:00,57.5,40.0,1426.0,0.0
2023-01-27 11:00:00+07:00,47.5,33.1,1172.0,0.0
2023-01-27 12:00:00+07:00,44.4,30.9,928.0,0.0
2023-01-27 13:00:00+07:00,43.3,30.2,686.0,0.0
2023-01-27 14:00:00+07:00,42.3,29.3,583.0,0.0
2023-01-27 15:00:00+07:00,40.4,28.1,535.0,0.0
2023-01-27 16:00:00+07:00,39.0,27.1,578.0,0.0
2023-01-27 17:00:00+07:00,38.3,26.6,721.0,0.0
2023-01-27 18:00:00+07:00,41.9,29.2,941.0,0.0
2023-01-27 19:00:00+07:00,56.5,39.3,1450.0,0.0
2023-01-27 20:00:00+07:00,59.8,41.8,1635.0,0.0
2023-01-27 21:00:00+07:00,61.0,42.5,1897.0,0.0
2023-01-27 22:00:00+07:00,60.8,42.3,2159.0,0.0
2023-01-27 23:00:00+07:00,58.4,40.6,2205.0,0.0
2023-01-28 00:00:00+07:00,55.3,38.5,2176.0,0.0
2023-01-28 01:00:00+07:00,52.4,36.4,2101.0,0.0
2023-01-28 02:00:00+07:00,50.4,35.0,2020.0,0.0
2023-01-28 03:00:00+07:00,49.8,34.6,1913.0,0.0
2023-01-28 04:00:00+07:00,50.4,35.0,1829.0,0.0
2023-01-28 05:00:00+07:00,49.5,34.5,1901.0,0.0
2023-01-28 06:00:00+07:00,49.5,34.3,2032.0,0.0
2023-01-28 07:00:00+07:00,58.1,40.4,1957.0,0.0
2023-01-28 08:00:00+07:00,67.5,47.0,1680.0,0.0
2023-01-28 09:00:00+07:00,57.6,40.2,1286.0,0.0
2023-01-28 10:00:00+07:00,32.9,22.8,855.0,0.0
2023-01-28 11:00:00+07:00,28.7,19.9,715.0,0.0
2023-01-28 12:00:00+07:00,27.6,19.2,659.0,0.0
2023-01-28 13:00:00+07:00,27.2,18.9,618.0,0.0
2023-01-28 14:00:00+07:00,26.8,18.6,558.0,0.0
2023-01-28 15:00:00+07:00,26.4,18.3,507.0,0.0
2023-01-28 16:00:00+07:00,25.8,17.9,546.0,0.0
2023-01-28 17:00:00+07:00,25.0,17.3,706.0,0.0
2023-01-28 18:00:00+07:00,30.9,21.5,946.0,0.0
2023-01-28 19:00:00+07:00,44.2,30.9,1372.0,0.0
2023-01-28 20:00:00+07:00,50.4,35.2,1586.0,0.0
2023-01-28 21:00:00+07:00,52.3,36.4,1892.0,0.0
2023-01-28 22:00:00+07:00,53.1,37.0,2244.0,0.0
2023-01-28 23:00:00+07:00,53.7,37.4,2393.0,0.0
2023-01-29 00:00:00+07:00,52.4,36.4,2492.0,0.0
2023-01-29 01:00:00+07:00,50.5,35.3,2583.0,0.0
2023-01-29 02:00:00+07:00,50.6,35.3,2612.0,0.0
2023-01-29 03:00:00+07:00,53.1,37.0,2611.0,0.0
2023-01-29 04:00:00+07:00,57.7,40.3,2659.0,0.0
2023-01-29 05:00:00+07:00,59.3,41.3,2834.0,0.0
2023-01-29 06:00:00+07:00,61.0,42.6,3067.0,0.0
2023-01-29 07:00:00+07:00,69.2,48.3,3216.0,0.0
2023-01-29 08:00:00+07:00,78.7,54.9,2842.0,0.0
2023-01-29 09:00:00+07:00,77.5,54.1,2309.0,0.0
2023-01-29 10:00:00+07:00,55.1,38.4,1668.0,0.0
2023-01-29 11:00:00+07:00,46.1,32.1,1351.0,0.0
2023-01-29 12:00:00+07:00,41.9,29.2,1100.0,0.0
2023-01-29 13:00:00+07:00,39.0,27.2,850.0,0.0
2023-01-29 14:00:00+07:00,38.1,26.5,709.0,0.0
2023-01-29 15:00:00+07:00,35.7,24.9,618.0,0.0
2023-01-29 16:00:00+07:00,31.4,21.9,613.0,0.0
2023-01-29 17:00:00+07:00,32.0,22.3,708.0,0.0
2023-01-29 18:00:00+07:00,33.8,23.6,881.0,0.0
2023-01-29 19:00:00+07:00,45.4,31.7,1343.0,0.0
2023-01-29 20:00:00+07:00,51.9,36.3,1678.0,0.0
2023-01-29 21:00:00+07:00,54.6,38.2,2155.0,0.0
2023-01-29 22:00:00+07:00,55.1,38.5,2680.0,0.0
2023-01-29 23:00:00+07:00,55.5,38.8,2852.0,0.0
2023-01-30 00:00:00+07:00,56.9,39.8,2923.0,0.0
2023-01-30 01:00:00+07:00,59.3,41.4,2984.0,0.0
2023-01-30 02:00:00+07:00,61.7,43.1,3040.0,0.0
2023-01-30 03:00:00+07:00,63.6,44.4,3082.0,0.0
2023-01-30 04:00:00+07:00,64.5,45.2,3136.0,0.0
2023-01-30 05:00:00+07:00,65.2,45.6,3212.0,0.0
2023-01-30 06:00:00+07:00,65.4,45.8,3298.0,0.0
2023-01-30 07:00:00+07:00,63.3,44.2,3171.0,0.0
2023-01-30 08:00:00+07:00,67.5,47.3,2964.0,0.0
2023-01-30 09:00:00+07:00,69.6,48.7,2666.0,0.0
2023-01-30 10:00:00+07:00,68.2,47.7,2265.0,0.0
2023-01-30 11:00:00+07:00,66.8,46.7,1994.0,0.0
2023-01-30 12:00:00+07:00,65.4,45.8,1725.0,0.0
2023-01-30 13:00:00+07:00,63.1,44.1,1424.0,0.0
2023-01-30 14:00:00+07:00,59.5,41.6,1223.0,0.0
2023-01-30 15:00:00+07:00,55.2,38.5,1052.0,0.0
2023-01-30 16:00:00+07:00,51.8,36.2,1027.0,0.0
2023-01-30 17:00:00+07:00,50.2,35.0,1250.0,0.0
2023-01-30 18:00:00+07:00,60.1,42.0,1625.0,0.0
2023-01-30 19:00:00+07:00,54.2,38.0,1929.0,0.0
2023-01-30 20:00:00+07:00,65.0,45.4,2314.0,0.0
2023-01-30 21:00:00+07:00,72.2,50.4,2862.0,0.0
2023-01-30 22:00:00+07:00,77.8,54.2,3469.0,0.0
2023-01-30 23:00:00+07:00,79.4,55.4,3686.0,0.0
2023-01-31 00:00:00+07:00,78.5,54.9,3793.0,0.0
2023-01-31 01:00:00+07:00,76.8,53.8,3852.0,0.0
2023-01-31 02:00:00+07:00,75.4,52.7,3835.0,0.0
2023-01-31 03:00:00+07:00,73.8,51.6,3761.0,0.0
2023-01-31 04:00:00+07:00,72.4,50.6,3695.0,0.0
2023-01-31 05:00:00+07:00,71.9,50.3,3760.0,0.0
2023-01-31 06:00:00+07:00,72.4,50.6,3868.0,0.0
2023-01-31 07:00:00+07:00,73.8,51.7,3764.0,0.0
2023-01-31 08:00:00+07:00,80.1,56.1,3495.0,0.0
2023-01-31 09:00:00+07:00,74.0,51.7,3108.0,0.0
2023-01-31 10:00:00+07:00,70.3,49.1,2559.0,0.0
2023-01-31 11:00:00+07:00,62.4,43.5,2131.0,0.0
2023-01-31 12:00:00+07:00,57.0,39.8,1681.0,0.0
2023-01-31 13:00:00+07:00,53.9,37.6,1221.0,0.0
2023-01-31 14:00:00+07:00,51.9,36.2,1058.0,0.0
2023-01-31 15:00:00+07:00,50.2,35.0,1002.0,0.0
2023-01-31 16:00:00+07:00,48.7,33.9,1022.0,0.0
2023-01-31 17:00:00+07:00,47.0,32.8,1104.0,0.0
2023-01-31 18:00:00+07:00,48.7,34.0,1249.0,0.0
2023-01-31 19:00:00+07:00,58.9,41.2,1432.0,0.0
2023-01-31 20:00:00+07:00,58.8,41.1,1499.0,0.0
2023-01-31 21:00:00+07:00,58.1,40.6,1594.0,0.0
2023-01-31 22:00:00+07:00,58.7,41.1,1700.0,0.0
2023-01-31 23:00:00+07:00,58.9,41.2,1737.0,0.0
2023-02-01 00:00:00+07:00,57.9,40.4,1756.0,0.0
2023-02-01 01:00:00+07:00,55.6,38.9,1771.0,0.0
2023-02-01 02:00:00+07:00,54.2,38.0,1765.0,0.0
2023-02-01 03:00:00+07:00,54.6,38.2,1751.0,0.0
2023-02-01 04:00:00+07:00,56.1,39.2,1790.0,0.0
2023-02-01 05:00:00+07:00,59.0,41.2,1945.0,0.0
2023-02-01 06:00:00+07:00,62.4,43.8,2159.0,0.0
2023-02-01 07:00:00+07:00,70.5,49.2,2333.0,0.0
2023-02-01 08:00:00+07:00,81.5,57.0,2181.0,0.0
2023-02-01 09:00:00+07:00,78.5,54.9,1963.0,0.0
2023-02-01 10:00:00+07:00,68.5,47.8,1641.0,0.0
2023-02-01 11:00:00+07:00,59.5,41.6,1376.0,0.0
2023-02-01 12:00:00+07:00,53.0,36.9,1089.0,0.0
2023-02-01 13:00:00+07:00,48.8,34.0,789.0,0.0
2023-02-01 14:00:00+07:00,45.4,31.7,666.0,0.0
2023-02-01 15:00:00+07:00,42.8,29.8,605.0,0.0
2023-02-01 16:00:00+07:00,39.8,27.7,614.0,0.0
2023-02-01 17:00:00+07:00,40.4,28.1,707.0,0.0
2023-02-01 18:00:00+07:00,44.9,31.3,864.0,0.0
2023-02-01 19:00:00+07:00,54.5,38.1,1186.0,0.0
2023-02-01 20:00:00+07:00,56.9,39.8,1296.0,0.0
2023-02-01 21:00:00+07:00,56.9,39.8,1454.0,0.0
2023-02-01 22:00:00+07:00,58.0,40.5,1672.0,0.0
2023-02-01 23:00:00+07:00,59.8,41.8,1833.0,0.0
2023-02-02 00:00:00+07:00,60.5,42.3,1999.0,0.0
2023-02-02 01:00:00+07:00,59.4,41.4,2164.0,0.0
2023-02-02 02:00:00+07:00,58.2,40.6,2204.0,0.0
2023-02-02 03:00:00+07:00,58.7,41.0,2199.0,0.0
2023-02-02 04:00:00+07:00,61.5,42.8,2217.0,0.0
2023-02-02 05:00:00+07:00,65.9,46.0,2325.0,0.0
2023-02-02 06:00:00+07:00,69.6,48.7,2468.0,0.0
2023-02-02 07:00:00+07:00,71.9,50.3,2446.0,0.0
2023-02-02 08:00:00+07:00,84.3,58.9,2311.0,0.0
2023-02-02 09:00:00+07:00,87.5,61.2,2115.0,0.0
2023-02-02 10:00:00+07:00,79.2,55.3,1802.0,0.0
2023-02-02 11:00:00+07:00,69.6,48.7,1505.0,0.0
2023-02-02 12:00:00+07:00,61.7,43.1,1167.0,0.0
2023-02-02 13:00:00+07:00,56.5,39.3,812.0,0.0
2023-02-02 14:00:00+07:00,53.2,37.0,668.0,0.0
2023-02-02 15:00:00+07:00,50.1,34.8,594.0,0.0
2023-02-02 16:00:00+07:00,48.0,33.4,617.0,0.0
2023-02-02 17:00:00+07:00,46.4,32.2,751.0,0.0
2023-02-02 18:00:00+07:00,49.9,34.8,969.0,0.0
2023-02-02 19:00:00+07:00,52.5,36.7,1174.0,0.0
2023-02-02 20:00:00+07:00,54.8,38.2,1295.0,0.0
2023-02-02 21:00:00+07:00,56.5,39.3,1467.0,0.0
2023-02-02 22:00:00+07:00,58.9,41.1,1699.0,0.0
2023-02-02 23:00:00+07:00,61.2,42.7,1856.0,0.0
2023-02-03 00:00:00+07:00,62.4,43.5,2011.0,0.0
2023-02-03 01:00:00+07:00,60.5,42.3,2173.0,0.0
2023-02-03 02:00:00+07:00,60.3,42.0,2234.0,0.0
2023-02-03 03:00:00+07:00,59.6,41.7,2259.0,0.0
2023-02-03 04:00:00+07:00,58.6,40.9,2298.0,0.0
2023-02-03 05:00:00+07:00,57.0,39.8,2385.0,0.0
2023-02-03 06:00:00+07:00,56.7,39.5,2490.0,0.0
2023-02-03 07:00:00+07:00,63.3,44.2,2395.0,0.0
2023-02-03 08:00:00+07:00,71.9,50.2,2219.0,0.0
2023-02-03 09:00:00+07:00,77.5,54.1,1965.0,0.0
2023-02-03 10:00:00+07:00,67.5,47.0,1582.0,0.0
2023-02-03 11:00:00+07:00,54.7,37.8,1249.0,0.0
2023-02-03 12:00:00+07:00,45.5,31.3,881.0,0.0
2023-02-03 13:00:00+07:00,40.0,27.5,507.0,0.0
2023-02-03 14:00:00+07:00,36.3,24.9,378.0,0.0
2023-02-03 15:00:00+07:00,33.3,22.9,337.0,0.0
2023-02-03 16:00:00+07:00,31.7,21.7,382.0,0.0
2023-02-03 17:00:00+07:00,31.2,21.4,507.0,0.0
2023-02-03 18:00:00+07:00,35.3,24.3,701.0,0.0
2023-02-03 19:00:00+07:00,39.5,27.2,760.0,0.0
2023-02-03 20:00:00+07:00,41.7,28.8,864.0,0.0
2023-02-03 21:00:00+07:00,43.3,29.9,1013.0,0.0
2023-02-03 22:00:00+07:00,44.9,31.1,1184.0,0.0
2023-02-03 23:00:00+07:00,46.0,31.9,1257.0,0.0
2023-02-04 00:00:00+07:00,46.6,32.2,1306.0,0.0
2023-02-04 01:00:00+07:00,46.4,32.1,1341.0,0.0
2023-02-04 02:00:00+07:00,46.0,31.9,1338.0,0.0
2023-02-04 03:00:00+07:00,45.6,31.7,1313.0,0.0
2023-02-04 04:00:00+07:00,45.8,31.8,1294.0,0.0
2023-02-04 05:00:00+07:00,46.3,32.1,1332.0,0.0
2023-02-04 06:00:00+07:00,46.7,32.4,1389.0,0.0
2023-02-04 07:00:00+07:00,48.0,33.3,1481.0,0.0
2023-02-04 08:00:00+07:00,56.1,39.0,1314.0,0.0
2023-02-04 09:00:00+07:00,51.3,35.6,1075.0,0.0
2023-02-04 10:00:00+07:00,46.7,32.2,794.0,0.0
2023-02-04 11:00:00+07:00,44.8,31.0,664.0,0.0
2023-02-04 12:00:00+07:00,41.3,28.5,567.0,0.0
2023-02-04 13:00:00+07:00,37.6,25.9,475.0,0.0
2023-02-04 14:00:00+07:00,35.3,24.3,418.0,0.0
2023-02-04 15:00:00+07:00,34.5,23.7,380.0,0.0
2023-02-04 16:00:00+07:00,35.4,24.3,401.0,0.0
2023-02-04 17:00:00+07:00,38.0,26.2,513.0,0.0
2023-02-04 18:00:00+07:00,40.6,28.1,682.0,0.0
2023-02-04 19:00:00+07:00,43.0,29.7,827.0,0.0
2023-02-04 20:00:00+07:00,41.8,28.8,847.0,0.0
2023-02-04 21:00:00+07:00,41.1,28.2,876.0,0.0
2023-02-04 22:00:00+07:00,42.3,29.2,950.0,0.0
2023-02-04 23:00:00+07:00,45.3,31.2,1062.0,0.0
2023-02-05 00:00:00+07:00,46.8,32.4,1204.0,0.0
2023-02-05 01:00:00+07:00,45.4,31.3,1338.0,0.0
2023-02-05 02:00:00+07:00,43.9,30.4,1338.0,0.0
2023-02-05 03:00:00+07:00,44.0,30.5,1289.0,0.0
2023-02-05 04:00:00+07:00,45.1,31.3,1251.0,0.0
2023-02-05 05:00:00+07:00,46.4,32.2,1316.0,0.0
2023-02-05 06:00:00+07:00,46.9,32.7,1417.0,0.0
2023-02-05 07:00:00+07:00,53.4,37.4,1920.0,0.0
2023-02-05 08:00:00+07:00,62.9,43.9,1643.0,0.0
2023-02-05 09:00:00+07:00,50.6,35.0,1248.0,0.0
2023-02-05 10:00:00+07:00,46.0,31.7,796.0,0.0
2023-02-05 11:00:00+07:00,40.3,27.6,610.0,0.0
2023-02-05 12:00:00+07:00,35.3,24.2,492.0,0.0
2023-02-05 13:00:00+07:00,31.0,21.2,384.0,0.0
2023-02-05 14:00:00+07:00,27.0,18.5,314.0,0.0
2023-02-05 15:00:00+07:00,23.2,15.9,271.0,0.0
2023-02-05 16:00:00+07:00,20.4,13.9,281.0,0.0
2023-02-05 17:00:00+07:00,18.7,12.7,377.0,0.0
2023-02-05 18:00:00+07:00,22.2,15.2,527.0,0.0
2023-02-05 19:00:00+07:00,31.2,21.6,904.0,0.0
2023-02-05 20:00:00+07:00,31.3,21.7,899.0,0.0
2023-02-05 21:00:00+07:00,29.7,20.5,892.0,0.0
2023-02-05 22:00:00+07:00,29.4,20.3,880.0,0.0
2023-02-05 23:00:00+07:00,29.8,20.6,867.0,0.0
2023-02-06 00:00:00+07:00,30.3,21.0,851.0,0.0
2023-02-06 01:00:00+07:00,31.0,21.4,834.0,0.0
2023-02-06 02:00:00+07:00,32.0,22.2,816.0,0.0
2023-02-06 03:00:00+07:00,33.4,23.1,797.0,0.0
2023-02-06 04:00:00+07:00,34.7,24.0,820.0,0.0
2023-02-06 05:00:00+07:00,36.2,25.0,925.0,0.0
2023-02-06 06:00:00+07:00,38.5,26.7,1075.0,0.0
2023-02-06 07:00:00+07:00,46.0,32.1,1531.0,0.0
2023-02-06 08:00:00+07:00,56.0,39.1,1344.0,0.0
2023-02-06 09:00:00+07:00,45.9,31.7,1076.0,0.0
2023-02-06 10:00:00+07:00,37.7,25.8,746.0,0.0
2023-02-06 11:00:00+07:00,29.5,20.1,566.0,0.0
2023-02-06 12:00:00+07:00,23.7,16.1,412.0,0.0
2023-02-06 13:00:00+07:00,18.9,12.8,263.0,0.0
2023-02-06 14:00:00+07:00,15.9,10.8,194.0,0.0
2023-02-06 15:00:00+07:00,14.0,9.4,160.0,0.0
2023-02-06 16:00:00+07:00,12.7,8.5,198.0,0.0
2023-02-06 17:00:00+07:00,12.1,8.1,304.0,0.0
2023-02-06 18:00:00+07:00,16.4,11.1,466.0,0.0
2023-02-06 19:00:00+07:00,17.9,12.3,850.0,0.0
2023-02-06 20:00:00+07:00,23.9,16.4,1103.0,0.0
2023-02-06 21:00:00+07:00,26.6,18.4,1462.0,0.0
2023-02-06 22:00:00+07:00,28.6,19.8,1848.0,0.0
2023-02-06 23:00:00+07:00,29.4,20.4,1968.0,0.0
2023-02-07 00:00:00+07:00,27.8,19.3,2007.0,0.0
2023-02-07 01:00:00+07:00,25.4,17.6,1998.0,0.0
2023-02-07 02:00:00+07:00,24.2,16.8,1938.0,0.0
2023-02-07 03:00:00+07:00,24.3,16.9,1834.0,0.0
2023-02-07 04:00:00+07:00,25.3,17.6,1755.0,0.0
2023-02-07 05:00:00+07:00,27.1,18.9,1825.0,0.0
2023-02-07 06:00:00+07:00,29.8,20.7,1954.0,0.0
2023-02-07 07:00:00+07:00,36.4,25.4,2202.0,0.0
2023-02-07 08:00:00+07:00,46.4,32.4,2017.0,0.0
2023-02-07 09:00:00+07:00,46.0,32.0,1750.0,0.0
2023-02-07 10:00:00+07:00,35.3,24.4,1354.0,0.0
2023-02-07 11:00:00+07:00,20.7,14.2,1018.0,0.0
2023-02-07 12:00:00+07:00,17.0,11.6,650.0,0.0
2023-02-07 13:00:00+07:00,15.7,10.7,282.0,0.0
2023-02-07 14:00:00+07:00,14.3,9.8,165.0,0.0
2023-02-07 15:00:00+07:00,12.9,8.8,139.0,0.0
2023-02-07 16:00:00+07:00,11.7,7.9,202.0,0.0
2023-02-07 17:00:00+07:00,11.0,7.5,317.0,0.0
2023-02-07 18:00:00+07:00,14.8,10.2,493.0,0.0
2023-02-07 19:00:00+07:00,25.3,17.6,892.0,0.0
2023-02-07 20:00:00+07:00,29.8,20.7,1066.0,0.0
2023-02-07 21:00:00+07:00,30.6,21.4,1315.0,0.0
2023-02-07 22:00:00+07:00,31.0,21.6,1603.0,0.0
2023-02-07 23:00:00+07:00,32.1,22.4,1728.0,0.0
2023-02-08 00:00:00+07:00,33.2,23.2,1812.0,0.0
2023-02-08 01:00:00+07:00,34.1,23.8,1895.0,0.0
2023-02-08 02:00:00+07:00,35.3,24.7,1933.0,0.0
2023-02-08 03:00:00+07:00,36.4,25.4,1950.0,0.0
2023-02-08 04:00:00+07:00,37.5,26.1,1990.0,0.0
2023-02-08 05:00:00+07:00,38.4,26.8,2092.0,0.0
2023-02-08 06:00:00+07:00,39.6,27.6,2219.0,0.0
2023-02-08 07:00:00+07:00,42.4,29.6,2103.0,0.0
2023-02-08 08:00:00+07:00,49.1,34.2,1882.0,0.0
2023-02-08 09:00:00+07:00,51.3,35.9,1564.0,0.0
2023-02-08 10:00:00+07:00,38.9,27.1,1141.0,0.0
2023-02-08 11:00:00+07:00,22.6,15.7,851.0,0.0
2023-02-08 12:00:00+07:00,20.1,13.9,564.0,0.0
2023-02-08 13:00:00+07:00,18.5,12.8,283.0,0.0
2023-02-08 14:00:00+07:00,17.7,12.3,184.0,0.0
2023-02-08 15:00:00+07:00,17.3,12.0,158.0,0.0
2023-02-08 16:00:00+07:00,17.6,12.2,221.0,0.0
2023-02-08 17:00:00+07:00,18.1,12.6,335.0,0.0
2023-02-08 18:00:00+07:00,26.1,18.2,510.0,0.0
2023-02-08 19:00:00+07:00,30.5,21.2,1035.0,0.0
2023-02-08 20:00:00+07:00,37.3,26.0,1350.0,0.0
2023-02-08 21:00:00+07:00,41.9,29.3,1798.0,0.0
2023-02-08 22:00:00+07:00,46.9,32.7,2308.0,0.0
2023-02-08 23:00:00+07:00,50.9,35.5,2519.0,0.0
2023-02-09 00:00:00+07:00,51.3,36.0,2653.0,0.0
2023-02-09 01:00:00+07:00,49.7,34.7,2744.0,0.0
2023-02-09 02:00:00+07:00,48.5,33.9,2732.0,0.0
2023-02-09 03:00:00+07:00,48.4,33.9,2660.0,0.0
2023-02-09 04:00:00+07:00,49.7,34.7,2584.0,0.0
2023-02-09 05:00:00+07:00,51.5,36.0,2619.0,0.0
2023-02-09 06:00:00+07:00,53.2,37.1,2685.0,0.0
2023-02-09 07:00:00+07:00,48.8,34.1,2405.0,0.0
2023-02-09 08:00:00+07:00,55.9,39.1,2264.0,0.0
2023-02-09 09:00:00+07:00,62.2,43.4,2058.0,0.0
2023-02-09 10:00:00+07:00,51.8,36.2,1696.0,0.0
2023-02-09 11:00:00+07:00,40.3,28.1,1306.0,0.0
2023-02-09 12:00:00+07:00,26.3,18.3,843.0,0.0
2023-02-09 13:00:00+07:00,19.2,13.3,367.0,0.0
2023-02-09 14:00:00+07:00,15.3,10.6,213.0,0.0
2023-02-09 15:00:00+07:00,13.0,9.0,169.0,0.0
2023-02-09 16:00:00+07:00,11.7,8.1,218.0,0.0
2023-02-09 17:00:00+07:00,11.5,8.0,311.0,0.0
2023-02-09 18:00:00+07:00,17.8,12.4,469.0,0.0
2023-02-09 19:00:00+07:00,27.6,19.2,1118.0,0.0
2023-02-09 20:00:00+07:00,33.9,23.6,1447.0,0.0
2023-02-09 21:00:00+07:00,39.3,27.5,1916.0,0.0
2023-02-09 22:00:00+07:00,44.9,31.4,2441.0,0.0
2023-02-09 23:00:00+07:00,47.5,33.2,2649.0,0.0
2023-02-10 00:00:00+07:00,47.4,33.2,2771.0,0.0
2023-02-10 01:00:00+07:00,45.5,31.8,2830.0,0.0
2023-02-10 02:00:00+07:00,43.4,30.3,2773.0,0.0
2023-02-10 03:00:00+07:00,41.8,29.2,2642.0,0.0
2023-02-10 04:00:00+07:00,41.2,28.8,2500.0,0.0
2023-02-10 05:00:00+07:00,41.4,29.0,2500.0,0.0
2023-02-10 06:00:00+07:00,42.1,29.5,2539.0,0.0
2023-02-10 07:00:00+07:00,43.3,30.3,2469.0,0.0
2023-02-10 08:00:00+07:00,51.1,35.7,2329.0,0.0
2023-02-10 09:00:00+07:00,58.3,40.7,2123.0,0.0
2023-02-10 10:00:00+07:00,49.0,34.2,1751.0,0.0
2023-02-10 11:00:00+07:00,35.0,24.4,1335.0,0.0
2023-02-10 12:00:00+07:00,21.7,15.1,838.0,0.0
2023-02-10 13:00:00+07:00,17.1,11.8,330.0,0.0
2023-02-10 14:00:00+07:00,14.5,10.0,175.0,0.0
2023-02-10 15:00:00+07:00,13.0,9.0,141.0,0.0
2023-02-10 16:00:00+07:00,12.2,8.4,211.0,0.0
2023-02-10 17:00:00+07:00,12.5,8.6,325.0,0.0
2023-02-10 18:00:00+07:00,19.3,13.4,507.0,0.0
2023-02-10 19:00:00+07:00,31.0,21.6,1123.0,0.0
2023-02-10 20:00:00+07:00,39.2,27.4,1515.0,0.0
2023-02-10 21:00:00+07:00,44.5,31.1,2072.0,0.0
2023-02-10 22:00:00+07:00,47.4,33.1,2648.0,0.0
2023-02-10 23:00:00+07:00,46.9,32.8,2786.0,0.0
2023-02-11 00:00:00+07:00,43.3,30.3,2783.0,0.0
2023-02-11 01:00:00+07:00,39.3,27.4,2689.0,0.0
2023-02-11 02:00:00+07:00,36.8,25.7,2562.0,0.0
2023-02-11 03:00:00+07:00,35.3,24.6,2376.0,0.0
2023-02-11 04:00:00+07:00,34.6,24.2,2188.0,0.0
2023-02-11 05:00:00+07:00,34.9,24.4,2171.0,0.0
2023-02-11 06:00:00+07:00,36.1,25.1,2211.0,0.0
2023-02-11 07:00:00+07:00,38.1,26.6,2134.0,0.0
2023-02-11 08:00:00+07:00,47.3,32.9,2065.0,0.0
2023-02-11 09:00:00+07:00,54.7,38.2,1962.0,0.0
2023-02-11 10:00:00+07:00,51.0,35.5,1700.0,0.0
2023-02-11 11:00:00+07:00,33.5,23.3,1318.0,0.0
2023-02-11 12:00:00+07:00,24.3,16.8,832.0,0.0
2023-02-11 13:00:00+07:00,21.2,14.6,332.0,0.0
2023-02-11 14:00:00+07:00,18.8,13.0,188.0,0.0
2023-02-11 15:00:00+07:00,16.9,11.6,164.0,0.0
2023-02-11 16:00:00+07:00,15.6,10.7,236.0,0.0
2023-02-11 17:00:00+07:00,15.7,10.8,339.0,0.0
2023-02-11 18:00:00+07:00,22.9,15.8,502.0,0.0
2023-02-11 19:00:00+07:00,33.3,23.2,1059.0,0.0
2023-02-11 20:00:00+07:00,38.8,27.0,1376.0,0.0
2023-02-11 21:00:00+07:00,43.3,30.2,1828.0,0.0
2023-02-11 22:00:00+07:00,47.7,33.3,2348.0,0.0
2023-02-11 23:00:00+07:00,50.2,35.0,2578.0,0.0
2023-02-12 00:00:00+07:00,49.1,34.2,2735.0,0.0
2023-02-12 01:00:00+07:00,45.6,31.9,2837.0,0.0
2023-02-12 02:00:00+07:00,42.7,29.8,2801.0,0.0
2023-02-12 03:00:00+07:00,41.1,28.7,2686.0,0.0
2023-02-12 04:00:00+07:00,40.4,28.2,2555.0,0.0
2023-02-12 05:00:00+07:00,40.3,28.1,2547.0,0.0
2023-02-12 06:00:00+07:00,40.6,28.3,2570.0,0.0
2023-02-12 07:00:00+07:00,42.4,29.6,2434.0,0.0
2023-02-12 08:00:00+07:00,51.6,36.0,2307.0,0.0
2023-02-12 09:00:00+07:00,58.0,40.4,2122.0,0.0
2023-02-12 10:00:00+07:00,49.1,34.2,1779.0,0.0
2023-02-12 11:00:00+07:00,34.6,24.0,1387.0,0.0
2023-02-12 12:00:00+07:00,26.5,18.3,915.0,0.0
2023-02-12 13:00:00+07:00,23.8,16.5,432.0,0.0
2023-02-12 14:00:00+07:00,22.1,15.3,288.0,0.0
2023-02-12 15:00:00+07:00,20.8,14.4,261.0,0.0
2023-02-12 16:00:00+07:00,19.9,13.7,320.0,0.0
2023-02-12 17:00:00+07:00,20.3,14.1,406.0,0.0
2023-02-12 18:00:00+07:00,26.7,18.6,546.0,0.0
2023-02-12 19:00:00+07:00,39.0,27.2,640.0,0.0
2023-02-12 20:00:00+07:00,42.7,29.8,642.0,0.0
2023-02-12 21:00:00+07:00,46.0,32.1,645.0,0.0
2023-02-12 22:00:00+07:00,49.8,34.8,655.0,0.0
2023-02-12 23:00:00+07:00,53.8,37.6,672.0,0.0
2023-02-13 00:00:00+07:00,56.1,39.2,694.0,0.0
2023-02-13 01:00:00+07:00,56.0,39.1,720.0,0.0
2023-02-13 02:00:00+07:00,54.8,38.3,731.0,0.0
2023-02-13 03:00:00+07:00,53.4,37.4,739.0,0.0
2023-02-13 04:00:00+07:00,52.5,36.7,751.0,0.0
2023-02-13 05:00:00+07:00,52.5,36.7,766.0,0.0
2023-02-13 06:00:00+07:00,53.7,37.5,783.0,0.0
2023-02-13 07:00:00+07:00,56.1,39.1,772.0,0.0
2023-02-13 08:00:00+07:00,63.1,44.0,776.0,0.0
2023-02-13 09:00:00+07:00,63.1,44.1,780.0,0.0
2023-02-13 10:00:00+07:00,51.0,35.5,743.0,0.0
2023-02-13 11:00:00+07:00,42.1,29.3,649.0,0.0
2023-02-13 12:00:00+07:00,34.0,23.6,520.0,0.0
2023-02-13 13:00:00+07:00,29.2,20.3,387.0,0.0
2023-02-13 14:00:00+07:00,26.9,18.6,352.0,0.0
2023-02-13 15:00:00+07:00,26.0,18.0,348.0,0.0
2023-02-13 16:00:00+07:00,26.0,18.0,374.0,0.0
2023-02-13 17:00:00+07:00,26.8,18.6,421.0,0.0
2023-02-13 18:00:00+07:00,30.5,21.2,488.0,0.0
2023-02-13 19:00:00+07:00,40.6,28.3,620.0,0.0
2023-02-13 20:00:00+07:00,42.3,29.5,611.0,0.0
2023-02-13 21:00:00+07:00,43.1,30.0,599.0,0.0
2023-02-13 22:00:00+07:00,44.8,31.3,595.0,0.0
2023-02-13 23:00:00+07:00,46.8,32.6,610.0,0.0
2023-02-14 00:00:00+07:00,47.6,33.3,635.0,0.0
2023-02-14 01:00:00+07:00,48.2,33.6,670.0,0.0
2023-02-14 02:00:00+07:00,49.5,34.6,692.0,0.0
2023-02-14 03:00:00+07:00,51.1,35.6,714.0,0.0
2023-02-14 04:00:00+07:00,52.5,36.7,741.0,0.0
2023-02-14 05:00:00+07:00,54.4,38.0,764.0,0.0
2023-02-14 06:00:00+07:00,57.3,39.9,788.0,0.0
2023-02-14 07:00:00+07:00,77.1,53.9,768.0,0.0
2023-02-14 08:00:00+07:00,80.1,56.0,777.0,0.0
2023-02-14 09:00:00+07:00,79.4,55.5,788.0,0.0
2023-02-14 10:00:00+07:00,69.8,48.7,756.0,0.0
2023-02-14 11:00:00+07:00,60.1,41.8,659.0,0.0
2023-02-14 12:00:00+07:00,47.4,32.8,522.0,0.0
2023-02-14 13:00:00+07:00,40.9,28.3,380.0,0.0
2023-02-14 14:00:00+07:00,37.1,25.8,338.0,0.0
2023-02-14 15:00:00+07:00,34.6,24.0,329.0,0.0
2023-02-14 16:00:00+07:00,33.1,22.9,357.0,0.0
2023-02-14 17:00:00+07:00,33.5,23.3,423.0,0.0
2023-02-14 18:00:00+07:00,38.3,26.7,519.0,0.0
2023-02-14 19:00:00+07:00,51.2,35.7,689.0,0.0
2023-02-14 20:00:00+07:00,54.6,38.1,675.0,0.0
2023-02-14 21:00:00+07:00,55.3,38.5,655.0,0.0
2023-02-14 22:00:00+07:00,54.7,38.2,631.0,0.0
2023-02-14 23:00:00+07:00,53.9,37.6,620.0,0.0
2023-02-15 00:00:00+07:00,52.0,36.3,611.0,0.0
2023-02-15 01:00:00+07:00,49.7,34.7,601.0,0.0
2023-02-15 02:00:00+07:00,47.7,33.3,591.0,0.0
2023-02-15 03:00:00+07:00,45.8,31.9,581.0,0.0
2023-02-15 04:00:00+07:00,44.6,31.1,577.0,0.0
2023-02-15 05:00:00+07:00,45.4,31.7,585.0,0.0
2023-02-15 06:00:00+07:00,47.3,32.9,600.0,0.0
2023-02-15 07:00:00+07:00,48.5,33.8,569.0,0.0
2023-02-15 08:00:00+07:00,56.6,39.5,595.0,0.0
2023-02-15 09:00:00+07:00,59.6,41.7,631.0,0.0
2023-02-15 10:00:00+07:00,57.7,40.3,649.0,0.0
2023-02-15 11:00:00+07:00,58.4,40.6,612.0,0.0
2023-02-15 12:00:00+07:00,54.5,37.8,550.0,0.0
2023-02-15 13:00:00+07:00,53.8,37.3,487.0,0.0
2023-02-15 14:00:00+07:00,53.3,36.9,479.0,0.0
2023-02-15 15:00:00+07:00,53.4,37.0,490.0,0.0
2023-02-15 16:00:00+07:00,55.3,38.2,507.0,0.0
2023-02-15 17:00:00+07:00,57.4,39.7,514.0,0.0
2023-02-15 18:00:00+07:00,62.9,43.4,522.0,0.0
2023-02-15 19:00:00+07:00,62.4,43.3,744.0,0.0
2023-02-15 20:00:00+07:00,61.7,42.7,737.0,0.0
2023-02-15 21:00:00+07:00,59.8,41.4,726.0,0.0
2023-02-15 22:00:00+07:00,59.0,40.9,703.0,0.0
2023-02-15 23:00:00+07:00,58.2,40.3,673.0,0.0
2023-02-16 00:00:00+07:00,57.5,39.8,635.0,0.0
2023-02-16 01:00:00+07:00,55.2,38.4,599.0,0.0
2023-02-16 02:00:00+07:00,53.2,37.1,596.0,0.0
2023-02-16 03:00:00+07:00,52.0,36.3,604.0,0.0
2023-02-16 04:00:00+07:00,44.6,31.2,608.0,0.0
2023-02-16 05:00:00+07:00,46.0,32.1,589.0,0.0
2023-02-16 06:00:00+07:00,38.9,27.1,562.0,0.0
2023-02-16 07:00:00+07:00,36.0,25.1,742.0,0.0
2023-02-16 08:00:00+07:00,36.2,25.3,735.0,0.0
2023-02-16 09:00:00+07:00,38.8,27.1,725.0,0.0
2023-02-16 10:00:00+07:00,40.0,27.9,701.0,0.0
2023-02-16 11:00:00+07:00,41.0,28.5,667.0,0.0
2023-02-16 12:00:00+07:00,36.3,25.2,625.0,0.0
2023-02-16 13:00:00+07:00,35.0,24.4,580.0,0.0
2023-02-16 14:00:00+07:00,37.8,26.3,542.0,0.0
2023-02-16 15:00:00+07:00,36.0,24.9,508.0,0.0
2023-02-16 16:00:00+07:00,33.5,23.3,565.0,0.0
2023-02-16 17:00:00+07:00,34.0,23.6,731.0,0.0
2023-02-16 18:00:00+07:00,38.5,26.8,973.0,0.0
2023-02-16 19:00:00+07:00,58.4,40.7,1367.0,0.0
2023-02-16 20:00:00+07:00,64.7,45.3,1381.0,0.0
2023-02-16 21:00:00+07:00,61.9,43.3,1399.0,0.0
2023-02-16 22:00:00+07:00,52.6,36.8,1369.0,0.0
2023-02-16 23:00:00+07:00,47.8,33.4,1262.0,0.0
2023-02-17 00:00:00+07:00,44.1,30.7,1110.0,0.0
2023-02-17 01:00:00+07:00,38.3,26.8,935.0,0.0
2023-02-17 02:00:00+07:00,32.9,23.0,858.0,0.0
2023-02-17 03:00:00+07:00,25.9,18.1,806.0,0.0
2023-02-17 04:00:00+07:00,24.3,17.0,776.0,0.0
2023-02-17 05:00:00+07:00,20.9,14.6,803.0,0.0
2023-02-17 06:00:00+07:00,20.0,14.0,861.0,0.0
2023-02-17 07:00:00+07:00,36.7,25.7,1082.0,0.0
2023-02-17 08:00:00+07:00,34.5,24.1,1028.0,0.0
2023-02-17 09:00:00+07:00,31.2,21.8,951.0,0.0
2023-02-17 10:00:00+07:00,31.3,21.8,845.0,0.0
2023-02-17 11:00:00+07:00,29.2,20.4,767.0,0.0
2023-02-17 12:00:00+07:00,31.1,21.7,688.0,0.0
2023-02-17 13:00:00+07:00,32.7,22.8,607.0,0.0
2023-02-17 14:00:00+07:00,30.4,21.2,568.0,0.0
2023-02-17 15:00:00+07:00,29.4,20.5,545.0,0.0
2023-02-17 16:00:00+07:00,29.3,20.4,568.0,0.0
2023-02-17 17:00:00+07:00,28.1,19.7,650.0,0.0
2023-02-17 18:00:00+07:00,27.8,19.4,772.0,0.0
2023-02-17 19:00:00+07:00,40.0,28.0,1396.0,0.0
2023-02-17 20:00:00+07:00,43.2,30.2,1464.0,0.0
2023-02-17 21:00:00+07:00,42.8,29.9,1562.0,0.0
2023-02-17 22:00:00+07:00,44.8,31.4,1678.0,0.0
2023-02-17 23:00:00+07:00,47.1,32.9,1741.0,0.0
2023-02-18 00:00:00+07:00,46.3,32.5,1794.0,0.0
2023-02-18 01:00:00+07:00,43.3,30.4,1821.0,0.0
2023-02-18 02:00:00+07:00,40.9,28.6,1789.0,0.0
2023-02-18 03:00:00+07:00,39.5,27.6,1724.0,0.0
2023-02-18 04:00:00+07:00,38.0,26.5,1639.0,0.0
2023-02-18 05:00:00+07:00,36.3,25.4,1602.0,0.0
2023-02-18 06:00:00+07:00,34.8,24.4,1571.0,0.0
2023-02-18 07:00:00+07:00,40.6,28.5,1697.0,0.0
2023-02-18 08:00:00+07:00,36.7,25.7,1577.0,0.0
2023-02-18 09:00:00+07:00,35.6,24.9,1406.0,0.0
2023-02-18 10:00:00+07:00,31.9,22.4,1190.0,0.0
2023-02-18 11:00:00+07:00,30.4,21.2,1067.0,0.0
2023-02-18 12:00:00+07:00,29.6,20.7,957.0,0.0
2023-02-18 13:00:00+07:00,29.0,20.2,836.0,0.0
2023-02-18 14:00:00+07:00,27.9,19.4,735.0,0.0
2023-02-18 15:00:00+07:00,27.0,18.7,641.0,0.0
2023-02-18 16:00:00+07:00,26.3,18.2,671.0,0.0
2023-02-18 17:00:00+07:00,27.1,18.8,887.0,0.0
2023-02-18 18:00:00+07:00,36.8,25.7,1220.0,0.0
2023-02-18 19:00:00+07:00,32.7,22.8,1720.0,0.0
2023-02-18 20:00:00+07:00,41.4,28.9,2035.0,0.0
2023-02-18 21:00:00+07:00,48.0,33.5,2484.0,0.0
2023-02-18 22:00:00+07:00,53.3,37.3,2993.0,0.0
2023-02-18 23:00:00+07:00,56.9,39.8,3203.0,0.0
2023-02-19 00:00:00+07:00,58.6,41.0,3334.0,0.0
2023-02-19 01:00:00+07:00,59.1,41.3,3417.0,0.0
2023-02-19 02:00:00+07:00,58.8,41.1,3398.0,0.0
2023-02-19 03:00:00+07:00,56.9,39.8,3315.0,0.0
2023-02-19 04:00:00+07:00,53.6,37.5,3205.0,0.0
2023-02-19 05:00:00+07:00,50.4,35.3,3193.0,0.0
2023-02-19 06:00:00+07:00,48.5,34.0,3198.0,0.0
2023-02-19 07:00:00+07:00,46.1,32.2,2853.0,0.0
2023-02-19 08:00:00+07:00,51.7,36.1,2577.0,0.0
2023-02-19 09:00:00+07:00,48.4,33.9,2181.0,0.0
2023-02-19 10:00:00+07:00,36.9,25.7,1655.0,0.0
2023-02-19 11:00:00+07:00,25.6,17.8,1302.0,0.0
2023-02-19 12:00:00+07:00,20.5,14.2,956.0,0.0
2023-02-19 13:00:00+07:00,18.7,13.0,612.0,0.0
2023-02-19 14:00:00+07:00,18.2,12.6,474.0,0.0
2023-02-19 15:00:00+07:00,17.4,12.0,418.0,0.0
2023-02-19 16:00:00+07:00,16.9,11.7,487.0,0.0
2023-02-19 17:00:00+07:00,19.0,13.2,671.0,0.0
2023-02-19 18:00:00+07:00,24.3,16.9,954.0,0.0
2023-02-19 19:00:00+07:00,39.1,27.2,1534.0,0.0
2023-02-19 20:00:00+07:00,47.8,33.4,1844.0,0.0
2023-02-19 21:00:00+07:00,52.2,36.4,2283.0,0.0
2023-02-19 22:00:00+07:00,55.8,38.9,2735.0,0.0
2023-02-19 23:00:00+07:00,56.8,39.7,2827.0,0.0
2023-02-20 00:00:00+07:00,53.0,36.9,2802.0,0.0
2023-02-20 01:00:00+07:00,49.5,34.6,2740.0,0.0
2023-02-20 02:00:00+07:00,49.8,34.8,2713.0,0.0
2023-02-20 03:00:00+07:00,51.7,36.1,2675.0,0.0
2023-02-20 04:00:00+07:00,51.7,36.1,2660.0,0.0
2023-02-20 05:00:00+07:00,49.8,34.8,2738.0,0.0
2023-02-20 06:00:00+07:00,48.2,33.6,2855.0,0.0
2023-02-20 07:00:00+07:00,49.1,34.3,2660.0,0.0
2023-02-20 08:00:00+07:00,54.7,38.2,2469.0,0.0
2023-02-20 09:00:00+07:00,59.6,41.6,2193.0,0.0
2023-02-20 10:00:00+07:00,59.3,41.2,1778.0,0.0
2023-02-20 11:00:00+07:00,56.1,38.8,1420.0,0.0
2023-02-20 12:00:00+07:00,52.9,36.6,1025.0,0.0
2023-02-20 13:00:00+07:00,49.5,34.2,621.0,0.0
2023-02-20 14:00:00+07:00,46.7,32.2,468.0,0.0
2023-02-20 15:00:00+07:00,43.5,30.0,404.0,0.0
2023-02-20 16:00:00+07:00,40.5,28.0,467.0,0.0
2023-02-20 17:00:00+07:00,38.5,26.7,655.0,0.0
2023-02-20 18:00:00+07:00,42.5,29.5,947.0,0.0
2023-02-20 19:00:00+07:00,73.8,51.5,1429.0,0.0
2023-02-20 20:00:00+07:00,79.4,55.3,1782.0,0.0
2023-02-20 21:00:00+07:00,82.4,57.4,2284.0,0.0
2023-02-20 22:00:00+07:00,84.5,58.9,2831.0,0.0
2023-02-20 23:00:00+07:00,84.3,58.8,3011.0,0.0
2023-02-21 00:00:00+07:00,80.8,56.2,3083.0,0.0
2023-02-21 01:00:00+07:00,75.0,52.4,3105.0,0.0
2023-02-21 02:00:00+07:00,71.0,49.7,3083.0,0.0
2023-02-21 03:00:00+07:00,69.2,48.2,3016.0,0.0
2023-02-21 04:00:00+07:00,68.0,47.4,2919.0,0.0
2023-02-21 05:00:00+07:00,66.6,46.3,2888.0,0.0
2023-02-21 06:00:00+07:00,64.5,44.9,2864.0,0.0
2023-02-21 07:00:00+07:00,63.3,44.1,2238.0,0.0
2023-02-21 08:00:00+07:00,66.4,46.2,1975.0,0.0
2023-02-21 09:00:00+07:00,66.4,46.1,1600.0,0.0
2023-02-21 10:00:00+07:00,62.4,43.1,1133.0,0.0
2023-02-21 11:00:00+07:00,46.1,31.7,870.0,0.0
2023-02-21 12:00:00+07:00,40.4,27.6,639.0,0.0
2023-02-21 13:00:00+07:00,37.3,25.5,424.0,0.0
2023-02-21 14:00:00+07:00,35.9,24.5,340.0,0.0
2023-02-21 15:00:00+07:00,33.2,22.7,316.0,0.0
2023-02-21 16:00:00+07:00,31.4,21.5,400.0,0.0
2023-02-21 17:00:00+07:00,30.3,20.7,561.0,0.0
2023-02-21 18:00:00+07:00,32.2,22.1,799.0,0.0
2023-02-21 19:00:00+07:00,59.4,41.1,1376.0,0.0
2023-02-21 20:00:00+07:00,63.3,43.9,1658.0,0.0
2023-02-21 21:00:00+07:00,63.6,44.1,2058.0,0.0
2023-02-21 22:00:00+07:00,62.9,43.7,2484.0,0.0
2023-02-21 23:00:00+07:00,61.2,42.5,2600.0,0.0
2023-02-22 00:00:00+07:00,58.6,40.6,2620.0,0.0
2023-02-22 01:00:00+07:00,55.8,38.6,2615.0,0.0
2023-02-22 02:00:00+07:00,53.6,37.3,2615.0,0.0
2023-02-22 03:00:00+07:00,53.4,37.3,2598.0,0.0
2023-02-22 04:00:00+07:00,54.8,38.2,2596.0,0.0
2023-02-22 05:00:00+07:00,56.2,39.2,2669.0,0.0
2023-02-22 06:00:00+07:00,57.0,39.8,2771.0,0.0
2023-02-22 07:00:00+07:00,61.0,42.6,2578.0,0.0
2023-02-22 08:00:00+07:00,70.8,49.2,2286.0,0.0
2023-02-22 09:00:00+07:00,71.9,49.9,1869.0,1.0
2023-02-22 10:00:00+07:00,63.6,43.9,1344.0,1.0
2023-02-22 11:00:00+07:00,48.5,33.4,1037.0,1.0
2023-02-22 12:00:00+07:00,39.9,27.4,762.0,1.0
2023-02-22 13:00:00+07:00,36.3,24.9,498.0,1.0
2023-02-22 14:00:00+07:00,32.9,22.6,391.0,1.0
2023-02-22 15:00:00+07:00,31.1,21.2,352.0,1.0
2023-02-22 16:00:00+07:00,30.4,20.8,433.0,1.0
2023-02-22 17:00:00+07:00,30.7,21.0,640.0,1.0
2023-02-22 18:00:00+07:00,38.5,26.5,944.0,0.0
2023-02-22 19:00:00+07:00,60.3,41.9,1520.0,0.0
2023-02-22 20:00:00+07:00,63.1,43.8,1741.0,0.0
2023-02-22 21:00:00+07:00,62.9,43.7,2053.0,0.0
2023-02-22 22:00:00+07:00,60.8,42.1,2356.0,0.0
2023-02-22 23:00:00+07:00,57.7,40.0,2373.0,0.0
2023-02-23 00:00:00+07:00,54.5,37.8,2289.0,0.0
2023-02-23 01:00:00+07:00,51.9,36.1,2198.0,0.0
2023-02-23 02:00:00+07:00,51.0,35.4,2221.0,0.0
2023-02-23 03:00:00+07:00,51.0,35.4,2273.0,0.0
2023-02-23 04:00:00+07:00,51.7,36.0,2321.0,0.0
2023-02-23 05:00:00+07:00,51.3,35.6,2347.0,0.0
2023-02-23 06:00:00+07:00,49.7,34.6,2362.0,0.0
2023-02-23 07:00:00+07:00,54.5,37.8,2322.0,0.0
2023-02-23 08:00:00+07:00,62.2,43.2,2026.0,0.0
2023-02-23 09:00:00+07:00,64.0,44.2,1603.0,1.0
2023-02-23 10:00:00+07:00,55.8,38.3,1095.0,1.0
2023-02-23 11:00:00+07:00,46.4,31.8,840.0,1.0
2023-02-23 12:00:00+07:00,43.3,29.6,637.0,1.0
2023-02-23 13:00:00+07:00,42.4,29.0,450.0,1.0
2023-02-23 14:00:00+07:00,42.1,28.9,366.0,1.0
2023-02-23 15:00:00+07:00,41.3,28.3,334.0,1.0
2023-02-23 16:00:00+07:00,40.3,27.6,410.0,1.0
2023-02-23 17:00:00+07:00,40.3,27.7,577.0,1.0
2023-02-23 18:00:00+07:00,44.5,30.7,826.0,0.0
2023-02-23 19:00:00+07:00,64.7,44.9,1444.0,0.0
2023-02-23 20:00:00+07:00,70.1,48.7,1726.0,0.0
2023-02-23 21:00:00+07:00,72.9,50.5,2129.0,0.0
2023-02-23 22:00:00+07:00,74.5,51.8,2587.0,0.0
2023-02-23 23:00:00+07:00,74.0,51.5,2775.0,0.0
2023-02-24 00:00:00+07:00,71.2,49.5,2892.0,0.0
2023-02-24 01:00:00+07:00,67.1,46.7,2984.0,0.0
2023-02-24 02:00:00+07:00,63.3,44.1,2999.0,0.0
2023-02-24 03:00:00+07:00,61.9,43.1,2970.0,0.0
2023-02-24 04:00:00+07:00,62.6,43.5,2945.0,0.0
2023-02-24 05:00:00+07:00,62.6,43.5,3009.0,0.0
2023-02-24 06:00:00+07:00,62.2,43.3,3101.0,0.0
2023-02-24 07:00:00+07:00,65.4,45.6,2871.0,0.0
2023-02-24 08:00:00+07:00,71.9,50.2,2603.0,0.0
2023-02-24 09:00:00+07:00,74.7,52.0,2219.0,1.0
2023-02-24 10:00:00+07:00,70.5,48.8,1704.0,1.0
2023-02-24 11:00:00+07:00,62.4,43.1,1346.0,1.0
2023-02-24 12:00:00+07:00,51.7,35.6,991.0,1.0
2023-02-24 13:00:00+07:00,47.8,33.1,645.0,1.0
2023-02-24 14:00:00+07:00,47.1,32.6,528.0,1.0
2023-02-24 15:00:00+07:00,46.7,32.2,504.0,0.0
2023-02-24 16:00:00+07:00,46.6,32.1,598.0,0.0
2023-02-24 17:00:00+07:00,47.3,32.7,770.0,0.0
2023-02-24 18:00:00+07:00,51.0,35.3,1025.0,0.0
2023-02-24 19:00:00+07:00,50.5,35.0,1524.0,0.0
2023-02-24 20:00:00+07:00,57.5,39.9,1806.0,0.0
2023-02-24 21:00:00+07:00,62.2,43.2,2206.0,0.0
2023-02-24 22:00:00+07:00,65.9,45.9,2652.0,0.0
2023-02-24 23:00:00+07:00,68.2,47.4,2817.0,0.0
2023-02-25 00:00:00+07:00,68.9,47.8,2905.0,0.0
2023-02-25 01:00:00+07:00,68.5,47.6,2952.0,0.0
2023-02-25 02:00:00+07:00,68.5,47.6,2931.0,0.0
2023-02-25 03:00:00+07:00,69.6,48.5,2863.0,0.0
2023-02-25 04:00:00+07:00,69.4,48.3,2796.0,0.0
2023-02-25 05:00:00+07:00,66.6,46.4,2867.0,0.0
2023-02-25 06:00:00+07:00,63.3,44.1,2979.0,0.0
2023-02-25 07:00:00+07:00,60.8,42.3,2630.0,0.0
2023-02-25 08:00:00+07:00,66.8,46.4,2294.0,0.0
2023-02-25 09:00:00+07:00,73.1,50.8,1815.0,0.0
2023-02-25 10:00:00+07:00,58.7,40.4,1238.0,0.0
2023-02-25 11:00:00+07:00,49.9,34.3,945.0,0.0
2023-02-25 12:00:00+07:00,46.2,31.7,709.0,0.0
2023-02-25 13:00:00+07:00,45.1,30.9,490.0,0.0
2023-02-25 14:00:00+07:00,43.5,29.9,401.0,0.0
2023-02-25 15:00:00+07:00,42.1,28.9,374.0,0.0
2023-02-25 16:00:00+07:00,39.6,27.2,424.0,0.0
2023-02-25 17:00:00+07:00,37.7,25.8,543.0,0.0
2023-02-25 18:00:00+07:00,38.2,26.3,723.0,0.0
2023-02-25 19:00:00+07:00,65.2,45.2,1305.0,0.0
2023-02-25 20:00:00+07:00,70.8,49.1,1643.0,0.0
2023-02-25 21:00:00+07:00,74.3,51.7,2120.0,0.0
2023-02-25 22:00:00+07:00,77.8,54.0,2563.0,0.0
2023-02-25 23:00:00+07:00,75.4,52.4,2552.0,0.0
2023-02-26 00:00:00+07:00,68.7,47.8,2373.0,0.0
2023-02-26 01:00:00+07:00,64.5,44.8,2142.0,0.0
2023-02-26 02:00:00+07:00,62.4,43.3,2067.0,0.0
2023-02-26 03:00:00+07:00,59.8,41.6,2014.0,0.0
2023-02-26 04:00:00+07:00,55.8,38.8,1966.0,0.0
2023-02-26 05:00:00+07:00,51.1,35.5,1980.0,0.0
2023-02-26 06:00:00+07:00,47.0,32.7,2018.0,0.0
2023-02-26 07:00:00+07:00,47.5,33.1,2070.0,0.0
2023-02-26 08:00:00+07:00,47.8,33.4,1721.0,0.0
2023-02-26 09:00:00+07:00,33.2,23.2,1226.0,0.0
2023-02-26 10:00:00+07:00,29.4,20.5,697.0,0.0
2023-02-26 11:00:00+07:00,29.5,20.5,552.0,0.0
2023-02-26 12:00:00+07:00,29.7,20.7,525.0,0.0
2023-02-26 13:00:00+07:00,30.7,21.4,525.0,0.0
2023-02-26 14:00:00+07:00,31.7,22.1,474.0,0.0
2023-02-26 15:00:00+07:00,32.2,22.5,429.0,0.0
2023-02-26 16:00:00+07:00,32.4,22.5,511.0,0.0
2023-02-26 17:00:00+07:00,32.4,22.6,756.0,0.0
2023-02-26 18:00:00+07:00,38.9,27.2,1110.0,0.0
2023-02-26 19:00:00+07:00,55.6,39.0,1655.0,0.0
2023-02-26 20:00:00+07:00,63.8,44.6,2084.0,0.0
2023-02-26 21:00:00+07:00,67.1,46.9,2693.0,0.0
2023-02-26 22:00:00+07:00,67.3,47.1,3319.0,0.0
2023-02-26 23:00:00+07:00,65.2,45.6,3444.0,0.0
2023-02-27 00:00:00+07:00,62.6,43.8,3404.0,0.0
2023-02-27 01:00:00+07:00,59.8,41.9,3323.0,0.0
2023-02-27 02:00:00+07:00,58.3,40.7,3300.0,0.0
2023-02-27 03:00:00+07:00,57.9,40.5,3269.0,0.0
2023-02-27 04:00:00+07:00,58.2,40.7,3281.0,0.0
2023-02-27 05:00:00+07:00,58.9,41.2,3448.0,0.0
2023-02-27 06:00:00+07:00,60.1,42.0,3680.0,0.0
2023-02-27 07:00:00+07:00,60.3,42.1,3641.0,0.0
2023-02-27 08:00:00+07:00,69.2,48.3,2984.0,0.0
2023-02-27 09:00:00+07:00,57.5,40.0,2050.0,0.0
2023-02-27 10:00:00+07:00,36.9,25.2,1050.0,0.0
2023-02-27 11:00:00+07:00,35.0,23.8,771.0,0.0
2023-02-27 12:00:00+07:00,35.0,23.8,710.0,0.0
2023-02-27 13:00:00+07:00,35.9,24.4,695.0,0.0
2023-02-27 14:00:00+07:00,36.4,24.9,619.0,0.0
2023-02-27 15:00:00+07:00,36.7,25.1,560.0,0.0
2023-02-27 16:00:00+07:00,36.6,25.0,611.0,0.0
2023-02-27 17:00:00+07:00,36.6,25.1,799.0,0.0
2023-02-27 18:00:00+07:00,41.2,28.3,1083.0,0.0
2023-02-27 19:00:00+07:00,62.4,43.2,1638.0,0.0
2023-02-27 20:00:00+07:00,68.9,47.7,1916.0,0.0
2023-02-27 21:00:00+07:00,71.5,49.6,2313.0,0.0
2023-02-27 22:00:00+07:00,73.1,50.8,2766.0,0.0
2023-02-27 23:00:00+07:00,74.3,51.5,2954.0,0.0
2023-02-28 00:00:00+07:00,72.6,50.4,3074.0,0.0
2023-02-28 01:00:00+07:00,71.2,49.5,3164.0,0.0
2023-02-28 02:00:00+07:00,71.0,49.2,3165.0,0.0
2023-02-28 03:00:00+07:00,71.7,49.8,3115.0,0.0
2023-02-28 04:00:00+07:00,72.6,50.4,3081.0,0.0
2023-02-28 05:00:00+07:00,73.8,51.2,3184.0,0.0
2023-02-28 06:00:00+07:00,75.7,52.5,3334.0,0.0
2023-02-28 07:00:00+07:00,75.2,52.2,3196.0,0.0
2023-02-28 08:00:00+07:00,82.7,57.4,2808.0,0.0
2023-02-28 09:00:00+07:00,82.7,57.3,2254.0,0.0
2023-02-28 10:00:00+07:00,70.8,48.9,1596.0,0.0
2023-02-28 11:00:00+07:00,54.8,37.7,1279.0,0.0
2023-02-28 12:00:00+07:00,51.7,35.5,1038.0,0.0
2023-02-28 13:00:00+07:00,51.2,35.3,816.0,0.0
2023-02-28 14:00:00+07:00,50.9,35.0,712.0,0.0
2023-02-28 15:00:00+07:00,50.3,34.7,669.0,0.0
2023-02-28 16:00:00+07:00,49.6,34.2,745.0,0.0
2023-02-28 17:00:00+07:00,49.2,34.0,935.0,0.0
2023-02-28 18:00:00+07:00,53.3,37.0,1219.0,0.0
2023-02-28 19:00:00+07:00,72.4,50.4,1666.0,0.0
2023-02-28 20:00:00+07:00,76.6,53.4,1900.0,0.0
2023-02-28 21:00:00+07:00,79.2,55.1,2233.0,0.0
2023-02-28 22:00:00+07:00,81.5,56.7,2605.0,0.0
2023-02-28 23:00:00+07:00,84.3,58.7,2743.0,0.0
2023-03-01 00:00:00+07:00,83.4,58.0,2818.0,0.0
2023-03-01 01:00:00+07:00,82.9,57.7,2864.0,0.0
2023-03-01 02:00:00+07:00,82.7,57.6,2858.0,0.0
2023-03-01 03:00:00+07:00,83.1,57.9,2816.0,0.0
2023-03-01 04:00:00+07:00,84.3,58.8,2780.0,0.0
2023-03-01 05:00:00+07:00,85.7,59.6,2833.0,0.0
2023-03-01 06:00:00+07:00,84.3,58.8,2914.0,0.0
2023-03-01 07:00:00+07:00,75.7,52.6,2764.0,0.0
2023-03-01 08:00:00+07:00,79.6,55.5,2499.0,0.0
2023-03-01 09:00:00+07:00,82.7,57.6,2120.0,0.0
2023-03-01 10:00:00+07:00,78.5,54.5,1633.0,0.0
2023-03-01 11:00:00+07:00,71.9,49.9,1332.0,0.0
2023-03-01 12:00:00+07:00,65.2,45.2,1052.0,0.0
2023-03-01 13:00:00+07:00,60.5,42.0,778.0,0.0
2023-03-01 14:00:00+07:00,58.3,40.4,661.0,0.0
2023-03-01 15:00:00+07:00,56.6,39.2,610.0,0.0
2023-03-01 16:00:00+07:00,55.4,38.3,685.0,0.0
2023-03-01 17:00:00+07:00,56.2,39.0,895.0,0.0
2023-03-01 18:00:00+07:00,62.9,43.7,1209.0,0.0
2023-03-01 19:00:00+07:00,84.5,58.9,1214.0,0.0
2023-03-01 20:00:00+07:00,86.6,60.3,1202.0,0.0
2023-03-01 21:00:00+07:00,86.4,60.1,1184.0,0.0
2023-03-01 22:00:00+07:00,86.8,60.5,1163.0,0.0
2023-03-01 23:00:00+07:00,85.7,59.6,1150.0,0.0
2023-03-02 00:00:00+07:00,82.4,57.5,1139.0,0.0
2023-03-02 01:00:00+07:00,80.3,56.0,1131.0,0.0
2023-03-02 02:00:00+07:00,80.6,56.1,1133.0,0.0
2023-03-02 03:00:00+07:00,81.7,56.9,1141.0,0.0
2023-03-02 04:00:00+07:00,82.2,57.3,1149.0,0.0
2023-03-02 05:00:00+07:00,83.4,58.2,1150.0,0.0
2023-03-02 06:00:00+07:00,85.4,59.5,1150.0,0.0
2023-03-02 07:00:00+07:00,81.5,56.7,1150.0,0.0
2023-03-02 08:00:00+07:00,88.7,61.7,1149.0,0.0
2023-03-02 09:00:00+07:00,89.4,62.4,1146.0,0.0
2023-03-02 10:00:00+07:00,83.8,58.3,1094.0,0.0
2023-03-02 11:00:00+07:00,76.4,53.0,978.0,0.0
2023-03-02 12:00:00+07:00,65.7,45.5,820.0,0.0
2023-03-02 13:00:00+07:00,63.3,43.9,658.0,0.0
2023-03-02 14:00:00+07:00,61.7,42.8,616.0,0.0
2023-03-02 15:00:00+07:00,60.1,41.6,615.0,0.0
2023-03-02 16:00:00+07:00,57.7,40.0,653.0,0.0
2023-03-02 17:00:00+07:00,57.0,39.7,722.0,0.0
2023-03-02 18:00:00+07:00,59.5,41.3,819.0,0.0
2023-03-02 19:00:00+07:00,79.4,55.4,994.0,0.0
2023-03-02 20:00:00+07:00,79.6,55.5,971.0,0.0
2023-03-02 21:00:00+07:00,77.8,54.2,937.0,0.0
2023-03-02 22:00:00+07:00,76.8,53.6,900.0,0.0
2023-03-02 23:00:00+07:00,73.8,51.5,886.0,0.0
2023-03-03 00:00:00+07:00,69.4,48.4,878.0,0.0
2023-03-03 01:00:00+07:00,66.4,46.2,871.0,0.0
2023-03-03 02:00:00+07:00,65.0,45.3,868.0,0.0
2023-03-03 03:00:00+07:00,63.6,44.4,867.0,0.0
2023-03-03 04:00:00+07:00,61.9,43.2,864.0,0.0
2023-03-03 05:00:00+07:00,61.0,42.5,868.0,0.0
2023-03-03 06:00:00+07:00,60.3,42.1,874.0,0.0
2023-03-03 07:00:00+07:00,66.8,46.6,979.0,0.0
2023-03-03 08:00:00+07:00,72.6,50.6,897.0,0.0
2023-03-03 09:00:00+07:00,72.9,50.8,780.0,0.0
2023-03-03 10:00:00+07:00,62.6,43.4,641.0,0.0
2023-03-03 11:00:00+07:00,46.2,31.9,571.0,0.0
2023-03-03 12:00:00+07:00,41.9,28.9,516.0,0.0
2023-03-03 13:00:00+07:00,43.2,29.8,474.0,0.0
2023-03-03 14:00:00+07:00,45.1,31.1,471.0,0.0
2023-03-03 15:00:00+07:00,44.4,30.6,489.0,0.0
2023-03-03 16:00:00+07:00,45.1,31.2,541.0,0.0
2023-03-03 17:00:00+07:00,44.8,31.1,614.0,0.0
2023-03-03 18:00:00+07:00,46.6,32.4,708.0,0.0
2023-03-03 19:00:00+07:00,65.9,45.9,769.0,0.0
2023-03-03 20:00:00+07:00,64.5,44.9,742.0,0.0
2023-03-03 21:00:00+07:00,62.2,43.3,703.0,0.0
2023-03-03 22:00:00+07:00,60.8,42.3,661.0,0.0
2023-03-03 23:00:00+07:00,59.6,41.6,646.0,0.0
2023-03-04 00:00:00+07:00,58.2,40.5,639.0,0.0
2023-03-04 01:00:00+07:00,56.1,39.0,638.0,0.0
2023-03-04 02:00:00+07:00,54.1,37.6,642.0,0.0
2023-03-04 03:00:00+07:00,52.9,36.8,650.0,0.0
2023-03-04 04:00:00+07:00,52.4,36.4,667.0,0.0
2023-03-04 05:00:00+07:00,52.4,36.4,694.0,0.0
2023-03-04 06:00:00+07:00,52.6,36.6,728.0,0.0
2023-03-04 07:00:00+07:00,56.7,39.3,718.0,0.0
2023-03-04 08:00:00+07:00,63.3,44.1,657.0,0.0
2023-03-04 09:00:00+07:00,59.6,41.4,570.0,0.0
2023-03-04 10:00:00+07:00,54.2,37.5,479.0,0.0
2023-03-04 11:00:00+07:00,49.4,34.0,455.0,0.0
2023-03-04 12:00:00+07:00,48.5,33.4,452.0,0.0
2023-03-04 13:00:00+07:00,49.9,34.5,464.0,0.0
2023-03-04 14:00:00+07:00,51.0,35.2,474.0,0.0
2023-03-04 15:00:00+07:00,51.7,35.7,491.0,0.0
2023-03-04 16:00:00+07:00,52.9,36.4,546.0,0.0
2023-03-04 17:00:00+07:00,53.1,36.7,636.0,0.0
2023-03-04 18:00:00+07:00,56.1,38.9,752.0,0.0
2023-03-04 19:00:00+07:00,81.7,56.9,876.0,0.0
2023-03-04 20:00:00+07:00,81.0,56.3,861.0,0.0
2023-03-04 21:00:00+07:00,78.0,54.2,841.0,0.0
2023-03-04 22:00:00+07:00,75.7,52.6,813.0,0.0
2023-03-04 23:00:00+07:00,72.9,50.6,794.0,0.0
2023-03-05 00:00:00+07:00,69.2,48.1,775.0,0.0
2023-03-05 01:00:00+07:00,66.1,46.0,759.0,0.0
2023-03-05 02:00:00+07:00,64.3,44.6,756.0,0.0
2023-03-05 03:00:00+07:00,63.1,43.8,760.0,0.0
2023-03-05 04:00:00+07:00,62.6,43.4,771.0,0.0
2023-03-05 05:00:00+07:00,62.2,43.1,799.0,0.0
2023-03-05 06:00:00+07:00,61.9,42.8,835.0,0.0
2023-03-05 07:00:00+07:00,69.2,48.0,856.0,0.0
2023-03-05 08:00:00+07:00,76.1,52.7,768.0,0.0
2023-03-05 09:00:00+07:00,75.9,52.4,644.0,0.0
2023-03-05 10:00:00+07:00,61.5,42.0,518.0,0.0
2023-03-05 11:00:00+07:00,52.9,35.9,493.0,0.0
2023-03-05 12:00:00+07:00,51.9,35.3,501.0,0.0
2023-03-05 13:00:00+07:00,53.9,36.7,528.0,0.0
2023-03-05 14:00:00+07:00,57.0,39.0,543.0,0.0
2023-03-05 15:00:00+07:00,59.6,40.9,563.0,0.0
2023-03-05 16:00:00+07:00,61.9,42.5,624.0,0.0
2023-03-05 17:00:00+07:00,63.3,43.5,718.0,0.0
2023-03-05 18:00:00+07:00,68.0,46.9,839.0,0.0
2023-03-05 19:00:00+07:00,88.0,61.0,1000.0,0.0
2023-03-05 20:00:00+07:00,88.7,61.5,1001.0,0.0
2023-03-05 21:00:00+07:00,87.1,60.3,1002.0,0.0
2023-03-05 22:00:00+07:00,85.0,58.9,995.0,0.0
2023-03-05 23:00:00+07:00,80.8,56.1,978.0,0.0
2023-03-06 00:00:00+07:00,75.7,52.6,955.0,0.0
2023-03-06 01:00:00+07:00,71.5,49.6,929.0,0.0
2023-03-06 02:00:00+07:00,67.8,46.9,920.0,0.0
2023-03-06 03:00:00+07:00,65.0,45.1,916.0,0.0
2023-03-06 04:00:00+07:00,62.4,43.3,909.0,0.0
2023-03-06 05:00:00+07:00,60.3,41.8,906.0,0.0
2023-03-06 06:00:00+07:00,58.9,40.7,904.0,0.0
2023-03-06 07:00:00+07:00,60.5,41.8,902.0,0.0
2023-03-06 08:00:00+07:00,66.4,45.9,825.0,0.0
2023-03-06 09:00:00+07:00,63.8,43.9,717.0,0.0
2023-03-06 10:00:00+07:00,59.3,40.6,603.0,0.0
2023-03-06 11:00:00+07:00,55.8,38.2,575.0,0.0
2023-03-06 12:00:00+07:00,58.2,39.9,575.0,0.0
2023-03-06 13:00:00+07:00,60.8,41.8,586.0,0.0
2023-03-06 14:00:00+07:00,62.2,42.7,586.0,0.0
2023-03-06 15:00:00+07:00,62.4,43.0,590.0,0.0
2023-03-06 16:00:00+07:00,61.9,42.7,630.0,0.0
2023-03-06 17:00:00+07:00,61.9,42.7,714.0,0.0
2023-03-06 18:00:00+07:00,65.7,45.5,827.0,0.0
2023-03-06 19:00:00+07:00,78.0,54.1,1374.0,0.0
2023-03-06 20:00:00+07:00,78.7,54.7,1508.0,0.0
2023-03-06 21:00:00+07:00,76.6,53.3,1697.0,0.0
2023-03-06 22:00:00+07:00,74.3,51.6,1876.0,0.0
2023-03-06 23:00:00+07:00,70.5,49.0,1871.0,0.0
2023-03-07 00:00:00+07:00,66.1,46.0,1800.0,0.0
2023-03-07 01:00:00+07:00,61.9,43.0,1734.0,0.0
2023-03-07 02:00:00+07:00,59.6,41.4,1762.0,0.0
2023-03-07 03:00:00+07:00,57.9,40.2,1820.0,0.0
2023-03-07 04:00:00+07:00,56.5,39.2,1897.0,0.0
2023-03-07 05:00:00+07:00,55.3,38.4,1973.0,0.0
2023-03-07 06:00:00+07:00,54.8,38.1,2054.0,0.0
2023-03-07 07:00:00+07:00,59.3,41.1,1947.0,0.0
2023-03-07 08:00:00+07:00,65.9,45.8,1700.0,0.0
2023-03-07 09:00:00+07:00,68.7,47.5,1349.0,1.0
2023-03-07 10:00:00+07:00,67.8,46.8,945.0,1.0
2023-03-07 11:00:00+07:00,66.4,45.8,774.0,1.0
2023-03-07 12:00:00+07:00,66.6,45.9,662.0,1.0
2023-03-07 13:00:00+07:00,67.8,46.8,565.0,1.0
2023-03-07 14:00:00+07:00,67.1,46.3,507.0,1.0
2023-03-07 15:00:00+07:00,66.4,45.9,477.0,0.0
2023-03-07 16:00:00+07:00,67.8,46.8,540.0,0.0
2023-03-07 17:00:00+07:00,67.1,46.3,713.0,0.0
2023-03-07 18:00:00+07:00,68.2,47.4,965.0,0.0
2023-03-07 19:00:00+07:00,71.9,49.9,1164.0,0.0
2023-03-07 20:00:00+07:00,71.5,49.7,1275.0,0.0
2023-03-07 21:00:00+07:00,69.6,48.3,1433.0,0.0
2023-03-07 22:00:00+07:00,68.0,47.4,1600.0,0.0
2023-03-07 23:00:00+07:00,65.4,45.5,1636.0,0.0
2023-03-08 00:00:00+07:00,62.4,43.4,1631.0,0.0
2023-03-08 01:00:00+07:00,59.4,41.3,1637.0,0.0
2023-03-08 02:00:00+07:00,57.2,39.8,1675.0,0.0
2023-03-08 03:00:00+07:00,55.5,38.6,1727.0,0.0
2023-03-08 04:00:00+07:00,54.9,38.2,1824.0,0.0
2023-03-08 05:00:00+07:00,55.4,38.5,1972.0,0.0
2023-03-08 06:00:00+07:00,56.3,39.2,2153.0,0.0
2023-03-08 07:00:00+07:00,63.6,44.1,2136.0,0.0
2023-03-08 08:00:00+07:00,75.4,52.4,1910.0,0.0
2023-03-08 09:00:00+07:00,78.0,54.2,1586.0,0.0
2023-03-08 10:00:00+07:00,71.0,49.2,1187.0,0.0
2023-03-08 11:00:00+07:00,66.6,46.1,968.0,0.0
2023-03-08 12:00:00+07:00,64.3,44.4,780.0,0.0
2023-03-08 13:00:00+07:00,64.0,44.2,603.0,0.0
2023-03-08 14:00:00+07:00,63.3,43.8,529.0,0.0
2023-03-08 15:00:00+07:00,61.9,42.7,503.0,0.0
2023-03-08 16:00:00+07:00,61.0,42.3,566.0,0.0
2023-03-08 17:00:00+07:00,61.5,42.5,709.0,0.0
2023-03-08 18:00:00+07:00,63.8,44.1,921.0,0.0
2023-03-08 19:00:00+07:00,67.3,46.8,1366.0,0.0
2023-03-08 20:00:00+07:00,69.6,48.4,1566.0,0.0
2023-03-08 21:00:00+07:00,70.8,49.2,1851.0,0.0
2023-03-08 22:00:00+07:00,71.5,49.8,2198.0,0.0
2023-03-08 23:00:00+07:00,70.8,49.4,2378.0,0.0
2023-03-09 00:00:00+07:00,68.9,48.1,2527.0,0.0
2023-03-09 01:00:00+07:00,67.5,46.9,2667.0,0.0
2023-03-09 02:00:00+07:00,66.6,46.3,2708.0,0.0
2023-03-09 03:00:00+07:00,66.6,46.3,2705.0,0.0
2023-03-09 04:00:00+07:00,67.5,47.1,2723.0,0.0
2023-03-09 05:00:00+07:00,70.1,48.9,2828.0,0.0
2023-03-09 06:00:00+07:00,71.9,50.1,2965.0,0.0
2023-03-09 07:00:00+07:00,72.4,50.4,2749.0,0.0
2023-03-09 08:00:00+07:00,84.1,58.6,2565.0,0.0
2023-03-09 09:00:00+07:00,87.3,60.8,2300.0,0.0
2023-03-09 10:00:00+07:00,80.3,55.9,1904.0,0.0
2023-03-09 11:00:00+07:00,71.9,49.9,1565.0,0.0
2023-03-09 12:00:00+07:00,67.1,46.6,1192.0,0.0
2023-03-09 13:00:00+07:00,65.4,45.4,813.0,0.0
2023-03-09 14:00:00+07:00,64.5,44.7,676.0,0.0
2023-03-09 15:00:00+07:00,64.5,44.7,626.0,0.0
2023-03-09 16:00:00+07:00,65.0,45.1,679.0,0.0
2023-03-09 17:00:00+07:00,64.5,44.7,832.0,0.0
2023-03-09 18:00:00+07:00,65.9,45.8,1068.0,0.0
2023-03-09 19:00:00+07:00,87.5,61.0,1053.0,0.0
2023-03-09 20:00:00+07:00,86.8,60.5,1023.0,0.0
2023-03-09 21:00:00+07:00,83.4,58.0,980.0,0.0
2023-03-09 22:00:00+07:00,78.9,54.9,924.0,0.0
2023-03-09 23:00:00+07:00,73.8,51.5,888.0,0.0
2023-03-10 00:00:00+07:00,69.2,48.2,853.0,0.0
2023-03-10 01:00:00+07:00,65.4,45.5,817.0,0.0
2023-03-10 02:00:00+07:00,61.9,43.1,801.0,0.0
2023-03-10 03:00:00+07:00,58.8,40.9,793.0,0.0
2023-03-10 04:00:00+07:00,56.8,39.5,786.0,0.0
2023-03-10 05:00:00+07:00,56.0,38.9,789.0,0.0
2023-03-10 06:00:00+07:00,56.2,39.0,797.0,0.0
2023-03-10 07:00:00+07:00,60.1,41.7,845.0,0.0
2023-03-10 08:00:00+07:00,64.7,44.9,785.0,0.0
2023-03-10 09:00:00+07:00,66.4,45.9,699.0,0.0
2023-03-10 10:00:00+07:00,64.3,44.4,613.0,0.0
2023-03-10 11:00:00+07:00,61.7,42.5,597.0,0.0
2023-03-10 12:00:00+07:00,62.9,43.5,605.0,0.0
2023-03-10 13:00:00+07:00,65.9,45.5,624.0,0.0
2023-03-10 14:00:00+07:00,66.8,46.2,629.0,0.0
2023-03-10 15:00:00+07:00,67.1,46.3,636.0,0.0
2023-03-10 16:00:00+07:00,65.0,45.1,682.0,0.0
2023-03-10 17:00:00+07:00,66.1,45.8,773.0,0.0
2023-03-10 18:00:00+07:00,69.2,48.1,894.0,0.0
2023-03-10 19:00:00+07:00,81.7,56.8,1030.0,0.0
2023-03-10 20:00:00+07:00,87.5,61.0,1029.0,0.0
2023-03-10 21:00:00+07:00,83.6,58.1,1026.0,0.0
2023-03-10 22:00:00+07:00,77.1,53.7,1018.0,0.0
2023-03-10 23:00:00+07:00,71.7,49.8,1004.0,0.0
2023-03-11 00:00:00+07:00,65.7,45.8,986.0,0.0
2023-03-11 01:00:00+07:00,60.3,42.0,964.0,0.0
2023-03-11 02:00:00+07:00,56.0,39.0,951.0,0.0
2023-03-11 03:00:00+07:00,54.8,38.2,940.0,0.0
2023-03-11 04:00:00+07:00,55.5,38.8,937.0,0.0
2023-03-11 05:00:00+07:00,57.6,40.2,959.0,0.0
2023-03-11 06:00:00+07:00,60.3,42.0,993.0,0.0
2023-03-11 07:00:00+07:00,71.5,49.9,1115.0,0.0
2023-03-11 08:00:00+07:00,81.0,56.6,1060.0,0.0
2023-03-11 09:00:00+07:00,75.0,52.2,982.0,0.0
2023-03-11 10:00:00+07:00,71.7,49.7,884.0,0.0
2023-03-11 11:00:00+07:00,70.3,48.8,823.0,0.0
2023-03-11 12:00:00+07:00,68.9,47.8,767.0,0.0
2023-03-11 13:00:00+07:00,71.0,49.4,727.0,0.0
2023-03-11 14:00:00+07:00,72.4,50.3,731.0,0.0
2023-03-11 15:00:00+07:00,73.8,51.3,759.0,0.0
2023-03-11 16:00:00+07:00,73.8,51.3,838.0,0.0
2023-03-11 17:00:00+07:00,74.0,51.6,955.0,0.0
2023-03-11 18:00:00+07:00,78.2,54.5,1106.0,0.0
2023-03-11 19:00:00+07:00,100.8,70.3,1283.0,0.0
2023-03-11 20:00:00+07:00,101.3,70.5,1261.0,0.0
2023-03-11 21:00:00+07:00,98.7,68.9,1230.0,0.0
2023-03-11 22:00:00+07:00,97.1,67.8,1193.0,0.0
2023-03-11 23:00:00+07:00,95.7,66.8,1172.0,0.0
2023-03-12 00:00:00+07:00,92.9,65.0,1155.0,0.0
2023-03-12 01:00:00+07:00,89.4,62.4,1145.0,0.0
2023-03-12 02:00:00+07:00,86.6,60.3,1152.0,0.0
2023-03-12 03:00:00+07:00,85.0,59.4,1167.0,0.0
2023-03-12 04:00:00+07:00,83.8,58.4,1193.0,0.0
2023-03-12 05:00:00+07:00,84.8,59.0,1221.0,0.0
2023-03-12 06:00:00+07:00,85.9,59.8,1253.0,0.0
2023-03-12 07:00:00+07:00,85.0,59.3,1199.0,0.0
2023-03-12 08:00:00+07:00,92.2,64.3,1199.0,0.0
2023-03-12 09:00:00+07:00,95.5,66.6,1198.0,0.0
2023-03-12 10:00:00+07:00,95.9,66.8,1152.0,0.0
2023-03-12 11:00:00+07:00,91.7,63.8,1046.0,0.0
2023-03-12 12:00:00+07:00,88.2,61.5,901.0,0.0
2023-03-12 13:00:00+07:00,88.7,61.7,754.0,0.0
2023-03-12 14:00:00+07:00,88.7,61.7,723.0,0.0
2023-03-12 15:00:00+07:00,88.9,61.7,730.0,0.0
2023-03-12 16:00:00+07:00,87.5,60.8,763.0,0.0
2023-03-12 17:00:00+07:00,86.6,60.3,803.0,0.0
2023-03-12 18:00:00+07:00,88.0,61.2,859.0,0.0
2023-03-12 19:00:00+07:00,117.1,81.7,2144.0,0.0
2023-03-12 20:00:00+07:00,119.7,83.4,2039.0,0.0
2023-03-12 21:00:00+07:00,106.4,74.3,1891.0,0.0
2023-03-12 22:00:00+07:00,98.0,68.5,1734.0,0.0
2023-03-12 23:00:00+07:00,95.9,66.8,1694.0,0.0
2023-03-13 00:00:00+07:00,94.1,65.7,1692.0,0.0
2023-03-13 01:00:00+07:00,93.1,65.0,1698.0,0.0
2023-03-13 02:00:00+07:00,91.3,63.8,1699.0,0.0
2023-03-13 03:00:00+07:00,91.3,63.8,1704.0,0.0
2023-03-13 04:00:00+07:00,89.4,62.6,1701.0,0.0
2023-03-13 05:00:00+07:00,88.9,62.2,1689.0,0.0
2023-03-13 06:00:00+07:00,87.5,61.2,1669.0,0.0
2023-03-13 07:00:00+07:00,93.1,65.2,1267.0,0.0
2023-03-13 08:00:00+07:00,92.7,64.7,1317.0,0.0
2023-03-13 09:00:00+07:00,93.4,65.2,1385.0,0.0
2023-03-13 10:00:00+07:00,95.7,66.8,1386.0,0.0
2023-03-13 11:00:00+07:00,95.2,66.4,1244.0,0.0
2023-03-13 12:00:00+07:00,84.8,58.8,1026.0,0.0
2023-03-13 13:00:00+07:00,77.1,53.4,783.0,0.0
2023-03-13 14:00:00+07:00,80.6,55.8,689.0,0.0
2023-03-13 15:00:00+07:00,80.8,55.9,637.0,0.0
2023-03-13 16:00:00+07:00,83.1,57.4,641.0,0.0
2023-03-13 17:00:00+07:00,87.3,60.3,696.0,0.0
2023-03-13 18:00:00+07:00,86.1,59.6,798.0,0.0
2023-03-13 19:00:00+07:00,66.4,45.9,1023.0,0.0
2023-03-13 20:00:00+07:00,72.9,50.6,1405.0,0.0
2023-03-13 21:00:00+07:00,78.2,54.5,1950.0,0.0
2023-03-13 22:00:00+07:00,82.9,57.7,2569.0,0.0
2023-03-13 23:00:00+07:00,87.8,61.2,2822.0,0.0
2023-03-14 00:00:00+07:00,90.3,62.9,2980.0,0.0
2023-03-14 01:00:00+07:00,93.4,65.0,3097.0,0.0
2023-03-14 02:00:00+07:00,93.8,65.4,3104.0,0.0
2023-03-14 03:00:00+07:00,94.3,65.9,3045.0,0.0
2023-03-14 04:00:00+07:00,95.5,66.6,2992.0,0.0
2023-03-14 05:00:00+07:00,97.6,68.2,3086.0,0.0
2023-03-14 06:00:00+07:00,98.3,68.7,3224.0,0.0
2023-03-14 07:00:00+07:00,88.7,61.9,3237.0,0.0
2023-03-14 08:00:00+07:00,93.1,65.0,2698.0,0.0
2023-03-14 09:00:00+07:00,88.7,61.7,1932.0,0.0
2023-03-14 10:00:00+07:00,82.7,57.4,1106.0,0.0
2023-03-14 11:00:00+07:00,83.1,57.6,862.0,0.0
2023-03-14 12:00:00+07:00,80.8,56.0,792.0,0.0
2023-03-14 13:00:00+07:00,79.2,54.8,757.0,0.0
2023-03-14 14:00:00+07:00,77.8,54.0,693.0,0.0
2023-03-14 15:00:00+07:00,76.1,52.7,650.0,0.0
2023-03-14 16:00:00+07:00,74.0,51.3,675.0,0.0
2023-03-14 17:00:00+07:00,71.5,49.5,775.0,0.0
2023-03-14 18:00:00+07:00,72.6,50.4,933.0,0.0
2023-03-14 19:00:00+07:00,67.8,46.9,1257.0,0.0
2023-03-14 20:00:00+07:00,73.3,51.0,1527.0,0.0
2023-03-14 21:00:00+07:00,76.6,53.3,1910.0,0.0
2023-03-14 22:00:00+07:00,76.8,53.4,2334.0,0.0
2023-03-14 23:00:00+07:00,74.5,51.8,2486.0,0.0
2023-03-15 00:00:00+07:00,72.6,50.5,2561.0,0.0
2023-03-15 01:00:00+07:00,71.0,49.4,2597.0,0.0
2023-03-15 02:00:00+07:00,67.5,47.0,2558.0,0.0
2023-03-15 03:00:00+07:00,65.7,45.9,2471.0,0.0
2023-03-15 04:00:00+07:00,65.7,45.8,2435.0,0.0
2023-03-15 05:00:00+07:00,66.6,46.4,2612.0,0.0
2023-03-15 06:00:00+07:00,68.5,47.7,2878.0,0.0
2023-03-15 07:00:00+07:00,78.7,54.9,3160.0,0.0
2023-03-15 08:00:00+07:00,89.6,62.6,2655.0,0.0
2023-03-15 09:00:00+07:00,78.5,54.5,1936.0,0.0
2023-03-15 10:00:00+07:00,67.8,46.9,1143.0,0.0
2023-03-15 11:00:00+07:00,64.0,44.4,870.0,0.0
2023-03-15 12:00:00+07:00,63.3,43.8,745.0,0.0
2023-03-15 13:00:00+07:00,62.6,43.4,656.0,0.0
2023-03-15 14:00:00+07:00,61.0,42.1,602.0,0.0
2023-03-15 15:00:00+07:00,61.2,42.4,589.0,0.0
2023-03-15 16:00:00+07:00,62.2,43.0,624.0,0.0
2023-03-15 17:00:00+07:00,63.1,43.8,683.0,0.0
2023-03-15 18:00:00+07:00,62.4,43.5,774.0,0.0
2023-03-15 19:00:00+07:00,54.8,38.2,1233.0,0.0
2023-03-15 20:00:00+07:00,55.6,38.6,1474.0,0.0
2023-03-15 21:00:00+07:00,54.6,38.0,1818.0,0.0
2023-03-15 22:00:00+07:00,54.7,38.0,2248.0,0.0
2023-03-15 23:00:00+07:00,54.2,37.8,2492.0,0.0
2023-03-16 00:00:00+07:00,54.4,38.0,2708.0,0.0
2023-03-16 01:00:00+07:00,53.9,37.6,2920.0,0.0
2023-03-16 02:00:00+07:00,53.9,37.6,2988.0,0.0
2023-03-16 03:00:00+07:00,54.9,38.3,2998.0,0.0
2023-03-16 04:00:00+07:00,56.7,39.6,3035.0,0.0
2023-03-16 05:00:00+07:00,58.8,41.0,3193.0,0.0
2023-03-16 06:00:00+07:00,61.7,43.0,3394.0,0.0
2023-03-16 07:00:00+07:00,45.9,32.0,2383.0,0.0
2023-03-16 08:00:00+07:00,51.5,35.9,2087.0,0.0
2023-03-16 09:00:00+07:00,49.6,34.3,1664.0,1.0
2023-03-16 10:00:00+07:00,46.3,31.9,1175.0,1.0
2023-03-16 11:00:00+07:00,44.9,30.9,962.0,1.0
2023-03-16 12:00:00+07:00,43.9,30.2,817.0,0.0
2023-03-16 13:00:00+07:00,42.4,29.1,689.0,0.0
2023-03-16 14:00:00+07:00,40.9,28.1,624.0,0.0
2023-03-16 15:00:00+07:00,40.7,28.0,598.0,0.0
2023-03-16 16:00:00+07:00,42.8,29.5,640.0,0.0
2023-03-16 17:00:00+07:00,43.5,30.0,742.0,0.0
2023-03-16 18:00:00+07:00,44.1,30.6,897.0,0.0
2023-03-16 19:00:00+07:00,43.9,30.4,776.0,0.0
2023-03-16 20:00:00+07:00,47.3,32.8,899.0,0.0
2023-03-16 21:00:00+07:00,48.2,33.5,1076.0,0.0
2023-03-16 22:00:00+07:00,48.9,34.0,1294.0,0.0
2023-03-16 23:00:00+07:00,52.3,36.3,1411.0,0.0
2023-03-17 00:00:00+07:00,55.5,38.8,1511.0,0.0
2023-03-17 01:00:00+07:00,53.9,37.6,1623.0,0.0
2023-03-17 02:00:00+07:00,55.5,38.8,1690.0,0.0
2023-03-17 03:00:00+07:00,59.4,41.4,1742.0,0.0
2023-03-17 04:00:00+07:00,59.3,41.4,1803.0,0.0
2023-03-17 05:00:00+07:00,60.3,42.0,1865.0,0.0
2023-03-17 06:00:00+07:00,59.8,41.9,1927.0,0.0
2023-03-17 07:00:00+07:00,70.8,49.5,1746.0,0.0
2023-03-17 08:00:00+07:00,73.8,51.5,1737.0,0.0
2023-03-17 09:00:00+07:00,76.1,53.2,1721.0,1.0
2023-03-17 10:00:00+07:00,80.3,55.8,1599.0,1.0
2023-03-17 11:00:00+07:00,75.9,52.5,1353.0,1.0
2023-03-17 12:00:00+07:00,75.2,51.9,1023.0,0.0
2023-03-17 13:00:00+07:00,72.4,50.2,678.0,0.0
2023-03-17 14:00:00+07:00,69.2,47.8,578.0,0.0
2023-03-17 15:00:00+07:00,68.0,47.0,557.0,0.0
2023-03-17 16:00:00+07:00,67.8,46.9,603.0,0.0
2023-03-17 17:00:00+07:00,67.8,46.9,676.0,0.0
2023-03-17 18:00:00+07:00,66.4,46.1,793.0,0.0
2023-03-17 19:00:00+07:00,52.0,36.1,1516.0,0.0
2023-03-17 20:00:00+07:00,53.0,36.8,1594.0,0.0
2023-03-17 21:00:00+07:00,50.3,34.9,1706.0,0.0
2023-03-17 22:00:00+07:00,50.9,35.3,1889.0,0.0
2023-03-17 23:00:00+07:00,52.3,36.4,2065.0,0.0
2023-03-18 00:00:00+07:00,52.3,36.4,2266.0,0.0
2023-03-18 01:00:00+07:00,52.2,36.4,2483.0,0.0
2023-03-18 02:00:00+07:00,53.6,37.4,2554.0,0.0
2023-03-18 03:00:00+07:00,57.6,40.2,2580.0,0.0
2023-03-18 04:00:00+07:00,61.7,43.1,2644.0,0.0
2023-03-18 05:00:00+07:00,64.5,45.1,2827.0,0.0
2023-03-18 06:00:00+07:00,65.4,45.8,3057.0,0.0
2023-03-18 07:00:00+07:00,53.1,37.0,2064.0,0.0
2023-03-18 08:00:00+07:00,57.9,40.3,1805.0,0.0
2023-03-18 09:00:00+07:00,57.7,40.2,1435.0,0.0
2023-03-18 10:00:00+07:00,59.8,41.3,1011.0,0.0
2023-03-18 11:00:00+07:00,60.5,41.9,835.0,0.0
2023-03-18 12:00:00+07:00,59.6,41.2,722.0,0.0
2023-03-18 13:00:00+07:00,57.3,39.6,617.0,0.0
2023-03-18 14:00:00+07:00,54.1,37.4,554.0,0.0
2023-03-18 15:00:00+07:00,51.7,35.7,517.0,0.0
2023-03-18 16:00:00+07:00,50.3,34.8,515.0,0.0
2023-03-18 17:00:00+07:00,50.9,35.3,548.0,0.0
2023-03-18 18:00:00+07:00,50.3,34.9,612.0,0.0
2023-03-18 19:00:00+07:00,51.5,35.9,843.0,0.0
2023-03-18 20:00:00+07:00,51.1,35.6,949.0,0.0
2023-03-18 21:00:00+07:00,51.7,36.0,1101.0,0.0
2023-03-18 22:00:00+07:00,53.9,37.6,1324.0,0.0
2023-03-18 23:00:00+07:00,55.8,38.9,1504.0,0.0
2023-03-19 00:00:00+07:00,55.3,38.6,1698.0,0.0
2023-03-19 01:00:00+07:00,53.6,37.4,1912.0,0.0
2023-03-19 02:00:00+07:00,54.0,37.8,1997.0,0.0
2023-03-19 03:00:00+07:00,57.2,39.9,2043.0,0.0
2023-03-19 04:00:00+07:00,59.5,41.7,2130.0,0.0
2023-03-19 05:00:00+07:00,61.0,42.7,2312.0,0.0
2023-03-19 06:00:00+07:00,63.3,44.2,2536.0,0.0
2023-03-19 07:00:00+07:00,63.1,44.0,2267.0,0.0
2023-03-19 08:00:00+07:00,67.1,46.8,1978.0,0.0
2023-03-19 09:00:00+07:00,61.5,42.7,1566.0,0.0
2023-03-19 10:00:00+07:00,57.0,39.6,1091.0,0.0
2023-03-19 11:00:00+07:00,55.3,38.3,888.0,0.0
2023-03-19 12:00:00+07:00,53.7,37.0,753.0,0.0
2023-03-19 13:00:00+07:00,51.6,35.7,631.0,0.0
2023-03-19 14:00:00+07:00,49.9,34.6,568.0,0.0
2023-03-19 15:00:00+07:00,48.7,33.6,539.0,0.0
2023-03-19 16:00:00+07:00,49.0,33.9,556.0,0.0
2023-03-19 17:00:00+07:00,47.3,32.7,616.0,0.0
2023-03-19 18:00:00+07:00,46.7,32.4,713.0,0.0
2023-03-19 19:00:00+07:00,57.6,40.2,939.0,0.0
2023-03-19 20:00:00+07:00,60.1,41.8,1184.0,0.0
2023-03-19 21:00:00+07:00,61.0,42.6,1530.0,0.0
2023-03-19 22:00:00+07:00,57.6,40.3,1838.0,0.0
2023-03-19 23:00:00+07:00,55.2,38.5,1800.0,0.0
2023-03-20 00:00:00+07:00,50.1,34.9,1628.0,0.0
2023-03-20 01:00:00+07:00,45.8,31.9,1424.0,0.0
2023-03-20 02:00:00+07:00,43.7,30.5,1371.0,0.0
2023-03-20 03:00:00+07:00,42.6,29.7,1350.0,0.0
2023-03-20 04:00:00+07:00,41.8,29.2,1353.0,0.0
2023-03-20 05:00:00+07:00,41.4,28.9,1406.0,0.0
2023-03-20 06:00:00+07:00,41.0,28.6,1488.0,0.0
2023-03-20 07:00:00+07:00,43.5,30.5,1733.0,0.0
2023-03-20 08:00:00+07:00,46.3,32.4,1514.0,0.0
2023-03-20 09:00:00+07:00,49.2,34.2,1201.0,0.0
2023-03-20 10:00:00+07:00,49.2,33.9,838.0,0.0
2023-03-20 11:00:00+07:00,47.7,32.7,680.0,0.0
2023-03-20 12:00:00+07:00,44.7,30.6,573.0,0.0
2023-03-20 13:00:00+07:00,41.3,28.3,471.0,0.0
2023-03-20 14:00:00+07:00,37.0,25.3,416.0,0.0
2023-03-20 15:00:00+07:00,33.9,23.1,386.0,0.0
2023-03-20 16:00:00+07:00,32.0,21.8,380.0,0.0
2023-03-20 17:00:00+07:00,46.1,31.2,393.0,0.0
2023-03-20 18:00:00+07:00,48.0,32.6,425.0,0.0
2023-03-20 19:00:00+07:00,36.0,24.7,758.0,0.0
2023-03-20 20:00:00+07:00,39.9,27.5,1077.0,0.0
2023-03-20 21:00:00+07:00,40.6,28.2,1531.0,0.0
2023-03-20 22:00:00+07:00,42.7,29.7,2040.0,0.0
2023-03-20 23:00:00+07:00,45.2,31.4,2241.0,0.0
2023-03-21 00:00:00+07:00,46.1,32.1,2358.0,0.0
2023-03-21 01:00:00+07:00,44.9,31.2,2414.0,0.0
2023-03-21 02:00:00+07:00,43.8,30.5,2355.0,0.0
2023-03-21 03:00:00+07:00,42.8,29.8,2223.0,0.0
2023-03-21 04:00:00+07:00,42.1,29.3,2096.0,0.0
2023-03-21 05:00:00+07:00,42.1,29.3,2150.0,0.0
2023-03-21 06:00:00+07:00,42.7,29.8,2262.0,0.0
2023-03-21 07:00:00+07:00,40.5,28.2,2042.0,0.0
2023-03-21 08:00:00+07:00,43.2,30.0,1737.0,0.0
2023-03-21 09:00:00+07:00,42.1,29.0,1302.0,0.0
2023-03-21 10:00:00+07:00,38.1,26.1,808.0,0.0
2023-03-21 11:00:00+07:00,34.8,23.7,612.0,0.0
2023-03-21 12:00:00+07:00,32.6,22.2,495.0,0.0
2023-03-21 13:00:00+07:00,30.4,20.6,396.0,0.0
2023-03-21 14:00:00+07:00,27.4,18.5,336.0,0.0
2023-03-21 15:00:00+07:00,26.0,17.6,307.0,0.0
2023-03-21 16:00:00+07:00,31.1,21.0,351.0,0.0
2023-03-21 17:00:00+07:00,33.6,22.7,437.0,0.0
2023-03-21 18:00:00+07:00,33.4,22.6,572.0,0.0
2023-03-21 19:00:00+07:00,34.8,24.0,976.0,0.0
2023-03-21 20:00:00+07:00,41.1,28.5,1310.0,0.0
2023-03-21 21:00:00+07:00,44.0,30.5,1785.0,0.0
2023-03-21 22:00:00+07:00,45.8,31.8,2314.0,0.0
2023-03-21 23:00:00+07:00,46.4,32.4,2502.0,0.0
2023-03-22 00:00:00+07:00,45.1,31.4,2596.0,0.0
2023-03-22 01:00:00+07:00,43.4,30.3,2672.0,0.0
2023-03-22 02:00:00+07:00,42.6,29.7,2710.0,0.0
2023-03-22 03:00:00+07:00,42.5,29.6,2719.0,0.0
2023-03-22 04:00:00+07:00,42.4,29.6,2756.0,0.0
2023-03-22 05:00:00+07:00,41.9,29.2,2917.0,0.0
2023-03-22 06:00:00+07:00,42.1,29.4,3125.0,0.0
2023-03-22 07:00:00+07:00,43.7,30.4,2886.0,0.0
2023-03-22 08:00:00+07:00,47.3,32.9,2309.0,0.0
2023-03-22 09:00:00+07:00,41.9,28.9,1489.0,0.0
2023-03-22 10:00:00+07:00,31.3,21.4,608.0,0.0
2023-03-22 11:00:00+07:00,26.2,17.9,355.0,0.0
2023-03-22 12:00:00+07:00,21.2,14.4,293.0,0.0
2023-03-22 13:00:00+07:00,17.7,12.0,273.0,0.0
2023-03-22 14:00:00+07:00,15.5,10.4,220.0,0.0
2023-03-22 15:00:00+07:00,14.1,9.4,192.0,1.0
2023-03-22 16:00:00+07:00,13.0,8.6,232.0,1.0
2023-03-22 17:00:00+07:00,12.6,8.4,348.0,1.0
2023-03-22 18:00:00+07:00,13.2,8.9,521.0,0.0
2023-03-22 19:00:00+07:00,23.2,16.0,684.0,0.0
2023-03-22 20:00:00+07:00,26.3,18.2,834.0,0.0
2023-03-22 21:00:00+07:00,26.1,18.0,1050.0,0.0
2023-03-22 22:00:00+07:00,26.7,18.5,1336.0,0.0
2023-03-22 23:00:00+07:00,28.3,19.7,1522.0,0.0
2023-03-23 00:00:00+07:00,29.7,20.7,1703.0,0.0
2023-03-23 01:00:00+07:00,30.7,21.3,1902.0,0.0
2023-03-23 02:00:00+07:00,31.3,21.8,1991.0,0.0
2023-03-23 03:00:00+07:00,31.8,22.1,2046.0,0.0
2023-03-23 04:00:00+07:00,32.2,22.4,2147.0,0.0
2023-03-23 05:00:00+07:00,33.2,23.1,2355.0,0.0
2023-03-23 06:00:00+07:00,34.5,24.0,2610.0,0.0
2023-03-23 07:00:00+07:00,34.6,24.0,2148.0,0.0
2023-03-23 08:00:00+07:00,38.0,26.3,1730.0,0.0
2023-03-23 09:00:00+07:00,31.0,21.4,1136.0,0.0
2023-03-23 10:00:00+07:00,23.1,15.7,500.0,0.0
2023-03-23 11:00:00+07:00,22.2,15.0,321.0,0.0
2023-03-23 12:00:00+07:00,21.8,14.6,281.0,1.0
2023-03-23 13:00:00+07:00,21.2,14.1,272.0,1.0
2023-03-23 14:00:00+07:00,20.3,13.5,229.0,1.0
2023-03-23 15:00:00+07:00,19.5,13.0,199.0,1.0
2023-03-23 16:00:00+07:00,18.7,12.4,240.0,1.0
2023-03-23 17:00:00+07:00,19.1,12.7,373.0,1.0
2023-03-23 18:00:00+07:00,20.6,13.9,567.0,0.0
2023-03-23 19:00:00+07:00,31.7,21.8,680.0,0.0
2023-03-23 20:00:00+07:00,33.5,23.2,791.0,0.0
2023-03-23 21:00:00+07:00,31.7,21.9,950.0,0.0
2023-03-23 22:00:00+07:00,30.2,20.8,1182.0,0.0
2023-03-23 23:00:00+07:00,30.6,21.2,1366.0,0.0
2023-03-24 00:00:00+07:00,31.2,21.7,1562.0,0.0
2023-03-24 01:00:00+07:00,31.7,21.9,1780.0,0.0
2023-03-24 02:00:00+07:00,32.2,22.4,1873.0,0.0
2023-03-24 03:00:00+07:00,33.1,22.9,1930.0,0.0
2023-03-24 04:00:00+07:00,33.9,23.6,2022.0,0.0
2023-03-24 05:00:00+07:00,34.8,24.2,2205.0,0.0
2023-03-24 06:00:00+07:00,36.2,25.1,2426.0,0.0
2023-03-24 07:00:00+07:00,41.6,28.8,1875.0,0.0
2023-03-24 08:00:00+07:00,43.5,30.2,1505.0,0.0
2023-03-24 09:00:00+07:00,32.8,22.4,981.0,0.0
2023-03-24 10:00:00+07:00,24.3,16.4,424.0,0.0
2023-03-24 11:00:00+07:00,21.6,14.4,279.0,0.0
2023-03-24 12:00:00+07:00,19.6,13.1,261.0,1.0
2023-03-24 13:00:00+07:00,18.0,11.9,271.0,1.0
2023-03-24 14:00:00+07:00,17.1,11.3,227.0,1.0
2023-03-24 15:00:00+07:00,16.4,10.8,187.0,1.0
2023-03-24 16:00:00+07:00,16.3,10.8,240.0,1.0
2023-03-24 17:00:00+07:00,17.2,11.5,397.0,1.0
2023-03-24 18:00:00+07:00,19.6,13.3,629.0,0.0
2023-03-24 19:00:00+07:00,28.1,19.3,982.0,0.0
2023-03-24 20:00:00+07:00,36.4,25.3,1338.0,0.0
2023-03-24 21:00:00+07:00,40.0,27.8,1845.0,0.0
2023-03-24 22:00:00+07:00,40.5,28.2,2391.0,0.0
2023-03-24 23:00:00+07:00,39.8,27.7,2566.0,0.0
2023-03-25 00:00:00+07:00,39.1,27.2,2630.0,0.0
2023-03-25 01:00:00+07:00,38.4,26.8,2619.0,0.0
2023-03-25 02:00:00+07:00,37.6,26.1,2533.0,0.0
2023-03-25 03:00:00+07:00,36.6,25.4,2381.0,0.0
2023-03-25 04:00:00+07:00,35.4,24.6,2218.0,0.0
2023-03-25 05:00:00+07:00,34.8,24.2,2231.0,0.0
2023-03-25 06:00:00+07:00,35.3,24.5,2295.0,0.0
2023-03-25 07:00:00+07:00,39.7,27.6,2178.0,0.0
2023-03-25 08:00:00+07:00,44.0,30.5,1780.0,0.0
2023-03-25 09:00:00+07:00,41.0,28.2,1215.0,1.0
2023-03-25 10:00:00+07:00,33.6,22.9,606.0,1.0
2023-03-25 11:00:00+07:00,37.6,25.6,427.0,1.0
2023-03-25 12:00:00+07:00,36.9,25.1,376.0,1.0
2023-03-25 13:00:00+07:00,34.7,23.5,354.0,1.0
2023-03-25 14:00:00+07:00,32.5,22.1,299.0,1.0
2023-03-25 15:00:00+07:00,30.4,20.7,256.0,1.0
2023-03-25 16:00:00+07:00,30.3,20.6,315.0,1.0
2023-03-25 17:00:00+07:00,30.7,20.9,479.0,1.0
2023-03-25 18:00:00+07:00,34.2,23.5,724.0,0.0
2023-03-25 19:00:00+07:00,51.7,35.9,1032.0,0.0
2023-03-25 20:00:00+07:00,56.6,39.3,1416.0,0.0
2023-03-25 21:00:00+07:00,58.3,40.5,1962.0,0.0
2023-03-25 22:00:00+07:00,59.5,41.3,2561.0,0.0
2023-03-25 23:00:00+07:00,59.5,41.3,2774.0,0.0
2023-03-26 00:00:00+07:00,57.2,39.8,2876.0,0.0
2023-03-26 01:00:00+07:00,54.0,37.5,2900.0,0.0
2023-03-26 02:00:00+07:00,51.1,35.5,2827.0,0.0
2023-03-26 03:00:00+07:00,48.2,33.5,2678.0,0.0
2023-03-26 04:00:00+07:00,45.1,31.3,2485.0,0.0
2023-03-26 05:00:00+07:00,42.5,29.5,2428.0,0.0
2023-03-26 06:00:00+07:00,40.9,28.3,2395.0,0.0
2023-03-26 07:00:00+07:00,42.4,29.4,1982.0,0.0
2023-03-26 08:00:00+07:00,45.4,31.4,1616.0,0.0
2023-03-26 09:00:00+07:00,43.5,29.9,1095.0,1.0
2023-03-26 10:00:00+07:00,39.7,27.1,534.0,1.0
2023-03-26 11:00:00+07:00,40.9,27.9,370.0,1.0
2023-03-26 12:00:00+07:00,36.6,25.0,325.0,1.0
2023-03-26 13:00:00+07:00,32.2,22.0,307.0,1.0
2023-03-26 14:00:00+07:00,29.2,19.9,263.0,1.0
2023-03-26 15:00:00+07:00,27.1,18.5,233.0,1.0
2023-03-26 16:00:00+07:00,26.1,17.8,277.0,1.0
2023-03-26 17:00:00+07:00,26.0,17.7,415.0,1.0
2023-03-26 18:00:00+07:00,28.3,19.4,616.0,0.0
2023-03-26 19:00:00+07:00,51.9,36.0,1092.0,0.0
2023-03-26 20:00:00+07:00,54.6,38.0,1260.0,0.0
2023-03-26 21:00:00+07:00,52.3,36.3,1498.0,0.0
2023-03-26 22:00:00+07:00,48.7,33.9,1763.0,0.0
2023-03-26 23:00:00+07:00,45.1,31.3,1860.0,0.0
2023-03-27 00:00:00+07:00,43.3,30.2,1911.0,0.0
2023-03-27 01:00:00+07:00,41.9,29.2,1935.0,0.0
2023-03-27 02:00:00+07:00,41.6,28.9,1913.0,0.0
2023-03-27 03:00:00+07:00,42.0,29.2,1860.0,0.0
2023-03-27 04:00:00+07:00,42.8,29.8,1819.0,0.0
2023-03-27 05:00:00+07:00,43.9,30.4,1883.0,0.0
2023-03-27 06:00:00+07:00,45.4,31.4,1985.0,0.0
2023-03-27 07:00:00+07:00,49.8,34.6,2031.0,0.0
2023-03-27 08:00:00+07:00,54.9,38.2,1711.0,0.0
2023-03-27 09:00:00+07:00,49.8,34.3,1256.0,1.0
2023-03-27 10:00:00+07:00,41.0,28.0,746.0,1.0
2023-03-27 11:00:00+07:00,42.8,29.3,556.0,1.0
2023-03-27 12:00:00+07:00,41.4,28.3,452.0,1.0
2023-03-27 13:00:00+07:00,38.1,26.0,368.0,1.0
2023-03-27 14:00:00+07:00,36.2,24.7,309.0,1.0
2023-03-27 15:00:00+07:00,34.2,23.3,277.0,1.0
2023-03-27 16:00:00+07:00,32.8,22.4,317.0,1.0
2023-03-27 17:00:00+07:00,32.8,22.5,426.0,1.0
2023-03-27 18:00:00+07:00,34.8,24.0,591.0,0.0
2023-03-27 19:00:00+07:00,48.0,33.3,1249.0,0.0
2023-03-27 20:00:00+07:00,50.3,34.9,1471.0,0.0
2023-03-27 21:00:00+07:00,49.8,34.7,1787.0,0.0
2023-03-27 22:00:00+07:00,48.3,33.6,2145.0,0.0
2023-03-27 23:00:00+07:00,46.0,32.0,2279.0,0.0
2023-03-28 00:00:00+07:00,45.6,31.8,2354.0,0.0
2023-03-28 01:00:00+07:00,47.4,32.9,2436.0,0.0
2023-03-28 02:00:00+07:00,50.1,34.8,2505.0,0.0
2023-03-28 03:00:00+07:00,53.2,37.0,2567.0,0.0
2023-03-28 04:00:00+07:00,56.0,38.9,2655.0,0.0
2023-03-28 05:00:00+07:00,57.9,40.3,2811.0,0.0
2023-03-28 06:00:00+07:00,59.5,41.3,2995.0,0.0
2023-03-28 07:00:00+07:00,58.2,40.6,2523.0,0.0
2023-03-28 08:00:00+07:00,65.9,45.9,2054.0,0.0
2023-03-28 09:00:00+07:00,57.3,39.5,1388.0,1.0
2023-03-28 10:00:00+07:00,41.0,27.9,657.0,1.0
2023-03-28 11:00:00+07:00,34.9,23.7,415.0,1.0
2023-03-28 12:00:00+07:00,26.8,18.2,313.0,0.0
2023-03-28 13:00:00+07:00,20.5,13.9,247.0,0.0
2023-03-28 14:00:00+07:00,17.8,12.1,193.0,0.0
2023-03-28 15:00:00+07:00,16.8,11.4,172.0,0.0
2023-03-28 16:00:00+07:00,17.6,12.0,224.0,0.0
2023-03-28 17:00:00+07:00,20.3,13.9,350.0,0.0
2023-03-28 18:00:00+07:00,24.4,16.9,535.0,0.0
2023-03-28 19:00:00+07:00,77.5,54.0,666.0,0.0
2023-03-28 20:00:00+07:00,77.1,53.8,653.0,0.0
2023-03-28 21:00:00+07:00,71.9,50.1,635.0,0.0
2023-03-28 22:00:00+07:00,68.9,48.0,632.0,0.0
2023-03-28 23:00:00+07:00,66.4,46.3,661.0,0.0
2023-03-29 00:00:00+07:00,64.5,44.9,708.0,0.0
2023-03-29 01:00:00+07:00,65.0,45.4,771.0,0.0
2023-03-29 02:00:00+07:00,68.7,47.8,810.0,0.0
2023-03-29 03:00:00+07:00,73.8,51.6,849.0,0.0
2023-03-29 04:00:00+07:00,78.5,54.7,894.0,0.0
2023-03-29 05:00:00+07:00,81.7,57.0,942.0,0.0
2023-03-29 06:00:00+07:00,85.0,59.3,992.0,0.0
2023-03-29 07:00:00+07:00,96.9,67.5,1032.0,0.0
2023-03-29 08:00:00+07:00,112.5,78.2,867.0,1.0
2023-03-29 09:00:00+07:00,97.3,67.5,633.0,1.0
2023-03-29 10:00:00+07:00,59.6,40.7,388.0,2.0
2023-03-29 11:00:00+07:00,46.0,31.3,328.0,2.0
2023-03-29 12:00:00+07:00,44.0,30.2,327.0,1.0
2023-03-29 13:00:00+07:00,48.3,33.2,353.0,1.0
2023-03-29 14:00:00+07:00,54.2,37.4,369.0,1.0
2023-03-29 15:00:00+07:00,61.2,42.3,396.0,1.0
2023-03-29 16:00:00+07:00,66.8,46.2,462.0,1.0
2023-03-29 17:00:00+07:00,78.2,54.4,553.0,1.0
2023-03-29 18:00:00+07:00,97.6,68.0,667.0,0.0
2023-03-29 19:00:00+07:00,122.9,85.9,919.0,0.0
2023-03-29 20:00:00+07:00,115.5,80.6,910.0,0.0
2023-03-29 21:00:00+07:00,101.5,70.8,897.0,0.0
2023-03-29 22:00:00+07:00,92.4,64.5,893.0,0.0
2023-03-29 23:00:00+07:00,88.5,61.7,910.0,0.0
2023-03-30 00:00:00+07:00,88.0,61.5,938.0,0.0
2023-03-30 01:00:00+07:00,90.3,63.1,977.0,0.0
2023-03-30 02:00:00+07:00,94.1,65.7,1004.0,0.0
2023-03-30 03:00:00+07:00,97.6,68.0,1032.0,0.0
2023-03-30 04:00:00+07:00,101.0,70.5,1067.0,0.0
2023-03-30 05:00:00+07:00,105.5,73.8,1106.0,0.0
2023-03-30 06:00:00+07:00,110.6,77.3,1147.0,0.0
2023-03-30 07:00:00+07:00,123.4,86.1,1236.0,0.0
2023-03-30 08:00:00+07:00,140.6,98.3,1098.0,0.0
2023-03-30 09:00:00+07:00,135.0,94.1,901.0,1.0
2023-03-30 10:00:00+07:00,90.8,63.1,678.0,1.0
2023-03-30 11:00:00+07:00,73.3,50.6,589.0,1.0
2023-03-30 12:00:00+07:00,74.0,51.0,535.0,2.0
2023-03-30 13:00:00+07:00,80.6,55.5,501.0,2.0
2023-03-30 14:00:00+07:00,88.5,61.0,491.0,2.0
2023-03-30 15:00:00+07:00,95.7,66.1,503.0,2.0
2023-03-30 16:00:00+07:00,98.0,67.8,585.0,2.0
2023-03-30 17:00:00+07:00,123.4,85.7,741.0,1.0
2023-03-30 18:00:00+07:00,174.2,121.1,952.0,1.0
2023-03-30 19:00:00+07:00,97.1,67.5,714.0,1.0
2023-03-30 20:00:00+07:00,99.2,69.2,723.0,1.0
2023-03-30 21:00:00+07:00,91.3,63.6,736.0,0.0
2023-03-30 22:00:00+07:00,81.3,56.6,747.0,0.0
2023-03-30 23:00:00+07:00,72.4,50.5,743.0,0.0
2023-03-31 00:00:00+07:00,66.4,46.2,733.0,0.0
2023-03-31 01:00:00+07:00,62.6,43.5,724.0,0.0
2023-03-31 02:00:00+07:00,61.2,42.6,725.0,0.0
2023-03-31 03:00:00+07:00,61.0,42.5,729.0,0.0
2023-03-31 04:00:00+07:00,61.0,42.5,736.0,0.0
2023-03-31 05:00:00+07:00,61.7,42.8,752.0,0.0
2023-03-31 06:00:00+07:00,63.1,43.8,771.0,0.0
2023-03-31 07:00:00+07:00,68.7,47.7,765.0,0.0
2023-03-31 08:00:00+07:00,75.9,52.6,674.0,1.0
2023-03-31 09:00:00+07:00,68.2,47.0,544.0,1.0
2023-03-31 10:00:00+07:00,52.2,35.6,416.0,2.0
2023-03-31 11:00:00+07:00,56.6,38.6,400.0,2.0
2023-03-31 12:00:00+07:00,62.9,43.0,422.0,2.0
2023-03-31 13:00:00+07:00,65.4,44.8,456.0,2.0
2023-03-31 14:00:00+07:00,68.7,47.1,460.0,2.0
2023-03-31 15:00:00+07:00,70.8,48.5,460.0,2.0
2023-03-31 16:00:00+07:00,68.9,47.4,484.0,2.0
2023-03-31 17:00:00+07:00,75.0,51.7,541.0,1.0
2023-03-31 18:00:00+07:00,85.7,59.4,618.0,1.0
2023-03-31 19:00:00+07:00,96.2,66.8,682.0,0.0
2023-03-31 20:00:00+07:00,91.5,63.8,674.0,0.0
2023-03-31 21:00:00+07:00,82.2,57.2,662.0,0.0
2023-03-31 22:00:00+07:00,73.6,51.2,650.0,0.0
2023-03-31 23:00:00+07:00,67.1,46.7,646.0,0.0
2023-04-01 00:00:00+07:00,61.5,42.7,644.0,0.0
2023-04-01 01:00:00+07:00,57.7,40.2,651.0,0.0
2023-04-01 02:00:00+07:00,56.0,38.9,666.0,0.0
2023-04-01 03:00:00+07:00,55.6,38.5,688.0,0.0
2023-04-01 04:00:00+07:00,55.9,38.8,715.0,0.0
2023-04-01 05:00:00+07:00,56.3,39.1,734.0,0.0
2023-04-01 06:00:00+07:00,56.9,39.5,753.0,0.0
2023-04-01 07:00:00+07:00,59.8,41.4,769.0,0.0
2023-04-01 08:00:00+07:00,65.2,45.1,710.0,0.0
2023-04-01 09:00:00+07:00,65.7,45.2,627.0,1.0
2023-04-01 10:00:00+07:00,59.5,40.6,543.0,1.0
2023-04-01 11:00:00+07:00,65.9,45.1,530.0,1.0
2023-04-01 12:00:00+07:00,71.0,48.7,542.0,2.0
2023-04-01 13:00:00+07:00,75.7,52.0,559.0,2.0
2023-04-01 14:00:00+07:00,77.1,53.2,557.0,2.0
2023-04-01 15:00:00+07:00,76.4,52.6,553.0,1.0
2023-04-01 16:00:00+07:00,74.7,51.6,564.0,1.0
2023-04-01 17:00:00+07:00,77.8,53.7,602.0,1.0
2023-04-01 18:00:00+07:00,83.6,58.0,654.0,0.0
2023-04-01 19:00:00+07:00,88.5,61.7,728.0,0.0
2023-04-01 20:00:00+07:00,83.4,58.1,708.0,0.0
2023-04-01 21:00:00+07:00,75.4,52.5,680.0,0.0
2023-04-01 22:00:00+07:00,68.2,47.4,653.0,0.0
2023-04-01 23:00:00+07:00,62.2,43.2,650.0,0.0
2023-04-02 00:00:00+07:00,57.4,39.8,655.0,0.0
2023-04-02 01:00:00+07:00,54.9,38.2,667.0,0.0
2023-04-02 02:00:00+07:00,54.7,38.1,677.0,0.0
2023-04-02 03:00:00+07:00,53.8,37.3,691.0,0.0
2023-04-02 04:00:00+07:00,53.4,37.0,711.0,0.0
2023-04-02 05:00:00+07:00,53.6,37.1,743.0,0.0
2023-04-02 06:00:00+07:00,54.1,37.8,782.0,0.0
2023-04-02 07:00:00+07:00,57.7,40.3,772.0,0.0
2023-04-02 08:00:00+07:00,61.9,43.1,664.0,1.0
2023-04-02 09:00:00+07:00,57.9,39.3,510.0,1.0
2023-04-02 10:00:00+07:00,45.2,30.4,347.0,2.0
2023-04-02 11:00:00+07:00,38.2,25.7,304.0,2.0
2023-04-02 12:00:00+07:00,32.2,21.8,299.0,1.0
2023-04-02 13:00:00+07:00,29.5,19.9,303.0,1.0
2023-04-02 14:00:00+07:00,28.9,19.6,295.0,1.0
2023-04-02 15:00:00+07:00,29.0,19.7,291.0,1.0
2023-04-02 16:00:00+07:00,29.5,20.1,306.0,1.0
2023-04-02 17:00:00+07:00,30.2,20.6,350.0,1.0
2023-04-02 18:00:00+07:00,36.6,25.2,411.0,0.0
2023-04-02 19:00:00+07:00,39.5,27.4,426.0,0.0
2023-04-02 20:00:00+07:00,38.5,26.7,419.0,0.0
2023-04-02 21:00:00+07:00,35.7,24.8,409.0,0.0
2023-04-02 22:00:00+07:00,34.9,24.2,410.0,0.0
2023-04-02 23:00:00+07:00,36.1,25.1,430.0,0.0
2023-04-03 00:00:00+07:00,37.8,26.3,461.0,0.0
2023-04-03 01:00:00+07:00,39.1,27.2,503.0,0.0
2023-04-03 02:00:00+07:00,40.0,27.9,531.0,0.0
2023-04-03 03:00:00+07:00,41.1,28.6,559.0,0.0
2023-04-03 04:00:00+07:00,43.1,29.9,595.0,0.0
2023-04-03 05:00:00+07:00,45.5,31.5,634.0,0.0
2023-04-03 06:00:00+07:00,47.8,33.3,677.0,0.0
2023-04-03 07:00:00+07:00,45.1,31.3,633.0,0.0
2023-04-03 08:00:00+07:00,45.2,31.2,541.0,0.0
2023-04-03 09:00:00+07:00,35.5,24.0,410.0,1.0
2023-04-03 10:00:00+07:00,30.0,20.1,277.0,1.0
2023-04-03 11:00:00+07:00,27.6,18.4,255.0,1.0
2023-04-03 12:00:00+07:00,27.8,18.5,270.0,1.0
2023-04-03 13:00:00+07:00,29.3,19.6,294.0,1.0
2023-04-03 14:00:00+07:00,29.9,20.0,293.0,1.0
2023-04-03 15:00:00+07:00,29.4,19.6,290.0,2.0
2023-04-03 16:00:00+07:00,27.9,18.5,300.0,2.0
2023-04-03 17:00:00+07:00,26.1,17.4,329.0,2.0
2023-04-03 18:00:00+07:00,27.8,18.8,371.0,1.0
2023-04-03 19:00:00+07:00,35.4,24.3,421.0,0.0
2023-04-03 20:00:00+07:00,38.2,26.3,423.0,0.0
2023-04-03 21:00:00+07:00,36.3,25.1,426.0,0.0
2023-04-03 22:00:00+07:00,34.2,23.6,436.0,0.0
2023-04-03 23:00:00+07:00,34.3,23.8,450.0,0.0
2023-04-04 00:00:00+07:00,35.5,24.6,469.0,0.0
2023-04-04 01:00:00+07:00,36.8,25.6,500.0,0.0
2023-04-04 02:00:00+07:00,38.5,26.7,530.0,0.0
2023-04-04 03:00:00+07:00,40.2,27.9,565.0,0.0
2023-04-04 04:00:00+07:00,41.9,29.1,612.0,0.0
2023-04-04 05:00:00+07:00,44.1,30.6,662.0,0.0
2023-04-04 06:00:00+07:00,46.8,32.5,717.0,0.0
2023-04-04 07:00:00+07:00,47.5,32.9,694.0,0.0
2023-04-04 08:00:00+07:00,51.2,35.5,604.0,1.0
2023-04-04 09:00:00+07:00,43.8,29.9,476.0,1.0
2023-04-04 10:00:00+07:00,38.0,25.6,342.0,2.0
2023-04-04 11:00:00+07:00,34.5,23.1,310.0,2.0
2023-04-04 12:00:00+07:00,32.2,21.5,310.0,2.0
2023-04-04 13:00:00+07:00,31.2,20.8,318.0,2.0
2023-04-04 14:00:00+07:00,30.5,20.4,312.0,2.0
2023-04-04 15:00:00+07:00,29.8,19.9,308.0,2.0
2023-04-04 16:00:00+07:00,28.9,19.4,322.0,2.0
2023-04-04 17:00:00+07:00,28.6,19.3,361.0,1.0
2023-04-04 18:00:00+07:00,34.6,23.6,416.0,1.0
2023-04-04 19:00:00+07:00,42.7,29.4,450.0,0.0
2023-04-04 20:00:00+07:00,49.0,33.9,467.0,0.0
2023-04-04 21:00:00+07:00,48.7,33.6,492.0,0.0
2023-04-04 22:00:00+07:00,45.5,31.5,520.0,0.0
2023-04-04 23:00:00+07:00,43.4,30.0,529.0,0.0
2023-04-05 00:00:00+07:00,42.3,29.3,532.0,0.0
2023-04-05 01:00:00+07:00,41.4,28.6,540.0,0.0
2023-04-05 02:00:00+07:00,41.3,28.6,551.0,0.0
2023-04-05 03:00:00+07:00,42.0,29.0,565.0,0.0
2023-04-05 04:00:00+07:00,43.5,30.0,588.0,0.0
2023-04-05 05:00:00+07:00,45.5,31.4,622.0,0.0
2023-04-05 06:00:00+07:00,48.2,33.3,663.0,0.0
2023-04-05 07:00:00+07:00,62.9,43.7,702.0,0.0
2023-04-05 08:00:00+07:00,67.5,46.7,632.0,0.0
2023-04-05 09:00:00+07:00,69.8,48.1,532.0,1.0
2023-04-05 10:00:00+07:00,56.6,38.8,426.0,1.0
2023-04-05 11:00:00+07:00,47.4,32.4,399.0,1.0
2023-04-05 12:00:00+07:00,48.0,32.7,395.0,1.0
2023-04-05 13:00:00+07:00,47.7,32.6,401.0,1.0
2023-04-05 14:00:00+07:00,46.8,31.9,402.0,1.0
2023-04-05 15:00:00+07:00,46.1,31.4,407.0,1.0
2023-04-05 16:00:00+07:00,44.8,30.6,424.0,1.0
2023-04-05 17:00:00+07:00,44.4,30.4,448.0,1.0
2023-04-05 18:00:00+07:00,45.3,31.2,480.0,0.0
2023-04-05 19:00:00+07:00,66.6,46.1,625.0,0.0
2023-04-05 20:00:00+07:00,65.4,45.4,618.0,0.0
2023-04-05 21:00:00+07:00,63.8,44.2,609.0,0.0
2023-04-05 22:00:00+07:00,62.2,43.1,608.0,0.0
2023-04-05 23:00:00+07:00,59.4,41.2,624.0,0.0
2023-04-06 00:00:00+07:00,56.0,38.9,648.0,0.0
2023-04-06 01:00:00+07:00,53.8,37.5,685.0,0.0
2023-04-06 02:00:00+07:00,54.2,37.7,713.0,0.0
2023-04-06 03:00:00+07:00,56.5,39.2,744.0,0.0
2023-04-06 04:00:00+07:00,59.8,41.7,781.0,0.0
2023-04-06 05:00:00+07:00,62.6,43.5,814.0,0.0
2023-04-06 06:00:00+07:00,64.5,44.9,848.0,0.0
2023-04-06 07:00:00+07:00,71.0,49.4,900.0,0.0
2023-04-06 08:00:00+07:00,77.5,53.8,824.0,0.0
2023-04-06 09:00:00+07:00,76.8,53.1,716.0,1.0
2023-04-06 10:00:00+07:00,67.1,46.3,592.0,1.0
2023-04-06 11:00:00+07:00,61.9,42.7,540.0,1.0
2023-04-06 12:00:00+07:00,52.3,36.1,506.0,1.0
2023-04-06 13:00:00+07:00,51.7,35.7,482.0,1.0
2023-04-06 14:00:00+07:00,54.2,37.5,477.0,1.0
2023-04-06 15:00:00+07:00,56.0,38.6,484.0,1.0
2023-04-06 16:00:00+07:00,56.8,39.2,516.0,1.0
2023-04-06 17:00:00+07:00,61.7,42.7,567.0,1.0
2023-04-06 18:00:00+07:00,63.6,44.2,636.0,0.0
2023-04-06 19:00:00+07:00,95.0,66.4,829.0,0.0
2023-04-06 20:00:00+07:00,92.0,64.0,810.0,0.0
2023-04-06 21:00:00+07:00,85.0,59.3,782.0,0.0
2023-04-06 22:00:00+07:00,78.2,54.5,758.0,0.0
2023-04-06 23:00:00+07:00,71.7,49.9,759.0,0.0
2023-04-07 00:00:00+07:00,66.8,46.6,771.0,0.0
2023-04-07 01:00:00+07:00,65.0,45.3,792.0,0.0
2023-04-07 02:00:00+07:00,65.4,45.5,811.0,0.0
2023-04-07 03:00:00+07:00,67.1,46.7,834.0,0.0
2023-04-07 04:00:00+07:00,68.7,47.8,862.0,0.0
2023-04-07 05:00:00+07:00,69.4,48.2,883.0,0.0
2023-04-07 06:00:00+07:00,69.4,48.2,904.0,0.0
2023-04-07 07:00:00+07:00,67.3,46.7,859.0,0.0
2023-04-07 08:00:00+07:00,75.7,52.4,820.0,0.0
2023-04-07 09:00:00+07:00,77.5,53.6,763.0,1.0
2023-04-07 10:00:00+07:00,73.1,50.4,692.0,1.0
2023-04-07 11:00:00+07:00,68.5,47.3,651.0,1.0
2023-04-07 12:00:00+07:00,69.8,48.2,614.0,1.0
2023-04-07 13:00:00+07:00,74.3,51.3,578.0,1.0
2023-04-07 14:00:00+07:00,76.6,52.9,558.0,1.0
2023-04-07 15:00:00+07:00,75.4,52.2,546.0,1.0
2023-04-07 16:00:00+07:00,72.6,50.2,560.0,1.0
2023-04-07 17:00:00+07:00,74.0,51.2,615.0,1.0
2023-04-07 18:00:00+07:00,78.7,54.6,694.0,0.0
2023-04-07 19:00:00+07:00,113.9,79.4,958.0,0.0
2023-04-07 20:00:00+07:00,106.2,74.0,905.0,0.0
2023-04-07 21:00:00+07:00,93.4,65.0,830.0,0.0
2023-04-07 22:00:00+07:00,82.2,57.3,756.0,0.0
2023-04-07 23:00:00+07:00,73.6,51.3,746.0,0.0
2023-04-08 00:00:00+07:00,67.8,47.1,758.0,0.0
2023-04-08 01:00:00+07:00,64.7,45.1,783.0,0.0
2023-04-08 02:00:00+07:00,63.3,44.1,801.0,0.0
2023-04-08 03:00:00+07:00,63.1,43.8,824.0,0.0
2023-04-08 04:00:00+07:00,64.7,44.9,854.0,0.0
2023-04-08 05:00:00+07:00,65.7,45.6,885.0,0.0
2023-04-08 06:00:00+07:00,67.3,46.7,919.0,0.0
2023-04-08 07:00:00+07:00,66.1,45.9,892.0,0.0
2023-04-08 08:00:00+07:00,68.9,47.6,817.0,0.0
2023-04-08 09:00:00+07:00,65.7,45.1,711.0,1.0
2023-04-08 10:00:00+07:00,59.0,40.4,596.0,1.0
2023-04-08 11:00:00+07:00,59.3,40.5,560.0,1.0
2023-04-08 12:00:00+07:00,65.2,44.7,548.0,1.0
2023-04-08 13:00:00+07:00,67.5,46.4,542.0,1.0
2023-04-08 14:00:00+07:00,70.5,48.5,534.0,1.0
2023-04-08 15:00:00+07:00,71.2,49.0,531.0,1.0
2023-04-08 16:00:00+07:00,70.5,48.5,549.0,1.0
2023-04-08 17:00:00+07:00,70.8,48.8,595.0,1.0
2023-04-08 18:00:00+07:00,75.4,52.3,659.0,0.0
2023-04-08 19:00:00+07:00,76.1,52.9,727.0,0.0
2023-04-08 20:00:00+07:00,71.0,49.2,707.0,0.0
2023-04-08 21:00:00+07:00,65.0,45.1,680.0,0.0
2023-04-08 22:00:00+07:00,58.7,40.7,659.0,0.0
2023-04-08 23:00:00+07:00,54.0,37.5,669.0,0.0
2023-04-09 00:00:00+07:00,51.6,35.7,692.0,0.0
2023-04-09 01:00:00+07:00,51.9,36.0,724.0,0.0
2023-04-09 02:00:00+07:00,52.5,36.3,745.0,0.0
2023-04-09 03:00:00+07:00,52.4,36.3,766.0,0.0
2023-04-09 04:00:00+07:00,52.9,36.6,787.0,0.0
2023-04-09 05:00:00+07:00,52.4,36.2,803.0,0.0
2023-04-09 06:00:00+07:00,50.5,34.9,817.0,0.0
2023-04-09 07:00:00+07:00,57.5,39.8,836.0,0.0
2023-04-09 08:00:00+07:00,57.4,39.5,748.0,0.0
2023-04-09 09:00:00+07:00,50.4,34.3,622.0,0.0
2023-04-09 10:00:00+07:00,44.8,30.3,492.0,0.0
2023-04-09 11:00:00+07:00,42.8,28.8,461.0,0.0
2023-04-09 12:00:00+07:00,43.8,29.6,462.0,1.0
2023-04-09 13:00:00+07:00,48.7,33.2,476.0,1.0
2023-04-09 14:00:00+07:00,52.3,35.7,481.0,1.0
2023-04-09 15:00:00+07:00,54.7,37.5,492.0,1.0
2023-04-09 16:00:00+07:00,56.2,38.5,518.0,1.0
2023-04-09 17:00:00+07:00,58.2,40.0,556.0,1.0
2023-04-09 18:00:00+07:00,59.3,40.9,605.0,0.0
2023-04-09 19:00:00+07:00,68.0,47.1,789.0,0.0
2023-04-09 20:00:00+07:00,62.4,43.3,752.0,0.0
2023-04-09 21:00:00+07:00,55.4,38.4,699.0,0.0
2023-04-09 22:00:00+07:00,50.1,34.7,644.0,0.0
2023-04-09 23:00:00+07:00,46.3,32.1,632.0,0.0
2023-04-10 00:00:00+07:00,44.5,30.9,634.0,0.0
2023-04-10 01:00:00+07:00,43.7,30.3,643.0,0.0
2023-04-10 02:00:00+07:00,42.8,29.7,651.0,0.0
2023-04-10 03:00:00+07:00,41.9,29.0,662.0,0.0
2023-04-10 04:00:00+07:00,41.3,28.6,680.0,0.0
2023-04-10 05:00:00+07:00,41.3,28.5,709.0,0.0
2023-04-10 06:00:00+07:00,42.3,29.2,745.0,0.0
2023-04-10 07:00:00+07:00,40.9,28.2,718.0,0.0
2023-04-10 08:00:00+07:00,43.4,29.8,635.0,0.0
2023-04-10 09:00:00+07:00,41.1,27.9,517.0,1.0
2023-04-10 10:00:00+07:00,33.8,22.8,399.0,1.0
2023-04-10 11:00:00+07:00,32.7,22.2,381.0,1.0
2023-04-10 12:00:00+07:00,35.0,23.9,397.0,1.0
2023-04-10 13:00:00+07:00,38.1,26.1,422.0,1.0
2023-04-10 14:00:00+07:00,39.6,27.1,424.0,1.0
2023-04-10 15:00:00+07:00,39.7,27.3,425.0,1.0
2023-04-10 16:00:00+07:00,39.2,27.0,438.0,1.0
2023-04-10 17:00:00+07:00,38.6,26.5,468.0,1.0
2023-04-10 18:00:00+07:00,41.9,28.9,510.0,0.0
2023-04-10 19:00:00+07:00,55.2,38.3,620.0,0.0
2023-04-10 20:00:00+07:00,54.0,37.5,605.0,0.0
2023-04-10 21:00:00+07:00,48.9,34.0,584.0,0.0
2023-04-10 22:00:00+07:00,44.7,31.1,560.0,0.0
2023-04-10 23:00:00+07:00,40.7,28.3,549.0,0.0
2023-04-11 00:00:00+07:00,38.2,26.5,542.0,0.0
2023-04-11 01:00:00+07:00,38.3,26.5,542.0,0.0
2023-04-11 02:00:00+07:00,39.1,27.1,554.0,0.0
2023-04-11 03:00:00+07:00,39.5,27.4,575.0,0.0
2023-04-11 04:00:00+07:00,39.6,27.4,599.0,0.0
2023-04-11 05:00:00+07:00,40.2,27.7,617.0,0.0
2023-04-11 06:00:00+07:00,41.2,28.4,634.0,0.0
2023-04-11 07:00:00+07:00,46.9,32.4,642.0,0.0
2023-04-11 08:00:00+07:00,50.3,34.6,583.0,0.0
2023-04-11 09:00:00+07:00,45.4,30.9,501.0,1.0
2023-04-11 10:00:00+07:00,39.0,26.4,423.0,1.0
2023-04-11 11:00:00+07:00,40.6,27.7,423.0,1.0
2023-04-11 12:00:00+07:00,48.7,33.4,453.0,1.0
2023-04-11 13:00:00+07:00,52.4,36.2,489.0,1.0
2023-04-11 14:00:00+07:00,52.9,36.4,491.0,1.0
2023-04-11 15:00:00+07:00,52.3,36.1,486.0,1.0
2023-04-11 16:00:00+07:00,52.0,36.0,504.0,1.0
2023-04-11 17:00:00+07:00,53.7,37.1,564.0,1.0
2023-04-11 18:00:00+07:00,66.8,46.4,647.0,0.0
2023-04-11 19:00:00+07:00,79.2,55.3,779.0,0.0
2023-04-11 20:00:00+07:00,77.1,53.8,771.0,0.0
2023-04-11 21:00:00+07:00,68.5,47.8,759.0,0.0
2023-04-11 22:00:00+07:00,59.4,41.4,743.0,0.0
2023-04-11 23:00:00+07:00,51.9,36.2,729.0,0.0
2023-04-12 00:00:00+07:00,48.0,33.4,715.0,0.0
2023-04-12 01:00:00+07:00,46.4,32.2,710.0,0.0
2023-04-12 02:00:00+07:00,46.4,32.4,725.0,0.0
2023-04-12 03:00:00+07:00,47.1,32.8,752.0,0.0
2023-04-12 04:00:00+07:00,48.0,33.3,786.0,0.0
2023-04-12 05:00:00+07:00,48.9,34.0,811.0,0.0
2023-04-12 06:00:00+07:00,50.4,35.0,835.0,0.0
2023-04-12 07:00:00+07:00,53.8,37.4,800.0,0.0
2023-04-12 08:00:00+07:00,58.6,40.6,783.0,0.0
2023-04-12 09:00:00+07:00,65.0,44.9,758.0,0.0
2023-04-12 10:00:00+07:00,68.5,47.5,722.0,0.0
2023-04-12 11:00:00+07:00,83.4,58.0,695.0,0.0
2023-04-12 12:00:00+07:00,92.2,64.3,666.0,1.0
2023-04-12 13:00:00+07:00,92.2,64.0,628.0,1.0
2023-04-12 14:00:00+07:00,84.8,58.9,595.0,1.0
2023-04-12 15:00:00+07:00,78.0,54.2,561.0,1.0
2023-04-12 16:00:00+07:00,73.6,51.2,546.0,1.0
2023-04-12 17:00:00+07:00,69.8,48.5,581.0,1.0
2023-04-12 18:00:00+07:00,75.2,52.3,642.0,0.0
2023-04-12 19:00:00+07:00,89.2,62.2,773.0,0.0
2023-04-12 20:00:00+07:00,83.4,58.2,754.0,0.0
2023-04-12 21:00:00+07:00,74.0,51.7,728.0,0.0
2023-04-12 22:00:00+07:00,65.4,45.6,705.0,0.0
2023-04-12 23:00:00+07:00,58.2,40.6,708.0,0.0
2023-04-13 00:00:00+07:00,54.6,38.1,721.0,0.0
2023-04-13 01:00:00+07:00,53.7,37.4,742.0,0.0
2023-04-13 02:00:00+07:00,54.5,38.0,758.0,0.0
2023-04-13 03:00:00+07:00,55.1,38.3,776.0,0.0
2023-04-13 04:00:00+07:00,55.3,38.4,798.0,0.0
2023-04-13 05:00:00+07:00,56.0,38.9,820.0,0.0
2023-04-13 06:00:00+07:00,55.8,38.6,844.0,0.0
2023-04-13 07:00:00+07:00,53.7,37.1,799.0,0.0
2023-04-13 08:00:00+07:00,60.5,41.8,748.0,0.0
2023-04-13 09:00:00+07:00,70.5,48.5,675.0,1.0
2023-04-13 10:00:00+07:00,74.3,51.1,587.0,1.0
2023-04-13 11:00:00+07:00,71.7,49.5,543.0,1.0
2023-04-13 12:00:00+07:00,67.1,46.3,507.0,1.0
2023-04-13 13:00:00+07:00,63.3,43.8,475.0,1.0
2023-04-13 14:00:00+07:00,60.5,41.8,460.0,1.0
2023-04-13 15:00:00+07:00,58.3,40.4,454.0,0.0
2023-04-13 16:00:00+07:00,56.7,39.2,469.0,0.0
2023-04-13 17:00:00+07:00,55.5,38.4,511.0,0.0
2023-04-13 18:00:00+07:00,58.9,41.0,570.0,0.0
2023-04-13 19:00:00+07:00,51.2,35.6,565.0,0.0
2023-04-13 20:00:00+07:00,50.6,35.2,563.0,0.0
2023-04-13 21:00:00+07:00,45.6,31.7,559.0,0.0
2023-04-13 22:00:00+07:00,39.8,27.6,558.0,0.0
2023-04-13 23:00:00+07:00,35.3,24.4,560.0,0.0
2023-04-14 00:00:00+07:00,33.6,23.3,564.0,0.0
2023-04-14 01:00:00+07:00,34.0,23.5,578.0,0.0
2023-04-14 02:00:00+07:00,35.2,24.3,599.0,0.0
2023-04-14 03:00:00+07:00,36.6,25.3,626.0,0.0
2023-04-14 04:00:00+07:00,38.1,26.3,658.0,0.0
2023-04-14 05:00:00+07:00,38.2,26.3,681.0,0.0
2023-04-14 06:00:00+07:00,39.8,27.4,702.0,0.0
2023-04-14 07:00:00+07:00,41.3,28.5,671.0,0.0
2023-04-14 08:00:00+07:00,46.1,31.7,631.0,0.0
2023-04-14 09:00:00+07:00,52.2,35.9,575.0,0.0
2023-04-14 10:00:00+07:00,52.4,36.0,514.0,0.0
2023-04-14 11:00:00+07:00,48.9,33.6,497.0,0.0
2023-04-14 12:00:00+07:00,50.1,34.6,494.0,1.0
2023-04-14 13:00:00+07:00,47.8,32.9,492.0,1.0
2023-04-14 14:00:00+07:00,46.6,32.1,483.0,1.0
2023-04-14 15:00:00+07:00,44.4,30.6,475.0,1.0
2023-04-14 16:00:00+07:00,42.3,29.1,478.0,1.0
2023-04-14 17:00:00+07:00,40.5,28.0,505.0,1.0
2023-04-14 18:00:00+07:00,42.3,29.2,545.0,0.0
2023-04-14 19:00:00+07:00,45.2,31.4,969.0,0.0
2023-04-14 20:00:00+07:00,44.5,31.0,1076.0,0.0
2023-04-14 21:00:00+07:00,41.8,29.0,1228.0,0.0
2023-04-14 22:00:00+07:00,40.5,28.2,1417.0,0.0
2023-04-14 23:00:00+07:00,39.2,27.3,1518.0,0.0
2023-04-15 00:00:00+07:00,38.2,26.5,1604.0,0.0
2023-04-15 01:00:00+07:00,38.1,26.5,1700.0,0.0
2023-04-15 02:00:00+07:00,38.6,26.9,1760.0,0.0
2023-04-15 03:00:00+07:00,39.8,27.6,1808.0,0.0
2023-04-15 04:00:00+07:00,40.5,28.2,1857.0,0.0
2023-04-15 05:00:00+07:00,40.6,28.2,1909.0,0.0
2023-04-15 06:00:00+07:00,40.9,28.3,1958.0,0.0
2023-04-15 07:00:00+07:00,44.4,30.7,1009.0,0.0
2023-04-15 08:00:00+07:00,47.3,32.6,922.0,0.0
2023-04-15 09:00:00+07:00,49.5,34.1,798.0,0.0
2023-04-15 10:00:00+07:00,51.0,35.0,663.0,0.0
2023-04-15 11:00:00+07:00,60.5,41.9,620.0,0.0
2023-04-15 12:00:00+07:00,68.2,47.3,603.0,1.0
2023-04-15 13:00:00+07:00,67.5,46.9,590.0,1.0
2023-04-15 14:00:00+07:00,65.2,45.3,573.0,1.0
2023-04-15 15:00:00+07:00,63.1,43.8,560.0,1.0
2023-04-15 16:00:00+07:00,61.0,42.4,564.0,1.0
2023-04-15 17:00:00+07:00,60.3,41.8,601.0,1.0
2023-04-15 18:00:00+07:00,64.0,44.6,657.0,0.0
2023-04-15 19:00:00+07:00,90.3,63.1,826.0,0.0
2023-04-15 20:00:00+07:00,87.5,61.2,800.0,0.0
2023-04-15 21:00:00+07:00,77.8,54.4,763.0,0.0
2023-04-15 22:00:00+07:00,69.2,48.2,726.0,0.0
2023-04-15 23:00:00+07:00,61.2,42.6,719.0,0.0
2023-04-16 00:00:00+07:00,56.2,39.1,723.0,0.0
2023-04-16 01:00:00+07:00,56.2,39.1,734.0,0.0
2023-04-16 02:00:00+07:00,58.0,40.3,746.0,0.0
2023-04-16 03:00:00+07:00,57.9,40.2,761.0,0.0
2023-04-16 04:00:00+07:00,56.8,39.5,773.0,0.0
2023-04-16 05:00:00+07:00,54.9,38.1,776.0,0.0
2023-04-16 06:00:00+07:00,53.3,36.9,775.0,0.0
2023-04-16 07:00:00+07:00,50.9,35.0,706.0,0.0
2023-04-16 08:00:00+07:00,53.8,37.0,649.0,0.0
2023-04-16 09:00:00+07:00,57.0,39.0,568.0,1.0
2023-04-16 10:00:00+07:00,58.2,39.9,491.0,1.0
2023-04-16 11:00:00+07:00,62.4,42.8,489.0,1.0
2023-04-16 12:00:00+07:00,65.0,44.7,514.0,1.0
2023-04-16 13:00:00+07:00,65.7,45.3,543.0,1.0
2023-04-16 14:00:00+07:00,65.4,45.2,540.0,1.0
2023-04-16 15:00:00+07:00,64.0,44.2,530.0,1.0
2023-04-16 16:00:00+07:00,62.9,43.4,533.0,1.0
2023-04-16 17:00:00+07:00,63.6,43.9,561.0,1.0
2023-04-16 18:00:00+07:00,63.8,44.2,603.0,0.0
2023-04-16 19:00:00+07:00,60.8,42.3,664.0,0.0
2023-04-16 20:00:00+07:00,56.9,39.5,643.0,0.0
2023-04-16 21:00:00+07:00,51.6,35.7,612.0,0.0
2023-04-16 22:00:00+07:00,47.5,32.9,584.0,0.0
2023-04-16 23:00:00+07:00,44.7,31.0,583.0,0.0
2023-04-17 00:00:00+07:00,43.3,30.0,593.0,0.0
2023-04-17 01:00:00+07:00,42.5,29.4,608.0,0.0
2023-04-17 02:00:00+07:00,41.7,28.8,616.0,0.0
2023-04-17 03:00:00+07:00,40.7,28.2,624.0,0.0
2023-04-17 04:00:00+07:00,41.1,28.4,635.0,0.0
2023-04-17 05:00:00+07:00,41.6,28.6,652.0,0.0
2023-04-17 06:00:00+07:00,42.4,29.2,672.0,0.0
2023-04-17 07:00:00+07:00,51.6,35.6,671.0,0.0
2023-04-17 08:00:00+07:00,53.9,37.1,610.0,0.0
2023-04-17 09:00:00+07:00,53.6,36.7,523.0,0.0
2023-04-17 10:00:00+07:00,50.3,34.2,434.0,0.0
2023-04-17 11:00:00+07:00,50.1,34.2,417.0,0.0
2023-04-17 12:00:00+07:00,50.5,34.7,423.0,0.0
2023-04-17 13:00:00+07:00,50.5,34.7,436.0,0.0
2023-04-17 14:00:00+07:00,50.6,34.9,434.0,0.0
2023-04-17 15:00:00+07:00,50.4,34.7,432.0,0.0
2023-04-17 16:00:00+07:00,49.8,34.3,444.0,0.0
2023-04-17 17:00:00+07:00,48.5,33.5,480.0,0.0
2023-04-17 18:00:00+07:00,49.6,34.2,529.0,0.0
2023-04-17 19:00:00+07:00,62.2,43.1,635.0,0.0
2023-04-17 20:00:00+07:00,58.3,40.5,603.0,0.0
2023-04-17 21:00:00+07:00,51.3,35.7,557.0,0.0
2023-04-17 22:00:00+07:00,43.9,30.4,508.0,0.0
2023-04-17 23:00:00+07:00,38.3,26.5,492.0,0.0
2023-04-18 00:00:00+07:00,37.4,25.8,486.0,0.0
2023-04-18 01:00:00+07:00,38.0,26.3,491.0,0.0
2023-04-18 02:00:00+07:00,38.0,26.2,506.0,0.0
2023-04-18 03:00:00+07:00,38.0,26.2,529.0,0.0
2023-04-18 04:00:00+07:00,37.6,26.0,560.0,0.0
2023-04-18 05:00:00+07:00,37.7,26.0,585.0,0.0
2023-04-18 06:00:00+07:00,38.3,26.4,611.0,0.0
2023-04-18 07:00:00+07:00,36.4,25.1,1259.0,0.0
2023-04-18 08:00:00+07:00,40.9,28.1,1103.0,0.0
2023-04-18 09:00:00+07:00,43.7,29.7,880.0,0.0
2023-04-18 10:00:00+07:00,50.3,34.3,633.0,0.0
2023-04-18 11:00:00+07:00,57.0,39.2,548.0,0.0
2023-04-18 12:00:00+07:00,56.1,38.6,508.0,1.0
2023-04-18 13:00:00+07:00,53.6,37.0,473.0,1.0
2023-04-18 14:00:00+07:00,50.5,34.9,432.0,1.0
2023-04-18 15:00:00+07:00,46.9,32.5,396.0,0.0
2023-04-18 16:00:00+07:00,44.0,30.4,407.0,0.0
2023-04-18 17:00:00+07:00,42.6,29.5,491.0,0.0
2023-04-18 18:00:00+07:00,46.1,32.0,619.0,0.0
2023-04-18 19:00:00+07:00,61.5,42.7,655.0,0.0
2023-04-18 20:00:00+07:00,58.8,40.9,637.0,0.0
2023-04-18 21:00:00+07:00,53.8,37.5,612.0,0.0
2023-04-18 22:00:00+07:00,48.8,34.0,583.0,0.0
2023-04-18 23:00:00+07:00,44.8,31.1,570.0,0.0
2023-04-19 00:00:00+07:00,41.4,28.7,562.0,0.0
2023-04-19 01:00:00+07:00,39.6,27.4,563.0,0.0
2023-04-19 02:00:00+07:00,39.1,27.1,580.0,0.0
2023-04-19 03:00:00+07:00,39.2,27.2,606.0,0.0
2023-04-19 04:00:00+07:00,39.9,27.6,639.0,0.0
2023-04-19 05:00:00+07:00,40.7,28.2,663.0,0.0
2023-04-19 06:00:00+07:00,42.1,29.2,686.0,0.0
2023-04-19 07:00:00+07:00,42.8,29.7,670.0,0.0
2023-04-19 08:00:00+07:00,48.1,33.2,614.0,0.0
2023-04-19 09:00:00+07:00,54.0,37.0,535.0,0.0
2023-04-19 10:00:00+07:00,56.5,38.8,451.0,0.0
2023-04-19 11:00:00+07:00,54.5,37.5,430.0,0.0
2023-04-19 12:00:00+07:00,54.9,37.8,429.0,0.0
2023-04-19 13:00:00+07:00,48.5,33.5,432.0,0.0
2023-04-19 14:00:00+07:00,48.3,33.4,431.0,0.0
2023-04-19 15:00:00+07:00,47.1,32.6,432.0,0.0
2023-04-19 16:00:00+07:00,45.9,31.7,431.0,0.0
2023-04-19 17:00:00+07:00,45.4,31.4,423.0,0.0
2023-04-19 18:00:00+07:00,46.3,32.1,412.0,0.0
2023-04-19 19:00:00+07:00,67.5,46.9,598.0,0.0
2023-04-19 20:00:00+07:00,67.1,46.7,571.0,0.0
2023-04-19 21:00:00+07:00,62.2,43.2,533.0,0.0
2023-04-19 22:00:00+07:00,56.5,39.2,495.0,0.0
2023-04-19 23:00:00+07:00,53.1,36.8,487.0,0.0
2023-04-20 00:00:00+07:00,50.6,35.2,489.0,0.0
2023-04-20 01:00:00+07:00,48.7,33.8,502.0,0.0
2023-04-20 02:00:00+07:00,47.1,32.7,522.0,0.0
2023-04-20 03:00:00+07:00,46.8,32.5,550.0,0.0
2023-04-20 04:00:00+07:00,47.3,32.7,584.0,0.0
2023-04-20 05:00:00+07:00,48.3,33.4,608.0,0.0
2023-04-20 06:00:00+07:00,49.6,34.3,630.0,0.0
2023-04-20 07:00:00+07:00,48.5,33.5,605.0,0.0
2023-04-20 08:00:00+07:00,52.2,35.9,557.0,0.0
2023-04-20 09:00:00+07:00,56.0,38.2,488.0,0.0
2023-04-20 10:00:00+07:00,61.2,41.8,423.0,0.0
2023-04-20 11:00:00+07:00,61.9,42.5,422.0,0.0
2023-04-20 12:00:00+07:00,59.5,40.9,443.0,1.0
2023-04-20 13:00:00+07:00,57.4,39.5,468.0,1.0
2023-04-20 14:00:00+07:00,55.4,38.1,469.0,1.0
2023-04-20 15:00:00+07:00,53.3,36.6,465.0,1.0
2023-04-20 16:00:00+07:00,50.4,34.6,457.0,1.0
2023-04-20 17:00:00+07:00,48.0,32.9,451.0,1.0
2023-04-20 18:00:00+07:00,49.7,34.2,443.0,0.0
2023-04-20 19:00:00+07:00,57.9,40.0,436.0,0.0
2023-04-20 20:00:00+07:00,56.9,39.5,438.0,0.0
2023-04-20 21:00:00+07:00,53.7,37.1,442.0,0.0
2023-04-20 22:00:00+07:00,50.2,34.7,453.0,0.0
2023-04-20 23:00:00+07:00,49.6,34.3,470.0,0.0
2023-04-21 00:00:00+07:00,48.5,33.5,493.0,0.0
2023-04-21 01:00:00+07:00,48.1,33.3,521.0,0.0
2023-04-21 02:00:00+07:00,47.6,32.8,536.0,0.0
2023-04-21 03:00:00+07:00,46.9,32.4,549.0,0.0
2023-04-21 04:00:00+07:00,46.6,32.0,565.0,0.0
2023-04-21 05:00:00+07:00,46.8,32.2,586.0,0.0
2023-04-21 06:00:00+07:00,48.3,33.3,609.0,0.0
2023-04-21 07:00:00+07:00,49.1,33.9,591.0,0.0
2023-04-21 08:00:00+07:00,55.2,37.7,526.0,0.0
2023-04-21 09:00:00+07:00,62.2,42.0,433.0,1.0
2023-04-21 10:00:00+07:00,61.2,41.3,343.0,1.0
2023-04-21 11:00:00+07:00,59.6,40.4,337.0,1.0
2023-04-21 12:00:00+07:00,58.3,39.7,361.0,1.0
2023-04-21 13:00:00+07:00,58.1,39.7,389.0,1.0
2023-04-21 14:00:00+07:00,54.8,37.4,388.0,1.0
2023-04-21 15:00:00+07:00,51.5,35.2,381.0,1.0
2023-04-21 16:00:00+07:00,51.1,34.9,376.0,1.0
2023-04-21 17:00:00+07:00,47.4,32.2,382.0,1.0
2023-04-21 18:00:00+07:00,46.2,31.7,392.0,0.0
2023-04-21 19:00:00+07:00,50.3,34.6,464.0,0.0
2023-04-21 20:00:00+07:00,44.4,30.4,435.0,0.0
2023-04-21 21:00:00+07:00,41.6,28.5,394.0,0.0
2023-04-21 22:00:00+07:00,43.2,29.7,365.0,0.0
2023-04-21 23:00:00+07:00,46.0,31.7,382.0,0.0
2023-04-22 00:00:00+07:00,47.5,32.7,420.0,0.0
2023-04-22 01:00:00+07:00,48.0,33.1,473.0,0.0
2023-04-22 02:00:00+07:00,48.0,33.1,506.0,0.0
2023-04-22 03:00:00+07:00,48.3,33.2,540.0,0.0
2023-04-22 04:00:00+07:00,48.7,33.4,583.0,0.0
2023-04-22 05:00:00+07:00,49.9,34.3,625.0,0.0
2023-04-22 06:00:00+07:00,52.4,36.0,670.0,0.0
2023-04-22 07:00:00+07:00,70.3,48.8,624.0,0.0
2023-04-22 08:00:00+07:00,74.0,50.9,555.0,0.0
2023-04-22 09:00:00+07:00,77.5,52.6,458.0,1.0
2023-04-22 10:00:00+07:00,77.1,52.3,361.0,1.0
2023-04-22 11:00:00+07:00,76.6,52.0,348.0,1.0
2023-04-22 12:00:00+07:00,73.8,50.3,363.0,1.0
2023-04-22 13:00:00+07:00,69.8,47.6,382.0,1.0
2023-04-22 14:00:00+07:00,65.0,44.4,375.0,1.0
2023-04-22 15:00:00+07:00,60.3,41.2,363.0,1.0
2023-04-22 16:00:00+07:00,57.3,39.0,361.0,1.0
2023-04-22 17:00:00+07:00,56.9,38.8,383.0,1.0
2023-04-22 18:00:00+07:00,57.3,39.2,416.0,0.0
2023-04-22 19:00:00+07:00,56.0,38.5,482.0,0.0
2023-04-22 20:00:00+07:00,53.7,36.9,451.0,0.0
2023-04-22 21:00:00+07:00,47.5,32.6,406.0,0.0
2023-04-22 22:00:00+07:00,44.8,30.7,370.0,0.0
2023-04-22 23:00:00+07:00,44.6,30.6,380.0,0.0
2023-04-23 00:00:00+07:00,44.9,31.0,409.0,0.0
2023-04-23 01:00:00+07:00,45.4,31.2,452.0,0.0
2023-04-23 02:00:00+07:00,46.0,31.7,481.0,0.0
2023-04-23 03:00:00+07:00,46.7,32.1,511.0,0.0
2023-04-23 04:00:00+07:00,48.2,33.2,550.0,0.0
2023-04-23 05:00:00+07:00,50.6,34.8,588.0,0.0
2023-04-23 06:00:00+07:00,53.8,36.9,629.0,0.0
2023-04-23 07:00:00+07:00,53.4,37.0,567.0,0.0
2023-04-23 08:00:00+07:00,54.1,37.3,510.0,1.0
2023-04-23 09:00:00+07:00,56.5,38.1,430.0,1.0
2023-04-23 10:00:00+07:00,56.6,38.1,347.0,2.0
2023-04-23 11:00:00+07:00,54.2,36.4,330.0,2.0
2023-04-23 12:00:00+07:00,49.2,33.1,335.0,1.0
2023-04-23 13:00:00+07:00,44.1,29.7,343.0,1.0
2023-04-23 14:00:00+07:00,40.0,27.0,340.0,1.0
2023-04-23 15:00:00+07:00,37.8,25.5,336.0,1.0
2023-04-23 16:00:00+07:00,39.8,26.7,334.0,1.0
2023-04-23 17:00:00+07:00,44.8,30.0,337.0,1.0
2023-04-23 18:00:00+07:00,46.9,31.7,342.0,0.0
2023-04-23 19:00:00+07:00,40.7,27.2,340.0,0.0
2023-04-23 20:00:00+07:00,45.5,30.7,372.0,0.0
2023-04-23 21:00:00+07:00,46.0,31.2,417.0,0.0
2023-04-23 22:00:00+07:00,44.4,30.2,471.0,0.0
2023-04-23 23:00:00+07:00,42.7,29.0,495.0,0.0
2023-04-24 00:00:00+07:00,41.4,28.2,513.0,0.0
2023-04-24 01:00:00+07:00,41.2,28.0,541.0,0.0
2023-04-24 02:00:00+07:00,41.4,28.6,570.0,0.0
2023-04-24 03:00:00+07:00,43.2,29.8,602.0,0.0
2023-04-24 04:00:00+07:00,45.2,31.2,645.0,0.0
2023-04-24 05:00:00+07:00,47.4,32.8,689.0,0.0
2023-04-24 06:00:00+07:00,49.9,34.6,737.0,0.0
2023-04-24 07:00:00+07:00,61.7,42.7,742.0,0.0
2023-04-24 08:00:00+07:00,51.9,35.3,647.0,0.0
2023-04-24 09:00:00+07:00,47.4,31.7,511.0,0.0
2023-04-24 10:00:00+07:00,45.1,29.9,373.0,0.0
2023-04-24 11:00:00+07:00,44.4,29.5,348.0,0.0
2023-04-24 12:00:00+07:00,44.0,29.3,360.0,0.0
2023-04-24 13:00:00+07:00,41.9,28.0,380.0,0.0
2023-04-24 14:00:00+07:00,40.3,27.0,378.0,0.0
2023-04-24 15:00:00+07:00,42.7,28.5,374.0,1.0
2023-04-24 16:00:00+07:00,45.2,30.0,378.0,1.0
2023-04-24 17:00:00+07:00,43.5,29.0,395.0,1.0
2023-04-24 18:00:00+07:00,44.5,29.7,419.0,0.0
2023-04-24 19:00:00+07:00,50.1,33.8,991.0,0.0
2023-04-24 20:00:00+07:00,51.8,35.2,1086.0,0.0
2023-04-24 21:00:00+07:00,49.8,33.9,1221.0,0.0
2023-04-24 22:00:00+07:00,49.4,33.5,1398.0,0.0
2023-04-24 23:00:00+07:00,49.8,34.0,1506.0,0.0
2023-04-25 00:00:00+07:00,50.4,34.5,1607.0,0.0
2023-04-25 01:00:00+07:00,51.2,35.0,1726.0,0.0
2023-04-25 02:00:00+07:00,51.5,35.3,1783.0,0.0
2023-04-25 03:00:00+07:00,51.5,35.4,1824.0,0.0
2023-04-25 04:00:00+07:00,52.3,36.0,1931.0,0.0
2023-04-25 05:00:00+07:00,53.7,36.9,2172.0,0.0
2023-04-25 06:00:00+07:00,56.1,38.6,2479.0,0.0
2023-04-25 07:00:00+07:00,53.6,36.8,2247.0,0.0
2023-04-25 08:00:00+07:00,50.9,34.7,1804.0,0.0
2023-04-25 09:00:00+07:00,39.0,26.1,1175.0,1.0
2023-04-25 10:00:00+07:00,36.6,24.3,508.0,1.0
2023-04-25 11:00:00+07:00,34.1,22.7,334.0,1.0
2023-04-25 12:00:00+07:00,31.9,21.2,312.0,1.0
2023-04-25 13:00:00+07:00,30.9,20.5,327.0,1.0
2023-04-25 14:00:00+07:00,32.0,21.3,304.0,1.0
2023-04-25 15:00:00+07:00,33.6,22.4,296.0,1.0
2023-04-25 16:00:00+07:00,37.0,24.8,326.0,1.0
2023-04-25 17:00:00+07:00,37.7,25.3,379.0,1.0
2023-04-25 18:00:00+07:00,39.7,26.7,458.0,0.0
2023-04-25 19:00:00+07:00,41.0,27.7,840.0,0.0
2023-04-25 20:00:00+07:00,46.4,31.4,1072.0,0.0
2023-04-25 21:00:00+07:00,48.9,33.2,1402.0,0.0
2023-04-25 22:00:00+07:00,50.4,34.3,1782.0,0.0
2023-04-25 23:00:00+07:00,52.3,35.6,1941.0,0.0
2023-04-26 00:00:00+07:00,51.7,35.3,2044.0,0.0
2023-04-26 01:00:00+07:00,50.2,34.3,2141.0,0.0
2023-04-26 02:00:00+07:00,50.2,34.5,2213.0,0.0
2023-04-26 03:00:00+07:00,50.4,34.6,2265.0,0.0
2023-04-26 04:00:00+07:00,49.7,34.1,2244.0,0.0
2023-04-26 05:00:00+07:00,47.6,32.7,2138.0,0.0
2023-04-26 06:00:00+07:00,43.3,29.7,1968.0,0.0
2023-04-26 07:00:00+07:00,54.7,38.0,2203.0,0.0
2023-04-26 08:00:00+07:00,48.9,33.6,1781.0,0.0
2023-04-26 09:00:00+07:00,40.4,27.3,1181.0,1.0
2023-04-26 10:00:00+07:00,37.4,25.1,549.0,1.0
2023-04-26 11:00:00+07:00,38.5,25.9,392.0,1.0
2023-04-26 12:00:00+07:00,38.4,25.8,384.0,1.0
2023-04-26 13:00:00+07:00,38.3,25.7,411.0,1.0
2023-04-26 14:00:00+07:00,40.3,27.2,396.0,1.0
2023-04-26 15:00:00+07:00,40.3,27.3,393.0,0.0
2023-04-26 16:00:00+07:00,38.1,26.0,401.0,0.0
2023-04-26 17:00:00+07:00,37.0,25.4,409.0,0.0
2023-04-26 18:00:00+07:00,36.8,25.3,423.0,0.0
2023-04-26 19:00:00+07:00,44.8,31.0,522.0,0.0
2023-04-26 20:00:00+07:00,44.4,30.7,601.0,0.0
2023-04-26 21:00:00+07:00,43.1,29.9,714.0,0.0
2023-04-26 22:00:00+07:00,45.3,31.4,841.0,0.0
2023-04-26 23:00:00+07:00,47.0,32.7,891.0,0.0
2023-04-27 00:00:00+07:00,47.4,32.9,921.0,0.0
2023-04-27 01:00:00+07:00,47.6,33.1,938.0,0.0
2023-04-27 02:00:00+07:00,47.4,32.9,935.0,0.0
2023-04-27 03:00:00+07:00,46.9,32.8,916.0,0.0
2023-04-27 04:00:00+07:00,47.0,32.8,878.0,0.0
2023-04-27 05:00:00+07:00,47.4,33.1,841.0,0.0
2023-04-27 06:00:00+07:00,47.6,33.3,794.0,0.0
2023-04-27 07:00:00+07:00,48.9,34.2,1108.0,0.0
2023-04-27 08:00:00+07:00,50.1,34.8,964.0,0.0
2023-04-27 09:00:00+07:00,54.0,37.3,760.0,0.0
2023-04-27 10:00:00+07:00,53.9,37.1,541.0,0.0
2023-04-27 11:00:00+07:00,54.1,37.4,480.0,0.0
2023-04-27 12:00:00+07:00,54.0,37.3,468.0,0.0
2023-04-27 13:00:00+07:00,52.6,36.3,465.0,0.0
2023-04-27 14:00:00+07:00,51.6,35.6,449.0,0.0
2023-04-27 15:00:00+07:00,49.7,34.2,436.0,0.0
2023-04-27 16:00:00+07:00,49.0,33.8,449.0,0.0
2023-04-27 17:00:00+07:00,48.8,33.8,472.0,0.0
2023-04-27 18:00:00+07:00,45.9,31.8,510.0,0.0
2023-04-27 19:00:00+07:00,42.8,29.5,663.0,0.0
2023-04-27 20:00:00+07:00,40.9,28.3,722.0,0.0
2023-04-27 21:00:00+07:00,39.3,27.4,808.0,0.0
2023-04-27 22:00:00+07:00,39.5,27.5,947.0,0.0
2023-04-27 23:00:00+07:00,40.5,28.2,1082.0,0.0
2023-04-28 00:00:00+07:00,41.9,29.2,1238.0,0.0
2023-04-28 01:00:00+07:00,43.4,30.3,1398.0,0.0
2023-04-28 02:00:00+07:00,43.8,30.5,1424.0,0.0
2023-04-28 03:00:00+07:00,43.0,29.9,1406.0,0.0
2023-04-28 04:00:00+07:00,42.6,29.6,1458.0,0.0
2023-04-28 05:00:00+07:00,43.1,30.0,1697.0,0.0
2023-04-28 06:00:00+07:00,44.6,31.1,2021.0,0.0
2023-04-28 07:00:00+07:00,44.5,31.0,1577.0,0.0
2023-04-28 08:00:00+07:00,43.4,29.8,1312.0,0.0
2023-04-28 09:00:00+07:00,42.3,28.3,935.0,0.0
2023-04-28 10:00:00+07:00,38.6,25.7,524.0,0.0
2023-04-28 11:00:00+07:00,35.6,23.8,396.0,0.0
2023-04-28 12:00:00+07:00,32.2,21.5,350.0,0.0
2023-04-28 13:00:00+07:00,29.4,19.7,320.0,0.0
2023-04-28 14:00:00+07:00,27.6,18.6,285.0,0.0
2023-04-28 15:00:00+07:00,25.8,17.3,263.0,0.0
2023-04-28 16:00:00+07:00,24.5,16.4,268.0,0.0
2023-04-28 17:00:00+07:00,23.7,15.8,314.0,0.0
2023-04-28 18:00:00+07:00,24.9,16.8,386.0,0.0
2023-04-28 19:00:00+07:00,27.5,18.7,598.0,0.0
2023-04-28 20:00:00+07:00,28.1,19.1,619.0,0.0
2023-04-28 21:00:00+07:00,26.4,18.0,650.0,0.0
2023-04-28 22:00:00+07:00,25.3,17.2,703.0,0.0
2023-04-28 23:00:00+07:00,24.9,16.9,756.0,0.0
2023-04-29 00:00:00+07:00,25.1,17.2,818.0,0.0
2023-04-29 01:00:00+07:00,26.0,17.9,895.0,0.0
2023-04-29 02:00:00+07:00,27.3,18.7,937.0,0.0
2023-04-29 03:00:00+07:00,28.7,19.7,974.0,0.0
2023-04-29 04:00:00+07:00,30.2,20.7,1034.0,0.0
2023-04-29 05:00:00+07:00,31.9,21.9,1133.0,0.0
2023-04-29 06:00:00+07:00,34.5,23.7,1252.0,0.0
2023-04-29 07:00:00+07:00,42.8,29.5,1431.0,0.0
2023-04-29 08:00:00+07:00,39.6,27.0,1171.0,0.0
2023-04-29 09:00:00+07:00,34.5,23.2,801.0,0.0
2023-04-29 10:00:00+07:00,32.5,21.9,406.0,0.0
2023-04-29 11:00:00+07:00,29.1,19.6,296.0,0.0
2023-04-29 12:00:00+07:00,24.4,16.5,273.0,0.0
2023-04-29 13:00:00+07:00,23.2,15.7,270.0,0.0
2023-04-29 14:00:00+07:00,22.6,15.3,240.0,0.0
2023-04-29 15:00:00+07:00,21.9,14.8,217.0,0.0
2023-04-29 16:00:00+07:00,21.3,14.3,255.0,0.0
2023-04-29 17:00:00+07:00,21.6,14.6,366.0,0.0
2023-04-29 18:00:00+07:00,22.7,15.4,527.0,0.0
2023-04-29 19:00:00+07:00,29.5,20.2,642.0,0.0
2023-04-29 20:00:00+07:00,30.4,20.8,642.0,0.0
2023-04-29 21:00:00+07:00,29.2,20.0,643.0,0.0
2023-04-29 22:00:00+07:00,28.8,19.7,658.0,0.0
2023-04-29 23:00:00+07:00,28.8,19.6,682.0,0.0
2023-04-30 00:00:00+07:00,28.9,19.7,716.0,0.0
2023-04-30 01:00:00+07:00,29.9,20.5,781.0,0.0
2023-04-30 02:00:00+07:00,31.9,21.9,864.0,0.0
2023-04-30 03:00:00+07:00,34.3,23.6,966.0,0.0
2023-04-30 04:00:00+07:00,37.0,25.5,1056.0,0.0
2023-04-30 05:00:00+07:00,33.9,23.2,1066.0,0.0
2023-04-30 06:00:00+07:00,32.8,22.4,1042.0,0.0
2023-04-30 07:00:00+07:00,49.1,34.2,687.0,0.0
2023-04-30 08:00:00+07:00,37.7,25.9,602.0,0.0
2023-04-30 09:00:00+07:00,30.5,20.4,482.0,0.0
2023-04-30 10:00:00+07:00,35.0,23.5,372.0,0.0
2023-04-30 11:00:00+07:00,38.1,25.8,377.0,0.0
2023-04-30 12:00:00+07:00,54.7,37.0,425.0,0.0
2023-04-30 13:00:00+07:00,41.6,28.2,486.0,0.0
2023-04-30 14:00:00+07:00,41.1,28.0,505.0,0.0
2023-04-30 15:00:00+07:00,41.2,28.1,517.0,0.0
2023-04-30 16:00:00+07:00,42.5,29.0,526.0,0.0
2023-04-30 17:00:00+07:00,42.1,28.9,529.0,0.0
2023-04-30 18:00:00+07:00,42.3,29.1,528.0,0.0
2023-04-30 19:00:00+07:00,41.8,28.8,428.0,0.0
2023-04-30 20:00:00+07:00,40.2,27.6,417.0,0.0
2023-04-30 21:00:00+07:00,37.7,26.0,401.0,0.0
2023-04-30 22:00:00+07:00,36.1,25.0,393.0,0.0
2023-04-30 23:00:00+07:00,35.7,24.7,408.0,0.0
2023-05-01 00:00:00+07:00,35.6,24.6,434.0,0.0
2023-05-01 01:00:00+07:00,35.7,24.8,471.0,0.0
2023-05-01 02:00:00+07:00,36.1,25.1,497.0,0.0
2023-05-01 03:00:00+07:00,36.7,25.4,523.0,0.0
2023-05-01 04:00:00+07:00,37.5,26.1,549.0,0.0
2023-05-01 05:00:00+07:00,38.2,26.5,560.0,0.0
2023-05-01 06:00:00+07:00,40.5,28.2,566.0,0.0
2023-05-01 07:00:00+07:00,40.2,28.0,604.0,0.0
2023-05-01 08:00:00+07:00,35.5,24.6,546.0,0.0
2023-05-01 09:00:00+07:00,35.9,24.8,464.0,0.0
2023-05-01 10:00:00+07:00,35.2,24.4,395.0,0.0
2023-05-01 11:00:00+07:00,36.0,25.0,415.0,0.0
2023-05-01 12:00:00+07:00,38.8,26.8,470.0,0.0
2023-05-01 13:00:00+07:00,45.2,31.3,533.0,0.0
2023-05-01 14:00:00+07:00,42.7,29.6,548.0,0.0
2023-05-01 15:00:00+07:00,39.8,27.5,550.0,0.0
2023-05-01 16:00:00+07:00,37.3,25.7,546.0,0.0
2023-05-01 17:00:00+07:00,35.6,24.6,538.0,0.0
2023-05-01 18:00:00+07:00,35.2,24.4,525.0,0.0
2023-05-01 19:00:00+07:00,37.7,26.1,588.0,0.0
2023-05-01 20:00:00+07:00,43.5,30.2,598.0,0.0
2023-05-01 21:00:00+07:00,45.6,31.7,611.0,0.0
2023-05-01 22:00:00+07:00,44.1,30.6,619.0,0.0
2023-05-01 23:00:00+07:00,39.7,27.6,606.0,0.0
2023-05-02 00:00:00+07:00,37.3,26.0,584.0,0.0
2023-05-02 01:00:00+07:00,36.7,25.5,562.0,0.0
2023-05-02 02:00:00+07:00,35.9,24.9,560.0,0.0
2023-05-02 03:00:00+07:00,34.3,23.9,564.0,0.0
2023-05-02 04:00:00+07:00,35.3,24.6,578.0,0.0
2023-05-02 05:00:00+07:00,36.6,25.5,608.0,0.0
2023-05-02 06:00:00+07:00,40.7,28.4,646.0,0.0
2023-05-02 07:00:00+07:00,45.1,31.4,1334.0,0.0
2023-05-02 08:00:00+07:00,35.7,24.8,1118.0,0.0
2023-05-02 09:00:00+07:00,27.0,18.6,811.0,0.0
2023-05-02 10:00:00+07:00,26.0,17.6,483.0,0.0
2023-05-02 11:00:00+07:00,25.4,17.2,393.0,0.0
2023-05-02 12:00:00+07:00,25.1,16.9,375.0,0.0
2023-05-02 13:00:00+07:00,24.7,16.8,373.0,0.0
2023-05-02 14:00:00+07:00,25.1,17.0,354.0,0.0
2023-05-02 15:00:00+07:00,24.9,16.9,343.0,0.0
2023-05-02 16:00:00+07:00,24.2,16.5,351.0,0.0
2023-05-02 17:00:00+07:00,22.5,15.4,370.0,0.0
2023-05-02 18:00:00+07:00,22.4,15.4,403.0,0.0
2023-05-02 19:00:00+07:00,39.1,27.2,424.0,0.0
2023-05-02 20:00:00+07:00,41.1,28.5,429.0,0.0
2023-05-02 21:00:00+07:00,41.4,28.8,435.0,0.0
2023-05-02 22:00:00+07:00,39.2,27.3,442.0,0.0
2023-05-02 23:00:00+07:00,38.0,26.4,441.0,0.0
2023-05-03 00:00:00+07:00,31.5,21.9,438.0,0.0
2023-05-03 01:00:00+07:00,33.3,23.1,445.0,0.0
2023-05-03 02:00:00+07:00,35.3,24.5,467.0,0.0
2023-05-03 03:00:00+07:00,37.4,26.0,499.0,0.0
2023-05-03 04:00:00+07:00,39.9,27.8,543.0,0.0
2023-05-03 05:00:00+07:00,43.5,30.3,585.0,0.0
2023-05-03 06:00:00+07:00,46.4,32.4,630.0,0.0
2023-05-03 07:00:00+07:00,44.2,30.7,648.0,0.0
2023-05-03 08:00:00+07:00,39.5,27.2,568.0,0.0
2023-05-03 09:00:00+07:00,35.6,24.4,456.0,0.0
2023-05-03 10:00:00+07:00,33.3,22.5,341.0,0.0
2023-05-03 11:00:00+07:00,31.8,21.4,320.0,0.0
2023-05-03 12:00:00+07:00,30.4,20.4,330.0,0.0
2023-05-03 13:00:00+07:00,28.2,19.0,352.0,0.0
2023-05-03 14:00:00+07:00,28.5,19.3,363.0,0.0
2023-05-03 15:00:00+07:00,32.5,22.0,378.0,0.0
2023-05-03 16:00:00+07:00,32.0,21.7,390.0,0.0
2023-05-03 17:00:00+07:00,28.9,19.8,384.0,0.0
2023-05-03 18:00:00+07:00,29.8,20.5,372.0,0.0
2023-05-03 19:00:00+07:00,42.0,28.8,365.0,0.0
2023-05-03 20:00:00+07:00,48.0,32.9,392.0,0.0
2023-05-03 21:00:00+07:00,49.2,34.2,430.0,0.0
2023-05-03 22:00:00+07:00,51.0,35.4,480.0,0.0
2023-05-03 23:00:00+07:00,53.3,37.0,509.0,0.0
2023-05-04 00:00:00+07:00,53.4,37.1,534.0,0.0
2023-05-04 01:00:00+07:00,51.8,36.0,567.0,0.0
2023-05-04 02:00:00+07:00,49.9,34.8,591.0,0.0
2023-05-04 03:00:00+07:00,49.6,34.6,615.0,0.0
2023-05-04 04:00:00+07:00,48.9,34.1,643.0,0.0
2023-05-04 05:00:00+07:00,48.1,33.5,674.0,0.0
2023-05-04 06:00:00+07:00,47.7,33.3,706.0,0.0
2023-05-04 07:00:00+07:00,47.7,33.2,636.0,0.0
2023-05-04 08:00:00+07:00,43.2,29.9,551.0,0.0
2023-05-04 09:00:00+07:00,34.9,23.7,430.0,0.0
2023-05-04 10:00:00+07:00,29.0,19.6,309.0,0.0
2023-05-04 11:00:00+07:00,27.5,18.5,292.0,0.0
2023-05-04 12:00:00+07:00,26.6,17.9,312.0,0.0
2023-05-04 13:00:00+07:00,27.6,18.7,339.0,0.0
2023-05-04 14:00:00+07:00,27.1,18.5,342.0,0.0
2023-05-04 15:00:00+07:00,27.4,18.6,343.0,0.0
2023-05-04 16:00:00+07:00,28.4,19.3,346.0,0.0
2023-05-04 17:00:00+07:00,29.6,20.2,352.0,0.0
2023-05-04 18:00:00+07:00,30.9,21.1,359.0,0.0
2023-05-04 19:00:00+07:00,32.1,22.1,345.0,0.0
2023-05-04 20:00:00+07:00,36.8,25.3,360.0,0.0
2023-05-04 21:00:00+07:00,36.4,25.1,381.0,0.0
2023-05-04 22:00:00+07:00,36.0,24.8,412.0,0.0
2023-05-04 23:00:00+07:00,37.0,25.7,435.0,0.0
2023-05-05 00:00:00+07:00,37.5,26.1,460.0,0.0
2023-05-05 01:00:00+07:00,37.0,25.8,494.0,0.0
2023-05-05 02:00:00+07:00,36.6,25.4,521.0,0.0
2023-05-05 03:00:00+07:00,36.6,25.4,549.0,0.0
2023-05-05 04:00:00+07:00,36.6,25.4,584.0,0.0
2023-05-05 05:00:00+07:00,36.9,25.7,619.0,0.0
2023-05-05 06:00:00+07:00,38.0,26.4,656.0,0.0
2023-05-05 07:00:00+07:00,39.2,27.3,619.0,0.0
2023-05-05 08:00:00+07:00,37.3,25.6,541.0,0.0
2023-05-05 09:00:00+07:00,35.4,23.9,431.0,0.0
2023-05-05 10:00:00+07:00,32.9,22.1,320.0,0.0
2023-05-05 11:00:00+07:00,31.4,21.1,304.0,0.0
2023-05-05 12:00:00+07:00,30.3,20.4,321.0,0.0
2023-05-05 13:00:00+07:00,28.9,19.4,344.0,0.0
2023-05-05 14:00:00+07:00,28.7,19.3,345.0,0.0
2023-05-05 15:00:00+07:00,26.1,17.6,344.0,0.0
2023-05-05 16:00:00+07:00,24.6,16.5,345.0,0.0
2023-05-05 17:00:00+07:00,24.3,16.4,351.0,0.0
2023-05-05 18:00:00+07:00,25.3,17.1,359.0,0.0
2023-05-05 19:00:00+07:00,28.8,19.6,349.0,0.0
2023-05-05 20:00:00+07:00,33.1,22.6,371.0,0.0
2023-05-05 21:00:00+07:00,32.4,22.2,403.0,0.0
2023-05-05 22:00:00+07:00,31.4,21.6,441.0,0.0
2023-05-05 23:00:00+07:00,31.4,21.6,460.0,0.0
2023-05-06 00:00:00+07:00,30.9,21.2,475.0,0.0
2023-05-06 01:00:00+07:00,30.3,20.8,494.0,0.0
2023-05-06 02:00:00+07:00,29.7,20.5,511.0,0.0
2023-05-06 03:00:00+07:00,29.4,20.3,527.0,0.0
2023-05-06 04:00:00+07:00,29.8,20.5,549.0,0.0
2023-05-06 05:00:00+07:00,30.4,21.0,575.0,0.0
2023-05-06 06:00:00+07:00,31.4,21.7,603.0,0.0
2023-05-06 07:00:00+07:00,30.5,21.0,576.0,0.0
2023-05-06 08:00:00+07:00,26.9,18.2,500.0,0.0
2023-05-06 09:00:00+07:00,21.4,14.2,392.0,0.0
2023-05-06 10:00:00+07:00,18.3,12.2,281.0,0.0
2023-05-06 11:00:00+07:00,16.8,11.2,261.0,0.0
2023-05-06 12:00:00+07:00,16.1,10.8,271.0,0.0
2023-05-06 13:00:00+07:00,14.7,9.9,286.0,0.0
2023-05-06 14:00:00+07:00,13.8,9.2,280.0,0.0
2023-05-06 15:00:00+07:00,12.6,8.4,271.0,0.0
2023-05-06 16:00:00+07:00,11.1,7.4,266.0,0.0
2023-05-06 17:00:00+07:00,10.8,7.2,273.0,0.0
2023-05-06 18:00:00+07:00,12.2,8.2,285.0,0.0
2023-05-06 19:00:00+07:00,21.1,14.4,311.0,0.0
2023-05-06 20:00:00+07:00,24.8,17.0,334.0,0.0
2023-05-06 21:00:00+07:00,26.7,18.4,366.0,0.0
2023-05-06 22:00:00+07:00,28.3,19.6,403.0,0.0
2023-05-06 23:00:00+07:00,28.8,19.9,418.0,0.0
2023-05-07 00:00:00+07:00,26.8,18.5,426.0,0.0
2023-05-07 01:00:00+07:00,24.5,16.9,440.0,0.0
2023-05-07 02:00:00+07:00,23.7,16.4,456.0,0.0
2023-05-07 03:00:00+07:00,23.9,16.5,474.0,0.0
2023-05-07 04:00:00+07:00,24.3,16.9,497.0,0.0
2023-05-07 05:00:00+07:00,24.7,17.1,520.0,0.0
2023-05-07 06:00:00+07:00,25.3,17.5,545.0,0.0
2023-05-07 07:00:00+07:00,25.6,17.7,529.0,0.0
2023-05-07 08:00:00+07:00,21.1,14.4,454.0,0.0
2023-05-07 09:00:00+07:00,15.9,10.5,348.0,0.0
2023-05-07 10:00:00+07:00,14.3,9.5,243.0,0.0
2023-05-07 11:00:00+07:00,12.4,8.3,228.0,0.0
2023-05-07 12:00:00+07:00,13.1,8.8,245.0,0.0
2023-05-07 13:00:00+07:00,14.2,9.5,273.0,0.0
2023-05-07 14:00:00+07:00,13.6,9.1,288.0,0.0
2023-05-07 15:00:00+07:00,14.3,9.6,305.0,0.0
2023-05-07 16:00:00+07:00,14.4,9.7,321.0,0.0
2023-05-07 17:00:00+07:00,15.4,10.4,321.0,0.0
2023-05-07 18:00:00+07:00,17.8,12.1,314.0,0.0
2023-05-07 19:00:00+07:00,27.7,19.1,317.0,0.0
2023-05-07 20:00:00+07:00,31.2,21.5,338.0,0.0
2023-05-07 21:00:00+07:00,34.2,23.7,368.0,0.0
2023-05-07 22:00:00+07:00,37.7,26.1,407.0,0.0
2023-05-07 23:00:00+07:00,39.9,27.7,431.0,0.0
2023-05-08 00:00:00+07:00,39.5,27.4,455.0,0.0
2023-05-08 01:00:00+07:00,38.2,26.5,483.0,0.0
2023-05-08 02:00:00+07:00,37.5,26.0,501.0,0.0
2023-05-08 03:00:00+07:00,37.0,25.7,518.0,0.0
2023-05-08 04:00:00+07:00,35.6,24.8,538.0,0.0
2023-05-08 05:00:00+07:00,34.9,24.3,561.0,0.0
2023-05-08 06:00:00+07:00,35.4,24.6,586.0,0.0
2023-05-08 07:00:00+07:00,29.3,20.4,509.0,0.0
2023-05-08 08:00:00+07:00,28.3,19.4,458.0,0.0
2023-05-08 09:00:00+07:00,24.8,16.7,386.0,0.0
2023-05-08 10:00:00+07:00,29.7,20.1,320.0,0.0
2023-05-08 11:00:00+07:00,33.9,23.1,323.0,0.0
2023-05-08 12:00:00+07:00,33.8,23.1,351.0,0.0
2023-05-08 13:00:00+07:00,33.8,23.1,386.0,0.0
2023-05-08 14:00:00+07:00,32.9,22.5,395.0,0.0
2023-05-08 15:00:00+07:00,31.9,21.9,398.0,0.0
2023-05-08 16:00:00+07:00,33.6,23.1,400.0,0.0
2023-05-08 17:00:00+07:00,33.1,22.7,400.0,0.0
2023-05-08 18:00:00+07:00,31.4,21.7,398.0,0.0
2023-05-08 19:00:00+07:00,35.7,24.7,392.0,0.0
2023-05-08 20:00:00+07:00,37.3,25.9,376.0,0.0
2023-05-08 21:00:00+07:00,35.0,24.3,353.0,0.0
2023-05-08 22:00:00+07:00,31.8,22.0,333.0,0.0
2023-05-08 23:00:00+07:00,27.8,19.3,335.0,0.0
2023-05-09 00:00:00+07:00,28.5,19.8,345.0,0.0
2023-05-09 01:00:00+07:00,28.9,20.1,362.0,0.0
2023-05-09 02:00:00+07:00,31.1,21.7,377.0,0.0
2023-05-09 03:00:00+07:00,31.8,22.1,396.0,0.0
2023-05-09 04:00:00+07:00,32.5,22.6,414.0,0.0
2023-05-09 05:00:00+07:00,32.8,22.8,422.0,0.0
2023-05-09 06:00:00+07:00,34.0,23.6,425.0,0.0
2023-05-09 07:00:00+07:00,38.6,26.9,457.0,0.0
2023-05-09 08:00:00+07:00,33.8,23.3,422.0,0.0
2023-05-09 09:00:00+07:00,31.9,21.9,373.0,0.0
2023-05-09 10:00:00+07:00,31.2,21.2,327.0,0.0
2023-05-09 11:00:00+07:00,30.7,20.8,327.0,0.0
2023-05-09 12:00:00+07:00,29.8,20.1,343.0,0.0
2023-05-09 13:00:00+07:00,30.0,20.3,368.0,0.0
2023-05-09 14:00:00+07:00,29.0,19.7,383.0,0.0
2023-05-09 15:00:00+07:00,28.0,19.0,399.0,0.0
2023-05-09 16:00:00+07:00,28.0,19.0,410.0,0.0
2023-05-09 17:00:00+07:00,26.4,17.8,402.0,0.0
2023-05-09 18:00:00+07:00,25.3,17.1,386.0,0.0
2023-05-09 19:00:00+07:00,29.0,19.9,366.0,0.0
2023-05-09 20:00:00+07:00,27.6,19.0,367.0,0.0
2023-05-09 21:00:00+07:00,27.7,19.0,370.0,0.0
2023-05-09 22:00:00+07:00,30.3,21.0,381.0,0.0
2023-05-09 23:00:00+07:00,36.8,25.5,400.0,0.0
2023-05-10 00:00:00+07:00,38.8,26.8,426.0,0.0
2023-05-10 01:00:00+07:00,36.7,25.4,459.0,0.0
2023-05-10 02:00:00+07:00,33.1,22.9,482.0,0.0
2023-05-10 03:00:00+07:00,32.7,22.6,505.0,0.0
2023-05-10 04:00:00+07:00,36.4,25.3,520.0,0.0
2023-05-10 05:00:00+07:00,35.0,24.4,517.0,0.0
2023-05-10 06:00:00+07:00,35.4,24.6,504.0,0.0
2023-05-10 07:00:00+07:00,39.7,27.6,596.0,0.0
2023-05-10 08:00:00+07:00,29.5,20.3,509.0,0.0
2023-05-10 09:00:00+07:00,24.9,16.8,387.0,0.0
2023-05-10 10:00:00+07:00,22.4,15.0,266.0,0.0
2023-05-10 11:00:00+07:00,20.8,13.9,252.0,0.0
2023-05-10 12:00:00+07:00,20.1,13.5,275.0,0.0
2023-05-10 13:00:00+07:00,19.8,13.3,310.0,0.0
2023-05-10 14:00:00+07:00,19.4,13.1,325.0,0.0
2023-05-10 15:00:00+07:00,20.7,14.0,340.0,0.0
2023-05-10 16:00:00+07:00,21.1,14.4,350.0,0.0
2023-05-10 17:00:00+07:00,19.0,12.9,342.0,0.0
2023-05-10 18:00:00+07:00,18.5,12.6,327.0,0.0
2023-05-10 19:00:00+07:00,27.0,18.7,350.0,0.0
2023-05-10 20:00:00+07:00,26.4,18.2,351.0,0.0
2023-05-10 21:00:00+07:00,25.9,17.9,354.0,0.0
2023-05-10 22:00:00+07:00,26.3,18.2,361.0,0.0
2023-05-10 23:00:00+07:00,28.1,19.5,373.0,0.0
2023-05-11 00:00:00+07:00,27.5,19.0,388.0,0.0
2023-05-11 01:00:00+07:00,26.6,18.5,405.0,0.0
2023-05-11 02:00:00+07:00,25.8,17.9,414.0,0.0
2023-05-11 03:00:00+07:00,24.4,16.9,421.0,0.0
2023-05-11 04:00:00+07:00,27.6,19.3,421.0,0.0
2023-05-11 05:00:00+07:00,25.7,17.9,412.0,0.0
2023-05-11 06:00:00+07:00,24.3,16.9,396.0,0.0
2023-05-11 07:00:00+07:00,17.4,12.2,537.0,0.0
2023-05-11 08:00:00+07:00,17.5,12.2,523.0,0.0
2023-05-11 09:00:00+07:00,18.0,12.5,503.0,0.0
2023-05-11 10:00:00+07:00,18.7,13.0,470.0,0.0
2023-05-11 11:00:00+07:00,19.0,13.2,439.0,0.0
2023-05-11 12:00:00+07:00,19.2,13.3,403.0,0.0
2023-05-11 13:00:00+07:00,18.9,13.1,367.0,0.0
2023-05-11 14:00:00+07:00,19.0,13.2,351.0,0.0
2023-05-11 15:00:00+07:00,19.0,13.1,342.0,0.0
2023-05-11 16:00:00+07:00,19.8,13.7,356.0,0.0
2023-05-11 17:00:00+07:00,19.0,13.1,382.0,0.0
2023-05-11 18:00:00+07:00,20.5,14.2,423.0,0.0
2023-05-11 19:00:00+07:00,21.7,15.1,553.0,0.0
2023-05-11 20:00:00+07:00,24.3,17.0,691.0,0.0
2023-05-11 21:00:00+07:00,27.6,19.3,889.0,0.0
2023-05-11 22:00:00+07:00,26.8,18.7,1138.0,0.0
2023-05-11 23:00:00+07:00,32.5,22.6,1290.0,0.0
2023-05-12 00:00:00+07:00,37.5,26.2,1430.0,0.0
2023-05-12 01:00:00+07:00,36.9,25.8,1548.0,0.0
2023-05-12 02:00:00+07:00,36.4,25.4,1562.0,0.0
2023-05-12 03:00:00+07:00,31.4,22.0,1526.0,0.0
2023-05-12 04:00:00+07:00,32.5,22.8,1436.0,0.0
2023-05-12 05:00:00+07:00,32.1,22.4,1336.0,0.0
2023-05-12 06:00:00+07:00,31.1,21.7,1207.0,0.0
2023-05-12 07:00:00+07:00,23.9,16.7,931.0,0.0
2023-05-12 08:00:00+07:00,20.8,14.5,863.0,0.0
2023-05-12 09:00:00+07:00,21.6,15.1,765.0,0.0
2023-05-12 10:00:00+07:00,22.9,16.0,656.0,0.0
2023-05-12 11:00:00+07:00,21.3,14.9,613.0,0.0
2023-05-12 12:00:00+07:00,23.3,16.3,588.0,0.0
2023-05-12 13:00:00+07:00,23.3,16.2,575.0,0.0
2023-05-12 14:00:00+07:00,26.0,18.2,584.0,0.0
2023-05-12 15:00:00+07:00,24.9,17.3,607.0,0.0
2023-05-12 16:00:00+07:00,19.5,13.6,636.0,0.0
2023-05-12 17:00:00+07:00,17.8,12.5,639.0,0.0
2023-05-12 18:00:00+07:00,17.1,11.9,636.0,0.0
2023-05-12 19:00:00+07:00,25.0,17.5,690.0,0.0
2023-05-12 20:00:00+07:00,23.7,16.6,746.0,0.0
2023-05-12 21:00:00+07:00,25.7,17.9,824.0,0.0
2023-05-12 22:00:00+07:00,26.3,18.3,883.0,0.0
2023-05-12 23:00:00+07:00,18.7,13.1,856.0,0.0
2023-05-13 00:00:00+07:00,18.3,12.8,793.0,0.0
2023-05-13 01:00:00+07:00,19.1,13.3,696.0,0.0
2023-05-13 02:00:00+07:00,18.2,12.7,622.0,0.0
2023-05-13 03:00:00+07:00,17.5,12.2,542.0,0.0
2023-05-13 04:00:00+07:00,15.8,11.0,460.0,0.0
2023-05-13 05:00:00+07:00,15.8,11.0,438.0,0.0
2023-05-13 06:00:00+07:00,13.9,9.7,437.0,0.0
2023-05-13 07:00:00+07:00,10.1,7.1,436.0,0.0
2023-05-13 08:00:00+07:00,7.7,5.4,446.0,0.0
2023-05-13 09:00:00+07:00,8.3,5.8,458.0,0.0
2023-05-13 10:00:00+07:00,9.3,6.5,443.0,0.0
2023-05-13 11:00:00+07:00,8.8,6.1,378.0,0.0
2023-05-13 12:00:00+07:00,8.5,5.9,286.0,0.0
2023-05-13 13:00:00+07:00,11.3,7.8,196.0,0.0
2023-05-13 14:00:00+07:00,14.4,10.0,181.0,0.0
2023-05-13 15:00:00+07:00,13.8,9.6,193.0,0.0
2023-05-13 16:00:00+07:00,12.4,8.6,237.0,0.0
2023-05-13 17:00:00+07:00,11.6,8.0,286.0,0.0
2023-05-13 18:00:00+07:00,11.8,8.2,352.0,0.0
2023-05-13 19:00:00+07:00,16.8,11.7,522.0,0.0
2023-05-13 20:00:00+07:00,13.9,9.6,536.0,0.0
2023-05-13 21:00:00+07:00,13.2,9.2,557.0,0.0
2023-05-13 22:00:00+07:00,14.9,10.4,604.0,0.0
2023-05-13 23:00:00+07:00,16.8,11.7,680.0,0.0
2023-05-14 00:00:00+07:00,18.2,12.7,774.0,0.0
2023-05-14 01:00:00+07:00,18.5,12.9,822.0,0.0
2023-05-14 02:00:00+07:00,17.7,12.3,726.0,0.0
2023-05-14 03:00:00+07:00,11.1,7.6,563.0,0.0
2023-05-14 04:00:00+07:00,8.9,6.2,398.0,0.0
2023-05-14 05:00:00+07:00,8.6,6.0,393.0,0.0
2023-05-14 06:00:00+07:00,8.7,6.1,439.0,0.0
2023-05-14 07:00:00+07:00,9.3,6.4,379.0,0.0
2023-05-14 08:00:00+07:00,7.6,5.1,354.0,0.0
2023-05-14 09:00:00+07:00,9.9,6.7,319.0,0.0
2023-05-14 10:00:00+07:00,11.3,7.4,271.0,0.0
2023-05-14 11:00:00+07:00,14.7,9.3,236.0,0.0
2023-05-14 12:00:00+07:00,16.6,10.4,200.0,0.0
2023-05-14 13:00:00+07:00,16.5,10.2,168.0,0.0
2023-05-14 14:00:00+07:00,19.2,12.3,154.0,0.0
2023-05-14 15:00:00+07:00,17.7,11.3,149.0,0.0
2023-05-14 16:00:00+07:00,17.1,10.7,189.0,0.0
2023-05-14 17:00:00+07:00,16.1,10.2,275.0,0.0
2023-05-14 18:00:00+07:00,15.3,9.8,396.0,0.0
2023-05-14 19:00:00+07:00,24.0,16.3,485.0,0.0
2023-05-14 20:00:00+07:00,22.3,15.4,536.0,0.0
2023-05-14 21:00:00+07:00,22.0,15.2,609.0,0.0
2023-05-14 22:00:00+07:00,22.4,15.4,662.0,0.0
2023-05-14 23:00:00+07:00,21.9,15.1,633.0,0.0
2023-05-15 00:00:00+07:00,20.3,14.1,567.0,0.0
2023-05-15 01:00:00+07:00,18.7,13.0,477.0,0.0
2023-05-15 02:00:00+07:00,16.9,11.8,416.0,0.0
2023-05-15 03:00:00+07:00,16.1,11.2,355.0,0.0
2023-05-15 04:00:00+07:00,13.5,9.3,305.0,0.0
2023-05-15 05:00:00+07:00,11.8,8.1,318.0,0.0
2023-05-15 06:00:00+07:00,12.2,8.4,357.0,0.0
2023-05-15 07:00:00+07:00,13.0,9.0,389.0,0.0
2023-05-15 08:00:00+07:00,13.0,8.9,350.0,0.0
2023-05-15 09:00:00+07:00,10.8,7.2,294.0,0.0
2023-05-15 10:00:00+07:00,10.4,6.9,237.0,0.0
2023-05-15 11:00:00+07:00,11.4,7.6,226.0,0.0
2023-05-15 12:00:00+07:00,15.1,10.2,231.0,0.0
2023-05-15 13:00:00+07:00,14.8,10.1,237.0,0.0
2023-05-15 14:00:00+07:00,11.5,7.8,206.0,0.0
2023-05-15 15:00:00+07:00,12.1,8.1,165.0,0.0
2023-05-15 16:00:00+07:00,13.2,8.8,223.0,0.0
2023-05-15 17:00:00+07:00,12.1,8.1,407.0,0.0
2023-05-15 18:00:00+07:00,14.6,9.9,675.0,0.0
2023-05-15 19:00:00+07:00,24.8,17.3,886.0,0.0
2023-05-15 20:00:00+07:00,28.6,20.0,1065.0,0.0
2023-05-15 21:00:00+07:00,27.9,19.6,1319.0,0.0
2023-05-15 22:00:00+07:00,29.4,20.5,1628.0,0.0
2023-05-15 23:00:00+07:00,31.3,21.9,1793.0,0.0
2023-05-16 00:00:00+07:00,32.0,22.4,1930.0,0.0
2023-05-16 01:00:00+07:00,32.9,23.0,2038.0,0.0
2023-05-16 02:00:00+07:00,34.5,24.1,2052.0,0.0
2023-05-16 03:00:00+07:00,31.8,22.2,2016.0,0.0
2023-05-16 04:00:00+07:00,31.8,22.1,1897.0,0.0
2023-05-16 05:00:00+07:00,33.1,23.1,1748.0,0.0
2023-05-16 06:00:00+07:00,35.3,24.6,1550.0,0.0
2023-05-16 07:00:00+07:00,22.9,15.8,847.0,0.0
2023-05-16 08:00:00+07:00,17.8,12.0,725.0,0.0
2023-05-16 09:00:00+07:00,18.6,12.2,553.0,1.0
2023-05-16 10:00:00+07:00,20.8,13.4,364.0,1.0
2023-05-16 11:00:00+07:00,23.4,15.0,304.0,1.0
2023-05-16 12:00:00+07:00,24.3,15.5,282.0,1.0
2023-05-16 13:00:00+07:00,25.0,15.9,266.0,1.0
2023-05-16 14:00:00+07:00,24.5,15.7,234.0,1.0
2023-05-16 15:00:00+07:00,24.9,15.9,202.0,1.0
2023-05-16 16:00:00+07:00,24.0,15.3,235.0,1.0
2023-05-16 17:00:00+07:00,24.7,15.8,355.0,1.0
2023-05-16 18:00:00+07:00,27.0,17.6,531.0,0.0
2023-05-16 19:00:00+07:00,28.5,18.9,635.0,0.0
2023-05-16 20:00:00+07:00,32.0,21.5,932.0,0.0
2023-05-16 21:00:00+07:00,34.2,23.2,1354.0,0.0
2023-05-16 22:00:00+07:00,36.9,25.1,1830.0,0.0
2023-05-16 23:00:00+07:00,38.3,26.4,2017.0,0.0
2023-05-17 00:00:00+07:00,39.2,27.1,2126.0,0.0
2023-05-17 01:00:00+07:00,39.2,27.2,2200.0,0.0
2023-05-17 02:00:00+07:00,38.9,27.0,2199.0,0.0
2023-05-17 03:00:00+07:00,38.1,26.4,2150.0,0.0
2023-05-17 04:00:00+07:00,36.1,25.1,2090.0,0.0
2023-05-17 05:00:00+07:00,33.9,23.6,2131.0,0.0
2023-05-17 06:00:00+07:00,33.4,23.3,2197.0,0.0
2023-05-17 07:00:00+07:00,35.7,24.9,2009.0,0.0
2023-05-17 08:00:00+07:00,30.2,20.7,1593.0,0.0
2023-05-17 09:00:00+07:00,22.8,15.2,1003.0,1.0
2023-05-17 10:00:00+07:00,24.1,15.8,385.0,2.0
2023-05-17 11:00:00+07:00,26.3,17.1,239.0,2.0
2023-05-17 12:00:00+07:00,28.6,18.6,243.0,3.0
2023-05-17 13:00:00+07:00,29.7,19.3,279.0,3.0
2023-05-17 14:00:00+07:00,35.7,23.1,241.0,3.0
2023-05-17 15:00:00+07:00,30.3,19.6,203.0,3.0
2023-05-17 16:00:00+07:00,30.6,19.8,247.0,3.0
2023-05-17 17:00:00+07:00,31.2,20.3,383.0,2.0
2023-05-17 18:00:00+07:00,34.5,22.8,586.0,1.0
2023-05-17 19:00:00+07:00,35.6,24.0,866.0,0.0
2023-05-17 20:00:00+07:00,40.3,27.4,1233.0,0.0
2023-05-17 21:00:00+07:00,41.9,28.6,1753.0,0.0
2023-05-17 22:00:00+07:00,42.6,29.2,2276.0,0.0
2023-05-17 23:00:00+07:00,41.2,28.2,2354.0,0.0
2023-05-18 00:00:00+07:00,38.9,26.5,2282.0,0.0
2023-05-18 01:00:00+07:00,36.9,25.1,2174.0,0.0
2023-05-18 02:00:00+07:00,36.2,24.6,2148.0,0.0
2023-05-18 03:00:00+07:00,35.0,24.3,2126.0,0.0
2023-05-18 04:00:00+07:00,34.7,24.0,2144.0,0.0
2023-05-18 05:00:00+07:00,34.0,23.5,2291.0,0.0
2023-05-18 06:00:00+07:00,34.0,23.6,2494.0,0.0
2023-05-18 07:00:00+07:00,28.8,19.7,1572.0,0.0
2023-05-18 08:00:00+07:00,30.9,20.6,1270.0,1.0
2023-05-18 09:00:00+07:00,33.3,21.3,840.0,1.0
2023-05-18 10:00:00+07:00,34.7,22.1,386.0,2.0
2023-05-18 11:00:00+07:00,31.5,20.1,270.0,2.0
2023-05-18 12:00:00+07:00,33.2,21.5,260.0,1.0
2023-05-18 13:00:00+07:00,31.9,20.7,273.0,1.0
2023-05-18 14:00:00+07:00,30.7,20.0,239.0,1.0
2023-05-18 15:00:00+07:00,29.2,19.0,209.0,1.0
2023-05-18 16:00:00+07:00,27.8,18.2,257.0,1.0
2023-05-18 17:00:00+07:00,27.1,17.7,400.0,1.0
2023-05-18 18:00:00+07:00,29.7,19.7,609.0,0.0
2023-05-18 19:00:00+07:00,38.6,26.1,832.0,0.0
2023-05-18 20:00:00+07:00,42.3,28.7,1128.0,0.0
2023-05-18 21:00:00+07:00,43.0,29.3,1547.0,0.0
2023-05-18 22:00:00+07:00,42.8,29.3,1971.0,0.0
2023-05-18 23:00:00+07:00,42.1,28.8,2041.0,0.0
2023-05-19 00:00:00+07:00,40.2,27.4,1993.0,0.0
2023-05-19 01:00:00+07:00,37.8,25.8,1917.0,0.0
2023-05-19 02:00:00+07:00,36.8,25.0,1899.0,0.0
2023-05-19 03:00:00+07:00,37.0,25.3,1882.0,0.0
2023-05-19 04:00:00+07:00,37.5,26.0,1907.0,0.0
2023-05-19 05:00:00+07:00,38.9,27.0,2054.0,0.0
2023-05-19 06:00:00+07:00,40.4,28.1,2256.0,0.0
2023-05-19 07:00:00+07:00,42.0,29.1,1549.0,0.0
2023-05-19 08:00:00+07:00,43.1,29.2,1261.0,0.0
2023-05-19 09:00:00+07:00,34.0,22.3,852.0,1.0
2023-05-19 10:00:00+07:00,29.7,19.4,415.0,1.0
2023-05-19 11:00:00+07:00,28.0,18.3,294.0,1.0
2023-05-19 12:00:00+07:00,27.6,18.1,270.0,2.0
2023-05-19 13:00:00+07:00,29.3,19.2,267.0,2.0
2023-05-19 14:00:00+07:00,30.5,20.0,235.0,2.0
2023-05-19 15:00:00+07:00,29.2,19.0,212.0,3.0
2023-05-19 16:00:00+07:00,29.2,19.0,243.0,3.0
2023-05-19 17:00:00+07:00,34.3,22.5,320.0,3.0
2023-05-19 18:00:00+07:00,40.7,27.4,438.0,2.0
2023-05-19 19:00:00+07:00,31.5,21.2,703.0,1.0
2023-05-19 20:00:00+07:00,38.3,26.1,1045.0,1.0
2023-05-19 21:00:00+07:00,41.8,28.6,1530.0,0.0
2023-05-19 22:00:00+07:00,43.4,29.7,2033.0,0.0
2023-05-19 23:00:00+07:00,42.6,29.2,2145.0,0.0
2023-05-20 00:00:00+07:00,40.5,27.8,2130.0,0.0
2023-05-20 01:00:00+07:00,38.1,26.1,2076.0,0.0
2023-05-20 02:00:00+07:00,36.0,24.8,2058.0,0.0
2023-05-20 03:00:00+07:00,34.7,24.0,2027.0,0.0
2023-05-20 04:00:00+07:00,33.8,23.4,1988.0,0.0
2023-05-20 05:00:00+07:00,33.2,23.1,2014.0,0.0
2023-05-20 06:00:00+07:00,33.4,23.2,2057.0,0.0
2023-05-20 07:00:00+07:00,30.3,20.8,1336.0,0.0
2023-05-20 08:00:00+07:00,28.9,19.5,1084.0,1.0
2023-05-20 09:00:00+07:00,22.7,14.7,725.0,2.0
2023-05-20 10:00:00+07:00,20.5,12.9,344.0,3.0
2023-05-20 11:00:00+07:00,20.5,12.6,243.0,4.0
2023-05-20 12:00:00+07:00,22.2,13.2,228.0,6.0
2023-05-20 13:00:00+07:00,22.2,13.3,232.0,7.0
2023-05-20 14:00:00+07:00,22.2,13.3,196.0,7.0
2023-05-20 15:00:00+07:00,21.8,13.0,163.0,8.0
2023-05-20 16:00:00+07:00,21.2,12.7,218.0,7.0
2023-05-20 17:00:00+07:00,21.4,12.9,385.0,5.0
2023-05-20 18:00:00+07:00,25.1,16.4,628.0,3.0
2023-05-20 19:00:00+07:00,30.3,20.5,773.0,1.0
2023-05-20 20:00:00+07:00,33.3,22.8,971.0,1.0
2023-05-20 21:00:00+07:00,33.4,22.9,1251.0,0.0
2023-05-20 22:00:00+07:00,33.1,22.6,1539.0,0.0
2023-05-20 23:00:00+07:00,32.1,22.1,1595.0,0.0
2023-05-21 00:00:00+07:00,31.1,21.2,1574.0,0.0
2023-05-21 01:00:00+07:00,30.9,21.1,1540.0,0.0
2023-05-21 02:00:00+07:00,31.7,21.7,1547.0,0.0
2023-05-21 03:00:00+07:00,32.9,22.6,1556.0,0.0
2023-05-21 04:00:00+07:00,33.4,23.1,1569.0,0.0
2023-05-21 05:00:00+07:00,33.2,23.0,1612.0,0.0
2023-05-21 06:00:00+07:00,33.9,23.5,1666.0,0.0
2023-05-21 07:00:00+07:00,32.5,22.4,1316.0,1.0
2023-05-21 08:00:00+07:00,36.1,24.1,1079.0,2.0
2023-05-21 09:00:00+07:00,31.9,20.5,743.0,3.0
2023-05-21 10:00:00+07:00,27.4,16.8,383.0,5.0
2023-05-21 11:00:00+07:00,25.0,15.3,280.0,5.0
2023-05-21 12:00:00+07:00,24.7,15.2,256.0,5.0
2023-05-21 13:00:00+07:00,24.3,15.0,250.0,5.0
2023-05-21 14:00:00+07:00,23.9,14.8,227.0,5.0
2023-05-21 15:00:00+07:00,23.5,14.6,212.0,5.0
2023-05-21 16:00:00+07:00,23.4,14.6,242.0,4.0
2023-05-21 17:00:00+07:00,23.7,14.8,319.0,3.0
2023-05-21 18:00:00+07:00,24.5,15.7,431.0,3.0
2023-05-21 19:00:00+07:00,34.3,23.0,702.0,2.0
2023-05-21 20:00:00+07:00,40.2,27.4,895.0,2.0
2023-05-21 21:00:00+07:00,41.7,28.7,1169.0,1.0
2023-05-21 22:00:00+07:00,38.9,26.6,1466.0,1.0
2023-05-21 23:00:00+07:00,36.9,25.3,1555.0,1.0
2023-05-22 00:00:00+07:00,36.9,25.3,1581.0,0.0
2023-05-22 01:00:00+07:00,36.4,25.2,1595.0,0.0
2023-05-22 02:00:00+07:00,36.8,25.5,1610.0,0.0
2023-05-22 03:00:00+07:00,37.4,26.0,1615.0,0.0
2023-05-22 04:00:00+07:00,37.3,25.8,1619.0,0.0
2023-05-22 05:00:00+07:00,36.9,25.6,1663.0,0.0
2023-05-22 06:00:00+07:00,37.3,25.9,1717.0,0.0
2023-05-22 07:00:00+07:00,33.5,23.2,1477.0,1.0
2023-05-22 08:00:00+07:00,30.9,20.7,1210.0,1.0
2023-05-22 09:00:00+07:00,26.4,17.0,830.0,2.0
2023-05-22 10:00:00+07:00,24.7,15.7,421.0,3.0
2023-05-22 11:00:00+07:00,24.4,15.5,302.0,3.0
2023-05-22 12:00:00+07:00,24.3,15.4,271.0,4.0
2023-05-22 13:00:00+07:00,24.4,15.4,259.0,4.0
2023-05-22 14:00:00+07:00,24.3,15.3,234.0,4.0
2023-05-22 15:00:00+07:00,23.5,14.6,221.0,5.0
2023-05-22 16:00:00+07:00,23.5,14.6,236.0,5.0
2023-05-22 17:00:00+07:00,26.1,16.6,281.0,4.0
2023-05-22 18:00:00+07:00,24.4,16.4,349.0,3.0
2023-05-22 19:00:00+07:00,31.4,21.4,494.0,2.0
2023-05-22 20:00:00+07:00,31.5,21.5,518.0,2.0
2023-05-22 21:00:00+07:00,31.0,21.4,551.0,1.0
2023-05-22 22:00:00+07:00,26.9,18.6,581.0,1.0
2023-05-22 23:00:00+07:00,23.9,16.6,578.0,1.0
2023-05-23 00:00:00+07:00,23.7,16.6,562.0,0.0
2023-05-23 01:00:00+07:00,23.6,16.5,547.0,0.0
2023-05-23 02:00:00+07:00,23.2,16.2,549.0,0.0
2023-05-23 03:00:00+07:00,24.0,16.9,557.0,0.0
2023-05-23 04:00:00+07:00,25.4,17.9,574.0,0.0
2023-05-23 05:00:00+07:00,26.8,18.8,601.0,0.0
2023-05-23 06:00:00+07:00,28.5,20.0,636.0,0.0
2023-05-23 07:00:00+07:00,24.8,17.2,634.0,1.0
2023-05-23 08:00:00+07:00,24.9,17.2,588.0,1.0
2023-05-23 09:00:00+07:00,26.8,18.1,523.0,2.0
2023-05-23 10:00:00+07:00,28.9,19.2,439.0,2.0
2023-05-23 11:00:00+07:00,28.5,18.9,388.0,2.0
2023-05-23 12:00:00+07:00,26.5,17.6,342.0,1.0
2023-05-23 13:00:00+07:00,25.1,16.6,293.0,1.0
2023-05-23 14:00:00+07:00,23.5,15.5,265.0,1.0
2023-05-23 15:00:00+07:00,22.1,14.5,245.0,1.0
2023-05-23 16:00:00+07:00,23.4,15.4,249.0,1.0
2023-05-23 17:00:00+07:00,24.4,16.3,290.0,1.0
2023-05-23 18:00:00+07:00,24.3,16.5,354.0,0.0
2023-05-23 19:00:00+07:00,33.4,22.6,474.0,1.0
2023-05-23 20:00:00+07:00,35.2,24.0,551.0,1.0
2023-05-23 21:00:00+07:00,34.7,24.0,660.0,0.0
2023-05-23 22:00:00+07:00,34.3,23.7,789.0,0.0
2023-05-23 23:00:00+07:00,34.5,23.9,851.0,0.0
2023-05-24 00:00:00+07:00,34.7,24.1,898.0,0.0
2023-05-24 01:00:00+07:00,35.6,24.7,940.0,0.0
2023-05-24 02:00:00+07:00,36.4,25.4,955.0,0.0
2023-05-24 03:00:00+07:00,36.1,25.1,956.0,0.0
2023-05-24 04:00:00+07:00,34.2,23.9,946.0,0.0
2023-05-24 05:00:00+07:00,33.2,23.2,943.0,0.0
2023-05-24 06:00:00+07:00,33.8,23.6,936.0,0.0
2023-05-24 07:00:00+07:00,27.3,19.0,709.0,0.0
2023-05-24 08:00:00+07:00,25.3,17.3,633.0,0.0
2023-05-24 09:00:00+07:00,25.0,16.9,525.0,1.0
2023-05-24 10:00:00+07:00,26.3,17.5,401.0,1.0
2023-05-24 11:00:00+07:00,27.2,18.0,352.0,1.0
2023-05-24 12:00:00+07:00,25.7,16.9,322.0,2.0
2023-05-24 13:00:00+07:00,26.3,17.4,294.0,2.0
2023-05-24 14:00:00+07:00,26.0,17.2,273.0,2.0
2023-05-24 15:00:00+07:00,27.1,18.0,258.0,1.0
2023-05-24 16:00:00+07:00,27.8,18.7,259.0,1.0
2023-05-24 17:00:00+07:00,26.1,17.7,281.0,1.0
2023-05-24 18:00:00+07:00,25.1,17.1,318.0,0.0
2023-05-24 19:00:00+07:00,24.0,16.1,473.0,0.0
2023-05-24 20:00:00+07:00,28.9,19.7,621.0,0.0
2023-05-24 21:00:00+07:00,28.1,19.4,832.0,0.0
2023-05-24 22:00:00+07:00,26.7,18.4,1068.0,0.0
2023-05-24 23:00:00+07:00,26.3,18.2,1156.0,0.0
2023-05-25 00:00:00+07:00,27.4,19.0,1204.0,0.0
2023-05-25 01:00:00+07:00,28.5,19.8,1239.0,0.0
2023-05-25 02:00:00+07:00,29.2,20.3,1249.0,0.0
2023-05-25 03:00:00+07:00,30.3,21.1,1241.0,0.0
2023-05-25 04:00:00+07:00,31.3,21.8,1233.0,0.0
2023-05-25 05:00:00+07:00,32.4,22.6,1268.0,0.0
2023-05-25 06:00:00+07:00,33.9,23.6,1314.0,0.0
2023-05-25 07:00:00+07:00,32.6,22.7,1270.0,0.0
2023-05-25 08:00:00+07:00,27.3,18.5,1039.0,0.0
2023-05-25 09:00:00+07:00,27.2,18.0,712.0,1.0
2023-05-25 10:00:00+07:00,28.5,18.7,365.0,2.0
2023-05-25 11:00:00+07:00,29.4,19.2,275.0,3.0
2023-05-25 12:00:00+07:00,30.7,19.8,265.0,4.0
2023-05-25 13:00:00+07:00,32.1,20.7,271.0,5.0
2023-05-25 14:00:00+07:00,33.2,21.2,250.0,6.0
2023-05-25 15:00:00+07:00,33.3,21.2,233.0,6.0
2023-05-25 16:00:00+07:00,32.0,20.5,236.0,6.0
2023-05-25 17:00:00+07:00,29.2,18.9,265.0,5.0
2023-05-25 18:00:00+07:00,27.8,18.2,311.0,3.0
2023-05-25 19:00:00+07:00,28.1,18.8,370.0,1.0
2023-05-25 20:00:00+07:00,30.5,20.6,484.0,1.0
2023-05-25 21:00:00+07:00,30.5,20.6,648.0,0.0
2023-05-25 22:00:00+07:00,31.9,21.7,854.0,0.0
2023-05-25 23:00:00+07:00,34.1,23.3,978.0,0.0
2023-05-26 00:00:00+07:00,34.6,23.6,1092.0,0.0
2023-05-26 01:00:00+07:00,33.4,23.2,1193.0,0.0
2023-05-26 02:00:00+07:00,32.8,22.8,1214.0,0.0
2023-05-26 03:00:00+07:00,32.7,22.7,1198.0,0.0
2023-05-26 04:00:00+07:00,32.6,22.6,1155.0,0.0
2023-05-26 05:00:00+07:00,31.9,22.2,1129.0,0.0
2023-05-26 06:00:00+07:00,31.0,21.5,1093.0,0.0
2023-05-26 07:00:00+07:00,32.5,22.5,1147.0,0.0
2023-05-26 08:00:00+07:00,22.9,15.0,924.0,0.0
2023-05-26 09:00:00+07:00,19.7,12.5,608.0,1.0
2023-05-26 10:00:00+07:00,18.0,11.3,277.0,2.0
2023-05-26 11:00:00+07:00,17.6,11.1,201.0,2.0
2023-05-26 12:00:00+07:00,19.7,12.3,206.0,3.0
2023-05-26 13:00:00+07:00,20.0,12.5,230.0,3.0
2023-05-26 14:00:00+07:00,17.7,11.3,217.0,3.0
2023-05-26 15:00:00+07:00,17.0,10.7,205.0,3.0
2023-05-26 16:00:00+07:00,16.4,10.3,223.0,3.0
2023-05-26 17:00:00+07:00,15.8,9.9,269.0,2.0
2023-05-26 18:00:00+07:00,17.1,10.9,338.0,2.0
2023-05-26 19:00:00+07:00,33.5,22.8,486.0,2.0
2023-05-26 20:00:00+07:00,37.1,25.4,595.0,2.0
2023-05-26 21:00:00+07:00,34.3,23.6,749.0,1.0
2023-05-26 22:00:00+07:00,31.7,21.8,904.0,1.0
2023-05-26 23:00:00+07:00,29.8,20.5,927.0,1.0
2023-05-27 00:00:00+07:00,28.9,19.9,905.0,0.0
2023-05-27 01:00:00+07:00,28.5,19.6,873.0,0.0
2023-05-27 02:00:00+07:00,28.1,19.3,868.0,0.0
2023-05-27 03:00:00+07:00,28.2,19.3,866.0,0.0
2023-05-27 04:00:00+07:00,27.7,19.2,871.0,0.0
2023-05-27 05:00:00+07:00,27.5,19.1,906.0,0.0
2023-05-27 06:00:00+07:00,27.8,19.4,953.0,0.0
2023-05-27 07:00:00+07:00,31.3,21.6,1087.0,0.0
2023-05-27 08:00:00+07:00,25.5,17.1,886.0,0.0
2023-05-27 09:00:00+07:00,22.2,14.5,600.0,1.0
2023-05-27 10:00:00+07:00,20.8,13.4,300.0,1.0
2023-05-27 11:00:00+07:00,21.4,13.8,227.0,1.0
2023-05-27 12:00:00+07:00,21.6,14.0,227.0,2.0
2023-05-27 13:00:00+07:00,21.2,13.8,241.0,2.0
2023-05-27 14:00:00+07:00,20.7,13.5,225.0,2.0
2023-05-27 15:00:00+07:00,19.7,12.8,212.0,1.0
2023-05-27 16:00:00+07:00,18.7,12.1,225.0,1.0
2023-05-27 17:00:00+07:00,18.9,12.4,266.0,1.0
2023-05-27 18:00:00+07:00,19.4,12.8,328.0,0.0
2023-05-27 19:00:00+07:00,31.3,21.1,414.0,1.0
2023-05-27 20:00:00+07:00,38.5,26.0,569.0,1.0
2023-05-27 21:00:00+07:00,37.8,25.6,790.0,1.0
2023-05-27 22:00:00+07:00,36.6,24.8,1032.0,1.0
2023-05-27 23:00:00+07:00,36.3,25.0,1110.0,1.0
2023-05-28 00:00:00+07:00,35.3,24.4,1141.0,0.0
2023-05-28 01:00:00+07:00,35.0,24.3,1161.0,0.0
2023-05-28 02:00:00+07:00,35.0,24.3,1171.0,0.0
2023-05-28 03:00:00+07:00,35.6,24.7,1169.0,0.0
2023-05-28 04:00:00+07:00,36.0,25.0,1175.0,0.0
2023-05-28 05:00:00+07:00,36.2,25.1,1230.0,0.0
2023-05-28 06:00:00+07:00,35.7,24.7,1303.0,0.0
2023-05-28 07:00:00+07:00,28.8,20.0,911.0,0.0
2023-05-28 08:00:00+07:00,25.9,17.5,763.0,0.0
2023-05-28 09:00:00+07:00,24.8,16.3,553.0,1.0
2023-05-28 10:00:00+07:00,24.3,15.9,333.0,1.0
2023-05-28 11:00:00+07:00,23.5,15.4,279.0,1.0
2023-05-28 12:00:00+07:00,23.1,15.2,278.0,1.0
2023-05-28 13:00:00+07:00,23.7,15.7,292.0,1.0
2023-05-28 14:00:00+07:00,24.4,16.2,292.0,1.0
2023-05-28 15:00:00+07:00,24.4,16.2,298.0,2.0
2023-05-28 16:00:00+07:00,24.6,16.2,317.0,2.0
2023-05-28 17:00:00+07:00,25.3,16.7,332.0,2.0
2023-05-28 18:00:00+07:00,25.6,17.2,351.0,1.0
2023-05-28 19:00:00+07:00,28.6,19.4,527.0,1.0
2023-05-28 20:00:00+07:00,30.7,21.0,619.0,1.0
2023-05-28 21:00:00+07:00,31.8,21.8,750.0,0.0
2023-05-28 22:00:00+07:00,32.9,22.6,929.0,0.0
2023-05-28 23:00:00+07:00,36.2,25.1,1060.0,0.0
2023-05-29 00:00:00+07:00,39.3,27.4,1194.0,0.0
2023-05-29 01:00:00+07:00,40.5,28.2,1313.0,0.0
2023-05-29 02:00:00+07:00,39.0,27.1,1325.0,0.0
2023-05-29 03:00:00+07:00,43.9,30.3,1291.0,0.0
2023-05-29 04:00:00+07:00,44.9,31.2,1233.0,0.0
2023-05-29 05:00:00+07:00,44.8,31.1,1210.0,0.0
2023-05-29 06:00:00+07:00,42.5,29.5,1186.0,0.0
2023-05-29 07:00:00+07:00,55.3,38.5,1866.0,0.0
2023-05-29 08:00:00+07:00,44.5,30.4,1542.0,0.0
2023-05-29 09:00:00+07:00,39.3,26.5,1083.0,1.0
2023-05-29 10:00:00+07:00,38.2,25.7,601.0,1.0
2023-05-29 11:00:00+07:00,38.3,25.9,487.0,1.0
2023-05-29 12:00:00+07:00,39.1,26.5,489.0,1.0
2023-05-29 13:00:00+07:00,43.0,29.5,519.0,1.0
2023-05-29 14:00:00+07:00,42.8,29.5,510.0,1.0
2023-05-29 15:00:00+07:00,39.9,27.5,509.0,1.0
2023-05-29 16:00:00+07:00,38.1,26.2,523.0,1.0
2023-05-29 17:00:00+07:00,36.9,25.4,508.0,1.0
2023-05-29 18:00:00+07:00,37.0,25.5,492.0,0.0
2023-05-29 19:00:00+07:00,40.7,28.0,738.0,0.0
2023-05-29 20:00:00+07:00,47.0,32.5,941.0,0.0
2023-05-29 21:00:00+07:00,47.8,33.1,1228.0,0.0
2023-05-29 22:00:00+07:00,54.6,37.8,1519.0,0.0
2023-05-29 23:00:00+07:00,56.9,39.7,1563.0,0.0
2023-05-30 00:00:00+07:00,55.2,38.5,1524.0,0.0
2023-05-30 01:00:00+07:00,53.6,37.4,1480.0,0.0
2023-05-30 02:00:00+07:00,53.6,37.4,1498.0,0.0
2023-05-30 03:00:00+07:00,56.1,39.1,1531.0,0.0
2023-05-30 04:00:00+07:00,58.6,40.9,1596.0,0.0
2023-05-30 05:00:00+07:00,60.5,42.4,1710.0,0.0
2023-05-30 06:00:00+07:00,60.1,42.0,1851.0,0.0
2023-05-30 07:00:00+07:00,70.8,49.2,2426.0,0.0
2023-05-30 08:00:00+07:00,50.2,34.6,1976.0,0.0
2023-05-30 09:00:00+07:00,40.2,27.7,1337.0,0.0
2023-05-30 10:00:00+07:00,29.7,20.4,654.0,0.0
2023-05-30 11:00:00+07:00,25.0,17.2,467.0,0.0
2023-05-30 12:00:00+07:00,23.0,15.8,430.0,0.0
2023-05-30 13:00:00+07:00,21.9,15.0,422.0,0.0
2023-05-30 14:00:00+07:00,21.1,14.4,377.0,0.0
2023-05-30 15:00:00+07:00,20.6,14.1,345.0,0.0
2023-05-30 16:00:00+07:00,19.3,13.2,336.0,0.0
2023-05-30 17:00:00+07:00,19.3,13.2,357.0,0.0
2023-05-30 18:00:00+07:00,20.1,13.8,400.0,0.0
2023-05-30 19:00:00+07:00,25.9,17.8,536.0,0.0
2023-05-30 20:00:00+07:00,32.6,22.5,771.0,0.0
2023-05-30 21:00:00+07:00,37.0,25.7,1103.0,0.0
2023-05-30 22:00:00+07:00,36.9,25.6,1394.0,0.0
2023-05-30 23:00:00+07:00,32.6,22.7,1342.0,0.0
2023-05-31 00:00:00+07:00,31.4,21.9,1158.0,0.0
2023-05-31 01:00:00+07:00,32.1,22.4,961.0,0.0
2023-05-31 02:00:00+07:00,32.9,22.9,952.0,0.0
2023-05-31 03:00:00+07:00,34.7,24.2,995.0,0.0
2023-05-31 04:00:00+07:00,36.9,25.7,1060.0,0.0
2023-05-31 05:00:00+07:00,38.9,27.1,1114.0,0.0
2023-05-31 06:00:00+07:00,40.3,28.2,1174.0,0.0
2023-05-31 07:00:00+07:00,45.2,31.5,1281.0,0.0
2023-05-31 08:00:00+07:00,36.9,25.6,1071.0,0.0
2023-05-31 09:00:00+07:00,27.0,18.6,771.0,0.0
2023-05-31 10:00:00+07:00,22.1,15.1,444.0,0.0
2023-05-31 11:00:00+07:00,20.3,13.9,338.0,0.0
2023-05-31 12:00:00+07:00,19.2,13.1,296.0,0.0
2023-05-31 13:00:00+07:00,18.2,12.5,268.0,0.0
2023-05-31 14:00:00+07:00,17.2,11.8,244.0,0.0
2023-05-31 15:00:00+07:00,16.2,11.1,233.0,0.0
2023-05-31 16:00:00+07:00,15.4,10.6,237.0,0.0
2023-05-31 17:00:00+07:00,14.8,10.2,238.0,0.0
2023-05-31 18:00:00+07:00,14.4,9.9,246.0,0.0
2023-05-31 19:00:00+07:00,15.9,10.9,344.0,0.0
2023-05-31 20:00:00+07:00,15.9,11.0,417.0,0.0
2023-05-31 21:00:00+07:00,17.9,12.4,521.0,0.0
2023-05-31 22:00:00+07:00,18.0,12.5,646.0,0.0
2023-05-31 23:00:00+07:00,19.2,13.4,707.0,0.0
2023-06-01 00:00:00+07:00,20.3,14.2,756.0,0.0
2023-06-01 01:00:00+07:00,21.6,15.1,804.0,0.0
2023-06-01 02:00:00+07:00,22.4,15.7,829.0,0.0
2023-06-01 03:00:00+07:00,23.2,16.2,845.0,0.0
2023-06-01 04:00:00+07:00,23.9,16.7,852.0,0.0
2023-06-01 05:00:00+07:00,24.1,16.8,859.0,0.0
2023-06-01 06:00:00+07:00,25.6,17.9,861.0,0.0
2023-06-01 07:00:00+07:00,17.4,12.1,825.0,0.0
2023-06-01 08:00:00+07:00,10.1,7.0,702.0,0.0
2023-06-01 09:00:00+07:00,8.2,5.7,528.0,0.0
2023-06-01 10:00:00+07:00,8.3,5.7,340.0,0.0
2023-06-01 11:00:00+07:00,8.7,6.0,286.0,0.0
2023-06-01 12:00:00+07:00,9.1,6.3,273.0,0.0
2023-06-01 13:00:00+07:00,9.2,6.4,267.0,0.0
2023-06-01 14:00:00+07:00,8.7,6.1,250.0,0.0
2023-06-01 15:00:00+07:00,8.1,5.6,236.0,0.0
2023-06-01 16:00:00+07:00,11.0,7.7,240.0,0.0
2023-06-01 17:00:00+07:00,10.3,7.2,254.0,0.0
2023-06-01 18:00:00+07:00,10.1,7.0,281.0,0.0
2023-06-01 19:00:00+07:00,17.9,12.5,516.0,0.0
2023-06-01 20:00:00+07:00,18.2,12.7,601.0,0.0
2023-06-01 21:00:00+07:00,18.9,13.2,722.0,0.0
2023-06-01 22:00:00+07:00,21.2,14.9,852.0,0.0
2023-06-01 23:00:00+07:00,24.8,17.3,887.0,0.0
2023-06-02 00:00:00+07:00,23.8,16.6,892.0,0.0
2023-06-02 01:00:00+07:00,22.8,15.9,898.0,0.0
2023-06-02 02:00:00+07:00,23.8,16.6,921.0,0.0
2023-06-02 03:00:00+07:00,25.3,17.7,947.0,0.0
2023-06-02 04:00:00+07:00,25.9,18.1,960.0,0.0
2023-06-02 05:00:00+07:00,25.1,17.6,950.0,0.0
2023-06-02 06:00:00+07:00,25.0,17.5,926.0,0.0
2023-06-02 07:00:00+07:00,23.6,16.5,901.0,0.0
2023-06-02 08:00:00+07:00,15.8,11.0,756.0,0.0
2023-06-02 09:00:00+07:00,12.5,8.7,550.0,0.0
2023-06-02 10:00:00+07:00,11.9,8.3,328.0,0.0
2023-06-02 11:00:00+07:00,11.5,7.9,264.0,0.0
2023-06-02 12:00:00+07:00,11.3,7.8,248.0,0.0
2023-06-02 13:00:00+07:00,11.1,7.6,242.0,0.0
2023-06-02 14:00:00+07:00,10.9,7.5,227.0,0.0
2023-06-02 15:00:00+07:00,10.2,7.0,216.0,0.0
2023-06-02 16:00:00+07:00,10.9,7.5,219.0,0.0
2023-06-02 17:00:00+07:00,9.2,6.3,205.0,0.0
2023-06-02 18:00:00+07:00,8.4,5.7,192.0,0.0
2023-06-02 19:00:00+07:00,13.6,9.4,312.0,0.0
2023-06-02 20:00:00+07:00,20.1,14.0,648.0,0.0
2023-06-02 21:00:00+07:00,25.2,17.6,1124.0,0.0
2023-06-02 22:00:00+07:00,28.7,20.1,1622.0,0.0
2023-06-02 23:00:00+07:00,31.4,21.9,1750.0,0.0
2023-06-03 00:00:00+07:00,32.6,22.8,1761.0,0.0
2023-06-03 01:00:00+07:00,31.3,21.9,1696.0,0.0
2023-06-03 02:00:00+07:00,30.2,21.1,1602.0,0.0
2023-06-03 03:00:00+07:00,28.8,20.1,1457.0,0.0
2023-06-03 04:00:00+07:00,27.5,19.2,1283.0,0.0
2023-06-03 05:00:00+07:00,26.5,18.5,1223.0,0.0
2023-06-03 06:00:00+07:00,26.7,18.6,1188.0,0.0
2023-06-03 07:00:00+07:00,27.2,18.9,1150.0,0.0
2023-06-03 08:00:00+07:00,17.3,11.7,938.0,0.0
2023-06-03 09:00:00+07:00,13.8,9.2,636.0,1.0
2023-06-03 10:00:00+07:00,12.9,8.6,313.0,1.0
2023-06-03 11:00:00+07:00,11.7,7.9,223.0,1.0
2023-06-03 12:00:00+07:00,10.9,7.3,205.0,1.0
2023-06-03 13:00:00+07:00,10.5,7.0,203.0,1.0
2023-06-03 14:00:00+07:00,12.8,8.6,189.0,1.0
2023-06-03 15:00:00+07:00,15.2,10.4,183.0,1.0
2023-06-03 16:00:00+07:00,12.6,8.5,193.0,1.0
2023-06-03 17:00:00+07:00,11.9,8.0,197.0,1.0
2023-06-03 18:00:00+07:00,12.6,8.5,208.0,0.0
2023-06-03 19:00:00+07:00,16.8,11.6,335.0,0.0
2023-06-03 20:00:00+07:00,24.9,17.2,739.0,0.0
2023-06-03 21:00:00+07:00,31.2,21.7,1313.0,0.0
2023-06-03 22:00:00+07:00,35.2,24.4,1908.0,0.0
2023-06-03 23:00:00+07:00,34.3,23.9,2040.0,0.0
2023-06-04 00:00:00+07:00,33.8,23.6,2021.0,0.0
2023-06-04 01:00:00+07:00,34.8,24.3,1951.0,0.0
2023-06-04 02:00:00+07:00,34.3,24.0,1914.0,0.0
2023-06-04 03:00:00+07:00,33.9,23.6,1857.0,0.0
2023-06-04 04:00:00+07:00,33.3,23.2,1798.0,0.0
2023-06-04 05:00:00+07:00,33.2,23.2,1833.0,0.0
2023-06-04 06:00:00+07:00,33.3,23.2,1896.0,0.0
2023-06-04 07:00:00+07:00,34.3,23.9,1862.0,0.0
2023-06-04 08:00:00+07:00,23.3,15.8,1463.0,0.0
2023-06-04 09:00:00+07:00,15.3,10.1,898.0,1.0
2023-06-04 10:00:00+07:00,12.3,8.1,305.0,1.0
2023-06-04 11:00:00+07:00,11.4,7.5,165.0,1.0
2023-06-04 12:00:00+07:00,10.4,6.9,168.0,1.0
2023-06-04 13:00:00+07:00,12.8,8.5,204.0,1.0
2023-06-04 14:00:00+07:00,9.2,6.2,191.0,1.0
2023-06-04 15:00:00+07:00,12.5,8.6,186.0,0.0
2023-06-04 16:00:00+07:00,10.0,6.9,195.0,0.0
2023-06-04 17:00:00+07:00,8.3,5.7,195.0,0.0
2023-06-04 18:00:00+07:00,7.8,5.4,199.0,0.0
2023-06-04 19:00:00+07:00,20.5,14.3,539.0,0.0
2023-06-04 20:00:00+07:00,21.0,14.6,563.0,0.0
2023-06-04 21:00:00+07:00,19.2,13.3,596.0,0.0
2023-06-04 22:00:00+07:00,18.7,13.0,627.0,0.0
2023-06-04 23:00:00+07:00,18.1,12.6,624.0,0.0
2023-06-05 00:00:00+07:00,18.7,13.1,608.0,0.0
2023-06-05 01:00:00+07:00,19.2,13.4,593.0,0.0
2023-06-05 02:00:00+07:00,20.0,13.9,599.0,0.0
2023-06-05 03:00:00+07:00,20.8,14.6,611.0,0.0
2023-06-05 04:00:00+07:00,21.0,14.7,618.0,0.0
2023-06-05 05:00:00+07:00,21.5,15.1,613.0,0.0
2023-06-05 06:00:00+07:00,21.9,15.3,601.0,0.0
2023-06-05 07:00:00+07:00,23.0,16.1,726.0,0.0
2023-06-05 08:00:00+07:00,15.0,10.4,616.0,0.0
2023-06-05 09:00:00+07:00,9.7,6.6,461.0,0.0
2023-06-05 10:00:00+07:00,9.2,6.3,296.0,0.0
2023-06-05 11:00:00+07:00,10.0,6.8,254.0,0.0
2023-06-05 12:00:00+07:00,11.1,7.5,251.0,0.0
2023-06-05 13:00:00+07:00,12.3,8.4,254.0,0.0
2023-06-05 14:00:00+07:00,13.2,9.1,240.0,0.0
2023-06-05 15:00:00+07:00,12.1,8.3,226.0,0.0
2023-06-05 16:00:00+07:00,10.5,7.1,226.0,0.0
2023-06-05 17:00:00+07:00,9.1,6.2,230.0,0.0
2023-06-05 18:00:00+07:00,8.9,6.0,244.0,0.0
2023-06-05 19:00:00+07:00,15.5,10.7,295.0,0.0
2023-06-05 20:00:00+07:00,19.3,13.4,418.0,0.0
2023-06-05 21:00:00+07:00,19.7,13.7,594.0,0.0
2023-06-05 22:00:00+07:00,23.5,16.2,812.0,0.0
2023-06-05 23:00:00+07:00,27.5,19.1,937.0,0.0
2023-06-06 00:00:00+07:00,29.5,20.5,1047.0,0.0
2023-06-06 01:00:00+07:00,31.7,22.1,1143.0,0.0
2023-06-06 02:00:00+07:00,32.2,22.5,1158.0,0.0
2023-06-06 03:00:00+07:00,33.3,23.2,1136.0,0.0
2023-06-06 04:00:00+07:00,33.9,23.6,1096.0,0.0
2023-06-06 05:00:00+07:00,34.7,24.2,1088.0,0.0
2023-06-06 06:00:00+07:00,35.2,24.5,1080.0,0.0
2023-06-06 07:00:00+07:00,28.1,19.6,972.0,0.0
2023-06-06 08:00:00+07:00,20.8,14.4,827.0,0.0
2023-06-06 09:00:00+07:00,16.4,11.2,620.0,0.0
2023-06-06 10:00:00+07:00,14.8,10.0,398.0,0.0
2023-06-06 11:00:00+07:00,14.2,9.7,334.0,0.0
2023-06-06 12:00:00+07:00,14.2,9.7,318.0,0.0
2023-06-06 13:00:00+07:00,15.5,10.5,310.0,0.0
2023-06-06 14:00:00+07:00,16.0,10.9,287.0,0.0
2023-06-06 15:00:00+07:00,14.7,10.0,268.0,0.0
2023-06-06 16:00:00+07:00,15.7,10.7,278.0,0.0
2023-06-06 17:00:00+07:00,12.9,8.8,333.0,0.0
2023-06-06 18:00:00+07:00,13.7,9.5,416.0,0.0
2023-06-06 19:00:00+07:00,22.9,16.0,597.0,0.0
2023-06-06 20:00:00+07:00,23.6,16.5,690.0,0.0
2023-06-06 21:00:00+07:00,25.7,17.9,823.0,0.0
2023-06-06 22:00:00+07:00,28.9,20.1,962.0,0.0
2023-06-06 23:00:00+07:00,31.7,22.1,1001.0,0.0
2023-06-07 00:00:00+07:00,31.0,21.6,1008.0,0.0
2023-06-07 01:00:00+07:00,34.2,23.9,986.0,0.0
2023-06-07 02:00:00+07:00,31.5,22.0,945.0,0.0
2023-06-07 03:00:00+07:00,28.9,20.2,883.0,0.0
2023-06-07 04:00:00+07:00,26.6,18.6,794.0,0.0
2023-06-07 05:00:00+07:00,20.7,14.4,729.0,0.0
2023-06-07 06:00:00+07:00,19.0,13.2,660.0,0.0
2023-06-07 07:00:00+07:00,11.3,7.9,427.0,0.0
2023-06-07 08:00:00+07:00,10.3,7.2,392.0,0.0
2023-06-07 09:00:00+07:00,8.5,5.9,343.0,0.0
2023-06-07 10:00:00+07:00,7.7,5.3,288.0,0.0
2023-06-07 11:00:00+07:00,8.1,5.6,266.0,0.0
2023-06-07 12:00:00+07:00,12.2,8.4,253.0,0.0
2023-06-07 13:00:00+07:00,10.1,7.0,245.0,0.0
2023-06-07 14:00:00+07:00,14.9,10.2,241.0,0.0
2023-06-07 15:00:00+07:00,12.5,8.6,242.0,0.0
2023-06-07 16:00:00+07:00,12.3,8.5,272.0,0.0
2023-06-07 17:00:00+07:00,12.8,8.9,322.0,0.0
2023-06-07 18:00:00+07:00,12.3,8.5,392.0,0.0
2023-06-07 19:00:00+07:00,24.6,17.1,560.0,0.0
2023-06-07 20:00:00+07:00,28.7,20.0,768.0,0.0
2023-06-07 21:00:00+07:00,31.9,22.2,1062.0,0.0
2023-06-07 22:00:00+07:00,31.2,21.7,1341.0,0.0
2023-06-07 23:00:00+07:00,30.6,21.3,1348.0,0.0
2023-06-08 00:00:00+07:00,30.3,21.1,1257.0,0.0
2023-06-08 01:00:00+07:00,30.4,21.2,1136.0,0.0
2023-06-08 02:00:00+07:00,31.9,22.2,1103.0,0.0
2023-06-08 03:00:00+07:00,32.6,22.7,1081.0,0.0
2023-06-08 04:00:00+07:00,30.3,21.0,1042.0,0.0
2023-06-08 05:00:00+07:00,30.0,20.8,1002.0,0.0
2023-06-08 06:00:00+07:00,28.5,19.8,956.0,0.0
2023-06-08 07:00:00+07:00,20.3,14.1,743.0,0.0
2023-06-08 08:00:00+07:00,16.6,11.6,624.0,0.0
2023-06-08 09:00:00+07:00,11.4,7.9,454.0,0.0
2023-06-08 10:00:00+07:00,7.5,5.2,275.0,0.0
2023-06-08 11:00:00+07:00,7.6,5.3,227.0,0.0
2023-06-08 12:00:00+07:00,12.4,8.7,220.0,0.0
2023-06-08 13:00:00+07:00,10.8,7.5,234.0,0.0
2023-06-08 14:00:00+07:00,10.2,7.2,243.0,0.0
2023-06-08 15:00:00+07:00,15.8,11.1,263.0,0.0
2023-06-08 16:00:00+07:00,12.4,8.7,330.0,0.0
2023-06-08 17:00:00+07:00,11.5,8.0,397.0,0.0
2023-06-08 18:00:00+07:00,10.8,7.6,486.0,0.0
2023-06-08 19:00:00+07:00,23.3,16.3,765.0,0.0
2023-06-08 20:00:00+07:00,26.1,18.3,996.0,0.0
2023-06-08 21:00:00+07:00,30.2,21.1,1324.0,0.0
2023-06-08 22:00:00+07:00,35.2,24.6,1647.0,0.0
2023-06-08 23:00:00+07:00,37.5,26.3,1687.0,0.0
2023-06-09 00:00:00+07:00,32.7,22.9,1629.0,0.0
2023-06-09 01:00:00+07:00,30.2,21.1,1525.0,0.0
2023-06-09 02:00:00+07:00,27.9,19.6,1481.0,0.0
2023-06-09 03:00:00+07:00,28.9,20.2,1431.0,0.0
2023-06-09 04:00:00+07:00,28.3,19.8,1308.0,0.0
2023-06-09 05:00:00+07:00,21.9,15.3,1132.0,0.0
2023-06-09 06:00:00+07:00,18.0,12.6,910.0,0.0
2023-06-09 07:00:00+07:00,17.7,12.3,817.0,0.0
2023-06-09 08:00:00+07:00,14.9,10.4,728.0,0.0
2023-06-09 09:00:00+07:00,13.0,9.1,601.0,0.0
2023-06-09 10:00:00+07:00,12.3,8.5,449.0,0.0
2023-06-09 11:00:00+07:00,10.8,7.5,374.0,0.0
2023-06-09 12:00:00+07:00,10.9,7.5,315.0,0.0
2023-06-09 13:00:00+07:00,10.7,7.4,259.0,0.0
2023-06-09 14:00:00+07:00,9.7,6.6,223.0,0.0
2023-06-09 15:00:00+07:00,9.2,6.3,198.0,0.0
2023-06-09 16:00:00+07:00,10.2,7.0,227.0,0.0
2023-06-09 17:00:00+07:00,9.5,6.5,319.0,0.0
2023-06-09 18:00:00+07:00,9.7,6.7,456.0,0.0
2023-06-09 19:00:00+07:00,18.8,13.0,602.0,0.0
2023-06-09 20:00:00+07:00,24.6,17.1,774.0,0.0
2023-06-09 21:00:00+07:00,25.4,17.8,1020.0,0.0
2023-06-09 22:00:00+07:00,28.1,19.6,1289.0,0.0
2023-06-09 23:00:00+07:00,29.3,20.5,1373.0,0.0
2023-06-10 00:00:00+07:00,29.8,20.8,1403.0,0.0
2023-06-10 01:00:00+07:00,30.6,21.4,1441.0,0.0
2023-06-10 02:00:00+07:00,31.9,22.3,1503.0,0.0
2023-06-10 03:00:00+07:00,33.5,23.5,1572.0,0.0
2023-06-10 04:00:00+07:00,36.1,25.2,1627.0,0.0
2023-06-10 05:00:00+07:00,37.5,26.3,1649.0,0.0
2023-06-10 06:00:00+07:00,35.7,25.0,1652.0,0.0
2023-06-10 07:00:00+07:00,31.4,22.0,1648.0,0.0
2023-06-10 08:00:00+07:00,23.7,16.5,1331.0,0.0
2023-06-10 09:00:00+07:00,17.2,11.9,880.0,0.0
2023-06-10 10:00:00+07:00,12.5,8.6,407.0,0.0
2023-06-10 11:00:00+07:00,20.7,14.3,295.0,0.0
2023-06-10 12:00:00+07:00,13.8,9.5,297.0,0.0
2023-06-10 13:00:00+07:00,22.5,15.6,319.0,0.0
2023-06-10 14:00:00+07:00,16.7,11.5,289.0,0.0
2023-06-10 15:00:00+07:00,15.5,10.7,258.0,0.0
2023-06-10 16:00:00+07:00,12.5,8.6,260.0,0.0
2023-06-10 17:00:00+07:00,13.4,9.1,286.0,0.0
2023-06-10 18:00:00+07:00,12.7,8.8,335.0,0.0
2023-06-10 19:00:00+07:00,33.3,23.1,807.0,0.0
2023-06-10 20:00:00+07:00,38.0,26.4,1069.0,0.0
2023-06-10 21:00:00+07:00,40.0,27.9,1444.0,0.0
2023-06-10 22:00:00+07:00,43.4,30.3,1890.0,0.0
2023-06-10 23:00:00+07:00,49.1,34.1,2118.0,0.0
2023-06-11 00:00:00+07:00,45.4,31.7,2300.0,0.0
2023-06-11 01:00:00+07:00,45.4,31.7,2428.0,0.0
2023-06-11 02:00:00+07:00,42.3,29.5,2400.0,0.0
2023-06-11 03:00:00+07:00,41.2,28.8,2290.0,0.0
2023-06-11 04:00:00+07:00,41.3,28.9,2116.0,0.0
2023-06-11 05:00:00+07:00,40.6,28.4,2021.0,0.0
2023-06-11 06:00:00+07:00,40.6,28.4,1922.0,0.0
2023-06-11 07:00:00+07:00,36.0,25.1,1739.0,0.0
2023-06-11 08:00:00+07:00,26.3,18.2,1399.0,0.0
2023-06-11 09:00:00+07:00,17.5,12.1,915.0,0.0
2023-06-11 10:00:00+07:00,12.1,8.4,404.0,0.0
2023-06-11 11:00:00+07:00,10.6,7.3,276.0,0.0
2023-06-11 12:00:00+07:00,9.2,6.3,266.0,0.0
2023-06-11 13:00:00+07:00,14.4,10.0,279.0,0.0
2023-06-11 14:00:00+07:00,11.0,7.6,248.0,0.0
2023-06-11 15:00:00+07:00,10.0,6.9,221.0,0.0
2023-06-11 16:00:00+07:00,8.6,5.9,219.0,0.0
2023-06-11 17:00:00+07:00,7.9,5.4,232.0,0.0
2023-06-11 18:00:00+07:00,8.1,5.6,262.0,0.0
2023-06-11 19:00:00+07:00,18.5,13.0,583.0,0.0
2023-06-11 20:00:00+07:00,24.7,17.3,746.0,0.0
2023-06-11 21:00:00+07:00,25.0,17.5,981.0,0.0
2023-06-11 22:00:00+07:00,26.5,18.5,1308.0,0.0
2023-06-11 23:00:00+07:00,30.5,21.4,1566.0,0.0
2023-06-12 00:00:00+07:00,34.1,23.9,1836.0,0.0
2023-06-12 01:00:00+07:00,36.6,25.6,2064.0,0.0
2023-06-12 02:00:00+07:00,38.6,27.1,2066.0,0.0
2023-06-12 03:00:00+07:00,38.1,26.6,1967.0,0.0
2023-06-12 04:00:00+07:00,32.4,22.6,1764.0,0.0
2023-06-12 05:00:00+07:00,31.2,21.8,1570.0,0.0
2023-06-12 06:00:00+07:00,32.4,22.6,1331.0,0.0
2023-06-12 07:00:00+07:00,29.9,20.8,1357.0,0.0
2023-06-12 08:00:00+07:00,17.9,12.4,1089.0,0.0
2023-06-12 09:00:00+07:00,12.5,8.6,708.0,0.0
2023-06-12 10:00:00+07:00,13.7,9.4,308.0,0.0
2023-06-12 11:00:00+07:00,15.3,10.4,210.0,0.0
2023-06-12 12:00:00+07:00,16.2,11.1,207.0,0.0
2023-06-12 13:00:00+07:00,15.9,10.9,224.0,0.0
2023-06-12 14:00:00+07:00,14.4,9.9,208.0,0.0
2023-06-12 15:00:00+07:00,15.3,10.5,197.0,0.0
2023-06-12 16:00:00+07:00,13.7,9.4,202.0,0.0
2023-06-12 17:00:00+07:00,10.7,7.4,225.0,0.0
2023-06-12 18:00:00+07:00,9.0,6.2,262.0,0.0
2023-06-12 19:00:00+07:00,18.6,12.9,396.0,0.0
2023-06-12 20:00:00+07:00,25.0,17.4,598.0,0.0
2023-06-12 21:00:00+07:00,25.2,17.6,886.0,0.0
2023-06-12 22:00:00+07:00,25.8,18.0,1199.0,0.0
2023-06-12 23:00:00+07:00,26.6,18.5,1302.0,0.0
2023-06-13 00:00:00+07:00,26.8,18.7,1344.0,0.0
2023-06-13 01:00:00+07:00,26.7,18.6,1357.0,0.0
2023-06-13 02:00:00+07:00,27.0,18.9,1348.0,0.0
2023-06-13 03:00:00+07:00,26.9,18.8,1313.0,0.0
2023-06-13 04:00:00+07:00,26.8,18.7,1254.0,0.0
2023-06-13 05:00:00+07:00,26.6,18.6,1224.0,0.0
2023-06-13 06:00:00+07:00,27.1,19.0,1192.0,0.0
2023-06-13 07:00:00+07:00,20.3,14.2,796.0,0.0
2023-06-13 08:00:00+07:00,10.8,7.5,660.0,0.0
2023-06-13 09:00:00+07:00,7.8,5.5,467.0,0.0
2023-06-13 10:00:00+07:00,7.5,5.2,261.0,0.0
2023-06-13 11:00:00+07:00,7.1,4.9,202.0,0.0
2023-06-13 12:00:00+07:00,10.6,7.4,189.0,0.0
2023-06-13 13:00:00+07:00,9.8,6.9,198.0,0.0
2023-06-13 14:00:00+07:00,10.2,7.1,212.0,0.0
2023-06-13 15:00:00+07:00,10.5,7.4,241.0,0.0
2023-06-13 16:00:00+07:00,9.7,6.8,293.0,0.0
2023-06-13 17:00:00+07:00,8.6,6.0,342.0,0.0
2023-06-13 18:00:00+07:00,8.2,5.8,400.0,0.0
2023-06-13 19:00:00+07:00,12.1,8.5,526.0,0.0
2023-06-13 20:00:00+07:00,14.1,9.9,606.0,0.0
2023-06-13 21:00:00+07:00,14.5,10.2,720.0,0.0
2023-06-13 22:00:00+07:00,14.6,10.2,824.0,0.0
2023-06-13 23:00:00+07:00,15.3,10.7,828.0,0.0
2023-06-14 00:00:00+07:00,14.5,10.2,794.0,0.0
2023-06-14 01:00:00+07:00,14.0,9.8,711.0,0.0
2023-06-14 02:00:00+07:00,11.8,8.3,609.0,0.0
2023-06-14 03:00:00+07:00,10.5,7.4,479.0,0.0
2023-06-14 04:00:00+07:00,8.1,5.7,344.0,0.0
2023-06-14 05:00:00+07:00,7.8,5.5,309.0,0.0
2023-06-14 06:00:00+07:00,9.1,6.3,306.0,0.0
2023-06-14 07:00:00+07:00,8.8,6.2,407.0,0.0
2023-06-14 08:00:00+07:00,7.2,5.0,376.0,0.0
2023-06-14 09:00:00+07:00,7.0,4.9,333.0,0.0
2023-06-14 10:00:00+07:00,7.0,4.9,278.0,0.0
2023-06-14 11:00:00+07:00,7.4,5.1,246.0,0.0
2023-06-14 12:00:00+07:00,7.5,5.3,216.0,0.0
2023-06-14 13:00:00+07:00,6.6,4.6,191.0,0.0
2023-06-14 14:00:00+07:00,8.0,5.6,180.0,0.0
2023-06-14 15:00:00+07:00,6.8,4.7,177.0,0.0
2023-06-14 16:00:00+07:00,6.1,4.3,207.0,0.0
2023-06-14 17:00:00+07:00,6.8,4.8,271.0,0.0
2023-06-14 18:00:00+07:00,9.1,6.4,362.0,0.0
2023-06-14 19:00:00+07:00,14.4,10.1,547.0,0.0
2023-06-14 20:00:00+07:00,19.0,13.3,716.0,0.0
2023-06-14 21:00:00+07:00,19.9,13.9,955.0,0.0
2023-06-14 22:00:00+07:00,20.3,14.2,1200.0,0.0
2023-06-14 23:00:00+07:00,20.3,14.2,1254.0,0.0
2023-06-15 00:00:00+07:00,19.3,13.5,1246.0,0.0
2023-06-15 01:00:00+07:00,19.6,13.7,1192.0,0.0
2023-06-15 02:00:00+07:00,20.3,14.2,1126.0,0.0
2023-06-15 03:00:00+07:00,18.0,12.6,1034.0,0.0
2023-06-15 04:00:00+07:00,17.8,12.5,921.0,0.0
2023-06-15 05:00:00+07:00,18.3,12.8,877.0,0.0
2023-06-15 06:00:00+07:00,18.3,12.8,848.0,0.0
2023-06-15 07:00:00+07:00,15.5,10.9,803.0,0.0
2023-06-15 08:00:00+07:00,11.2,7.8,676.0,0.0
2023-06-15 09:00:00+07:00,7.9,5.5,495.0,0.0
2023-06-15 10:00:00+07:00,7.5,5.2,298.0,0.0
2023-06-15 11:00:00+07:00,7.8,5.4,236.0,0.0
2023-06-15 12:00:00+07:00,8.6,5.9,215.0,0.0
2023-06-15 13:00:00+07:00,10.2,7.1,203.0,0.0
2023-06-15 14:00:00+07:00,10.2,7.1,181.0,0.0
2023-06-15 15:00:00+07:00,9.3,6.5,163.0,0.0
2023-06-15 16:00:00+07:00,8.4,5.8,202.0,0.0
2023-06-15 17:00:00+07:00,7.8,5.4,299.0,0.0
2023-06-15 18:00:00+07:00,7.6,5.3,439.0,0.0
2023-06-15 19:00:00+07:00,21.7,15.3,571.0,0.0
2023-06-15 20:00:00+07:00,27.2,19.2,834.0,0.0
2023-06-15 21:00:00+07:00,29.9,21.0,1208.0,0.0
2023-06-15 22:00:00+07:00,32.7,22.9,1606.0,0.0
2023-06-15 23:00:00+07:00,33.6,23.6,1713.0,0.0
2023-06-16 00:00:00+07:00,32.8,23.1,1732.0,0.0
2023-06-16 01:00:00+07:00,32.4,22.6,1730.0,0.0
2023-06-16 02:00:00+07:00,32.6,22.8,1746.0,0.0
2023-06-16 03:00:00+07:00,32.1,22.5,1751.0,0.0
2023-06-16 04:00:00+07:00,31.4,22.0,1748.0,0.0
2023-06-16 05:00:00+07:00,32.0,22.4,1780.0,0.0
2023-06-16 06:00:00+07:00,32.0,22.4,1816.0,0.0
2023-06-16 07:00:00+07:00,26.5,18.6,1384.0,0.0
2023-06-16 08:00:00+07:00,13.9,9.6,1101.0,0.0
2023-06-16 09:00:00+07:00,9.6,6.5,699.0,0.0
2023-06-16 10:00:00+07:00,9.7,6.5,279.0,0.0
2023-06-16 11:00:00+07:00,10.6,7.1,183.0,0.0
2023-06-16 12:00:00+07:00,11.3,7.5,190.0,1.0
2023-06-16 13:00:00+07:00,11.7,7.8,219.0,1.0
2023-06-16 14:00:00+07:00,11.8,7.8,199.0,1.0
2023-06-16 15:00:00+07:00,12.9,8.3,179.0,2.0
2023-06-16 16:00:00+07:00,13.9,9.2,198.0,2.0
2023-06-16 17:00:00+07:00,12.8,8.5,250.0,2.0
2023-06-16 18:00:00+07:00,11.3,7.5,330.0,1.0
2023-06-16 19:00:00+07:00,20.9,14.5,523.0,0.0
2023-06-16 20:00:00+07:00,27.9,19.4,914.0,0.0
2023-06-16 21:00:00+07:00,32.2,22.6,1467.0,0.0
2023-06-16 22:00:00+07:00,34.9,24.4,1988.0,0.0
2023-06-16 23:00:00+07:00,34.3,24.1,1994.0,0.0
2023-06-17 00:00:00+07:00,30.7,21.5,1813.0,0.0
2023-06-17 01:00:00+07:00,27.5,19.3,1576.0,0.0
2023-06-17 02:00:00+07:00,25.7,18.0,1503.0,0.0
2023-06-17 03:00:00+07:00,25.7,18.0,1452.0,0.0
2023-06-17 04:00:00+07:00,27.0,18.9,1416.0,0.0
2023-06-17 05:00:00+07:00,28.2,19.7,1456.0,0.0
2023-06-17 06:00:00+07:00,29.9,21.0,1529.0,0.0
2023-06-17 07:00:00+07:00,26.3,18.3,1313.0,0.0
2023-06-17 08:00:00+07:00,13.0,9.0,1040.0,0.0
2023-06-17 09:00:00+07:00,8.4,5.8,653.0,0.0
2023-06-17 10:00:00+07:00,8.5,5.8,247.0,0.0
2023-06-17 11:00:00+07:00,8.8,6.0,150.0,1.0
2023-06-17 12:00:00+07:00,9.5,6.4,151.0,1.0
2023-06-17 13:00:00+07:00,10.3,6.7,174.0,2.0
2023-06-17 14:00:00+07:00,12.3,7.8,157.0,2.0
2023-06-17 15:00:00+07:00,13.4,8.8,143.0,2.0
2023-06-17 16:00:00+07:00,10.9,7.2,168.0,2.0
2023-06-17 17:00:00+07:00,9.3,6.2,196.0,1.0
2023-06-17 18:00:00+07:00,8.5,5.7,244.0,1.0
2023-06-17 19:00:00+07:00,12.6,8.6,412.0,1.0
2023-06-17 20:00:00+07:00,20.4,14.1,801.0,1.0
2023-06-17 21:00:00+07:00,26.2,18.2,1351.0,0.0
2023-06-17 22:00:00+07:00,28.9,20.1,1845.0,0.0
2023-06-17 23:00:00+07:00,26.0,18.2,1790.0,0.0
2023-06-18 00:00:00+07:00,19.1,13.3,1526.0,0.0
2023-06-18 01:00:00+07:00,20.3,14.2,1222.0,0.0
2023-06-18 02:00:00+07:00,21.9,15.3,1175.0,0.0
2023-06-18 03:00:00+07:00,22.6,15.8,1188.0,0.0
2023-06-18 04:00:00+07:00,22.9,16.0,1211.0,0.0
2023-06-18 05:00:00+07:00,23.1,16.1,1228.0,0.0
2023-06-18 06:00:00+07:00,23.5,16.4,1250.0,0.0
2023-06-18 07:00:00+07:00,23.6,16.4,1333.0,0.0
2023-06-18 08:00:00+07:00,15.7,10.9,1081.0,0.0
2023-06-18 09:00:00+07:00,10.2,7.1,724.0,0.0
2023-06-18 10:00:00+07:00,9.3,6.4,345.0,0.0
2023-06-18 11:00:00+07:00,9.2,6.3,248.0,0.0
2023-06-18 12:00:00+07:00,9.4,6.5,238.0,1.0
2023-06-18 13:00:00+07:00,9.2,6.3,243.0,1.0
2023-06-18 14:00:00+07:00,9.1,6.2,215.0,1.0
2023-06-18 15:00:00+07:00,11.7,7.9,190.0,1.0
2023-06-18 16:00:00+07:00,9.8,6.5,190.0,1.0
2023-06-18 17:00:00+07:00,10.5,7.0,219.0,1.0
2023-06-18 18:00:00+07:00,9.4,6.3,269.0,0.0
2023-06-18 19:00:00+07:00,14.1,9.8,332.0,0.0
2023-06-18 20:00:00+07:00,18.8,13.2,544.0,0.0
2023-06-18 21:00:00+07:00,20.0,14.0,845.0,0.0
2023-06-18 22:00:00+07:00,22.6,15.9,1167.0,0.0
2023-06-18 23:00:00+07:00,25.4,17.8,1255.0,0.0
2023-06-19 00:00:00+07:00,24.2,17.0,1272.0,0.0
2023-06-19 01:00:00+07:00,22.7,15.9,1277.0,0.0
2023-06-19 02:00:00+07:00,23.2,16.3,1311.0,0.0
2023-06-19 03:00:00+07:00,24.3,17.0,1344.0,0.0
2023-06-19 04:00:00+07:00,25.0,17.5,1334.0,0.0
2023-06-19 05:00:00+07:00,26.4,18.5,1268.0,0.0
2023-06-19 06:00:00+07:00,26.7,18.7,1163.0,0.0
2023-06-19 07:00:00+07:00,19.2,13.4,830.0,0.0
2023-06-19 08:00:00+07:00,11.8,8.2,685.0,0.0
2023-06-19 09:00:00+07:00,9.3,6.4,479.0,0.0
2023-06-19 10:00:00+07:00,8.2,5.7,260.0,0.0
2023-06-19 11:00:00+07:00,9.0,6.2,202.0,0.0
2023-06-19 12:00:00+07:00,9.3,6.4,193.0,0.0
2023-06-19 13:00:00+07:00,9.5,6.5,193.0,0.0
2023-06-19 14:00:00+07:00,9.7,6.5,179.0,0.0
2023-06-19 15:00:00+07:00,10.1,6.8,169.0,1.0
2023-06-19 16:00:00+07:00,9.6,6.5,169.0,1.0
2023-06-19 17:00:00+07:00,9.2,6.2,166.0,1.0
2023-06-19 18:00:00+07:00,7.7,5.3,167.0,0.0
2023-06-19 19:00:00+07:00,13.3,9.3,434.0,0.0
2023-06-19 20:00:00+07:00,19.3,13.5,694.0,0.0
2023-06-19 21:00:00+07:00,23.0,16.1,1063.0,0.0
2023-06-19 22:00:00+07:00,23.7,16.6,1479.0,0.0
2023-06-19 23:00:00+07:00,24.7,17.3,1648.0,0.0
2023-06-20 00:00:00+07:00,25.9,18.1,1750.0,0.0
2023-06-20 01:00:00+07:00,27.2,19.1,1795.0,0.0
2023-06-20 02:00:00+07:00,26.8,18.7,1745.0,0.0
2023-06-20 03:00:00+07:00,24.9,17.4,1632.0,0.0
2023-06-20 04:00:00+07:00,24.9,17.4,1464.0,0.0
2023-06-20 05:00:00+07:00,25.6,17.8,1365.0,0.0
2023-06-20 06:00:00+07:00,26.3,18.3,1264.0,0.0
2023-06-20 07:00:00+07:00,20.8,14.5,988.0,0.0
2023-06-20 08:00:00+07:00,11.4,7.9,807.0,0.0
2023-06-20 09:00:00+07:00,9.3,6.3,551.0,0.0
2023-06-20 10:00:00+07:00,9.2,6.3,276.0,0.0
2023-06-20 11:00:00+07:00,8.6,5.9,199.0,0.0
2023-06-20 12:00:00+07:00,8.8,6.1,181.0,0.0
2023-06-20 13:00:00+07:00,11.2,7.8,178.0,0.0
2023-06-20 14:00:00+07:00,8.5,5.9,168.0,0.0
2023-06-20 15:00:00+07:00,7.7,5.3,166.0,0.0
2023-06-20 16:00:00+07:00,7.6,5.4,173.0,0.0
2023-06-20 17:00:00+07:00,6.5,4.6,157.0,0.0
2023-06-20 18:00:00+07:00,5.5,3.9,139.0,0.0
2023-06-20 19:00:00+07:00,10.4,7.3,188.0,0.0
2023-06-20 20:00:00+07:00,12.5,8.8,292.0,0.0
2023-06-20 21:00:00+07:00,14.8,10.4,440.0,0.0
2023-06-20 22:00:00+07:00,15.1,10.6,624.0,0.0
2023-06-20 23:00:00+07:00,15.3,10.7,724.0,0.0
2023-06-21 00:00:00+07:00,17.1,11.9,810.0,0.0
2023-06-21 01:00:00+07:00,19.9,13.9,905.0,0.0
2023-06-21 02:00:00+07:00,22.0,15.4,973.0,0.0
2023-06-21 03:00:00+07:00,23.1,16.2,1032.0,0.0
2023-06-21 04:00:00+07:00,23.0,16.1,1044.0,0.0
2023-06-21 05:00:00+07:00,22.5,15.8,974.0,0.0
2023-06-21 06:00:00+07:00,23.6,16.5,855.0,0.0
2023-06-21 07:00:00+07:00,16.5,11.5,687.0,0.0
2023-06-21 08:00:00+07:00,8.5,5.8,569.0,0.0
2023-06-21 09:00:00+07:00,6.4,4.4,401.0,0.0
2023-06-21 10:00:00+07:00,6.7,4.6,222.0,0.0
2023-06-21 11:00:00+07:00,7.1,4.9,174.0,0.0
2023-06-21 12:00:00+07:00,7.5,5.2,167.0,0.0
2023-06-21 13:00:00+07:00,8.9,6.1,170.0,0.0
2023-06-21 14:00:00+07:00,8.2,5.7,159.0,0.0
2023-06-21 15:00:00+07:00,9.1,6.3,151.0,0.0
2023-06-21 16:00:00+07:00,8.2,5.7,172.0,0.0
2023-06-21 17:00:00+07:00,7.1,4.9,218.0,0.0
2023-06-21 18:00:00+07:00,6.1,4.2,285.0,0.0
2023-06-21 19:00:00+07:00,7.8,5.5,259.0,0.0
2023-06-21 20:00:00+07:00,16.3,11.4,617.0,0.0
2023-06-21 21:00:00+07:00,21.0,14.7,1127.0,0.0
2023-06-21 22:00:00+07:00,23.6,16.5,1684.0,0.0
2023-06-21 23:00:00+07:00,25.3,17.6,1862.0,0.0
2023-06-22 00:00:00+07:00,25.8,18.0,1931.0,0.0
2023-06-22 01:00:00+07:00,26.0,18.2,1984.0,0.0
2023-06-22 02:00:00+07:00,26.5,18.5,2052.0,0.0
2023-06-22 03:00:00+07:00,26.7,18.7,2106.0,0.0
2023-06-22 04:00:00+07:00,26.8,18.7,2100.0,0.0
2023-06-22 05:00:00+07:00,25.9,18.1,2022.0,0.0
2023-06-22 06:00:00+07:00,25.6,17.9,1890.0,0.0
2023-06-22 07:00:00+07:00,17.6,12.3,1321.0,0.0
2023-06-22 08:00:00+07:00,10.0,6.9,1073.0,0.0
2023-06-22 09:00:00+07:00,8.8,6.1,721.0,0.0
2023-06-22 10:00:00+07:00,8.1,5.6,343.0,0.0
2023-06-22 11:00:00+07:00,7.7,5.4,234.0,0.0
2023-06-22 12:00:00+07:00,8.4,5.8,207.0,0.0
2023-06-22 13:00:00+07:00,6.8,4.7,194.0,0.0
2023-06-22 14:00:00+07:00,5.8,4.0,168.0,0.0
2023-06-22 15:00:00+07:00,5.4,3.8,150.0,0.0
2023-06-22 16:00:00+07:00,5.2,3.6,145.0,0.0
2023-06-22 17:00:00+07:00,5.1,3.5,138.0,0.0
2023-06-22 18:00:00+07:00,4.9,3.4,137.0,0.0
2023-06-22 19:00:00+07:00,8.0,5.6,217.0,0.0
2023-06-22 20:00:00+07:00,14.6,10.3,539.0,0.0
2023-06-22 21:00:00+07:00,19.9,14.0,997.0,0.0
2023-06-22 22:00:00+07:00,22.9,16.1,1517.0,0.0
2023-06-22 23:00:00+07:00,24.7,17.3,1724.0,0.0
2023-06-23 00:00:00+07:00,26.0,18.2,1850.0,0.0
2023-06-23 01:00:00+07:00,26.5,18.6,1948.0,0.0
2023-06-23 02:00:00+07:00,27.4,19.2,1995.0,0.0
2023-06-23 03:00:00+07:00,27.8,19.4,2002.0,0.0
2023-06-23 04:00:00+07:00,27.4,19.2,1928.0,0.0
2023-06-23 05:00:00+07:00,27.1,19.0,1794.0,0.0
2023-06-23 06:00:00+07:00,27.6,19.4,1603.0,0.0
2023-06-23 07:00:00+07:00,20.6,14.4,1146.0,0.0
2023-06-23 08:00:00+07:00,10.8,7.4,907.0,0.0
2023-06-23 09:00:00+07:00,8.3,5.7,567.0,0.0
2023-06-23 10:00:00+07:00,7.1,4.9,211.0,0.0
2023-06-23 11:00:00+07:00,7.0,4.8,125.0,0.0
2023-06-23 12:00:00+07:00,6.8,4.7,125.0,0.0
2023-06-23 13:00:00+07:00,6.3,4.3,143.0,0.0
2023-06-23 14:00:00+07:00,5.4,3.7,133.0,0.0
2023-06-23 15:00:00+07:00,4.5,3.1,127.0,0.0
2023-06-23 16:00:00+07:00,4.4,3.1,129.0,0.0
2023-06-23 17:00:00+07:00,4.0,2.8,109.0,0.0
2023-06-23 18:00:00+07:00,3.4,2.4,86.0,0.0
2023-06-23 19:00:00+07:00,11.8,8.4,257.0,0.0
2023-06-23 20:00:00+07:00,15.7,11.1,478.0,0.0
2023-06-23 21:00:00+07:00,18.1,12.8,794.0,0.0
2023-06-23 22:00:00+07:00,19.7,13.9,1152.0,0.0
2023-06-23 23:00:00+07:00,21.0,14.8,1295.0,0.0
2023-06-24 00:00:00+07:00,22.5,15.8,1382.0,0.0
2023-06-24 01:00:00+07:00,22.6,15.9,1457.0,0.0
2023-06-24 02:00:00+07:00,23.0,16.1,1503.0,0.0
2023-06-24 03:00:00+07:00,23.1,16.1,1528.0,0.0
2023-06-24 04:00:00+07:00,23.1,16.2,1508.0,0.0
2023-06-24 05:00:00+07:00,22.8,15.9,1448.0,0.0
2023-06-24 06:00:00+07:00,22.8,15.9,1354.0,0.0
2023-06-24 07:00:00+07:00,17.3,12.1,925.0,0.0
2023-06-24 08:00:00+07:00,10.7,7.5,870.0,0.0
2023-06-24 09:00:00+07:00,9.5,6.7,790.0,0.0
2023-06-24 10:00:00+07:00,18.3,12.8,663.0,0.0
2023-06-24 11:00:00+07:00,16.9,11.8,547.0,0.0
2023-06-24 12:00:00+07:00,15.0,10.4,416.0,0.0
2023-06-24 13:00:00+07:00,13.2,9.2,274.0,0.0
2023-06-24 14:00:00+07:00,8.6,6.0,206.0,0.0
2023-06-24 15:00:00+07:00,6.0,4.1,162.0,0.0
2023-06-24 16:00:00+07:00,5.0,3.5,158.0,0.0
2023-06-24 17:00:00+07:00,4.3,3.0,213.0,0.0
2023-06-24 18:00:00+07:00,4.1,2.9,308.0,0.0
2023-06-24 19:00:00+07:00,10.8,7.6,248.0,0.0
2023-06-24 20:00:00+07:00,18.0,12.6,595.0,0.0
2023-06-24 21:00:00+07:00,21.8,15.3,1087.0,0.0
2023-06-24 22:00:00+07:00,24.0,16.8,1616.0,0.0
2023-06-24 23:00:00+07:00,23.6,16.6,1758.0,0.0
2023-06-25 00:00:00+07:00,24.2,17.0,1784.0,0.0
2023-06-25 01:00:00+07:00,25.1,17.6,1817.0,0.0
2023-06-25 02:00:00+07:00,25.7,18.0,1939.0,0.0
2023-06-25 03:00:00+07:00,26.0,18.2,2082.0,0.0
2023-06-25 04:00:00+07:00,26.7,18.7,2141.0,0.0
2023-06-25 05:00:00+07:00,27.5,19.2,1996.0,0.0
2023-06-25 06:00:00+07:00,24.6,17.2,1744.0,0.0
2023-06-25 07:00:00+07:00,16.8,11.8,895.0,0.0
2023-06-25 08:00:00+07:00,14.3,10.0,775.0,0.0
2023-06-25 09:00:00+07:00,11.3,7.9,604.0,0.0
2023-06-25 10:00:00+07:00,10.3,7.2,415.0,0.0
2023-06-25 11:00:00+07:00,9.8,6.8,353.0,0.0
2023-06-25 12:00:00+07:00,10.5,7.3,327.0,0.0
2023-06-25 13:00:00+07:00,16.0,11.1,302.0,0.0
2023-06-25 14:00:00+07:00,15.5,10.8,263.0,0.0
2023-06-25 15:00:00+07:00,11.4,8.0,224.0,0.0
2023-06-25 16:00:00+07:00,9.9,6.9,219.0,0.0
2023-06-25 17:00:00+07:00,8.1,5.7,280.0,0.0
2023-06-25 18:00:00+07:00,8.7,6.1,378.0,0.0
2023-06-25 19:00:00+07:00,21.9,15.4,638.0,0.0
2023-06-25 20:00:00+07:00,21.8,15.3,767.0,0.0
2023-06-25 21:00:00+07:00,23.2,16.4,951.0,0.0
2023-06-25 22:00:00+07:00,23.6,16.6,1127.0,0.0
2023-06-25 23:00:00+07:00,22.2,15.6,1135.0,0.0
2023-06-26 00:00:00+07:00,21.5,15.1,1084.0,0.0
2023-06-26 01:00:00+07:00,21.1,14.8,1022.0,0.0
2023-06-26 02:00:00+07:00,21.6,15.2,1021.0,0.0
2023-06-26 03:00:00+07:00,20.8,14.6,1032.0,0.0
2023-06-26 04:00:00+07:00,20.8,14.6,1035.0,0.0
2023-06-26 05:00:00+07:00,20.3,14.2,1026.0,0.0
2023-06-26 06:00:00+07:00,20.5,14.4,1009.0,0.0
2023-06-26 07:00:00+07:00,14.6,10.3,722.0,0.0
2023-06-26 08:00:00+07:00,13.6,9.5,684.0,0.0
2023-06-26 09:00:00+07:00,12.8,9.0,629.0,0.0
2023-06-26 10:00:00+07:00,13.7,9.6,540.0,0.0
2023-06-26 11:00:00+07:00,13.2,9.3,452.0,0.0
2023-06-26 12:00:00+07:00,11.4,7.9,351.0,0.0
2023-06-26 13:00:00+07:00,10.1,7.1,250.0,0.0
2023-06-26 14:00:00+07:00,11.4,8.0,216.0,0.0
2023-06-26 15:00:00+07:00,10.8,7.5,206.0,0.0
2023-06-26 16:00:00+07:00,10.9,7.6,237.0,0.0
2023-06-26 17:00:00+07:00,11.2,7.9,283.0,0.0
2023-06-26 18:00:00+07:00,11.1,7.8,354.0,0.0
2023-06-26 19:00:00+07:00,23.4,16.5,804.0,0.0
2023-06-26 20:00:00+07:00,24.3,17.1,923.0,0.0
2023-06-26 21:00:00+07:00,25.1,17.6,1093.0,0.0
2023-06-26 22:00:00+07:00,25.6,17.9,1297.0,0.0
2023-06-26 23:00:00+07:00,27.2,19.1,1410.0,0.0
2023-06-27 00:00:00+07:00,27.4,19.2,1505.0,0.0
2023-06-27 01:00:00+07:00,24.9,17.5,1559.0,0.0
2023-06-27 02:00:00+07:00,22.1,15.5,1511.0,0.0
2023-06-27 03:00:00+07:00,21.7,15.3,1409.0,0.0
2023-06-27 04:00:00+07:00,20.6,14.4,1271.0,0.0
2023-06-27 05:00:00+07:00,19.6,13.7,1206.0,0.0
2023-06-27 06:00:00+07:00,20.1,14.0,1150.0,0.0
2023-06-27 07:00:00+07:00,17.1,12.0,966.0,0.0
2023-06-27 08:00:00+07:00,15.3,10.6,815.0,0.0
2023-06-27 09:00:00+07:00,13.1,9.1,601.0,0.0
2023-06-27 10:00:00+07:00,10.9,7.5,361.0,0.0
2023-06-27 11:00:00+07:00,10.6,7.3,273.0,0.0
2023-06-27 12:00:00+07:00,10.2,7.0,226.0,0.0
2023-06-27 13:00:00+07:00,8.9,6.2,193.0,0.0
2023-06-27 14:00:00+07:00,9.5,6.6,180.0,0.0
2023-06-27 15:00:00+07:00,11.7,8.2,183.0,0.0
2023-06-27 16:00:00+07:00,11.0,7.7,208.0,0.0
2023-06-27 17:00:00+07:00,10.5,7.3,232.0,0.0
2023-06-27 18:00:00+07:00,11.1,7.8,267.0,0.0
2023-06-27 19:00:00+07:00,23.6,17.0,449.0,1.0
2023-06-27 20:00:00+07:00,23.7,17.2,484.0,1.0
2023-06-27 21:00:00+07:00,24.3,17.5,533.0,0.0
2023-06-27 22:00:00+07:00,25.3,18.2,595.0,0.0
2023-06-27 23:00:00+07:00,26.3,18.9,639.0,0.0
2023-06-28 00:00:00+07:00,26.3,18.9,683.0,0.0
2023-06-28 01:00:00+07:00,25.4,18.3,695.0,0.0
2023-06-28 02:00:00+07:00,24.7,17.8,640.0,0.0
2023-06-28 03:00:00+07:00,24.8,17.8,548.0,1.0
2023-06-28 04:00:00+07:00,23.1,16.6,443.0,1.0
2023-06-28 05:00:00+07:00,21.3,15.4,408.0,1.0
2023-06-28 06:00:00+07:00,16.5,11.9,391.0,1.0
2023-06-28 07:00:00+07:00,10.2,7.3,317.0,1.0
2023-06-28 08:00:00+07:00,11.9,8.6,303.0,1.0
2023-06-28 09:00:00+07:00,12.8,9.1,282.0,1.0
2023-06-28 10:00:00+07:00,13.3,9.3,255.0,1.0
2023-06-28 11:00:00+07:00,13.4,9.4,237.0,1.0
2023-06-28 12:00:00+07:00,13.1,9.1,219.0,2.0
2023-06-28 13:00:00+07:00,13.7,9.4,200.0,2.0
2023-06-28 14:00:00+07:00,12.6,8.7,182.0,2.0
2023-06-28 15:00:00+07:00,12.3,8.4,165.0,2.0
2023-06-28 16:00:00+07:00,14.0,9.6,186.0,2.0
2023-06-28 17:00:00+07:00,13.5,9.4,268.0,2.0
2023-06-28 18:00:00+07:00,15.4,10.7,387.0,1.0
2023-06-28 19:00:00+07:00,20.1,14.6,427.0,0.0
2023-06-28 20:00:00+07:00,24.4,17.6,495.0,0.0
2023-06-28 21:00:00+07:00,23.3,16.8,590.0,0.0
2023-06-28 22:00:00+07:00,23.2,16.6,679.0,0.0
2023-06-28 23:00:00+07:00,24.6,17.6,682.0,0.0
2023-06-29 00:00:00+07:00,23.2,16.5,652.0,0.0
2023-06-29 01:00:00+07:00,20.7,14.8,597.0,0.0
2023-06-29 02:00:00+07:00,17.9,12.8,549.0,0.0
2023-06-29 03:00:00+07:00,16.8,12.1,491.0,0.0
2023-06-29 04:00:00+07:00,16.1,11.6,426.0,0.0
2023-06-29 05:00:00+07:00,15.7,11.3,399.0,0.0
2023-06-29 06:00:00+07:00,15.6,11.3,382.0,0.0
2023-06-29 07:00:00+07:00,16.2,11.4,408.0,2.0
2023-06-29 08:00:00+07:00,19.0,13.4,385.0,3.0
2023-06-29 09:00:00+07:00,23.1,16.1,352.0,3.0
2023-06-29 10:00:00+07:00,23.4,15.9,309.0,4.0
2023-06-29 11:00:00+07:00,22.7,15.5,282.0,4.0
2023-06-29 12:00:00+07:00,21.5,14.8,257.0,4.0
2023-06-29 13:00:00+07:00,20.4,14.0,231.0,3.0
2023-06-29 14:00:00+07:00,19.9,13.7,211.0,3.0
2023-06-29 15:00:00+07:00,20.0,13.8,193.0,2.0
2023-06-29 16:00:00+07:00,17.9,12.3,210.0,2.0
2023-06-29 17:00:00+07:00,15.7,10.9,280.0,2.0
2023-06-29 18:00:00+07:00,16.5,11.5,382.0,1.0
2023-06-29 19:00:00+07:00,24.4,17.4,458.0,1.0
2023-06-29 20:00:00+07:00,28.4,20.3,480.0,1.0
2023-06-29 21:00:00+07:00,26.1,18.7,511.0,0.0
2023-06-29 22:00:00+07:00,23.0,16.5,556.0,0.0
2023-06-29 23:00:00+07:00,22.6,16.3,598.0,0.0
2023-06-30 00:00:00+07:00,20.2,14.5,643.0,0.0
2023-06-30 01:00:00+07:00,18.8,13.4,670.0,0.0
2023-06-30 02:00:00+07:00,17.5,12.5,641.0,0.0
2023-06-30 03:00:00+07:00,16.1,11.5,585.0,0.0
2023-06-30 04:00:00+07:00,14.8,10.6,509.0,0.0
2023-06-30 05:00:00+07:00,13.6,9.7,464.0,0.0
2023-06-30 06:00:00+07:00,13.1,9.3,421.0,0.0
2023-06-30 07:00:00+07:00,12.9,9.0,306.0,1.0
2023-06-30 08:00:00+07:00,16.6,11.4,291.0,2.0
2023-06-30 09:00:00+07:00,16.9,11.2,270.0,3.0
2023-06-30 10:00:00+07:00,18.3,11.8,241.0,5.0
2023-06-30 11:00:00+07:00,18.6,11.8,220.0,5.0
2023-06-30 12:00:00+07:00,17.2,10.9,199.0,5.0
2023-06-30 13:00:00+07:00,15.9,10.1,178.0,5.0
2023-06-30 14:00:00+07:00,14.8,9.5,166.0,5.0
2023-06-30 15:00:00+07:00,13.7,8.9,157.0,4.0
2023-06-30 16:00:00+07:00,12.1,7.9,167.0,3.0
2023-06-30 17:00:00+07:00,11.7,7.8,201.0,2.0
2023-06-30 18:00:00+07:00,11.7,7.9,252.0,2.0
2023-06-30 19:00:00+07:00,22.5,15.3,269.0,4.0
2023-06-30 20:00:00+07:00,27.0,19.0,449.0,3.0
2023-06-30 21:00:00+07:00,31.2,22.1,704.0,2.0
2023-06-30 22:00:00+07:00,32.9,23.3,992.0,1.0
2023-06-30 23:00:00+07:00,33.1,23.5,1111.0,1.0
2023-07-01 00:00:00+07:00,32.6,23.2,1184.0,1.0
2023-07-01 01:00:00+07:00,31.1,22.1,1213.0,1.0
2023-07-01 02:00:00+07:00,29.0,20.7,1164.0,1.0
2023-07-01 03:00:00+07:00,26.4,18.7,1066.0,1.0
2023-07-01 04:00:00+07:00,24.6,17.5,940.0,1.0
2023-07-01 05:00:00+07:00,22.7,16.1,890.0,1.0
2023-07-01 06:00:00+07:00,21.8,15.5,853.0,2.0
2023-07-01 07:00:00+07:00,24.4,16.9,730.0,3.0
2023-07-01 08:00:00+07:00,28.9,19.6,610.0,5.0
2023-07-01 09:00:00+07:00,28.1,17.9,439.0,9.0
2023-07-01 10:00:00+07:00,25.9,15.5,258.0,12.0
2023-07-01 11:00:00+07:00,25.4,15.2,211.0,12.0
2023-07-01 12:00:00+07:00,25.1,15.3,205.0,12.0
2023-07-01 13:00:00+07:00,23.6,14.6,206.0,10.0
2023-07-01 14:00:00+07:00,20.8,13.1,190.0,9.0
2023-07-01 15:00:00+07:00,17.8,11.3,175.0,7.0
2023-07-01 16:00:00+07:00,15.4,9.8,172.0,5.0
2023-07-01 17:00:00+07:00,15.0,10.0,180.0,4.0
2023-07-01 18:00:00+07:00,14.5,9.8,199.0,3.0
2023-07-01 19:00:00+07:00,24.7,16.3,239.0,7.0
2023-07-01 20:00:00+07:00,25.3,17.8,308.0,6.0
2023-07-01 21:00:00+07:00,25.7,18.3,406.0,4.0
2023-07-01 22:00:00+07:00,23.9,17.0,491.0,2.0
2023-07-01 23:00:00+07:00,22.4,15.8,475.0,2.0
2023-07-02 00:00:00+07:00,20.1,14.4,419.0,2.0
2023-07-02 01:00:00+07:00,18.4,13.2,349.0,2.0
2023-07-02 02:00:00+07:00,17.6,12.6,324.0,2.0
2023-07-02 03:00:00+07:00,16.2,11.8,308.0,1.0
2023-07-02 04:00:00+07:00,15.2,11.1,290.0,1.0
2023-07-02 05:00:00+07:00,14.2,10.2,278.0,1.0
2023-07-02 06:00:00+07:00,13.1,9.4,269.0,2.0
2023-07-02 07:00:00+07:00,15.1,10.4,337.0,3.0
2023-07-02 08:00:00+07:00,16.9,11.7,309.0,4.0
2023-07-02 09:00:00+07:00,16.1,10.5,270.0,4.0
2023-07-02 10:00:00+07:00,15.0,9.7,224.0,5.0
2023-07-02 11:00:00+07:00,14.6,9.3,205.0,5.0
2023-07-02 12:00:00+07:00,14.7,9.4,193.0,5.0
2023-07-02 13:00:00+07:00,14.2,9.1,182.0,5.0
2023-07-02 14:00:00+07:00,14.3,9.2,173.0,5.0
2023-07-02 15:00:00+07:00,11.8,7.7,167.0,4.0
2023-07-02 16:00:00+07:00,11.4,7.6,168.0,3.0
2023-07-02 17:00:00+07:00,11.0,7.5,181.0,2.0
2023-07-02 18:00:00+07:00,10.0,7.0,201.0,2.0
2023-07-02 19:00:00+07:00,17.8,12.6,307.0,1.0
2023-07-02 20:00:00+07:00,16.1,11.4,311.0,1.0
2023-07-02 21:00:00+07:00,15.2,10.9,317.0,0.0
2023-07-02 22:00:00+07:00,16.2,11.7,348.0,0.0
2023-07-02 23:00:00+07:00,16.8,12.1,411.0,0.0
2023-07-03 00:00:00+07:00,17.6,12.7,494.0,0.0
2023-07-03 01:00:00+07:00,16.6,11.9,561.0,0.0
2023-07-03 02:00:00+07:00,14.3,10.3,536.0,0.0
2023-07-03 03:00:00+07:00,12.5,8.9,472.0,0.0
2023-07-03 04:00:00+07:00,11.3,8.1,401.0,0.0
2023-07-03 05:00:00+07:00,11.1,7.9,394.0,0.0
2023-07-03 06:00:00+07:00,11.6,8.3,403.0,0.0
2023-07-03 07:00:00+07:00,13.5,9.6,396.0,0.0
2023-07-03 08:00:00+07:00,10.6,7.5,337.0,0.0
2023-07-03 09:00:00+07:00,7.8,5.5,252.0,0.0
2023-07-03 10:00:00+07:00,6.2,4.3,162.0,0.0
2023-07-03 11:00:00+07:00,4.9,3.4,137.0,0.0
2023-07-03 12:00:00+07:00,4.2,2.9,132.0,0.0
2023-07-03 13:00:00+07:00,4.1,2.8,134.0,0.0
2023-07-03 14:00:00+07:00,4.6,3.2,134.0,0.0
2023-07-03 15:00:00+07:00,5.2,3.6,138.0,0.0
2023-07-03 16:00:00+07:00,4.7,3.3,147.0,0.0
2023-07-03 17:00:00+07:00,4.5,3.1,151.0,0.0
2023-07-03 18:00:00+07:00,4.1,2.9,155.0,0.0
2023-07-03 19:00:00+07:00,9.8,6.8,226.0,0.0
2023-07-03 20:00:00+07:00,11.7,8.2,280.0,0.0
2023-07-03 21:00:00+07:00,11.4,8.0,356.0,0.0
2023-07-03 22:00:00+07:00,11.9,8.4,440.0,0.0
2023-07-03 23:00:00+07:00,12.5,8.8,474.0,0.0
2023-07-04 00:00:00+07:00,11.8,8.3,493.0,0.0
2023-07-04 01:00:00+07:00,11.2,7.9,491.0,0.0
2023-07-04 02:00:00+07:00,10.5,7.3,458.0,0.0
2023-07-04 03:00:00+07:00,9.5,6.6,405.0,0.0
2023-07-04 04:00:00+07:00,8.9,6.2,344.0,0.0
2023-07-04 05:00:00+07:00,8.6,6.0,326.0,0.0
2023-07-04 06:00:00+07:00,9.0,6.3,320.0,0.0
2023-07-04 07:00:00+07:00,7.7,5.4,256.0,0.0
2023-07-04 08:00:00+07:00,8.2,5.7,223.0,0.0
2023-07-04 09:00:00+07:00,4.4,3.1,178.0,0.0
2023-07-04 10:00:00+07:00,3.0,2.1,144.0,0.0
2023-07-04 11:00:00+07:00,2.8,1.9,133.0,0.0
2023-07-04 12:00:00+07:00,2.5,1.8,133.0,0.0
2023-07-04 13:00:00+07:00,3.0,2.1,134.0,0.0
2023-07-04 14:00:00+07:00,2.8,2.0,131.0,0.0
2023-07-04 15:00:00+07:00,2.7,1.9,129.0,0.0
2023-07-04 16:00:00+07:00,2.9,2.1,133.0,0.0
2023-07-04 17:00:00+07:00,3.0,2.1,133.0,0.0
2023-07-04 18:00:00+07:00,3.3,2.3,140.0,0.0
2023-07-04 19:00:00+07:00,11.6,8.1,263.0,0.0
2023-07-04 20:00:00+07:00,13.8,9.7,357.0,0.0
2023-07-04 21:00:00+07:00,15.9,11.2,487.0,0.0
2023-07-04 22:00:00+07:00,15.9,11.2,577.0,0.0
2023-07-04 23:00:00+07:00,14.8,10.4,595.0,0.0
2023-07-05 00:00:00+07:00,13.9,9.8,574.0,0.0
2023-07-05 01:00:00+07:00,12.9,9.0,540.0,0.0
2023-07-05 02:00:00+07:00,11.5,8.0,496.0,0.0
2023-07-05 03:00:00+07:00,10.6,7.4,440.0,0.0
2023-07-05 04:00:00+07:00,9.6,6.7,388.0,0.0
2023-07-05 05:00:00+07:00,8.9,6.2,348.0,0.0
2023-07-05 06:00:00+07:00,8.6,6.0,313.0,0.0
2023-07-05 07:00:00+07:00,9.8,6.8,287.0,0.0
2023-07-05 08:00:00+07:00,9.0,6.1,259.0,0.0
2023-07-05 09:00:00+07:00,7.9,5.3,219.0,0.0
2023-07-05 10:00:00+07:00,8.0,5.5,190.0,0.0
2023-07-05 11:00:00+07:00,8.4,5.8,182.0,0.0
2023-07-05 12:00:00+07:00,8.5,5.9,183.0,0.0
2023-07-05 13:00:00+07:00,8.6,6.0,181.0,0.0
2023-07-05 14:00:00+07:00,8.2,5.7,167.0,0.0
2023-07-05 15:00:00+07:00,7.0,4.9,150.0,0.0
2023-07-05 16:00:00+07:00,5.5,3.9,144.0,0.0
2023-07-05 17:00:00+07:00,5.0,3.6,144.0,0.0
2023-07-05 18:00:00+07:00,4.7,3.3,155.0,0.0
2023-07-05 19:00:00+07:00,7.5,5.3,227.0,0.0
2023-07-05 20:00:00+07:00,12.7,9.0,340.0,0.0
2023-07-05 21:00:00+07:00,13.9,9.8,496.0,0.0
2023-07-05 22:00:00+07:00,13.1,9.2,606.0,0.0
2023-07-05 23:00:00+07:00,12.2,8.6,629.0,0.0
2023-07-06 00:00:00+07:00,11.6,8.2,608.0,0.0
2023-07-06 01:00:00+07:00,11.2,7.9,580.0,0.0
2023-07-06 02:00:00+07:00,10.7,7.5,554.0,0.0
2023-07-06 03:00:00+07:00,9.9,7.0,522.0,0.0
2023-07-06 04:00:00+07:00,9.2,6.5,498.0,0.0
2023-07-06 05:00:00+07:00,8.9,6.3,501.0,0.0
2023-07-06 06:00:00+07:00,9.8,6.9,513.0,0.0
2023-07-06 07:00:00+07:00,11.4,7.9,374.0,0.0
2023-07-06 08:00:00+07:00,12.0,8.4,320.0,0.0
2023-07-06 09:00:00+07:00,10.5,7.3,246.0,0.0
2023-07-06 10:00:00+07:00,9.5,6.5,187.0,0.0
2023-07-06 11:00:00+07:00,9.8,6.8,157.0,0.0
2023-07-06 12:00:00+07:00,9.2,6.3,143.0,1.0
2023-07-06 13:00:00+07:00,7.0,4.8,137.0,1.0
2023-07-06 14:00:00+07:00,6.3,4.4,139.0,1.0
2023-07-06 15:00:00+07:00,7.0,4.8,149.0,0.0
2023-07-06 16:00:00+07:00,7.6,5.4,163.0,0.0
2023-07-06 17:00:00+07:00,7.9,5.5,157.0,0.0
2023-07-06 18:00:00+07:00,7.9,5.5,156.0,0.0
2023-07-06 19:00:00+07:00,12.0,8.4,189.0,2.0
2023-07-06 20:00:00+07:00,17.7,12.7,405.0,1.0
2023-07-06 21:00:00+07:00,21.0,15.0,705.0,1.0
2023-07-06 22:00:00+07:00,21.5,15.3,943.0,0.0
2023-07-06 23:00:00+07:00,22.2,15.7,1067.0,0.0
2023-07-07 00:00:00+07:00,22.0,15.6,1130.0,0.0
2023-07-07 01:00:00+07:00,20.6,14.6,1144.0,0.0
2023-07-07 02:00:00+07:00,18.6,13.2,1095.0,0.0
2023-07-07 03:00:00+07:00,16.6,11.8,998.0,0.0
2023-07-07 04:00:00+07:00,14.8,10.5,909.0,0.0
2023-07-07 05:00:00+07:00,13.3,9.5,864.0,0.0
2023-07-07 06:00:00+07:00,13.0,9.2,828.0,0.0
2023-07-07 07:00:00+07:00,17.9,12.6,654.0,0.0
2023-07-07 08:00:00+07:00,13.3,9.3,516.0,0.0
2023-07-07 09:00:00+07:00,11.0,7.7,327.0,1.0
2023-07-07 10:00:00+07:00,11.3,7.9,185.0,1.0
2023-07-07 11:00:00+07:00,11.9,8.3,140.0,1.0
2023-07-07 12:00:00+07:00,11.4,7.9,144.0,1.0
2023-07-07 13:00:00+07:00,10.9,7.5,150.0,1.0
2023-07-07 14:00:00+07:00,10.4,7.2,142.0,1.0
2023-07-07 15:00:00+07:00,9.6,6.6,137.0,1.0
2023-07-07 16:00:00+07:00,8.5,5.9,138.0,1.0
2023-07-07 17:00:00+07:00,8.0,5.5,134.0,1.0
2023-07-07 18:00:00+07:00,8.4,5.9,137.0,0.0
2023-07-07 19:00:00+07:00,11.0,7.9,186.0,1.0
2023-07-07 20:00:00+07:00,15.1,10.9,313.0,1.0
2023-07-07 21:00:00+07:00,16.2,11.6,490.0,0.0
2023-07-07 22:00:00+07:00,17.1,12.3,642.0,0.0
2023-07-07 23:00:00+07:00,19.1,13.6,747.0,0.0
2023-07-08 00:00:00+07:00,20.3,14.4,825.0,0.0
2023-07-08 01:00:00+07:00,20.1,14.3,864.0,0.0
2023-07-08 02:00:00+07:00,19.3,13.7,845.0,0.0
2023-07-08 03:00:00+07:00,17.8,12.7,786.0,0.0
2023-07-08 04:00:00+07:00,16.2,11.6,730.0,0.0
2023-07-08 05:00:00+07:00,15.2,10.9,703.0,0.0
2023-07-08 06:00:00+07:00,14.8,10.6,679.0,0.0
2023-07-08 07:00:00+07:00,20.4,14.5,721.0,0.0
2023-07-08 08:00:00+07:00,25.6,18.2,582.0,0.0
2023-07-08 09:00:00+07:00,20.8,14.8,389.0,0.0
2023-07-08 10:00:00+07:00,19.4,13.9,244.0,0.0
2023-07-08 11:00:00+07:00,20.7,14.8,193.0,0.0
2023-07-08 12:00:00+07:00,20.7,14.7,190.0,1.0
2023-07-08 13:00:00+07:00,18.7,13.3,191.0,1.0
2023-07-08 14:00:00+07:00,18.2,12.9,183.0,1.0
2023-07-08 15:00:00+07:00,17.2,12.2,181.0,0.0
2023-07-08 16:00:00+07:00,16.8,11.9,182.0,0.0
2023-07-08 17:00:00+07:00,15.4,10.9,182.0,0.0
2023-07-08 18:00:00+07:00,15.0,10.7,187.0,0.0
2023-07-08 19:00:00+07:00,19.2,13.6,318.0,0.0
2023-07-08 20:00:00+07:00,19.9,14.3,328.0,0.0
2023-07-08 21:00:00+07:00,17.9,12.9,342.0,0.0
2023-07-08 22:00:00+07:00,21.1,15.0,349.0,0.0
2023-07-08 23:00:00+07:00,20.7,14.8,342.0,0.0
2023-07-09 00:00:00+07:00,18.5,13.3,327.0,0.0
2023-07-09 01:00:00+07:00,16.6,12.0,314.0,0.0
2023-07-09 02:00:00+07:00,14.9,10.8,305.0,0.0
2023-07-09 03:00:00+07:00,14.4,10.4,297.0,0.0
2023-07-09 04:00:00+07:00,13.7,9.9,292.0,0.0
2023-07-09 05:00:00+07:00,13.2,9.5,291.0,0.0
2023-07-09 06:00:00+07:00,12.8,9.3,291.0,0.0
2023-07-09 07:00:00+07:00,12.5,9.0,296.0,0.0
2023-07-09 08:00:00+07:00,12.4,8.9,289.0,0.0
2023-07-09 09:00:00+07:00,12.7,9.1,278.0,0.0
2023-07-09 10:00:00+07:00,12.9,9.2,269.0,0.0
2023-07-09 11:00:00+07:00,14.5,10.4,262.0,0.0
2023-07-09 12:00:00+07:00,14.3,10.2,255.0,0.0
2023-07-09 13:00:00+07:00,15.4,11.0,250.0,0.0
2023-07-09 14:00:00+07:00,16.4,11.7,243.0,0.0
2023-07-09 15:00:00+07:00,16.6,11.8,239.0,0.0
2023-07-09 16:00:00+07:00,16.1,11.4,245.0,0.0
2023-07-09 17:00:00+07:00,15.9,11.3,272.0,0.0
2023-07-09 18:00:00+07:00,15.4,10.9,310.0,0.0
2023-07-09 19:00:00+07:00,33.3,23.6,421.0,0.0
2023-07-09 20:00:00+07:00,34.3,24.4,448.0,0.0
2023-07-09 21:00:00+07:00,32.7,23.2,485.0,0.0
2023-07-09 22:00:00+07:00,29.4,21.0,503.0,0.0
2023-07-09 23:00:00+07:00,28.5,20.3,489.0,0.0
2023-07-10 00:00:00+07:00,23.3,16.6,457.0,0.0
2023-07-10 01:00:00+07:00,18.5,13.2,422.0,0.0
2023-07-10 02:00:00+07:00,15.3,10.9,383.0,0.0
2023-07-10 03:00:00+07:00,15.7,11.2,341.0,0.0
2023-07-10 04:00:00+07:00,15.0,10.7,309.0,0.0
2023-07-10 05:00:00+07:00,14.4,10.3,293.0,0.0
2023-07-10 06:00:00+07:00,14.1,10.0,287.0,0.0
2023-07-10 07:00:00+07:00,8.7,6.2,246.0,0.0
2023-07-10 08:00:00+07:00,9.8,6.9,257.0,0.0
2023-07-10 09:00:00+07:00,10.3,7.3,271.0,0.0
2023-07-10 10:00:00+07:00,11.2,7.9,274.0,0.0
2023-07-10 11:00:00+07:00,11.8,8.2,254.0,0.0
2023-07-10 12:00:00+07:00,9.7,6.8,224.0,0.0
2023-07-10 13:00:00+07:00,10.1,7.1,202.0,0.0
2023-07-10 14:00:00+07:00,11.8,8.3,194.0,0.0
2023-07-10 15:00:00+07:00,13.0,9.1,195.0,0.0
2023-07-10 16:00:00+07:00,12.7,8.8,211.0,0.0
2023-07-10 17:00:00+07:00,12.6,8.8,236.0,0.0
2023-07-10 18:00:00+07:00,12.5,8.7,275.0,0.0
2023-07-10 19:00:00+07:00,19.5,13.7,358.0,0.0
2023-07-10 20:00:00+07:00,21.6,15.2,460.0,0.0
2023-07-10 21:00:00+07:00,22.6,15.9,600.0,0.0
2023-07-10 22:00:00+07:00,23.8,16.8,702.0,0.0
2023-07-10 23:00:00+07:00,24.3,17.1,734.0,0.0
2023-07-11 00:00:00+07:00,23.2,16.3,728.0,0.0
2023-07-11 01:00:00+07:00,21.2,14.9,703.0,0.0
2023-07-11 02:00:00+07:00,20.5,14.4,659.0,0.0
2023-07-11 03:00:00+07:00,19.7,13.9,598.0,0.0
2023-07-11 04:00:00+07:00,19.5,13.7,540.0,0.0
2023-07-11 05:00:00+07:00,18.6,13.0,499.0,0.0
2023-07-11 06:00:00+07:00,18.3,12.8,462.0,0.0
2023-07-11 07:00:00+07:00,8.8,6.1,270.0,0.0
2023-07-11 08:00:00+07:00,9.7,6.9,247.0,0.0
2023-07-11 09:00:00+07:00,10.9,7.7,215.0,0.0
2023-07-11 10:00:00+07:00,7.7,5.5,188.0,0.0
2023-07-11 11:00:00+07:00,6.6,4.7,170.0,0.0
2023-07-11 12:00:00+07:00,9.3,6.6,156.0,0.0
2023-07-11 13:00:00+07:00,9.5,6.7,147.0,0.0
2023-07-11 14:00:00+07:00,5.7,4.1,138.0,0.0
2023-07-11 15:00:00+07:00,5.9,4.2,132.0,0.0
2023-07-11 16:00:00+07:00,5.5,4.0,143.0,0.0
2023-07-11 17:00:00+07:00,6.0,4.3,174.0,0.0
2023-07-11 18:00:00+07:00,6.0,4.3,221.0,0.0
2023-07-11 19:00:00+07:00,19.6,14.0,366.0,1.0
2023-07-11 20:00:00+07:00,21.5,15.5,412.0,1.0
2023-07-11 21:00:00+07:00,19.9,14.4,475.0,0.0
2023-07-11 22:00:00+07:00,19.2,13.9,524.0,0.0
2023-07-11 23:00:00+07:00,19.0,13.6,549.0,0.0
2023-07-12 00:00:00+07:00,18.0,13.0,560.0,0.0
2023-07-12 01:00:00+07:00,16.8,12.0,557.0,0.0
2023-07-12 02:00:00+07:00,15.3,11.0,539.0,0.0
2023-07-12 03:00:00+07:00,14.3,10.3,506.0,0.0
2023-07-12 04:00:00+07:00,13.7,9.8,464.0,0.0
2023-07-12 05:00:00+07:00,13.1,9.4,407.0,0.0
2023-07-12 06:00:00+07:00,12.1,8.6,340.0,0.0
2023-07-12 07:00:00+07:00,14.3,10.2,329.0,0.0
2023-07-12 08:00:00+07:00,13.6,9.6,285.0,0.0
2023-07-12 09:00:00+07:00,10.6,7.4,224.0,0.0
2023-07-12 10:00:00+07:00,8.6,6.0,176.0,0.0
2023-07-12 11:00:00+07:00,7.8,5.4,155.0,0.0
2023-07-12 12:00:00+07:00,7.0,4.9,148.0,0.0
2023-07-12 13:00:00+07:00,6.1,4.2,143.0,0.0
2023-07-12 14:00:00+07:00,5.3,3.7,129.0,0.0
2023-07-12 15:00:00+07:00,4.3,3.0,117.0,0.0
2023-07-12 16:00:00+07:00,3.9,2.7,134.0,0.0
2023-07-12 17:00:00+07:00,4.3,3.0,184.0,0.0
2023-07-12 18:00:00+07:00,4.7,3.3,263.0,0.0
2023-07-12 19:00:00+07:00,13.4,9.4,484.0,0.0
2023-07-12 20:00:00+07:00,19.6,13.8,710.0,0.0
2023-07-12 21:00:00+07:00,22.6,15.9,1023.0,0.0
2023-07-12 22:00:00+07:00,24.2,17.1,1264.0,0.0
2023-07-12 23:00:00+07:00,25.3,17.8,1373.0,0.0
2023-07-13 00:00:00+07:00,25.3,17.7,1411.0,0.0
2023-07-13 01:00:00+07:00,22.2,15.6,1402.0,0.0
2023-07-13 02:00:00+07:00,18.2,12.8,1330.0,0.0
2023-07-13 03:00:00+07:00,16.1,11.3,1211.0,0.0
2023-07-13 04:00:00+07:00,14.6,10.2,1113.0,0.0
2023-07-13 05:00:00+07:00,13.5,9.5,1093.0,0.0
2023-07-13 06:00:00+07:00,13.6,9.6,1095.0,0.0
2023-07-13 07:00:00+07:00,19.7,13.8,949.0,0.0
2023-07-13 08:00:00+07:00,16.5,11.5,730.0,0.0
2023-07-13 09:00:00+07:00,9.5,6.5,427.0,0.0
2023-07-13 10:00:00+07:00,8.6,5.9,201.0,0.0
2023-07-13 11:00:00+07:00,8.5,5.8,128.0,0.0
2023-07-13 12:00:00+07:00,7.3,5.0,130.0,0.0
2023-07-13 13:00:00+07:00,6.0,4.1,139.0,0.0
2023-07-13 14:00:00+07:00,4.7,3.2,129.0,0.0
2023-07-13 15:00:00+07:00,3.7,2.5,125.0,0.0
2023-07-13 16:00:00+07:00,3.3,2.3,131.0,0.0
2023-07-13 17:00:00+07:00,4.3,3.0,131.0,0.0
2023-07-13 18:00:00+07:00,5.3,3.7,142.0,0.0
2023-07-13 19:00:00+07:00,7.3,5.0,199.0,1.0
2023-07-13 20:00:00+07:00,13.9,9.8,421.0,1.0
2023-07-13 21:00:00+07:00,16.9,12.0,727.0,0.0
2023-07-13 22:00:00+07:00,19.0,13.4,958.0,0.0
2023-07-13 23:00:00+07:00,20.1,14.1,1041.0,0.0
2023-07-14 00:00:00+07:00,18.6,13.1,1049.0,0.0
2023-07-14 01:00:00+07:00,16.8,11.8,1034.0,0.0
2023-07-14 02:00:00+07:00,15.1,10.6,1009.0,0.0
2023-07-14 03:00:00+07:00,13.5,9.5,961.0,0.0
2023-07-14 04:00:00+07:00,11.9,8.4,909.0,0.0
2023-07-14 05:00:00+07:00,10.8,7.6,872.0,0.0
2023-07-14 06:00:00+07:00,10.8,7.6,831.0,0.0
2023-07-14 07:00:00+07:00,13.4,9.4,621.0,0.0
2023-07-14 08:00:00+07:00,10.2,7.1,493.0,0.0
2023-07-14 09:00:00+07:00,7.6,5.3,317.0,1.0
2023-07-14 10:00:00+07:00,8.5,5.9,184.0,1.0
2023-07-14 11:00:00+07:00,8.6,6.0,137.0,1.0
2023-07-14 12:00:00+07:00,7.6,5.3,134.0,0.0
2023-07-14 13:00:00+07:00,6.0,4.2,139.0,0.0
2023-07-14 14:00:00+07:00,5.3,3.7,136.0,0.0
2023-07-14 15:00:00+07:00,5.6,4.0,142.0,0.0
2023-07-14 16:00:00+07:00,5.8,4.1,169.0,0.0
2023-07-14 17:00:00+07:00,6.4,4.5,223.0,0.0
2023-07-14 18:00:00+07:00,8.0,5.7,299.0,0.0
2023-07-14 19:00:00+07:00,13.3,9.8,188.0,1.0
2023-07-14 20:00:00+07:00,17.3,12.7,397.0,1.0
2023-07-14 21:00:00+07:00,19.3,14.1,686.0,0.0
2023-07-14 22:00:00+07:00,21.0,15.1,907.0,0.0
2023-07-14 23:00:00+07:00,22.5,16.1,1003.0,0.0
2023-07-15 00:00:00+07:00,22.3,15.9,1033.0,0.0
2023-07-15 01:00:00+07:00,19.2,13.7,1021.0,0.0
2023-07-15 02:00:00+07:00,16.4,11.8,961.0,0.0
2023-07-15 03:00:00+07:00,14.8,10.6,861.0,0.0
2023-07-15 04:00:00+07:00,13.6,9.8,768.0,0.0
2023-07-15 05:00:00+07:00,13.0,9.3,709.0,0.0
2023-07-15 06:00:00+07:00,12.8,9.2,659.0,0.0
2023-07-15 07:00:00+07:00,16.4,11.7,481.0,0.0
2023-07-15 08:00:00+07:00,16.4,11.6,398.0,0.0
2023-07-15 09:00:00+07:00,14.0,9.8,282.0,1.0
2023-07-15 10:00:00+07:00,11.6,8.1,192.0,1.0
2023-07-15 11:00:00+07:00,9.7,6.8,152.0,1.0
2023-07-15 12:00:00+07:00,7.3,5.2,138.0,1.0
2023-07-15 13:00:00+07:00,5.9,4.3,133.0,1.0
2023-07-15 14:00:00+07:00,6.9,5.0,131.0,1.0
2023-07-15 15:00:00+07:00,6.6,4.7,137.0,0.0
2023-07-15 16:00:00+07:00,6.1,4.4,158.0,0.0
2023-07-15 17:00:00+07:00,6.2,4.5,174.0,0.0
2023-07-15 18:00:00+07:00,6.3,4.5,204.0,0.0
2023-07-15 19:00:00+07:00,6.8,4.8,209.0,1.0
2023-07-15 20:00:00+07:00,11.8,8.4,401.0,1.0
2023-07-15 21:00:00+07:00,15.3,10.9,663.0,0.0
2023-07-15 22:00:00+07:00,16.2,11.5,848.0,0.0
2023-07-15 23:00:00+07:00,15.6,11.0,887.0,0.0
2023-07-16 00:00:00+07:00,14.3,10.1,849.0,0.0
2023-07-16 01:00:00+07:00,12.3,8.7,788.0,0.0
2023-07-16 02:00:00+07:00,10.2,7.2,705.0,0.0
2023-07-16 03:00:00+07:00,9.1,6.4,601.0,0.0
2023-07-16 04:00:00+07:00,8.2,5.8,527.0,0.0
2023-07-16 05:00:00+07:00,7.9,5.6,525.0,0.0
2023-07-16 06:00:00+07:00,7.9,5.6,554.0,0.0
2023-07-16 07:00:00+07:00,2.6,1.9,351.0,0.0
2023-07-16 08:00:00+07:00,4.5,3.2,332.0,0.0
2023-07-16 09:00:00+07:00,8.1,5.6,305.0,0.0
2023-07-16 10:00:00+07:00,9.5,6.6,272.0,0.0
2023-07-16 11:00:00+07:00,8.8,6.1,228.0,0.0
2023-07-16 12:00:00+07:00,8.0,5.5,179.0,1.0
2023-07-16 13:00:00+07:00,7.2,4.9,145.0,1.0
2023-07-16 14:00:00+07:00,5.6,3.8,135.0,1.0
2023-07-16 15:00:00+07:00,5.6,3.9,139.0,1.0
2023-07-16 16:00:00+07:00,5.9,4.1,152.0,1.0
2023-07-16 17:00:00+07:00,6.7,4.7,171.0,1.0
2023-07-16 18:00:00+07:00,6.6,4.7,198.0,1.0
2023-07-16 19:00:00+07:00,16.8,11.8,355.0,2.0
2023-07-16 20:00:00+07:00,21.4,15.3,429.0,2.0
2023-07-16 21:00:00+07:00,20.3,14.5,532.0,1.0
2023-07-16 22:00:00+07:00,17.6,12.6,612.0,1.0
2023-07-16 23:00:00+07:00,17.0,12.3,654.0,1.0
2023-07-17 00:00:00+07:00,15.9,11.4,674.0,0.0
2023-07-17 01:00:00+07:00,13.9,10.0,665.0,0.0
2023-07-17 02:00:00+07:00,11.9,8.5,611.0,0.0
2023-07-17 03:00:00+07:00,10.1,7.2,530.0,0.0
2023-07-17 04:00:00+07:00,8.8,6.3,466.0,0.0
2023-07-17 05:00:00+07:00,7.9,5.6,448.0,0.0
2023-07-17 06:00:00+07:00,7.7,5.5,447.0,0.0
2023-07-17 07:00:00+07:00,9.9,7.0,394.0,0.0
2023-07-17 08:00:00+07:00,10.5,7.3,341.0,0.0
2023-07-17 09:00:00+07:00,9.4,6.5,267.0,0.0
2023-07-17 10:00:00+07:00,10.5,7.3,211.0,1.0
2023-07-17 11:00:00+07:00,11.8,8.1,190.0,2.0
2023-07-17 12:00:00+07:00,14.6,9.7,188.0,4.0
2023-07-17 13:00:00+07:00,16.9,10.9,190.0,5.0
2023-07-17 14:00:00+07:00,17.2,10.9,189.0,5.0
2023-07-17 15:00:00+07:00,17.8,11.6,192.0,5.0
2023-07-17 16:00:00+07:00,20.0,12.9,210.0,5.0
2023-07-17 17:00:00+07:00,21.4,14.0,250.0,4.0
2023-07-17 18:00:00+07:00,23.1,15.8,305.0,3.0
2023-07-17 19:00:00+07:00,30.6,21.2,410.0,3.0
2023-07-17 20:00:00+07:00,29.5,21.0,443.0,2.0
2023-07-17 21:00:00+07:00,27.2,19.4,489.0,2.0
2023-07-17 22:00:00+07:00,24.2,17.3,527.0,1.0
2023-07-17 23:00:00+07:00,22.3,15.9,551.0,1.0
2023-07-18 00:00:00+07:00,20.6,14.8,566.0,0.0
2023-07-18 01:00:00+07:00,18.9,13.6,566.0,0.0
2023-07-18 02:00:00+07:00,16.9,12.1,540.0,0.0
2023-07-18 03:00:00+07:00,15.1,10.8,499.0,0.0
2023-07-18 04:00:00+07:00,14.0,10.0,466.0,0.0
2023-07-18 05:00:00+07:00,13.0,9.3,457.0,0.0
2023-07-18 06:00:00+07:00,12.1,8.7,456.0,0.0
2023-07-18 07:00:00+07:00,12.8,9.1,433.0,0.0
2023-07-18 08:00:00+07:00,10.9,7.7,376.0,0.0
2023-07-18 09:00:00+07:00,10.1,7.1,298.0,0.0
2023-07-18 10:00:00+07:00,11.5,8.0,238.0,0.0
2023-07-18 11:00:00+07:00,13.0,9.0,213.0,1.0
2023-07-18 12:00:00+07:00,15.1,10.2,206.0,2.0
2023-07-18 13:00:00+07:00,16.5,10.8,204.0,3.0
2023-07-18 14:00:00+07:00,17.5,11.3,201.0,4.0
2023-07-18 15:00:00+07:00,19.3,12.3,204.0,4.0
2023-07-18 16:00:00+07:00,18.8,12.2,216.0,4.0
2023-07-18 17:00:00+07:00,17.4,11.4,237.0,3.0
2023-07-18 18:00:00+07:00,15.9,10.7,267.0,2.0
2023-07-18 19:00:00+07:00,20.5,13.9,280.0,2.0
2023-07-18 20:00:00+07:00,18.5,12.9,338.0,1.0
2023-07-18 21:00:00+07:00,18.3,12.9,419.0,1.0
2023-07-18 22:00:00+07:00,18.6,13.2,492.0,0.0
2023-07-18 23:00:00+07:00,18.5,13.2,557.0,0.0
2023-07-19 00:00:00+07:00,17.9,12.7,614.0,0.0
2023-07-19 01:00:00+07:00,15.8,11.2,634.0,0.0
2023-07-19 02:00:00+07:00,13.2,9.4,588.0,0.0
2023-07-19 03:00:00+07:00,11.1,7.9,505.0,0.0
2023-07-19 04:00:00+07:00,9.5,6.8,442.0,0.0
2023-07-19 05:00:00+07:00,8.6,6.1,434.0,0.0
2023-07-19 06:00:00+07:00,8.5,6.1,446.0,0.0
2023-07-19 07:00:00+07:00,10.8,7.7,430.0,0.0
2023-07-19 08:00:00+07:00,10.2,7.2,369.0,0.0
2023-07-19 09:00:00+07:00,9.6,6.8,285.0,1.0
2023-07-19 10:00:00+07:00,10.3,7.2,223.0,1.0
2023-07-19 11:00:00+07:00,12.8,8.8,204.0,1.0
2023-07-19 12:00:00+07:00,15.3,10.4,208.0,2.0
2023-07-19 13:00:00+07:00,17.5,11.9,212.0,2.0
2023-07-19 14:00:00+07:00,18.1,12.1,206.0,2.0
2023-07-19 15:00:00+07:00,16.7,11.1,202.0,3.0
2023-07-19 16:00:00+07:00,20.2,13.5,211.0,3.0
2023-07-19 17:00:00+07:00,18.5,12.5,243.0,2.0
2023-07-19 18:00:00+07:00,22.5,15.1,289.0,2.0
2023-07-19 19:00:00+07:00,25.6,17.6,277.0,3.0
2023-07-19 20:00:00+07:00,25.3,17.8,330.0,2.0
2023-07-19 21:00:00+07:00,23.7,16.7,405.0,2.0
2023-07-19 22:00:00+07:00,22.9,16.2,466.0,1.0
2023-07-19 23:00:00+07:00,23.2,16.5,503.0,1.0
2023-07-20 00:00:00+07:00,22.6,16.1,527.0,0.0
2023-07-20 01:00:00+07:00,20.0,14.3,537.0,0.0
2023-07-20 02:00:00+07:00,17.6,12.5,523.0,0.0
2023-07-20 03:00:00+07:00,16.2,11.6,495.0,0.0
2023-07-20 04:00:00+07:00,15.7,11.2,480.0,0.0
2023-07-20 05:00:00+07:00,15.1,10.8,508.0,0.0
2023-07-20 06:00:00+07:00,15.1,10.7,549.0,0.0
2023-07-20 07:00:00+07:00,18.0,12.8,529.0,0.0
2023-07-20 08:00:00+07:00,16.9,11.8,442.0,0.0
2023-07-20 09:00:00+07:00,11.9,8.3,321.0,1.0
2023-07-20 10:00:00+07:00,11.4,7.9,231.0,1.0
2023-07-20 11:00:00+07:00,11.7,8.0,202.0,1.0
2023-07-20 12:00:00+07:00,12.2,8.4,204.0,1.0
2023-07-20 13:00:00+07:00,14.5,10.0,209.0,1.0
2023-07-20 14:00:00+07:00,14.6,10.1,203.0,1.0
2023-07-20 15:00:00+07:00,14.3,10.0,201.0,0.0
2023-07-20 16:00:00+07:00,12.0,8.4,220.0,0.0
2023-07-20 17:00:00+07:00,11.7,8.3,277.0,0.0
2023-07-20 18:00:00+07:00,13.0,9.2,357.0,0.0
2023-07-20 19:00:00+07:00,21.8,15.3,533.0,1.0
2023-07-20 20:00:00+07:00,24.6,17.3,647.0,1.0
2023-07-20 21:00:00+07:00,24.7,17.3,804.0,0.0
2023-07-20 22:00:00+07:00,26.7,18.8,924.0,0.0
2023-07-20 23:00:00+07:00,28.8,20.2,978.0,0.0
2023-07-21 00:00:00+07:00,28.6,20.1,995.0,0.0
2023-07-21 01:00:00+07:00,25.1,17.6,982.0,0.0
2023-07-21 02:00:00+07:00,23.0,16.1,931.0,0.0
2023-07-21 03:00:00+07:00,21.1,14.8,851.0,0.0
2023-07-21 04:00:00+07:00,20.6,14.4,773.0,0.0
2023-07-21 05:00:00+07:00,18.9,13.3,711.0,0.0
2023-07-21 06:00:00+07:00,17.8,12.4,651.0,1.0
2023-07-21 07:00:00+07:00,9.7,6.7,324.0,1.0
2023-07-21 08:00:00+07:00,13.0,9.0,301.0,1.0
2023-07-21 09:00:00+07:00,12.5,8.7,270.0,1.0
2023-07-21 10:00:00+07:00,11.6,8.0,245.0,1.0
2023-07-21 11:00:00+07:00,11.4,7.9,234.0,1.0
2023-07-21 12:00:00+07:00,12.1,8.4,229.0,1.0
2023-07-21 13:00:00+07:00,15.5,10.8,226.0,1.0
2023-07-21 14:00:00+07:00,17.3,12.0,216.0,1.0
2023-07-21 15:00:00+07:00,16.4,11.3,207.0,0.0
2023-07-21 16:00:00+07:00,15.9,11.0,223.0,0.0
2023-07-21 17:00:00+07:00,18.6,13.0,269.0,0.0
2023-07-21 18:00:00+07:00,20.0,13.9,340.0,0.0
2023-07-21 19:00:00+07:00,29.8,20.9,493.0,0.0
2023-07-21 20:00:00+07:00,34.1,23.9,576.0,0.0
2023-07-21 21:00:00+07:00,31.9,22.5,685.0,0.0
2023-07-21 22:00:00+07:00,30.2,21.2,731.0,0.0
2023-07-21 23:00:00+07:00,25.0,17.6,652.0,0.0
2023-07-22 00:00:00+07:00,15.4,10.8,508.0,0.0
2023-07-22 01:00:00+07:00,14.3,10.0,394.0,0.0
2023-07-22 02:00:00+07:00,14.1,9.9,345.0,0.0
2023-07-22 03:00:00+07:00,11.9,8.4,325.0,0.0
2023-07-22 04:00:00+07:00,12.0,8.5,320.0,0.0
2023-07-22 05:00:00+07:00,11.8,8.3,334.0,0.0
2023-07-22 06:00:00+07:00,12.1,8.5,363.0,0.0
2023-07-22 07:00:00+07:00,14.9,10.5,350.0,0.0
2023-07-22 08:00:00+07:00,17.1,12.0,362.0,0.0
2023-07-22 09:00:00+07:00,14.1,9.9,377.0,0.0
2023-07-22 10:00:00+07:00,16.2,11.4,383.0,0.0
2023-07-22 11:00:00+07:00,13.4,9.4,373.0,0.0
2023-07-22 12:00:00+07:00,15.1,10.6,353.0,0.0
2023-07-22 13:00:00+07:00,21.0,14.7,335.0,0.0
2023-07-22 14:00:00+07:00,20.5,14.4,311.0,0.0
2023-07-22 15:00:00+07:00,18.5,12.9,288.0,0.0
2023-07-22 16:00:00+07:00,18.5,13.0,295.0,0.0
2023-07-22 17:00:00+07:00,21.1,14.7,334.0,0.0
2023-07-22 18:00:00+07:00,23.2,16.2,403.0,0.0
2023-07-22 19:00:00+07:00,22.6,15.8,516.0,0.0
2023-07-22 20:00:00+07:00,22.9,16.0,476.0,0.0
2023-07-22 21:00:00+07:00,20.4,14.3,421.0,0.0
2023-07-22 22:00:00+07:00,19.9,14.0,381.0,0.0
2023-07-22 23:00:00+07:00,17.2,12.1,372.0,0.0
2023-07-23 00:00:00+07:00,16.6,11.6,377.0,0.0
2023-07-23 01:00:00+07:00,14.7,10.3,381.0,0.0
2023-07-23 02:00:00+07:00,10.9,7.6,377.0,0.0
2023-07-23 03:00:00+07:00,10.8,7.6,372.0,0.0
2023-07-23 04:00:00+07:00,11.1,7.8,367.0,0.0
2023-07-23 05:00:00+07:00,10.9,7.6,361.0,0.0
2023-07-23 06:00:00+07:00,11.6,8.1,355.0,0.0
2023-07-23 07:00:00+07:00,24.3,17.0,414.0,0.0
2023-07-23 08:00:00+07:00,24.4,17.1,403.0,0.0
2023-07-23 09:00:00+07:00,23.9,16.8,386.0,0.0
2023-07-23 10:00:00+07:00,23.8,16.6,365.0,0.0
2023-07-23 11:00:00+07:00,23.3,16.3,335.0,0.0
2023-07-23 12:00:00+07:00,21.8,15.3,302.0,0.0
2023-07-23 13:00:00+07:00,23.3,16.3,277.0,0.0
2023-07-23 14:00:00+07:00,24.9,17.4,260.0,0.0
2023-07-23 15:00:00+07:00,26.0,18.2,253.0,0.0
2023-07-23 16:00:00+07:00,24.9,17.4,272.0,0.0
2023-07-23 17:00:00+07:00,25.0,17.5,326.0,0.0
2023-07-23 18:00:00+07:00,25.4,17.8,407.0,0.0
2023-07-23 19:00:00+07:00,28.0,19.6,522.0,0.0
2023-07-23 20:00:00+07:00,33.1,23.2,655.0,0.0
2023-07-23 21:00:00+07:00,33.6,23.6,835.0,0.0
2023-07-23 22:00:00+07:00,32.8,23.0,938.0,0.0
2023-07-23 23:00:00+07:00,28.6,20.0,890.0,0.0
2023-07-24 00:00:00+07:00,24.5,17.2,766.0,0.0
2023-07-24 01:00:00+07:00,21.6,15.1,670.0,0.0
2023-07-24 02:00:00+07:00,20.3,14.2,646.0,0.0
2023-07-24 03:00:00+07:00,19.6,13.7,650.0,0.0
2023-07-24 04:00:00+07:00,19.0,13.3,648.0,0.0
2023-07-24 05:00:00+07:00,20.8,14.6,635.0,0.0
2023-07-24 06:00:00+07:00,27.1,19.0,617.0,0.0
2023-07-24 07:00:00+07:00,17.6,12.3,489.0,0.0
2023-07-24 08:00:00+07:00,17.5,12.2,451.0,0.0
2023-07-24 09:00:00+07:00,19.8,13.9,399.0,0.0
2023-07-24 10:00:00+07:00,21.9,15.4,354.0,0.0
2023-07-24 11:00:00+07:00,24.0,16.8,327.0,0.0
2023-07-24 12:00:00+07:00,23.6,16.5,309.0,0.0
2023-07-24 13:00:00+07:00,22.9,16.1,293.0,0.0
2023-07-24 14:00:00+07:00,21.9,15.4,273.0,0.0
2023-07-24 15:00:00+07:00,19.9,13.9,256.0,0.0
2023-07-24 16:00:00+07:00,19.1,13.4,255.0,0.0
2023-07-24 17:00:00+07:00,19.0,13.3,278.0,0.0
2023-07-24 18:00:00+07:00,18.6,13.0,317.0,0.0
2023-07-24 19:00:00+07:00,24.9,17.4,404.0,0.0
2023-07-24 20:00:00+07:00,25.1,17.5,472.0,0.0
2023-07-24 21:00:00+07:00,23.7,16.6,571.0,0.0
2023-07-24 22:00:00+07:00,25.1,17.6,678.0,0.0
2023-07-24 23:00:00+07:00,26.9,18.9,804.0,0.0
2023-07-25 00:00:00+07:00,28.1,19.7,937.0,0.0
2023-07-25 01:00:00+07:00,27.6,19.3,1023.0,0.0
2023-07-25 02:00:00+07:00,26.5,18.6,1026.0,0.0
2023-07-25 03:00:00+07:00,25.0,17.6,982.0,0.0
2023-07-25 04:00:00+07:00,23.1,16.2,937.0,0.0
2023-07-25 05:00:00+07:00,22.4,15.8,926.0,0.0
2023-07-25 06:00:00+07:00,21.6,15.2,914.0,0.0
2023-07-25 07:00:00+07:00,21.7,15.2,872.0,0.0
2023-07-25 08:00:00+07:00,21.7,15.2,692.0,0.0
2023-07-25 09:00:00+07:00,19.4,13.6,445.0,0.0
2023-07-25 10:00:00+07:00,13.9,9.7,262.0,0.0
2023-07-25 11:00:00+07:00,12.1,8.5,208.0,0.0
2023-07-25 12:00:00+07:00,14.4,10.1,218.0,0.0
2023-07-25 13:00:00+07:00,15.4,10.8,231.0,0.0
2023-07-25 14:00:00+07:00,16.8,11.8,217.0,0.0
2023-07-25 15:00:00+07:00,17.2,12.1,206.0,0.0
2023-07-25 16:00:00+07:00,16.5,11.5,221.0,0.0
2023-07-25 17:00:00+07:00,17.0,11.9,277.0,0.0
2023-07-25 18:00:00+07:00,17.3,12.1,359.0,0.0
2023-07-25 19:00:00+07:00,28.5,19.9,524.0,0.0
2023-07-25 20:00:00+07:00,33.4,23.5,627.0,0.0
2023-07-25 21:00:00+07:00,33.3,23.3,768.0,0.0
2023-07-25 22:00:00+07:00,31.1,21.9,875.0,0.0
2023-07-25 23:00:00+07:00,29.7,20.9,916.0,0.0
2023-07-26 00:00:00+07:00,28.3,19.9,922.0,0.0
2023-07-26 01:00:00+07:00,26.7,18.7,909.0,0.0
2023-07-26 02:00:00+07:00,24.2,17.0,874.0,0.0
2023-07-26 03:00:00+07:00,21.5,15.2,821.0,0.0
2023-07-26 04:00:00+07:00,19.0,13.4,773.0,0.0
2023-07-26 05:00:00+07:00,17.3,12.3,756.0,0.0
2023-07-26 06:00:00+07:00,16.6,11.8,744.0,0.0
2023-07-26 07:00:00+07:00,20.3,14.2,753.0,0.0
2023-07-26 08:00:00+07:00,15.3,10.8,596.0,0.0
2023-07-26 09:00:00+07:00,10.6,7.4,379.0,0.0
2023-07-26 10:00:00+07:00,9.9,7.0,215.0,0.0
2023-07-26 11:00:00+07:00,9.9,7.0,157.0,0.0
2023-07-26 12:00:00+07:00,8.8,6.2,151.0,0.0
2023-07-26 13:00:00+07:00,7.4,5.2,152.0,0.0
2023-07-26 14:00:00+07:00,6.6,4.6,140.0,0.0
2023-07-26 15:00:00+07:00,6.7,4.7,133.0,0.0
2023-07-26 16:00:00+07:00,7.0,4.9,142.0,0.0
2023-07-26 17:00:00+07:00,5.4,3.8,159.0,0.0
2023-07-26 18:00:00+07:00,5.3,3.8,192.0,0.0
2023-07-26 19:00:00+07:00,12.4,8.8,237.0,1.0
2023-07-26 20:00:00+07:00,13.5,9.7,277.0,1.0
2023-07-26 21:00:00+07:00,13.2,9.5,336.0,0.0
2023-07-26 22:00:00+07:00,12.5,9.0,401.0,0.0
2023-07-26 23:00:00+07:00,13.0,9.4,479.0,0.0
2023-07-27 00:00:00+07:00,13.6,9.8,564.0,0.0
2023-07-27 01:00:00+07:00,12.9,9.3,621.0,0.0
2023-07-27 02:00:00+07:00,11.4,8.2,631.0,0.0
2023-07-27 03:00:00+07:00,10.1,7.3,614.0,0.0
2023-07-27 04:00:00+07:00,9.1,6.6,598.0,0.0
2023-07-27 05:00:00+07:00,8.4,6.1,609.0,0.0
2023-07-27 06:00:00+07:00,8.4,6.0,620.0,0.0
2023-07-27 07:00:00+07:00,10.5,7.6,429.0,0.0
2023-07-27 08:00:00+07:00,11.4,8.1,347.0,0.0
2023-07-27 09:00:00+07:00,9.7,6.7,234.0,1.0
2023-07-27 10:00:00+07:00,7.9,5.5,150.0,1.0
2023-07-27 11:00:00+07:00,6.6,4.6,123.0,1.0
2023-07-27 12:00:00+07:00,5.7,3.9,124.0,1.0
2023-07-27 13:00:00+07:00,5.5,3.8,128.0,1.0
2023-07-27 14:00:00+07:00,4.8,3.3,127.0,1.0
2023-07-27 15:00:00+07:00,4.9,3.4,129.0,0.0
2023-07-27 16:00:00+07:00,4.6,3.2,136.0,0.0
2023-07-27 17:00:00+07:00,4.7,3.3,149.0,0.0
2023-07-27 18:00:00+07:00,4.7,3.3,167.0,0.0
2023-07-27 19:00:00+07:00,8.7,6.1,185.0,1.0
2023-07-27 20:00:00+07:00,8.7,6.2,208.0,1.0
2023-07-27 21:00:00+07:00,8.8,6.3,243.0,0.0
2023-07-27 22:00:00+07:00,10.0,7.1,284.0,0.0
2023-07-27 23:00:00+07:00,11.9,8.5,344.0,0.0
2023-07-28 00:00:00+07:00,11.8,8.4,412.0,0.0
2023-07-28 01:00:00+07:00,10.1,7.2,448.0,0.0
2023-07-28 02:00:00+07:00,7.9,5.7,416.0,0.0
2023-07-28 03:00:00+07:00,6.6,4.7,352.0,0.0
2023-07-28 04:00:00+07:00,6.1,4.3,326.0,0.0
2023-07-28 05:00:00+07:00,5.9,4.2,395.0,0.0
2023-07-28 06:00:00+07:00,6.3,4.5,502.0,0.0
2023-07-28 07:00:00+07:00,7.9,5.6,326.0,0.0
2023-07-28 08:00:00+07:00,6.0,4.1,277.0,0.0
2023-07-28 09:00:00+07:00,7.2,4.9,210.0,0.0
2023-07-28 10:00:00+07:00,5.4,3.7,158.0,0.0
2023-07-28 11:00:00+07:00,4.2,2.9,138.0,0.0
2023-07-28 12:00:00+07:00,3.5,2.4,134.0,0.0
2023-07-28 13:00:00+07:00,3.8,2.6,133.0,0.0
2023-07-28 14:00:00+07:00,4.1,2.8,130.0,0.0
2023-07-28 15:00:00+07:00,4.1,2.8,130.0,0.0
2023-07-28 16:00:00+07:00,4.0,2.7,138.0,0.0
2023-07-28 17:00:00+07:00,4.8,3.3,145.0,0.0
2023-07-28 18:00:00+07:00,5.4,3.7,159.0,0.0
2023-07-28 19:00:00+07:00,6.6,4.5,199.0,0.0
2023-07-28 20:00:00+07:00,7.0,4.8,230.0,0.0
2023-07-28 21:00:00+07:00,7.8,5.4,276.0,0.0
2023-07-28 22:00:00+07:00,8.0,5.6,327.0,0.0
2023-07-28 23:00:00+07:00,9.1,6.3,397.0,0.0
2023-07-29 00:00:00+07:00,10.1,7.1,474.0,0.0
2023-07-29 01:00:00+07:00,9.6,6.7,509.0,0.0
2023-07-29 02:00:00+07:00,7.8,5.4,466.0,0.0
2023-07-29 03:00:00+07:00,6.8,4.7,383.0,0.0
2023-07-29 04:00:00+07:00,6.3,4.4,323.0,0.0
2023-07-29 05:00:00+07:00,6.0,4.2,318.0,0.0
2023-07-29 06:00:00+07:00,6.0,4.2,337.0,0.0
2023-07-29 07:00:00+07:00,5.4,3.8,307.0,0.0
2023-07-29 08:00:00+07:00,6.9,4.8,287.0,0.0
2023-07-29 09:00:00+07:00,9.2,6.4,259.0,0.0
2023-07-29 10:00:00+07:00,9.8,6.8,231.0,0.0
2023-07-29 11:00:00+07:00,9.9,6.8,203.0,0.0
2023-07-29 12:00:00+07:00,9.5,6.6,176.0,0.0
2023-07-29 13:00:00+07:00,7.4,5.1,159.0,0.0
2023-07-29 14:00:00+07:00,6.7,4.6,151.0,0.0
2023-07-29 15:00:00+07:00,6.4,4.5,155.0,0.0
2023-07-29 16:00:00+07:00,6.0,4.3,186.0,0.0
2023-07-29 17:00:00+07:00,7.6,5.4,266.0,0.0
2023-07-29 18:00:00+07:00,8.2,5.8,374.0,0.0
2023-07-29 19:00:00+07:00,12.6,8.7,356.0,1.0
2023-07-29 20:00:00+07:00,15.0,10.5,448.0,1.0
2023-07-29 21:00:00+07:00,16.4,11.6,573.0,0.0
2023-07-29 22:00:00+07:00,15.9,11.2,653.0,0.0
2023-07-29 23:00:00+07:00,14.8,10.4,648.0,0.0
2023-07-30 00:00:00+07:00,13.6,9.5,598.0,0.0
2023-07-30 01:00:00+07:00,12.0,8.4,548.0,0.0
2023-07-30 02:00:00+07:00,10.8,7.6,509.0,0.0
2023-07-30 03:00:00+07:00,6.6,4.6,468.0,0.0
2023-07-30 04:00:00+07:00,4.8,3.4,436.0,0.0
2023-07-30 05:00:00+07:00,4.5,3.1,421.0,0.0
2023-07-30 06:00:00+07:00,3.4,2.4,414.0,0.0
2023-07-30 07:00:00+07:00,8.9,6.2,421.0,0.0
2023-07-30 08:00:00+07:00,10.0,7.0,364.0,0.0
2023-07-30 09:00:00+07:00,10.7,7.5,284.0,0.0
2023-07-30 10:00:00+07:00,7.4,5.1,219.0,0.0
2023-07-30 11:00:00+07:00,6.1,4.2,184.0,0.0
2023-07-30 12:00:00+07:00,5.4,3.7,164.0,0.0
2023-07-30 13:00:00+07:00,5.2,3.5,153.0,0.0
2023-07-30 14:00:00+07:00,4.8,3.3,142.0,0.0
2023-07-30 15:00:00+07:00,4.4,3.0,140.0,0.0
2023-07-30 16:00:00+07:00,4.1,2.9,168.0,0.0
2023-07-30 17:00:00+07:00,5.1,3.6,251.0,0.0
2023-07-30 18:00:00+07:00,6.6,4.6,364.0,0.0
2023-07-30 19:00:00+07:00,12.8,8.8,358.0,1.0
2023-07-30 20:00:00+07:00,17.1,12.0,421.0,1.0
2023-07-30 21:00:00+07:00,16.1,11.3,506.0,0.0
2023-07-30 22:00:00+07:00,15.1,10.6,549.0,0.0
2023-07-30 23:00:00+07:00,14.1,9.9,513.0,0.0
2023-07-31 00:00:00+07:00,12.6,8.8,436.0,0.0
2023-07-31 01:00:00+07:00,9.9,7.0,364.0,0.0
2023-07-31 02:00:00+07:00,8.4,5.9,313.0,0.0
2023-07-31 03:00:00+07:00,6.9,4.9,268.0,0.0
2023-07-31 04:00:00+07:00,6.2,4.4,234.0,0.0
2023-07-31 05:00:00+07:00,5.7,4.0,215.0,0.0
2023-07-31 06:00:00+07:00,4.8,3.4,208.0,0.0
2023-07-31 07:00:00+07:00,5.5,3.8,197.0,0.0
2023-07-31 08:00:00+07:00,5.6,3.9,207.0,0.0
2023-07-31 09:00:00+07:00,5.8,4.1,219.0,0.0
2023-07-31 10:00:00+07:00,7.2,5.0,223.0,0.0
2023-07-31 11:00:00+07:00,8.9,6.3,208.0,0.0
2023-07-31 12:00:00+07:00,10.9,7.6,185.0,0.0
2023-07-31 13:00:00+07:00,4.9,3.5,170.0,0.0
2023-07-31 14:00:00+07:00,3.5,2.4,164.0,0.0
2023-07-31 15:00:00+07:00,3.9,2.8,166.0,0.0
2023-07-31 16:00:00+07:00,4.6,3.2,194.0,0.0
2023-07-31 17:00:00+07:00,4.9,3.4,271.0,0.0
2023-07-31 18:00:00+07:00,7.3,5.1,372.0,0.0
2023-07-31 19:00:00+07:00,11.8,8.2,405.0,0.0
2023-07-31 20:00:00+07:00,11.0,7.7,380.0,0.0
2023-07-31 21:00:00+07:00,8.7,6.1,345.0,0.0
2023-07-31 22:00:00+07:00,7.4,5.2,314.0,0.0
2023-07-31 23:00:00+07:00,7.3,5.1,293.0,0.0
2023-08-01 00:00:00+07:00,6.7,4.6,275.0,0.0
2023-08-01 01:00:00+07:00,5.7,4.0,254.0,0.0
2023-08-01 02:00:00+07:00,4.4,3.1,221.0,0.0
2023-08-01 03:00:00+07:00,3.7,2.6,184.0,0.0
2023-08-01 04:00:00+07:00,3.3,2.3,160.0,0.0
2023-08-01 05:00:00+07:00,2.8,2.0,158.0,0.0
2023-08-01 06:00:00+07:00,3.2,2.2,170.0,0.0
2023-08-01 07:00:00+07:00,4.4,3.1,200.0,0.0
2023-08-01 08:00:00+07:00,5.0,3.5,216.0,0.0
2023-08-01 09:00:00+07:00,5.8,4.0,237.0,0.0
2023-08-01 10:00:00+07:00,5.3,3.7,243.0,0.0
2023-08-01 11:00:00+07:00,5.3,3.7,217.0,0.0
2023-08-01 12:00:00+07:00,6.0,4.2,176.0,0.0
2023-08-01 13:00:00+07:00,3.4,2.4,148.0,0.0
2023-08-01 14:00:00+07:00,4.2,2.8,133.0,0.0
2023-08-01 15:00:00+07:00,4.6,3.1,131.0,1.0
2023-08-01 16:00:00+07:00,5.1,3.5,169.0,1.0
2023-08-01 17:00:00+07:00,6.8,4.6,279.0,1.0
2023-08-01 18:00:00+07:00,9.1,6.3,428.0,0.0
2023-08-01 19:00:00+07:00,15.3,10.8,622.0,0.0
2023-08-01 20:00:00+07:00,16.5,11.6,662.0,0.0
2023-08-01 21:00:00+07:00,15.1,10.7,715.0,0.0
2023-08-01 22:00:00+07:00,15.0,10.5,741.0,0.0
2023-08-01 23:00:00+07:00,14.6,10.2,720.0,0.0
2023-08-02 00:00:00+07:00,13.3,9.3,671.0,0.0
2023-08-02 01:00:00+07:00,11.8,8.2,613.0,0.0
2023-08-02 02:00:00+07:00,10.6,7.4,545.0,0.0
2023-08-02 03:00:00+07:00,9.4,6.6,467.0,0.0
2023-08-02 04:00:00+07:00,8.4,5.8,407.0,0.0
2023-08-02 05:00:00+07:00,7.5,5.2,376.0,0.0
2023-08-02 06:00:00+07:00,7.1,5.0,362.0,0.0
2023-08-02 07:00:00+07:00,8.2,5.7,344.0,0.0
2023-08-02 08:00:00+07:00,10.5,7.3,329.0,0.0
2023-08-02 09:00:00+07:00,11.9,8.3,307.0,0.0
2023-08-02 10:00:00+07:00,12.3,8.6,282.0,0.0
2023-08-02 11:00:00+07:00,8.6,5.9,250.0,0.0
2023-08-02 12:00:00+07:00,6.1,4.2,216.0,1.0
2023-08-02 13:00:00+07:00,6.9,4.7,191.0,1.0
2023-08-02 14:00:00+07:00,8.0,5.5,172.0,1.0
2023-08-02 15:00:00+07:00,10.0,6.7,163.0,1.0
2023-08-02 16:00:00+07:00,8.8,6.0,193.0,1.0
2023-08-02 17:00:00+07:00,8.8,6.1,289.0,1.0
2023-08-02 18:00:00+07:00,10.9,7.6,423.0,0.0
2023-08-02 19:00:00+07:00,16.1,11.2,503.0,1.0
2023-08-02 20:00:00+07:00,17.7,12.4,581.0,1.0
2023-08-02 21:00:00+07:00,18.1,12.7,686.0,0.0
2023-08-02 22:00:00+07:00,18.1,12.7,749.0,0.0
2023-08-02 23:00:00+07:00,16.8,11.8,732.0,0.0
2023-08-03 00:00:00+07:00,15.3,10.7,673.0,0.0
2023-08-03 01:00:00+07:00,12.5,8.8,611.0,0.0
2023-08-03 02:00:00+07:00,11.1,7.8,555.0,0.0
2023-08-03 03:00:00+07:00,10.5,7.4,497.0,0.0
2023-08-03 04:00:00+07:00,9.7,6.8,454.0,0.0
2023-08-03 05:00:00+07:00,8.6,6.1,440.0,0.0
2023-08-03 06:00:00+07:00,8.3,5.8,441.0,0.0
2023-08-03 07:00:00+07:00,7.8,5.4,397.0,1.0
2023-08-03 08:00:00+07:00,9.4,6.4,369.0,1.0
2023-08-03 09:00:00+07:00,8.9,6.2,330.0,1.0
2023-08-03 10:00:00+07:00,9.1,6.3,295.0,1.0
2023-08-03 11:00:00+07:00,10.3,7.2,268.0,1.0
2023-08-03 12:00:00+07:00,10.2,7.1,245.0,0.0
2023-08-03 13:00:00+07:00,10.2,7.1,224.0,0.0
2023-08-03 14:00:00+07:00,7.5,5.2,194.0,1.0
2023-08-03 15:00:00+07:00,5.8,3.7,166.0,2.0
2023-08-03 16:00:00+07:00,7.2,4.3,176.0,3.0
2023-08-03 17:00:00+07:00,5.6,3.7,252.0,3.0
2023-08-03 18:00:00+07:00,6.2,4.1,366.0,2.0
2023-08-03 19:00:00+07:00,16.0,11.4,531.0,0.0
2023-08-03 20:00:00+07:00,19.8,14.0,575.0,0.0
2023-08-03 21:00:00+07:00,18.2,12.8,638.0,0.0
2023-08-03 22:00:00+07:00,17.2,12.1,701.0,0.0
2023-08-03 23:00:00+07:00,17.6,12.4,774.0,0.0
2023-08-04 00:00:00+07:00,17.1,12.0,847.0,0.0
2023-08-04 01:00:00+07:00,15.8,11.1,868.0,0.0
2023-08-04 02:00:00+07:00,14.4,10.1,791.0,0.0
2023-08-04 03:00:00+07:00,13.1,9.2,662.0,0.0
2023-08-04 04:00:00+07:00,11.1,7.8,568.0,0.0
2023-08-04 05:00:00+07:00,10.2,7.1,560.0,0.0
2023-08-04 06:00:00+07:00,10.0,7.0,587.0,0.0
2023-08-04 07:00:00+07:00,12.4,8.6,615.0,0.0
2023-08-04 08:00:00+07:00,12.1,8.4,517.0,0.0
2023-08-04 09:00:00+07:00,10.4,7.1,382.0,1.0
2023-08-04 10:00:00+07:00,9.1,6.1,275.0,1.0
2023-08-04 11:00:00+07:00,6.6,4.3,223.0,1.0
2023-08-04 12:00:00+07:00,7.1,4.6,200.0,2.0
2023-08-04 13:00:00+07:00,5.9,3.7,189.0,2.0
2023-08-04 14:00:00+07:00,6.4,3.5,178.0,3.0
2023-08-04 15:00:00+07:00,6.1,3.6,179.0,4.0
2023-08-04 16:00:00+07:00,7.7,4.6,215.0,4.0
2023-08-04 17:00:00+07:00,8.0,5.0,311.0,3.0
2023-08-04 18:00:00+07:00,9.8,6.4,443.0,2.0
2023-08-04 19:00:00+07:00,13.7,9.6,437.0,1.0
2023-08-04 20:00:00+07:00,17.4,12.3,561.0,1.0
2023-08-04 21:00:00+07:00,18.3,13.0,731.0,0.0
2023-08-04 22:00:00+07:00,17.4,12.3,846.0,0.0
2023-08-04 23:00:00+07:00,15.9,11.3,861.0,0.0
2023-08-05 00:00:00+07:00,14.6,10.3,820.0,0.0
2023-08-05 01:00:00+07:00,12.9,9.1,760.0,0.0
2023-08-05 02:00:00+07:00,11.3,7.9,676.0,0.0
2023-08-05 03:00:00+07:00,9.5,6.7,572.0,0.0
2023-08-05 04:00:00+07:00,8.6,6.1,495.0,0.0
2023-08-05 05:00:00+07:00,7.9,5.6,474.0,0.0
2023-08-05 06:00:00+07:00,7.6,5.4,479.0,0.0
2023-08-05 07:00:00+07:00,3.9,2.7,451.0,0.0
2023-08-05 08:00:00+07:00,6.7,4.7,423.0,0.0
2023-08-05 09:00:00+07:00,7.9,5.1,383.0,0.0
2023-08-05 10:00:00+07:00,9.1,6.1,340.0,1.0
2023-08-05 11:00:00+07:00,9.2,5.8,290.0,3.0
2023-08-05 12:00:00+07:00,12.0,6.4,237.0,6.0
2023-08-05 13:00:00+07:00,11.9,6.6,199.0,8.0
2023-08-05 14:00:00+07:00,10.3,6.3,179.0,7.0
2023-08-05 15:00:00+07:00,9.1,5.8,175.0,4.0
2023-08-05 16:00:00+07:00,9.1,6.0,200.0,2.0
2023-08-05 17:00:00+07:00,9.6,6.4,268.0,1.0
2023-08-05 18:00:00+07:00,10.7,7.3,365.0,1.0
2023-08-05 19:00:00+07:00,16.6,10.1,366.0,7.0
2023-08-05 20:00:00+07:00,17.0,11.7,447.0,5.0
2023-08-05 21:00:00+07:00,16.7,11.7,559.0,3.0
2023-08-05 22:00:00+07:00,16.2,11.4,637.0,1.0
2023-08-05 23:00:00+07:00,16.2,11.3,655.0,1.0
2023-08-06 00:00:00+07:00,15.0,10.4,639.0,1.0
2023-08-06 01:00:00+07:00,13.1,9.2,607.0,1.0
2023-08-06 02:00:00+07:00,11.4,8.0,551.0,1.0
2023-08-06 03:00:00+07:00,10.1,7.0,479.0,1.0
2023-08-06 04:00:00+07:00,9.0,6.3,427.0,1.0
2023-08-06 05:00:00+07:00,8.3,5.9,420.0,1.0
2023-08-06 06:00:00+07:00,8.4,5.9,434.0,1.0
2023-08-06 07:00:00+07:00,10.3,7.1,424.0,1.0
2023-08-06 08:00:00+07:00,11.2,7.6,371.0,2.0
2023-08-06 09:00:00+07:00,9.9,6.6,298.0,2.0
2023-08-06 10:00:00+07:00,10.2,6.4,241.0,3.0
2023-08-06 11:00:00+07:00,9.5,6.0,214.0,3.0
2023-08-06 12:00:00+07:00,10.6,6.8,203.0,3.0
2023-08-06 13:00:00+07:00,10.2,6.3,198.0,3.0
2023-08-06 14:00:00+07:00,9.4,5.6,186.0,3.0
2023-08-06 15:00:00+07:00,9.5,5.7,180.0,4.0
2023-08-06 16:00:00+07:00,9.6,5.9,208.0,4.0
2023-08-06 17:00:00+07:00,10.1,6.4,299.0,3.0
2023-08-06 18:00:00+07:00,11.6,7.7,425.0,2.0
2023-08-06 19:00:00+07:00,14.0,9.3,444.0,3.0
2023-08-06 20:00:00+07:00,14.7,10.3,516.0,2.0
2023-08-06 21:00:00+07:00,14.6,10.4,612.0,1.0
2023-08-06 22:00:00+07:00,13.4,9.5,666.0,0.0
2023-08-06 23:00:00+07:00,12.2,8.6,641.0,0.0
2023-08-07 00:00:00+07:00,10.9,7.7,574.0,0.0
2023-08-07 01:00:00+07:00,9.4,6.6,509.0,0.0
2023-08-07 02:00:00+07:00,8.1,5.7,457.0,0.0
2023-08-07 03:00:00+07:00,7.2,5.1,407.0,0.0
2023-08-07 04:00:00+07:00,6.3,4.5,373.0,0.0
2023-08-07 05:00:00+07:00,5.7,4.0,369.0,0.0
2023-08-07 06:00:00+07:00,4.8,3.4,380.0,0.0
2023-08-07 07:00:00+07:00,6.7,4.7,394.0,0.0
2023-08-07 08:00:00+07:00,7.2,5.1,372.0,0.0
2023-08-07 09:00:00+07:00,7.3,5.2,342.0,0.0
2023-08-07 10:00:00+07:00,8.2,5.7,315.0,0.0
2023-08-07 11:00:00+07:00,8.6,5.9,298.0,0.0
2023-08-07 12:00:00+07:00,8.6,5.9,283.0,0.0
2023-08-07 13:00:00+07:00,10.9,7.6,265.0,0.0
2023-08-07 14:00:00+07:00,11.4,7.9,224.0,0.0
2023-08-07 15:00:00+07:00,7.2,5.0,179.0,0.0
2023-08-07 16:00:00+07:00,5.6,3.8,176.0,0.0
2023-08-07 17:00:00+07:00,5.6,3.8,251.0,0.0
2023-08-07 18:00:00+07:00,6.3,4.4,367.0,0.0
2023-08-07 19:00:00+07:00,14.5,10.2,594.0,0.0
2023-08-07 20:00:00+07:00,11.1,7.7,557.0,0.0
2023-08-07 21:00:00+07:00,11.5,8.0,507.0,0.0
2023-08-07 22:00:00+07:00,10.7,7.5,466.0,0.0
2023-08-07 23:00:00+07:00,10.2,7.1,449.0,0.0
2023-08-08 00:00:00+07:00,9.5,6.7,443.0,0.0
2023-08-08 01:00:00+07:00,8.4,5.9,428.0,0.0
2023-08-08 02:00:00+07:00,6.5,4.5,392.0,0.0
2023-08-08 03:00:00+07:00,4.9,3.5,348.0,0.0
2023-08-08 04:00:00+07:00,4.4,3.1,315.0,0.0
2023-08-08 05:00:00+07:00,3.5,2.5,305.0,0.0
2023-08-08 06:00:00+07:00,3.5,2.4,307.0,0.0
2023-08-08 07:00:00+07:00,6.5,4.5,324.0,0.0
2023-08-08 08:00:00+07:00,5.9,4.1,310.0,0.0
2023-08-08 09:00:00+07:00,8.9,6.2,289.0,0.0
2023-08-08 10:00:00+07:00,7.9,5.4,269.0,0.0
2023-08-08 11:00:00+07:00,8.5,5.9,245.0,0.0
2023-08-08 12:00:00+07:00,8.0,5.6,220.0,0.0
2023-08-08 13:00:00+07:00,6.8,4.7,213.0,0.0
2023-08-08 14:00:00+07:00,7.0,4.9,226.0,0.0
2023-08-08 15:00:00+07:00,6.0,4.2,257.0,0.0
2023-08-08 16:00:00+07:00,8.8,6.2,313.0,0.0
2023-08-08 17:00:00+07:00,8.1,5.7,419.0,0.0
2023-08-08 18:00:00+07:00,11.6,8.1,550.0,0.0
2023-08-08 19:00:00+07:00,16.6,11.7,680.0,0.0
2023-08-08 20:00:00+07:00,15.4,10.8,639.0,0.0
2023-08-08 21:00:00+07:00,13.2,9.2,581.0,0.0
2023-08-08 22:00:00+07:00,12.2,8.6,527.0,0.0
2023-08-08 23:00:00+07:00,9.6,6.8,486.0,0.0
2023-08-09 00:00:00+07:00,6.6,4.7,450.0,0.0
2023-08-09 01:00:00+07:00,4.6,3.2,412.0,0.0
2023-08-09 02:00:00+07:00,3.5,2.5,366.0,0.0
2023-08-09 03:00:00+07:00,2.7,1.9,319.0,0.0
2023-08-09 04:00:00+07:00,2.2,1.5,283.0,0.0
2023-08-09 05:00:00+07:00,2.5,1.7,265.0,0.0
2023-08-09 06:00:00+07:00,3.2,2.3,258.0,0.0
2023-08-09 07:00:00+07:00,3.6,2.5,321.0,0.0
2023-08-09 08:00:00+07:00,5.7,4.0,302.0,0.0
2023-08-09 09:00:00+07:00,6.6,4.6,275.0,0.0
2023-08-09 10:00:00+07:00,6.9,4.8,250.0,0.0
2023-08-09 11:00:00+07:00,6.7,4.6,231.0,1.0
2023-08-09 12:00:00+07:00,8.4,5.4,214.0,2.0
2023-08-09 13:00:00+07:00,9.3,6.1,200.0,2.0
2023-08-09 14:00:00+07:00,8.5,5.7,172.0,2.0
2023-08-09 15:00:00+07:00,6.6,4.5,146.0,1.0
2023-08-09 16:00:00+07:00,4.9,3.4,172.0,0.0
2023-08-09 17:00:00+07:00,3.8,2.6,294.0,0.0
2023-08-09 18:00:00+07:00,5.9,4.1,468.0,0.0
2023-08-09 19:00:00+07:00,12.9,9.0,577.0,0.0
2023-08-09 20:00:00+07:00,15.4,10.8,681.0,0.0
2023-08-09 21:00:00+07:00,16.9,11.8,824.0,0.0
2023-08-09 22:00:00+07:00,18.0,12.6,933.0,0.0
2023-08-09 23:00:00+07:00,18.2,12.8,980.0,0.0
2023-08-10 00:00:00+07:00,17.5,12.3,992.0,0.0
2023-08-10 01:00:00+07:00,16.2,11.4,977.0,0.0
2023-08-10 02:00:00+07:00,14.4,10.1,927.0,0.0
2023-08-10 03:00:00+07:00,13.1,9.2,849.0,0.0
2023-08-10 04:00:00+07:00,11.9,8.4,773.0,0.0
2023-08-10 05:00:00+07:00,11.5,8.1,716.0,0.0
2023-08-10 06:00:00+07:00,12.2,8.6,661.0,0.0
2023-08-10 07:00:00+07:00,15.7,11.0,600.0,0.0
2023-08-10 08:00:00+07:00,13.6,9.5,501.0,0.0
2023-08-10 09:00:00+07:00,11.5,7.9,363.0,1.0
2023-08-10 10:00:00+07:00,12.5,8.4,257.0,2.0
2023-08-10 11:00:00+07:00,13.3,8.8,213.0,3.0
2023-08-10 12:00:00+07:00,12.9,8.3,200.0,4.0
2023-08-10 13:00:00+07:00,13.9,8.8,192.0,5.0
2023-08-10 14:00:00+07:00,15.3,9.6,164.0,5.0
2023-08-10 15:00:00+07:00,13.5,8.7,141.0,5.0
2023-08-10 16:00:00+07:00,11.3,7.2,179.0,4.0
2023-08-10 17:00:00+07:00,10.1,6.8,318.0,3.0
2023-08-10 18:00:00+07:00,10.8,7.4,517.0,2.0
2023-08-10 19:00:00+07:00,22.9,14.9,484.0,7.0
2023-08-10 20:00:00+07:00,23.6,16.6,671.0,5.0
2023-08-10 21:00:00+07:00,24.2,17.2,931.0,3.0
2023-08-10 22:00:00+07:00,24.5,17.5,1138.0,1.0
2023-08-10 23:00:00+07:00,24.2,17.2,1246.0,0.0
2023-08-11 00:00:00+07:00,22.5,15.8,1301.0,0.0
2023-08-11 01:00:00+07:00,19.6,13.8,1312.0,0.0
2023-08-11 02:00:00+07:00,16.4,11.6,1261.0,0.0
2023-08-11 03:00:00+07:00,13.9,9.9,1165.0,0.0
2023-08-11 04:00:00+07:00,12.2,8.6,1088.0,0.0
2023-08-11 05:00:00+07:00,10.9,7.7,1085.0,0.0
2023-08-11 06:00:00+07:00,10.3,7.3,1100.0,0.0
2023-08-11 07:00:00+07:00,13.5,9.5,949.0,0.0
2023-08-11 08:00:00+07:00,13.0,9.0,736.0,2.0
2023-08-11 09:00:00+07:00,11.1,7.4,442.0,4.0
2023-08-11 10:00:00+07:00,14.5,9.2,224.0,6.0
2023-08-11 11:00:00+07:00,17.8,11.0,160.0,8.0
2023-08-11 12:00:00+07:00,19.0,11.4,171.0,9.0
2023-08-11 13:00:00+07:00,18.2,11.0,185.0,10.0
2023-08-11 14:00:00+07:00,17.3,10.3,163.0,11.0
2023-08-11 15:00:00+07:00,16.8,9.9,142.0,12.0
2023-08-11 16:00:00+07:00,16.2,9.3,164.0,11.0
2023-08-11 17:00:00+07:00,15.7,9.4,249.0,8.0
2023-08-11 18:00:00+07:00,15.0,9.9,376.0,5.0
2023-08-11 19:00:00+07:00,23.2,15.5,409.0,7.0
2023-08-11 20:00:00+07:00,24.4,17.3,587.0,5.0
2023-08-11 21:00:00+07:00,25.0,17.9,834.0,3.0
2023-08-11 22:00:00+07:00,25.1,18.0,1035.0,1.0
2023-08-11 23:00:00+07:00,25.7,18.4,1155.0,1.0
2023-08-12 00:00:00+07:00,24.3,17.4,1228.0,1.0
2023-08-12 01:00:00+07:00,21.0,15.0,1245.0,1.0
2023-08-12 02:00:00+07:00,17.3,12.4,1166.0,1.0
2023-08-12 03:00:00+07:00,14.3,10.3,1030.0,0.0
2023-08-12 04:00:00+07:00,12.0,8.7,946.0,0.0
2023-08-12 05:00:00+07:00,10.5,7.6,1005.0,0.0
2023-08-12 06:00:00+07:00,10.1,7.2,1114.0,0.0
2023-08-12 07:00:00+07:00,13.9,9.9,961.0,0.0
2023-08-12 08:00:00+07:00,16.9,11.5,743.0,4.0
2023-08-12 09:00:00+07:00,17.0,10.5,444.0,9.0
2023-08-12 10:00:00+07:00,20.8,12.0,222.0,13.0
2023-08-12 11:00:00+07:00,23.1,13.3,156.0,15.0
2023-08-12 12:00:00+07:00,24.3,14.0,168.0,17.0
2023-08-12 13:00:00+07:00,23.7,13.4,186.0,17.0
2023-08-12 14:00:00+07:00,39.9,21.0,169.0,16.0
2023-08-12 15:00:00+07:00,24.6,14.6,157.0,13.0
2023-08-12 16:00:00+07:00,22.4,13.9,202.0,11.0
2023-08-12 17:00:00+07:00,25.4,16.5,341.0,9.0
2023-08-12 18:00:00+07:00,29.0,19.4,538.0,7.0
2023-08-12 19:00:00+07:00,28.8,19.3,537.0,7.0
2023-08-12 20:00:00+07:00,28.5,20.1,675.0,5.0
2023-08-12 21:00:00+07:00,28.1,20.0,866.0,3.0
2023-08-12 22:00:00+07:00,28.4,20.3,1015.0,1.0
2023-08-12 23:00:00+07:00,28.6,20.5,1088.0,1.0
2023-08-13 00:00:00+07:00,26.8,19.3,1118.0,1.0
2023-08-13 01:00:00+07:00,23.3,16.8,1112.0,1.0
2023-08-13 02:00:00+07:00,20.0,14.3,1053.0,1.0
2023-08-13 03:00:00+07:00,17.0,12.2,958.0,0.0
2023-08-13 04:00:00+07:00,14.6,10.5,884.0,0.0
2023-08-13 05:00:00+07:00,12.7,9.3,880.0,0.0
2023-08-13 06:00:00+07:00,12.0,8.7,898.0,0.0
2023-08-13 07:00:00+07:00,15.4,10.9,870.0,1.0
2023-08-13 08:00:00+07:00,20.3,13.0,680.0,7.0
2023-08-13 09:00:00+07:00,23.4,12.5,418.0,15.0
2023-08-13 10:00:00+07:00,25.0,12.7,224.0,22.0
2023-08-13 11:00:00+07:00,26.8,13.9,164.0,25.0
2023-08-13 12:00:00+07:00,28.3,14.6,171.0,26.0
2023-08-13 13:00:00+07:00,28.5,14.5,186.0,26.0
2023-08-13 14:00:00+07:00,35.5,18.3,180.0,23.0
2023-08-13 15:00:00+07:00,28.8,16.1,182.0,18.0
2023-08-13 16:00:00+07:00,25.6,15.4,218.0,14.0
2023-08-13 17:00:00+07:00,23.6,15.4,292.0,11.0
2023-08-13 18:00:00+07:00,25.0,17.1,399.0,8.0
2023-08-13 19:00:00+07:00,41.9,27.4,644.0,14.0
2023-08-13 20:00:00+07:00,40.5,28.6,795.0,10.0
2023-08-13 21:00:00+07:00,38.6,27.8,1004.0,6.0
2023-08-13 22:00:00+07:00,37.1,26.8,1165.0,2.0
2023-08-13 23:00:00+07:00,35.9,25.8,1239.0,1.0
2023-08-14 00:00:00+07:00,33.9,24.4,1264.0,2.0
2023-08-14 01:00:00+07:00,30.3,21.9,1249.0,2.0
2023-08-14 02:00:00+07:00,25.7,18.6,1176.0,2.0
2023-08-14 03:00:00+07:00,22.2,16.1,1063.0,1.0
2023-08-14 04:00:00+07:00,19.0,13.9,972.0,1.0
2023-08-14 05:00:00+07:00,16.5,12.1,954.0,1.0
2023-08-14 06:00:00+07:00,15.1,11.0,958.0,1.0
2023-08-14 07:00:00+07:00,16.9,12.2,792.0,1.0
2023-08-14 08:00:00+07:00,17.2,11.7,626.0,3.0
2023-08-14 09:00:00+07:00,12.3,7.9,398.0,5.0
2023-08-14 10:00:00+07:00,14.2,8.9,229.0,6.0
2023-08-14 11:00:00+07:00,13.9,9.0,174.0,6.0
2023-08-14 12:00:00+07:00,13.9,9.0,179.0,6.0
2023-08-14 13:00:00+07:00,13.3,8.5,198.0,5.0
2023-08-14 14:00:00+07:00,13.9,8.7,209.0,5.0
2023-08-14 15:00:00+07:00,13.0,8.4,235.0,4.0
2023-08-14 16:00:00+07:00,17.1,11.6,298.0,4.0
2023-08-14 17:00:00+07:00,15.9,10.8,421.0,3.0
2023-08-14 18:00:00+07:00,17.1,11.7,582.0,3.0
2023-08-14 19:00:00+07:00,29.8,20.0,632.0,7.0
2023-08-14 20:00:00+07:00,32.0,22.8,828.0,5.0
2023-08-14 21:00:00+07:00,31.0,22.3,1100.0,3.0
2023-08-14 22:00:00+07:00,29.9,21.5,1309.0,1.0
2023-08-14 23:00:00+07:00,29.2,21.0,1405.0,1.0
2023-08-15 00:00:00+07:00,27.9,20.0,1438.0,1.0
2023-08-15 01:00:00+07:00,24.2,17.2,1425.0,1.0
2023-08-15 02:00:00+07:00,20.8,14.9,1349.0,1.0
2023-08-15 03:00:00+07:00,17.6,12.6,1228.0,0.0
2023-08-15 04:00:00+07:00,15.7,11.2,1127.0,0.0
2023-08-15 05:00:00+07:00,14.4,10.3,1100.0,0.0
2023-08-15 06:00:00+07:00,13.7,9.7,1095.0,1.0
2023-08-15 07:00:00+07:00,16.3,11.6,996.0,0.0
2023-08-15 08:00:00+07:00,18.3,12.7,791.0,1.0
2023-08-15 09:00:00+07:00,14.6,10.0,508.0,1.0
2023-08-15 10:00:00+07:00,12.9,8.8,295.0,2.0
2023-08-15 11:00:00+07:00,14.2,9.6,219.0,3.0
2023-08-15 12:00:00+07:00,13.7,9.2,213.0,4.0
2023-08-15 13:00:00+07:00,13.8,9.2,219.0,4.0
2023-08-15 14:00:00+07:00,15.1,10.4,204.0,4.0
2023-08-15 15:00:00+07:00,13.2,9.1,200.0,3.0
2023-08-15 16:00:00+07:00,12.9,9.0,249.0,2.0
2023-08-15 17:00:00+07:00,15.0,10.6,390.0,2.0
2023-08-15 18:00:00+07:00,18.6,13.2,583.0,1.0
2023-08-15 19:00:00+07:00,30.9,21.6,710.0,4.0
2023-08-15 20:00:00+07:00,31.0,22.1,726.0,3.0
2023-08-15 21:00:00+07:00,27.2,19.5,749.0,2.0
2023-08-15 22:00:00+07:00,26.8,19.2,773.0,1.0
2023-08-15 23:00:00+07:00,27.1,19.3,800.0,1.0
2023-08-16 00:00:00+07:00,25.6,18.2,827.0,1.0
2023-08-16 01:00:00+07:00,23.7,16.8,843.0,1.0
2023-08-16 02:00:00+07:00,21.8,15.5,843.0,1.0
2023-08-16 03:00:00+07:00,20.2,14.4,832.0,1.0
2023-08-16 04:00:00+07:00,19.4,13.8,812.0,1.0
2023-08-16 05:00:00+07:00,19.5,13.8,794.0,1.0
2023-08-16 06:00:00+07:00,20.0,14.1,768.0,2.0
2023-08-16 07:00:00+07:00,16.1,11.1,468.0,1.0
2023-08-16 08:00:00+07:00,15.7,10.9,395.0,1.0
2023-08-16 09:00:00+07:00,14.8,10.2,295.0,1.0
2023-08-16 10:00:00+07:00,7.9,5.4,220.0,1.0
2023-08-16 11:00:00+07:00,7.5,5.1,195.0,1.0
2023-08-16 12:00:00+07:00,7.7,5.3,194.0,1.0
2023-08-16 13:00:00+07:00,9.0,6.2,197.0,1.0
2023-08-16 14:00:00+07:00,10.2,7.1,188.0,1.0
2023-08-16 15:00:00+07:00,10.2,7.1,183.0,1.0
2023-08-16 16:00:00+07:00,8.4,5.8,199.0,1.0
2023-08-16 17:00:00+07:00,8.4,5.9,255.0,1.0
2023-08-16 18:00:00+07:00,8.4,5.9,334.0,0.0
2023-08-16 19:00:00+07:00,25.0,17.5,462.0,3.0
2023-08-16 20:00:00+07:00,28.3,20.1,582.0,2.0
2023-08-16 21:00:00+07:00,29.3,20.8,746.0,2.0
2023-08-16 22:00:00+07:00,28.9,20.6,855.0,1.0
2023-08-16 23:00:00+07:00,27.5,19.7,858.0,1.0
2023-08-17 00:00:00+07:00,25.8,18.4,807.0,1.0
2023-08-17 01:00:00+07:00,23.2,16.6,758.0,1.0
2023-08-17 02:00:00+07:00,21.6,15.4,733.0,1.0
2023-08-17 03:00:00+07:00,20.7,14.8,711.0,1.0
2023-08-17 04:00:00+07:00,20.1,14.3,682.0,1.0
2023-08-17 05:00:00+07:00,19.9,14.1,645.0,1.0
2023-08-17 06:00:00+07:00,19.5,13.8,601.0,1.0
2023-08-17 07:00:00+07:00,14.2,10.0,399.0,1.0
2023-08-17 08:00:00+07:00,13.1,9.2,346.0,1.0
2023-08-17 09:00:00+07:00,9.3,6.5,274.0,1.0
2023-08-17 10:00:00+07:00,8.2,5.8,220.0,1.0
2023-08-17 11:00:00+07:00,7.9,5.6,202.0,1.0
2023-08-17 12:00:00+07:00,8.5,6.0,202.0,0.0
2023-08-17 13:00:00+07:00,8.3,5.8,206.0,0.0
2023-08-17 14:00:00+07:00,8.5,6.0,203.0,0.0
2023-08-17 15:00:00+07:00,9.4,6.7,204.0,0.0
2023-08-17 16:00:00+07:00,10.3,7.3,220.0,0.0
2023-08-17 17:00:00+07:00,10.3,7.3,259.0,0.0
2023-08-17 18:00:00+07:00,10.1,7.1,314.0,0.0
2023-08-17 19:00:00+07:00,21.8,15.5,551.0,1.0
2023-08-17 20:00:00+07:00,21.2,15.3,554.0,1.0
2023-08-17 21:00:00+07:00,19.6,14.2,560.0,0.0
2023-08-17 22:00:00+07:00,20.3,14.7,587.0,0.0
2023-08-17 23:00:00+07:00,20.7,14.9,661.0,0.0
2023-08-18 00:00:00+07:00,21.2,15.3,756.0,0.0
2023-08-18 01:00:00+07:00,21.1,15.1,805.0,0.0
2023-08-18 02:00:00+07:00,20.0,14.3,767.0,0.0
2023-08-18 03:00:00+07:00,19.2,13.7,683.0,0.0
2023-08-18 04:00:00+07:00,17.9,12.7,612.0,0.0
2023-08-18 05:00:00+07:00,16.4,11.7,587.0,0.0
2023-08-18 06:00:00+07:00,15.4,10.9,574.0,0.0
2023-08-18 07:00:00+07:00,14.3,10.1,475.0,0.0
2023-08-18 08:00:00+07:00,14.0,9.8,420.0,0.0
2023-08-18 09:00:00+07:00,14.9,10.3,342.0,1.0
2023-08-18 10:00:00+07:00,14.7,10.2,277.0,1.0
2023-08-18 11:00:00+07:00,13.9,9.6,237.0,2.0
2023-08-18 12:00:00+07:00,14.0,9.5,209.0,2.0
2023-08-18 13:00:00+07:00,13.9,9.4,190.0,3.0
2023-08-18 14:00:00+07:00,13.5,9.0,172.0,4.0
2023-08-18 15:00:00+07:00,13.6,9.0,164.0,4.0
2023-08-18 16:00:00+07:00,15.0,10.0,187.0,4.0
2023-08-18 17:00:00+07:00,16.9,11.4,251.0,3.0
2023-08-18 18:00:00+07:00,17.1,11.8,346.0,2.0
2023-08-18 19:00:00+07:00,21.6,15.6,414.0,2.0
2023-08-18 20:00:00+07:00,26.2,19.0,604.0,1.0
2023-08-18 21:00:00+07:00,27.9,20.3,865.0,1.0
2023-08-18 22:00:00+07:00,27.6,20.1,1052.0,0.0
2023-08-18 23:00:00+07:00,26.7,19.4,1102.0,0.0
2023-08-19 00:00:00+07:00,25.7,18.7,1078.0,1.0
2023-08-19 01:00:00+07:00,23.5,17.1,1021.0,1.0
2023-08-19 02:00:00+07:00,21.0,15.3,926.0,1.0
2023-08-19 03:00:00+07:00,18.5,13.6,799.0,0.0
2023-08-19 04:00:00+07:00,16.7,12.3,693.0,0.0
2023-08-19 05:00:00+07:00,15.1,11.2,644.0,0.0
2023-08-19 06:00:00+07:00,14.3,10.6,616.0,1.0
2023-08-19 07:00:00+07:00,19.3,13.8,553.0,1.0
2023-08-19 08:00:00+07:00,21.7,15.1,456.0,2.0
2023-08-19 09:00:00+07:00,19.3,13.2,322.0,2.0
2023-08-19 10:00:00+07:00,17.8,12.1,220.0,3.0
2023-08-19 11:00:00+07:00,16.9,11.6,182.0,3.0
2023-08-19 12:00:00+07:00,16.2,11.1,176.0,3.0
2023-08-19 13:00:00+07:00,14.8,10.1,175.0,3.0
2023-08-19 14:00:00+07:00,14.3,9.6,160.0,3.0
2023-08-19 15:00:00+07:00,12.6,8.6,150.0,3.0
2023-08-19 16:00:00+07:00,12.7,8.7,169.0,3.0
2023-08-19 17:00:00+07:00,14.3,9.9,216.0,2.0
2023-08-19 18:00:00+07:00,14.0,9.9,292.0,2.0
2023-08-19 19:00:00+07:00,21.5,15.3,329.0,2.0
2023-08-19 20:00:00+07:00,22.1,16.0,421.0,2.0
2023-08-19 21:00:00+07:00,22.9,16.6,549.0,1.0
2023-08-19 22:00:00+07:00,23.6,17.1,657.0,1.0
2023-08-19 23:00:00+07:00,23.7,17.2,731.0,1.0
2023-08-20 00:00:00+07:00,23.2,16.9,784.0,1.0
2023-08-20 01:00:00+07:00,22.8,16.5,805.0,1.0
2023-08-20 02:00:00+07:00,23.2,16.8,774.0,1.0
2023-08-20 03:00:00+07:00,21.9,15.8,711.0,1.0
2023-08-20 04:00:00+07:00,20.4,14.8,656.0,1.0
2023-08-20 05:00:00+07:00,19.8,14.3,637.0,1.0
2023-08-20 06:00:00+07:00,19.4,14.1,627.0,2.0
2023-08-20 07:00:00+07:00,23.2,16.4,619.0,2.0
2023-08-20 08:00:00+07:00,30.3,20.4,514.0,3.0
2023-08-20 09:00:00+07:00,29.6,19.6,369.0,5.0
2023-08-20 10:00:00+07:00,27.0,18.1,259.0,6.0
2023-08-20 11:00:00+07:00,25.3,17.1,219.0,6.0
2023-08-20 12:00:00+07:00,24.2,16.4,213.0,5.0
2023-08-20 13:00:00+07:00,24.4,16.7,214.0,4.0
2023-08-20 14:00:00+07:00,24.9,17.2,210.0,3.0
2023-08-20 15:00:00+07:00,24.0,16.9,212.0,3.0
2023-08-20 16:00:00+07:00,25.3,17.9,221.0,2.0
2023-08-20 17:00:00+07:00,25.1,17.8,219.0,2.0
2023-08-20 18:00:00+07:00,23.9,16.9,224.0,1.0
2023-08-20 19:00:00+07:00,27.2,19.6,381.0,1.0
2023-08-20 20:00:00+07:00,30.0,21.6,527.0,1.0
2023-08-20 21:00:00+07:00,31.9,23.0,724.0,1.0
2023-08-20 22:00:00+07:00,31.9,23.1,837.0,1.0
2023-08-20 23:00:00+07:00,30.9,22.3,788.0,1.0
2023-08-21 00:00:00+07:00,30.4,21.8,655.0,1.0
2023-08-21 01:00:00+07:00,25.8,18.6,534.0,1.0
2023-08-21 02:00:00+07:00,20.6,15.0,454.0,1.0
2023-08-21 03:00:00+07:00,21.1,15.3,387.0,1.0
2023-08-21 04:00:00+07:00,16.8,12.3,341.0,1.0
2023-08-21 05:00:00+07:00,15.4,11.3,326.0,1.0
2023-08-21 06:00:00+07:00,13.0,9.6,333.0,0.0
2023-08-21 07:00:00+07:00,11.6,8.4,256.0,1.0
2023-08-21 08:00:00+07:00,11.3,8.1,257.0,1.0
2023-08-21 09:00:00+07:00,11.2,8.1,258.0,1.0
2023-08-21 10:00:00+07:00,12.1,8.7,260.0,1.0
2023-08-21 11:00:00+07:00,11.2,8.0,262.0,1.0
2023-08-21 12:00:00+07:00,14.8,10.6,265.0,0.0
2023-08-21 13:00:00+07:00,14.3,10.3,265.0,0.0
2023-08-21 14:00:00+07:00,16.6,11.9,249.0,0.0
2023-08-21 15:00:00+07:00,18.0,12.8,231.0,0.0
2023-08-21 16:00:00+07:00,12.5,8.9,246.0,0.0
2023-08-21 17:00:00+07:00,10.7,7.6,312.0,0.0
2023-08-21 18:00:00+07:00,12.9,9.2,412.0,0.0
2023-08-21 19:00:00+07:00,20.0,14.3,420.0,0.0
2023-08-21 20:00:00+07:00,22.1,15.8,566.0,0.0
2023-08-21 21:00:00+07:00,24.8,17.8,764.0,0.0
2023-08-21 22:00:00+07:00,27.2,19.4,885.0,0.0
2023-08-21 23:00:00+07:00,27.2,19.4,858.0,0.0
2023-08-22 00:00:00+07:00,24.9,17.8,754.0,0.0
2023-08-22 01:00:00+07:00,18.5,13.2,655.0,0.0
2023-08-22 02:00:00+07:00,10.9,7.8,588.0,0.0
2023-08-22 03:00:00+07:00,9.1,6.5,526.0,0.0
2023-08-22 04:00:00+07:00,10.1,7.2,471.0,0.0
2023-08-22 05:00:00+07:00,11.3,8.0,423.0,0.0
2023-08-22 06:00:00+07:00,11.6,8.3,382.0,1.0
2023-08-22 07:00:00+07:00,12.7,9.0,376.0,0.0
2023-08-22 08:00:00+07:00,13.2,9.3,331.0,0.0
2023-08-22 09:00:00+07:00,10.4,7.3,269.0,1.0
2023-08-22 10:00:00+07:00,8.3,5.8,222.0,1.0
2023-08-22 11:00:00+07:00,8.0,5.6,205.0,1.0
2023-08-22 12:00:00+07:00,8.1,5.7,202.0,0.0
2023-08-22 13:00:00+07:00,8.4,5.9,201.0,0.0
2023-08-22 14:00:00+07:00,9.1,6.4,188.0,0.0
2023-08-22 15:00:00+07:00,6.5,4.6,176.0,0.0
2023-08-22 16:00:00+07:00,6.9,4.8,192.0,0.0
2023-08-22 17:00:00+07:00,7.5,5.3,241.0,0.0
2023-08-22 18:00:00+07:00,7.6,5.4,318.0,0.0
2023-08-22 19:00:00+07:00,23.3,16.4,562.0,1.0
2023-08-22 20:00:00+07:00,28.9,20.5,774.0,1.0
2023-08-22 21:00:00+07:00,32.0,22.6,1066.0,0.0
2023-08-22 22:00:00+07:00,31.2,22.1,1286.0,0.0
2023-08-22 23:00:00+07:00,30.9,21.8,1375.0,0.0
2023-08-23 00:00:00+07:00,29.5,20.9,1391.0,0.0
2023-08-23 01:00:00+07:00,27.0,19.2,1358.0,0.0
2023-08-23 02:00:00+07:00,25.4,17.9,1269.0,0.0
2023-08-23 03:00:00+07:00,22.4,15.8,1131.0,0.0
2023-08-23 04:00:00+07:00,20.7,14.6,992.0,0.0
2023-08-23 05:00:00+07:00,19.2,13.6,868.0,0.0
2023-08-23 06:00:00+07:00,18.1,12.8,744.0,1.0
2023-08-23 07:00:00+07:00,16.0,11.2,445.0,1.0
2023-08-23 08:00:00+07:00,17.8,12.3,382.0,1.0
2023-08-23 09:00:00+07:00,15.9,10.9,295.0,2.0
2023-08-23 10:00:00+07:00,12.7,8.6,227.0,2.0
2023-08-23 11:00:00+07:00,12.4,8.2,199.0,3.0
2023-08-23 12:00:00+07:00,11.4,7.6,190.0,4.0
2023-08-23 13:00:00+07:00,13.2,8.6,186.0,4.0
2023-08-23 14:00:00+07:00,13.9,9.2,165.0,4.0
2023-08-23 15:00:00+07:00,13.7,9.3,148.0,4.0
2023-08-23 16:00:00+07:00,12.5,8.4,183.0,3.0
2023-08-23 17:00:00+07:00,11.1,7.5,300.0,2.0
2023-08-23 18:00:00+07:00,11.0,7.5,468.0,2.0
2023-08-23 19:00:00+07:00,21.4,14.8,526.0,3.0
2023-08-23 20:00:00+07:00,25.3,18.0,712.0,2.0
2023-08-23 21:00:00+07:00,26.2,18.7,973.0,2.0
2023-08-23 22:00:00+07:00,26.5,18.9,1200.0,1.0
2023-08-23 23:00:00+07:00,26.8,19.0,1376.0,1.0
2023-08-24 00:00:00+07:00,26.3,18.6,1519.0,0.0
2023-08-24 01:00:00+07:00,23.9,17.0,1572.0,0.0
2023-08-24 02:00:00+07:00,21.0,14.8,1476.0,0.0
2023-08-24 03:00:00+07:00,18.0,12.7,1290.0,0.0
2023-08-24 04:00:00+07:00,16.2,11.4,1138.0,0.0
2023-08-24 05:00:00+07:00,14.7,10.4,1096.0,0.0
2023-08-24 06:00:00+07:00,14.1,10.0,1089.0,0.0
2023-08-24 07:00:00+07:00,14.5,10.2,796.0,0.0
2023-08-24 08:00:00+07:00,13.4,9.3,647.0,0.0
2023-08-24 09:00:00+07:00,13.4,9.3,440.0,0.0
2023-08-24 10:00:00+07:00,12.8,8.8,280.0,1.0
2023-08-24 11:00:00+07:00,13.2,9.0,212.0,2.0
2023-08-24 12:00:00+07:00,12.2,8.2,191.0,4.0
2023-08-24 13:00:00+07:00,14.8,9.7,179.0,5.0
2023-08-24 14:00:00+07:00,9.5,6.4,157.0,4.0
2023-08-24 15:00:00+07:00,7.7,5.3,145.0,2.0
2023-08-24 16:00:00+07:00,7.9,5.5,168.0,1.0
2023-08-24 17:00:00+07:00,6.9,4.8,238.0,0.0
2023-08-24 18:00:00+07:00,6.1,4.3,341.0,0.0
2023-08-24 19:00:00+07:00,17.5,12.0,403.0,3.0
2023-08-24 20:00:00+07:00,17.9,12.7,464.0,2.0
2023-08-24 21:00:00+07:00,19.0,13.6,552.0,2.0
2023-08-24 22:00:00+07:00,19.5,14.0,646.0,1.0
2023-08-24 23:00:00+07:00,21.1,15.1,761.0,1.0
2023-08-25 00:00:00+07:00,20.7,14.8,883.0,0.0
2023-08-25 01:00:00+07:00,19.4,13.9,947.0,0.0
2023-08-25 02:00:00+07:00,16.8,12.0,903.0,0.0
2023-08-25 03:00:00+07:00,15.4,11.0,802.0,0.0
2023-08-25 04:00:00+07:00,14.3,10.2,728.0,0.0
2023-08-25 05:00:00+07:00,13.5,9.6,740.0,0.0
2023-08-25 06:00:00+07:00,13.5,9.6,780.0,1.0
2023-08-25 07:00:00+07:00,17.1,12.0,677.0,0.0
2023-08-25 08:00:00+07:00,13.7,9.3,546.0,1.0
2023-08-25 09:00:00+07:00,12.0,7.9,365.0,2.0
2023-08-25 10:00:00+07:00,13.4,8.6,227.0,3.0
2023-08-25 11:00:00+07:00,13.9,9.0,176.0,4.0
2023-08-25 12:00:00+07:00,12.4,8.0,169.0,6.0
2023-08-25 13:00:00+07:00,18.6,11.6,170.0,6.0
2023-08-25 14:00:00+07:00,11.8,7.6,165.0,5.0
2023-08-25 15:00:00+07:00,7.8,5.3,168.0,3.0
2023-08-25 16:00:00+07:00,6.8,4.7,186.0,1.0
2023-08-25 17:00:00+07:00,6.0,4.1,213.0,0.0
2023-08-25 18:00:00+07:00,6.0,4.2,256.0,0.0
2023-08-25 19:00:00+07:00,12.0,7.7,278.0,4.0
2023-08-25 20:00:00+07:00,15.6,10.9,461.0,3.0
2023-08-25 21:00:00+07:00,18.0,12.7,715.0,1.0
2023-08-25 22:00:00+07:00,18.9,13.3,908.0,0.0
2023-08-25 23:00:00+07:00,19.7,13.9,989.0,0.0
2023-08-26 00:00:00+07:00,18.7,13.2,1010.0,0.0
2023-08-26 01:00:00+07:00,16.6,11.7,999.0,0.0
2023-08-26 02:00:00+07:00,14.7,10.3,946.0,0.0
2023-08-26 03:00:00+07:00,13.0,9.1,861.0,0.0
2023-08-26 04:00:00+07:00,11.8,8.3,803.0,0.0
2023-08-26 05:00:00+07:00,11.2,7.9,824.0,0.0
2023-08-26 06:00:00+07:00,11.2,7.9,872.0,0.0
2023-08-26 07:00:00+07:00,12.7,8.9,631.0,0.0
2023-08-26 08:00:00+07:00,13.0,9.0,514.0,1.0
2023-08-26 09:00:00+07:00,10.0,6.6,352.0,1.0
2023-08-26 10:00:00+07:00,10.5,6.8,228.0,2.0
2023-08-26 11:00:00+07:00,10.6,6.9,179.0,2.0
2023-08-26 12:00:00+07:00,9.5,6.2,168.0,1.0
2023-08-26 13:00:00+07:00,7.2,4.7,162.0,1.0
2023-08-26 14:00:00+07:00,5.8,3.9,147.0,1.0
2023-08-26 15:00:00+07:00,5.4,3.6,137.0,0.0
2023-08-26 16:00:00+07:00,4.0,2.7,142.0,0.0
2023-08-26 17:00:00+07:00,3.8,2.6,158.0,0.0
2023-08-26 18:00:00+07:00,4.5,3.0,188.0,0.0
2023-08-26 19:00:00+07:00,8.6,5.6,220.0,2.0
2023-08-26 20:00:00+07:00,12.9,9.0,322.0,1.0
2023-08-26 21:00:00+07:00,13.6,9.5,465.0,1.0
2023-08-26 22:00:00+07:00,13.2,9.2,593.0,0.0
2023-08-26 23:00:00+07:00,13.8,9.6,695.0,0.0
2023-08-27 00:00:00+07:00,13.4,9.3,782.0,0.0
2023-08-27 01:00:00+07:00,12.3,8.6,827.0,0.0
2023-08-27 02:00:00+07:00,11.1,7.8,801.0,0.0
2023-08-27 03:00:00+07:00,10.2,7.1,733.0,0.0
2023-08-27 04:00:00+07:00,9.7,6.7,682.0,0.0
2023-08-27 05:00:00+07:00,9.2,6.4,690.0,0.0
2023-08-27 06:00:00+07:00,9.4,6.6,715.0,1.0
2023-08-27 07:00:00+07:00,11.9,8.2,646.0,1.0
2023-08-27 08:00:00+07:00,13.7,9.3,521.0,1.0
2023-08-27 09:00:00+07:00,11.7,7.5,348.0,2.0
2023-08-27 10:00:00+07:00,11.3,7.3,216.0,2.0
2023-08-27 11:00:00+07:00,10.7,7.1,164.0,2.0
2023-08-27 12:00:00+07:00,10.7,7.1,153.0,1.0
2023-08-27 13:00:00+07:00,8.6,5.8,148.0,1.0
2023-08-27 14:00:00+07:00,7.8,5.2,137.0,1.0
2023-08-27 15:00:00+07:00,7.1,4.7,133.0,1.0
2023-08-27 16:00:00+07:00,6.1,4.1,142.0,1.0
2023-08-27 17:00:00+07:00,5.6,3.9,147.0,1.0
2023-08-27 18:00:00+07:00,5.8,4.0,165.0,0.0
2023-08-27 19:00:00+07:00,12.1,7.7,270.0,3.0
2023-08-27 20:00:00+07:00,13.5,9.3,377.0,2.0
2023-08-27 21:00:00+07:00,14.1,9.9,528.0,1.0
2023-08-27 22:00:00+07:00,14.8,10.4,670.0,0.0
2023-08-27 23:00:00+07:00,16.2,11.4,802.0,0.0
2023-08-28 00:00:00+07:00,16.8,11.8,925.0,0.0
2023-08-28 01:00:00+07:00,15.5,10.9,987.0,0.0
2023-08-28 02:00:00+07:00,13.7,9.6,940.0,0.0
2023-08-28 03:00:00+07:00,12.2,8.5,832.0,0.0
2023-08-28 04:00:00+07:00,10.9,7.6,754.0,0.0
2023-08-28 05:00:00+07:00,10.2,7.1,771.0,0.0
2023-08-28 06:00:00+07:00,10.3,7.2,818.0,0.0
2023-08-28 07:00:00+07:00,12.6,8.7,632.0,0.0
2023-08-28 08:00:00+07:00,13.4,9.0,512.0,0.0
2023-08-28 09:00:00+07:00,10.7,7.2,346.0,1.0
2023-08-28 10:00:00+07:00,9.5,6.5,220.0,1.0
2023-08-28 11:00:00+07:00,9.1,6.3,171.0,1.0
2023-08-28 12:00:00+07:00,7.9,5.5,162.0,0.0
2023-08-28 13:00:00+07:00,5.5,3.8,161.0,0.0
2023-08-28 14:00:00+07:00,6.3,4.4,155.0,0.0
2023-08-28 15:00:00+07:00,6.6,4.7,158.0,0.0
2023-08-28 16:00:00+07:00,6.4,4.5,180.0,0.0
2023-08-28 17:00:00+07:00,5.5,3.9,215.0,0.0
2023-08-28 18:00:00+07:00,5.5,3.9,269.0,0.0
2023-08-28 19:00:00+07:00,12.8,9.0,260.0,0.0
2023-08-28 20:00:00+07:00,16.2,11.4,471.0,0.0
2023-08-28 21:00:00+07:00,20.7,14.6,759.0,0.0
2023-08-28 22:00:00+07:00,23.2,16.3,948.0,0.0
2023-08-28 23:00:00+07:00,20.0,14.0,946.0,0.0
2023-08-29 00:00:00+07:00,19.2,13.4,846.0,0.0
2023-08-29 01:00:00+07:00,18.2,12.7,752.0,0.0
2023-08-29 02:00:00+07:00,16.8,11.8,689.0,0.0
2023-08-29 03:00:00+07:00,16.4,11.5,631.0,0.0
2023-08-29 04:00:00+07:00,16.0,11.2,607.0,0.0
2023-08-29 05:00:00+07:00,14.7,10.3,659.0,0.0
2023-08-29 06:00:00+07:00,14.7,10.3,745.0,0.0
2023-08-29 07:00:00+07:00,17.7,12.4,764.0,0.0
2023-08-29 08:00:00+07:00,16.7,11.6,614.0,0.0
2023-08-29 09:00:00+07:00,11.7,8.1,407.0,1.0
2023-08-29 10:00:00+07:00,11.8,8.1,255.0,1.0
2023-08-29 11:00:00+07:00,13.2,9.1,212.0,1.0
2023-08-29 12:00:00+07:00,16.1,11.1,223.0,2.0
2023-08-29 13:00:00+07:00,17.3,12.0,237.0,2.0
2023-08-29 14:00:00+07:00,20.1,13.9,234.0,2.0
2023-08-29 15:00:00+07:00,18.2,12.7,235.0,1.0
2023-08-29 16:00:00+07:00,19.4,13.5,248.0,1.0
2023-08-29 17:00:00+07:00,17.9,12.6,282.0,1.0
2023-08-29 18:00:00+07:00,15.0,10.7,329.0,0.0
2023-08-29 19:00:00+07:00,21.2,15.4,397.0,1.0
2023-08-29 20:00:00+07:00,20.5,14.9,404.0,1.0
2023-08-29 21:00:00+07:00,19.5,14.1,414.0,0.0
2023-08-29 22:00:00+07:00,17.3,12.4,421.0,0.0
2023-08-29 23:00:00+07:00,16.6,11.9,425.0,0.0
2023-08-30 00:00:00+07:00,15.5,11.1,427.0,1.0
2023-08-30 01:00:00+07:00,16.2,11.5,419.0,1.0
2023-08-30 02:00:00+07:00,15.9,11.4,394.0,1.0
2023-08-30 03:00:00+07:00,13.8,9.8,359.0,0.0
2023-08-30 04:00:00+07:00,13.3,9.5,333.0,0.0
2023-08-30 05:00:00+07:00,12.6,8.9,324.0,0.0
2023-08-30 06:00:00+07:00,11.8,8.3,323.0,1.0
2023-08-30 07:00:00+07:00,6.9,4.9,225.0,1.0
2023-08-30 08:00:00+07:00,5.8,4.1,251.0,1.0
2023-08-30 09:00:00+07:00,7.5,5.3,286.0,1.0
2023-08-30 10:00:00+07:00,8.7,6.1,310.0,1.0
2023-08-30 11:00:00+07:00,9.3,6.6,312.0,1.0
2023-08-30 12:00:00+07:00,11.6,8.2,302.0,0.0
2023-08-30 13:00:00+07:00,13.6,9.5,298.0,0.0
2023-08-30 14:00:00+07:00,13.8,9.7,295.0,0.0
2023-08-30 15:00:00+07:00,18.3,12.8,297.0,0.0
2023-08-30 16:00:00+07:00,20.3,14.2,328.0,0.0
2023-08-30 17:00:00+07:00,21.8,15.3,414.0,0.0
2023-08-30 18:00:00+07:00,20.7,14.6,530.0,0.0
2023-08-30 19:00:00+07:00,25.0,17.5,490.0,1.0
2023-08-30 20:00:00+07:00,23.2,16.4,489.0,1.0
2023-08-30 21:00:00+07:00,19.4,13.7,487.0,0.0
2023-08-30 22:00:00+07:00,20.0,14.1,484.0,0.0
2023-08-30 23:00:00+07:00,19.0,13.4,484.0,0.0
2023-08-31 00:00:00+07:00,15.5,10.9,482.0,0.0
2023-08-31 01:00:00+07:00,13.1,9.3,462.0,0.0
2023-08-31 02:00:00+07:00,12.2,8.6,407.0,0.0
2023-08-31 03:00:00+07:00,9.9,7.0,335.0,0.0
2023-08-31 04:00:00+07:00,8.2,5.8,282.0,0.0
2023-08-31 05:00:00+07:00,7.1,5.0,262.0,0.0
2023-08-31 06:00:00+07:00,5.9,4.2,262.0,0.0
2023-08-31 07:00:00+07:00,5.0,3.6,272.0,0.0
2023-08-31 08:00:00+07:00,7.7,5.4,294.0,0.0
2023-08-31 09:00:00+07:00,10.5,7.4,322.0,0.0
2023-08-31 10:00:00+07:00,12.3,8.7,335.0,0.0
2023-08-31 11:00:00+07:00,12.7,8.9,316.0,0.0
2023-08-31 12:00:00+07:00,13.1,9.2,280.0,0.0
2023-08-31 13:00:00+07:00,12.3,8.6,255.0,0.0
2023-08-31 14:00:00+07:00,12.0,8.4,231.0,0.0
2023-08-31 15:00:00+07:00,12.1,8.5,218.0,0.0
2023-08-31 16:00:00+07:00,14.2,10.0,266.0,0.0
2023-08-31 17:00:00+07:00,15.4,10.8,410.0,0.0
2023-08-31 18:00:00+07:00,17.1,12.0,616.0,0.0
2023-08-31 19:00:00+07:00,23.0,16.2,608.0,0.0
2023-08-31 20:00:00+07:00,25.9,18.2,673.0,0.0
2023-08-31 21:00:00+07:00,25.7,18.0,762.0,0.0
2023-08-31 22:00:00+07:00,25.4,17.9,833.0,0.0
2023-08-31 23:00:00+07:00,27.5,19.4,870.0,0.0
2023-09-01 00:00:00+07:00,27.2,19.1,889.0,0.0
2023-09-01 01:00:00+07:00,26.0,18.3,886.0,0.0
2023-09-01 02:00:00+07:00,24.4,17.2,857.0,0.0
2023-09-01 03:00:00+07:00,22.5,15.8,806.0,0.0
2023-09-01 04:00:00+07:00,20.7,14.6,748.0,0.0
2023-09-01 05:00:00+07:00,18.9,13.3,686.0,1.0
2023-09-01 06:00:00+07:00,18.0,12.6,616.0,1.0
2023-09-01 07:00:00+07:00,15.8,11.0,568.0,1.0
2023-09-01 08:00:00+07:00,19.0,13.2,506.0,1.0
2023-09-01 09:00:00+07:00,20.0,14.0,420.0,2.0
2023-09-01 10:00:00+07:00,21.7,15.3,353.0,2.0
2023-09-01 11:00:00+07:00,21.0,14.8,320.0,1.0
2023-09-01 12:00:00+07:00,20.3,14.3,306.0,1.0
2023-09-01 13:00:00+07:00,20.7,14.5,302.0,0.0
2023-09-01 14:00:00+07:00,22.6,15.8,294.0,0.0
2023-09-01 15:00:00+07:00,23.7,16.6,297.0,0.0
2023-09-01 16:00:00+07:00,24.3,17.1,343.0,0.0
2023-09-01 17:00:00+07:00,23.0,16.2,478.0,0.0
2023-09-01 18:00:00+07:00,23.2,16.4,656.0,0.0
2023-09-01 19:00:00+07:00,27.4,19.4,761.0,0.0
2023-09-01 20:00:00+07:00,31.5,22.3,799.0,0.0
2023-09-01 21:00:00+07:00,29.7,21.0,848.0,0.0
2023-09-01 22:00:00+07:00,26.2,18.5,852.0,0.0
2023-09-01 23:00:00+07:00,19.7,13.9,775.0,0.0
2023-09-02 00:00:00+07:00,16.6,11.7,653.0,0.0
2023-09-02 01:00:00+07:00,13.4,9.4,548.0,0.0
2023-09-02 02:00:00+07:00,12.4,8.7,478.0,0.0
2023-09-02 03:00:00+07:00,10.5,7.4,423.0,0.0
2023-09-02 04:00:00+07:00,9.0,6.3,386.0,0.0
2023-09-02 05:00:00+07:00,8.5,6.0,371.0,0.0
2023-09-02 06:00:00+07:00,8.9,6.2,373.0,0.0
2023-09-02 07:00:00+07:00,5.9,4.1,404.0,0.0
2023-09-02 08:00:00+07:00,9.0,6.3,395.0,0.0
2023-09-02 09:00:00+07:00,11.7,8.1,383.0,0.0
2023-09-02 10:00:00+07:00,12.6,8.8,371.0,0.0
2023-09-02 11:00:00+07:00,13.6,9.5,360.0,0.0
2023-09-02 12:00:00+07:00,13.3,9.3,350.0,0.0
2023-09-02 13:00:00+07:00,14.5,10.1,347.0,0.0
2023-09-02 14:00:00+07:00,15.6,10.9,339.0,0.0
2023-09-02 15:00:00+07:00,21.9,15.3,337.0,0.0
2023-09-02 16:00:00+07:00,22.0,15.4,384.0,0.0
2023-09-02 17:00:00+07:00,22.3,15.5,519.0,0.0
2023-09-02 18:00:00+07:00,25.4,17.8,703.0,0.0
2023-09-02 19:00:00+07:00,24.6,17.2,844.0,0.0
2023-09-02 20:00:00+07:00,31.2,21.8,1049.0,0.0
2023-09-02 21:00:00+07:00,36.1,25.3,1329.0,0.0
2023-09-02 22:00:00+07:00,37.3,26.1,1528.0,0.0
2023-09-02 23:00:00+07:00,38.1,26.6,1579.0,0.0
2023-09-03 00:00:00+07:00,37.4,26.2,1548.0,0.0
2023-09-03 01:00:00+07:00,35.0,24.5,1478.0,0.0
2023-09-03 02:00:00+07:00,31.8,22.2,1364.0,0.0
2023-09-03 03:00:00+07:00,28.9,20.3,1211.0,0.0
2023-09-03 04:00:00+07:00,27.2,19.1,1074.0,0.0
2023-09-03 05:00:00+07:00,26.0,18.2,976.0,0.0
2023-09-03 06:00:00+07:00,24.8,17.4,894.0,0.0
2023-09-03 07:00:00+07:00,20.3,14.2,817.0,0.0
2023-09-03 08:00:00+07:00,25.2,17.6,764.0,0.0
2023-09-03 09:00:00+07:00,27.6,19.3,688.0,0.0
2023-09-03 10:00:00+07:00,29.5,20.5,614.0,0.0
2023-09-03 11:00:00+07:00,29.0,20.3,544.0,0.0
2023-09-03 12:00:00+07:00,27.5,19.2,477.0,0.0
2023-09-03 13:00:00+07:00,27.6,19.3,431.0,0.0
2023-09-03 14:00:00+07:00,29.1,20.3,401.0,0.0
2023-09-03 15:00:00+07:00,31.9,22.3,392.0,0.0
2023-09-03 16:00:00+07:00,32.8,22.9,442.0,0.0
2023-09-03 17:00:00+07:00,33.3,23.2,584.0,0.0
2023-09-03 18:00:00+07:00,35.4,24.7,785.0,0.0
2023-09-03 19:00:00+07:00,34.6,24.2,929.0,0.0
2023-09-03 20:00:00+07:00,37.3,26.0,946.0,0.0
2023-09-03 21:00:00+07:00,37.1,26.0,972.0,0.0
2023-09-03 22:00:00+07:00,34.9,24.4,1009.0,0.0
2023-09-03 23:00:00+07:00,34.0,23.8,1074.0,0.0
2023-09-04 00:00:00+07:00,34.1,23.9,1150.0,0.0
2023-09-04 01:00:00+07:00,33.1,23.2,1186.0,0.0
2023-09-04 02:00:00+07:00,30.4,21.2,1147.0,0.0
2023-09-04 03:00:00+07:00,27.6,19.3,1068.0,0.0
2023-09-04 04:00:00+07:00,26.5,18.5,1000.0,0.0
2023-09-04 05:00:00+07:00,29.1,20.4,972.0,0.0
2023-09-04 06:00:00+07:00,29.7,20.8,956.0,0.0
2023-09-04 07:00:00+07:00,26.2,18.3,920.0,0.0
2023-09-04 08:00:00+07:00,30.6,21.4,840.0,0.0
2023-09-04 09:00:00+07:00,35.2,24.6,728.0,0.0
2023-09-04 10:00:00+07:00,35.4,24.7,624.0,0.0
2023-09-04 11:00:00+07:00,36.4,25.4,540.0,0.0
2023-09-04 12:00:00+07:00,32.9,22.8,464.0,0.0
2023-09-04 13:00:00+07:00,32.7,22.6,404.0,0.0
2023-09-04 14:00:00+07:00,32.7,22.6,351.0,0.0
2023-09-04 15:00:00+07:00,31.0,21.4,314.0,0.0
2023-09-04 16:00:00+07:00,30.2,20.8,331.0,0.0
2023-09-04 17:00:00+07:00,31.0,21.5,430.0,0.0
2023-09-04 18:00:00+07:00,35.2,24.4,582.0,0.0
2023-09-04 19:00:00+07:00,35.3,24.6,866.0,0.0
2023-09-04 20:00:00+07:00,41.3,28.9,779.0,0.0
2023-09-04 21:00:00+07:00,30.9,21.5,656.0,0.0
2023-09-04 22:00:00+07:00,26.7,18.6,549.0,0.0
2023-09-04 23:00:00+07:00,21.9,15.3,476.0,0.0
2023-09-05 00:00:00+07:00,17.6,12.3,417.0,0.0
2023-09-05 01:00:00+07:00,14.3,10.0,370.0,0.0
2023-09-05 02:00:00+07:00,10.0,7.0,331.0,0.0
2023-09-05 03:00:00+07:00,8.5,5.9,303.0,0.0
2023-09-05 04:00:00+07:00,7.4,5.2,287.0,0.0
2023-09-05 05:00:00+07:00,5.0,3.5,287.0,0.0
2023-09-05 06:00:00+07:00,5.0,3.5,299.0,0.0
2023-09-05 07:00:00+07:00,9.1,6.3,345.0,0.0
2023-09-05 08:00:00+07:00,11.2,7.8,346.0,0.0
2023-09-05 09:00:00+07:00,12.8,9.0,347.0,0.0
2023-09-05 10:00:00+07:00,11.2,7.8,345.0,0.0
2023-09-05 11:00:00+07:00,12.2,8.6,334.0,0.0
2023-09-05 12:00:00+07:00,10.5,7.3,321.0,0.0
2023-09-05 13:00:00+07:00,12.6,8.8,321.0,0.0
2023-09-05 14:00:00+07:00,15.1,10.6,336.0,0.0
2023-09-05 15:00:00+07:00,17.5,12.3,364.0,0.0
2023-09-05 16:00:00+07:00,18.0,12.6,416.0,0.0
2023-09-05 17:00:00+07:00,21.3,15.0,506.0,0.0
2023-09-05 18:00:00+07:00,20.1,14.0,621.0,0.0
2023-09-05 19:00:00+07:00,38.6,27.1,911.0,0.0
2023-09-05 20:00:00+07:00,35.0,24.6,833.0,0.0
2023-09-05 21:00:00+07:00,26.0,18.2,724.0,0.0
2023-09-05 22:00:00+07:00,23.6,16.5,627.0,0.0
2023-09-05 23:00:00+07:00,18.2,12.7,559.0,0.0
2023-09-06 00:00:00+07:00,17.9,12.5,504.0,0.0
2023-09-06 01:00:00+07:00,15.1,10.6,454.0,0.0
2023-09-06 02:00:00+07:00,13.9,9.7,404.0,0.0
2023-09-06 03:00:00+07:00,9.1,6.3,359.0,0.0
2023-09-06 04:00:00+07:00,8.4,5.9,331.0,0.0
2023-09-06 05:00:00+07:00,9.4,6.6,333.0,0.0
2023-09-06 06:00:00+07:00,9.8,6.9,352.0,0.0
2023-09-06 07:00:00+07:00,7.1,5.0,363.0,0.0
2023-09-06 08:00:00+07:00,9.5,6.6,361.0,0.0
2023-09-06 09:00:00+07:00,10.5,7.3,356.0,0.0
2023-09-06 10:00:00+07:00,11.3,7.9,338.0,0.0
2023-09-06 11:00:00+07:00,10.0,7.0,293.0,0.0
2023-09-06 12:00:00+07:00,9.0,6.3,235.0,0.0
2023-09-06 13:00:00+07:00,9.0,6.3,193.0,0.0
2023-09-06 14:00:00+07:00,9.0,6.3,164.0,0.0
2023-09-06 15:00:00+07:00,8.4,5.9,152.0,0.0
2023-09-06 16:00:00+07:00,8.4,5.9,194.0,0.0
2023-09-06 17:00:00+07:00,8.2,5.7,325.0,0.0
2023-09-06 18:00:00+07:00,11.3,7.9,510.0,0.0
2023-09-06 19:00:00+07:00,29.3,20.6,738.0,0.0
2023-09-06 20:00:00+07:00,26.6,18.8,786.0,0.0
2023-09-06 21:00:00+07:00,28.2,19.9,852.0,0.0
2023-09-06 22:00:00+07:00,27.7,19.6,900.0,0.0
2023-09-06 23:00:00+07:00,28.6,20.2,924.0,0.0
2023-09-07 00:00:00+07:00,27.0,19.0,930.0,0.0
2023-09-07 01:00:00+07:00,25.3,17.8,895.0,0.0
2023-09-07 02:00:00+07:00,21.5,15.1,788.0,0.0
2023-09-07 03:00:00+07:00,19.6,13.8,641.0,0.0
2023-09-07 04:00:00+07:00,18.0,12.8,525.0,0.0
2023-09-07 05:00:00+07:00,17.0,12.0,476.0,0.0
2023-09-07 06:00:00+07:00,16.5,11.6,458.0,0.0
2023-09-07 07:00:00+07:00,11.7,8.3,427.0,0.0
2023-09-07 08:00:00+07:00,15.4,10.9,387.0,0.0
2023-09-07 09:00:00+07:00,15.4,10.9,331.0,0.0
2023-09-07 10:00:00+07:00,13.6,9.5,288.0,0.0
2023-09-07 11:00:00+07:00,12.1,8.5,269.0,0.0
2023-09-07 12:00:00+07:00,12.6,8.8,262.0,0.0
2023-09-07 13:00:00+07:00,15.8,11.1,257.0,0.0
2023-09-07 14:00:00+07:00,16.1,11.3,242.0,0.0
2023-09-07 15:00:00+07:00,16.6,11.6,230.0,0.0
2023-09-07 16:00:00+07:00,16.6,11.6,246.0,0.0
2023-09-07 17:00:00+07:00,16.2,11.3,304.0,0.0
2023-09-07 18:00:00+07:00,18.2,12.8,391.0,0.0
2023-09-07 19:00:00+07:00,19.0,13.3,444.0,0.0
2023-09-07 20:00:00+07:00,19.2,13.5,503.0,0.0
2023-09-07 21:00:00+07:00,19.4,13.6,582.0,0.0
2023-09-07 22:00:00+07:00,20.4,14.3,637.0,0.0
2023-09-07 23:00:00+07:00,21.2,14.9,647.0,0.0
2023-09-08 00:00:00+07:00,20.7,14.5,632.0,0.0
2023-09-08 01:00:00+07:00,19.3,13.5,601.0,0.0
2023-09-08 02:00:00+07:00,18.3,12.8,547.0,0.0
2023-09-08 03:00:00+07:00,17.6,12.3,478.0,0.0
2023-09-08 04:00:00+07:00,16.4,11.4,421.0,0.0
2023-09-08 05:00:00+07:00,15.1,10.5,392.0,0.0
2023-09-08 06:00:00+07:00,14.1,9.8,376.0,0.0
2023-09-08 07:00:00+07:00,12.5,8.7,396.0,0.0
2023-09-08 08:00:00+07:00,14.0,9.8,371.0,0.0
2023-09-08 09:00:00+07:00,15.8,11.0,337.0,0.0
2023-09-08 10:00:00+07:00,16.9,11.8,306.0,0.0
2023-09-08 11:00:00+07:00,19.3,13.5,281.0,0.0
2023-09-08 12:00:00+07:00,19.0,13.4,260.0,0.0
2023-09-08 13:00:00+07:00,19.6,13.8,251.0,0.0
2023-09-08 14:00:00+07:00,18.6,13.1,251.0,0.0
2023-09-08 15:00:00+07:00,20.6,14.5,262.0,0.0
2023-09-08 16:00:00+07:00,23.3,16.4,305.0,0.0
2023-09-08 17:00:00+07:00,23.0,16.2,398.0,0.0
2023-09-08 18:00:00+07:00,23.5,16.6,523.0,0.0
2023-09-08 19:00:00+07:00,29.1,20.5,690.0,0.0
2023-09-08 20:00:00+07:00,35.3,24.9,732.0,0.0
2023-09-08 21:00:00+07:00,33.9,23.9,784.0,0.0
2023-09-08 22:00:00+07:00,27.4,19.3,781.0,0.0
2023-09-08 23:00:00+07:00,18.4,12.9,670.0,0.0
2023-09-09 00:00:00+07:00,12.8,9.0,505.0,0.0
2023-09-09 01:00:00+07:00,7.2,5.1,380.0,0.0
2023-09-09 02:00:00+07:00,5.4,3.8,339.0,0.0
2023-09-09 03:00:00+07:00,4.9,3.4,338.0,0.0
2023-09-09 04:00:00+07:00,3.9,2.7,339.0,0.0
2023-09-09 05:00:00+07:00,3.6,2.5,329.0,0.0
2023-09-09 06:00:00+07:00,4.1,2.9,321.0,0.0
2023-09-09 07:00:00+07:00,6.0,4.2,334.0,0.0
2023-09-09 08:00:00+07:00,7.1,5.0,343.0,0.0
2023-09-09 09:00:00+07:00,7.7,5.4,353.0,0.0
2023-09-09 10:00:00+07:00,10.0,7.0,354.0,0.0
2023-09-09 11:00:00+07:00,11.6,8.2,333.0,0.0
2023-09-09 12:00:00+07:00,12.4,8.7,302.0,0.0
2023-09-09 13:00:00+07:00,14.5,10.2,284.0,0.0
2023-09-09 14:00:00+07:00,17.2,12.1,283.0,0.0
2023-09-09 15:00:00+07:00,19.3,13.5,294.0,0.0
2023-09-09 16:00:00+07:00,19.3,13.5,325.0,0.0
2023-09-09 17:00:00+07:00,18.5,13.0,389.0,0.0
2023-09-09 18:00:00+07:00,17.7,12.4,473.0,0.0
2023-09-09 19:00:00+07:00,31.4,22.1,656.0,0.0
2023-09-09 20:00:00+07:00,28.5,20.0,615.0,0.0
2023-09-09 21:00:00+07:00,26.7,18.8,559.0,0.0
2023-09-09 22:00:00+07:00,25.1,17.8,510.0,0.0
2023-09-09 23:00:00+07:00,22.5,15.8,480.0,0.0
2023-09-10 00:00:00+07:00,20.0,14.1,459.0,0.0
2023-09-10 01:00:00+07:00,10.7,7.5,438.0,0.0
2023-09-10 02:00:00+07:00,7.7,5.5,414.0,0.0
2023-09-10 03:00:00+07:00,7.4,5.2,391.0,0.0
2023-09-10 04:00:00+07:00,6.5,4.6,372.0,0.0
2023-09-10 05:00:00+07:00,6.8,4.8,361.0,0.0
2023-09-10 06:00:00+07:00,7.1,5.0,354.0,0.0
2023-09-10 07:00:00+07:00,11.8,8.3,421.0,0.0
2023-09-10 08:00:00+07:00,11.8,8.3,404.0,0.0
2023-09-10 09:00:00+07:00,10.5,7.4,380.0,0.0
2023-09-10 10:00:00+07:00,11.0,7.7,361.0,0.0
2023-09-10 11:00:00+07:00,13.3,9.4,352.0,0.0
2023-09-10 12:00:00+07:00,14.1,9.9,347.0,0.0
2023-09-10 13:00:00+07:00,15.7,11.0,344.0,0.0
2023-09-10 14:00:00+07:00,17.5,12.3,320.0,0.0
2023-09-10 15:00:00+07:00,16.9,11.8,297.0,0.0
2023-09-10 16:00:00+07:00,15.0,10.5,338.0,0.0
2023-09-10 17:00:00+07:00,16.5,11.6,512.0,0.0
2023-09-10 18:00:00+07:00,18.4,12.9,750.0,0.0
2023-09-10 19:00:00+07:00,25.3,17.9,697.0,0.0
2023-09-10 20:00:00+07:00,24.6,17.3,682.0,0.0
2023-09-10 21:00:00+07:00,22.6,16.0,663.0,0.0
2023-09-10 22:00:00+07:00,21.7,15.3,649.0,0.0
2023-09-10 23:00:00+07:00,22.4,15.8,656.0,0.0
2023-09-11 00:00:00+07:00,20.7,14.6,668.0,0.0
2023-09-11 01:00:00+07:00,16.6,11.7,657.0,0.0
2023-09-11 02:00:00+07:00,13.8,9.7,597.0,0.0
2023-09-11 03:00:00+07:00,11.6,8.1,514.0,0.0
2023-09-11 04:00:00+07:00,10.7,7.6,448.0,0.0
2023-09-11 05:00:00+07:00,10.0,7.1,425.0,0.0
2023-09-11 06:00:00+07:00,9.7,6.8,421.0,0.0
2023-09-11 07:00:00+07:00,5.6,3.9,296.0,0.0
2023-09-11 08:00:00+07:00,7.3,5.1,278.0,0.0
2023-09-11 09:00:00+07:00,6.6,4.6,253.0,0.0
2023-09-11 10:00:00+07:00,6.3,4.4,230.0,0.0
2023-09-11 11:00:00+07:00,6.1,4.3,211.0,0.0
2023-09-11 12:00:00+07:00,6.4,4.5,193.0,0.0
2023-09-11 13:00:00+07:00,6.8,4.7,185.0,0.0
2023-09-11 14:00:00+07:00,9.4,6.6,171.0,0.0
2023-09-11 15:00:00+07:00,9.6,6.7,165.0,0.0
2023-09-11 16:00:00+07:00,9.1,6.4,218.0,0.0
2023-09-11 17:00:00+07:00,9.9,7.0,394.0,0.0
2023-09-11 18:00:00+07:00,13.2,9.3,627.0,0.0
2023-09-11 19:00:00+07:00,28.3,20.0,718.0,0.0
2023-09-11 20:00:00+07:00,22.0,15.5,681.0,0.0
2023-09-11 21:00:00+07:00,20.8,14.7,626.0,0.0
2023-09-11 22:00:00+07:00,20.6,14.5,568.0,0.0
2023-09-11 23:00:00+07:00,19.1,13.5,507.0,0.0
2023-09-12 00:00:00+07:00,14.9,10.5,441.0,0.0
2023-09-12 01:00:00+07:00,12.5,8.8,380.0,0.0
2023-09-12 02:00:00+07:00,10.1,7.1,321.0,0.0
2023-09-12 03:00:00+07:00,8.2,5.8,267.0,0.0
2023-09-12 04:00:00+07:00,7.2,5.1,231.0,0.0
2023-09-12 05:00:00+07:00,7.4,5.2,227.0,0.0
2023-09-12 06:00:00+07:00,8.2,5.8,242.0,0.0
2023-09-12 07:00:00+07:00,10.3,7.3,305.0,0.0
2023-09-12 08:00:00+07:00,10.4,7.3,274.0,0.0
2023-09-12 09:00:00+07:00,10.5,7.3,232.0,0.0
2023-09-12 10:00:00+07:00,8.7,6.1,199.0,0.0
2023-09-12 11:00:00+07:00,5.3,3.7,183.0,0.0
2023-09-12 12:00:00+07:00,4.8,3.4,177.0,0.0
2023-09-12 13:00:00+07:00,7.0,4.9,178.0,0.0
2023-09-12 14:00:00+07:00,6.9,4.8,166.0,0.0
2023-09-12 15:00:00+07:00,6.0,4.2,160.0,0.0
2023-09-12 16:00:00+07:00,7.3,5.1,217.0,0.0
2023-09-12 17:00:00+07:00,8.7,6.1,385.0,0.0
2023-09-12 18:00:00+07:00,11.7,8.2,616.0,0.0
2023-09-12 19:00:00+07:00,23.5,16.4,810.0,0.0
2023-09-12 20:00:00+07:00,23.0,16.1,853.0,0.0
2023-09-12 21:00:00+07:00,23.6,16.6,912.0,0.0
2023-09-12 22:00:00+07:00,24.3,17.1,954.0,0.0
2023-09-12 23:00:00+07:00,22.8,16.1,982.0,0.0
2023-09-13 00:00:00+07:00,18.2,12.8,993.0,0.0
2023-09-13 01:00:00+07:00,16.5,11.6,948.0,0.0
2023-09-13 02:00:00+07:00,12.8,9.0,795.0,0.0
2023-09-13 03:00:00+07:00,9.8,6.9,587.0,0.0
2023-09-13 04:00:00+07:00,7.7,5.4,437.0,0.0
2023-09-13 05:00:00+07:00,7.3,5.1,412.0,0.0
2023-09-13 06:00:00+07:00,8.5,6.0,446.0,0.0
2023-09-13 07:00:00+07:00,5.5,3.8,423.0,0.0
2023-09-13 08:00:00+07:00,8.7,6.1,362.0,0.0
2023-09-13 09:00:00+07:00,9.7,6.8,279.0,0.0
2023-09-13 10:00:00+07:00,6.6,4.6,214.0,0.0
2023-09-13 11:00:00+07:00,5.9,4.0,188.0,0.0
2023-09-13 12:00:00+07:00,7.2,5.0,181.0,0.0
2023-09-13 13:00:00+07:00,6.9,4.8,179.0,0.0
2023-09-13 14:00:00+07:00,6.6,4.6,150.0,0.0
2023-09-13 15:00:00+07:00,6.2,4.3,126.0,0.0
2023-09-13 16:00:00+07:00,6.2,4.3,188.0,0.0
2023-09-13 17:00:00+07:00,7.7,5.4,399.0,0.0
2023-09-13 18:00:00+07:00,11.8,8.2,698.0,0.0
2023-09-13 19:00:00+07:00,24.8,17.3,792.0,1.0
2023-09-13 20:00:00+07:00,28.5,20.0,878.0,1.0
2023-09-13 21:00:00+07:00,26.9,18.9,994.0,0.0
2023-09-13 22:00:00+07:00,26.7,18.7,1071.0,0.0
2023-09-13 23:00:00+07:00,25.6,17.9,1084.0,0.0
2023-09-14 00:00:00+07:00,22.2,15.6,1057.0,0.0
2023-09-14 01:00:00+07:00,19.4,13.6,989.0,0.0
2023-09-14 02:00:00+07:00,17.8,12.4,854.0,0.0
2023-09-14 03:00:00+07:00,12.5,8.8,677.0,0.0
2023-09-14 04:00:00+07:00,11.2,7.8,532.0,0.0
2023-09-14 05:00:00+07:00,9.3,6.5,448.0,0.0
2023-09-14 06:00:00+07:00,8.1,5.7,396.0,0.0
2023-09-14 07:00:00+07:00,17.0,11.9,668.0,0.0
2023-09-14 08:00:00+07:00,15.9,11.1,578.0,0.0
2023-09-14 09:00:00+07:00,15.2,10.6,452.0,0.0
2023-09-14 10:00:00+07:00,17.6,12.3,350.0,0.0
2023-09-14 11:00:00+07:00,18.9,13.2,296.0,0.0
2023-09-14 12:00:00+07:00,16.9,11.8,266.0,0.0
2023-09-14 13:00:00+07:00,14.3,10.0,246.0,0.0
2023-09-14 14:00:00+07:00,14.5,10.1,208.0,0.0
2023-09-14 15:00:00+07:00,15.4,10.7,180.0,0.0
2023-09-14 16:00:00+07:00,13.3,9.3,227.0,0.0
2023-09-14 17:00:00+07:00,13.0,9.1,404.0,0.0
2023-09-14 18:00:00+07:00,17.3,12.1,655.0,0.0
2023-09-14 19:00:00+07:00,29.8,21.0,898.0,0.0
2023-09-14 20:00:00+07:00,31.7,22.3,1002.0,0.0
2023-09-14 21:00:00+07:00,30.9,21.8,1139.0,0.0
2023-09-14 22:00:00+07:00,30.0,21.1,1191.0,0.0
2023-09-14 23:00:00+07:00,24.4,17.1,1085.0,0.0
2023-09-15 00:00:00+07:00,16.5,11.6,895.0,0.0
2023-09-15 01:00:00+07:00,12.1,8.5,719.0,0.0
2023-09-15 02:00:00+07:00,7.4,5.2,587.0,0.0
2023-09-15 03:00:00+07:00,6.7,4.7,470.0,0.0
2023-09-15 04:00:00+07:00,6.2,4.4,383.0,0.0
2023-09-15 05:00:00+07:00,5.3,3.7,339.0,0.0
2023-09-15 06:00:00+07:00,4.7,3.3,325.0,0.0
2023-09-15 07:00:00+07:00,7.6,5.3,342.0,0.0
2023-09-15 08:00:00+07:00,8.7,6.1,310.0,0.0
2023-09-15 09:00:00+07:00,9.5,6.6,268.0,0.0
2023-09-15 10:00:00+07:00,9.0,6.3,239.0,0.0
2023-09-15 11:00:00+07:00,9.2,6.5,237.0,0.0
2023-09-15 12:00:00+07:00,9.9,6.9,248.0,0.0
2023-09-15 13:00:00+07:00,10.1,7.1,266.0,0.0
2023-09-15 14:00:00+07:00,9.7,6.8,282.0,0.0
2023-09-15 15:00:00+07:00,12.2,8.6,304.0,0.0
2023-09-15 16:00:00+07:00,14.3,10.0,343.0,0.0
2023-09-15 17:00:00+07:00,15.9,11.1,418.0,0.0
2023-09-15 18:00:00+07:00,16.1,11.3,511.0,0.0
2023-09-15 19:00:00+07:00,32.1,22.6,837.0,0.0
2023-09-15 20:00:00+07:00,28.9,20.3,710.0,0.0
2023-09-15 21:00:00+07:00,12.7,8.9,535.0,0.0
2023-09-15 22:00:00+07:00,11.1,7.8,405.0,0.0
2023-09-15 23:00:00+07:00,11.7,8.2,368.0,0.0
2023-09-16 00:00:00+07:00,10.9,7.7,376.0,0.0
2023-09-16 01:00:00+07:00,6.4,4.5,378.0,0.0
2023-09-16 02:00:00+07:00,4.8,3.4,352.0,0.0
2023-09-16 03:00:00+07:00,2.9,2.1,320.0,0.0
2023-09-16 04:00:00+07:00,3.0,2.1,302.0,0.0
2023-09-16 05:00:00+07:00,3.8,2.7,303.0,0.0
2023-09-16 06:00:00+07:00,4.8,3.4,319.0,0.0
2023-09-16 07:00:00+07:00,6.9,4.8,320.0,0.0
2023-09-16 08:00:00+07:00,7.6,5.3,341.0,0.0
2023-09-16 09:00:00+07:00,9.2,6.5,370.0,0.0
2023-09-16 10:00:00+07:00,10.2,7.2,392.0,0.0
2023-09-16 11:00:00+07:00,10.7,7.5,398.0,0.0
2023-09-16 12:00:00+07:00,12.5,8.8,397.0,0.0
2023-09-16 13:00:00+07:00,15.4,10.8,396.0,0.0
2023-09-16 14:00:00+07:00,16.7,11.7,376.0,0.0
2023-09-16 15:00:00+07:00,18.3,12.9,355.0,0.0
2023-09-16 16:00:00+07:00,17.0,11.9,397.0,0.0
2023-09-16 17:00:00+07:00,19.0,13.3,569.0,0.0
2023-09-16 18:00:00+07:00,23.3,16.3,805.0,0.0
2023-09-16 19:00:00+07:00,29.8,20.8,942.0,0.0
2023-09-16 20:00:00+07:00,27.0,18.9,945.0,0.0
2023-09-16 21:00:00+07:00,25.2,17.6,948.0,0.0
2023-09-16 22:00:00+07:00,23.7,16.6,934.0,0.0
2023-09-16 23:00:00+07:00,21.0,14.7,901.0,0.0
2023-09-17 00:00:00+07:00,21.0,14.7,852.0,0.0
2023-09-17 01:00:00+07:00,10.1,7.1,778.0,0.0
2023-09-17 02:00:00+07:00,10.0,7.0,652.0,0.0
2023-09-17 03:00:00+07:00,9.1,6.4,500.0,0.0
2023-09-17 04:00:00+07:00,7.2,5.0,396.0,0.0
2023-09-17 05:00:00+07:00,6.1,4.3,377.0,0.0
2023-09-17 06:00:00+07:00,5.6,3.9,405.0,0.0
2023-09-17 07:00:00+07:00,8.7,6.1,449.0,0.0
2023-09-17 08:00:00+07:00,10.1,7.1,448.0,0.0
2023-09-17 09:00:00+07:00,11.3,7.9,445.0,0.0
2023-09-17 10:00:00+07:00,13.2,9.2,432.0,0.0
2023-09-17 11:00:00+07:00,13.2,9.3,400.0,0.0
2023-09-17 12:00:00+07:00,14.2,10.0,359.0,0.0
2023-09-17 13:00:00+07:00,14.5,10.1,329.0,0.0
2023-09-17 14:00:00+07:00,16.6,11.6,293.0,0.0
2023-09-17 15:00:00+07:00,16.0,11.2,268.0,0.0
2023-09-17 16:00:00+07:00,16.2,11.3,323.0,0.0
2023-09-17 17:00:00+07:00,17.8,12.4,541.0,0.0
2023-09-17 18:00:00+07:00,21.5,15.1,839.0,0.0
2023-09-17 19:00:00+07:00,37.4,26.3,908.0,0.0
2023-09-17 20:00:00+07:00,36.8,25.8,794.0,0.0
2023-09-17 21:00:00+07:00,27.4,19.2,636.0,0.0
2023-09-17 22:00:00+07:00,16.3,11.4,510.0,0.0
2023-09-17 23:00:00+07:00,15.9,11.2,451.0,0.0
2023-09-18 00:00:00+07:00,13.2,9.3,424.0,0.0
2023-09-18 01:00:00+07:00,11.1,7.8,401.0,0.0
2023-09-18 02:00:00+07:00,10.5,7.4,371.0,0.0
2023-09-18 03:00:00+07:00,9.1,6.4,345.0,0.0
2023-09-18 04:00:00+07:00,8.4,5.9,331.0,0.0
2023-09-18 05:00:00+07:00,7.7,5.4,334.0,0.0
2023-09-18 06:00:00+07:00,7.1,5.0,348.0,0.0
2023-09-18 07:00:00+07:00,5.8,4.1,280.0,0.0
2023-09-18 08:00:00+07:00,6.5,4.6,272.0,0.0
2023-09-18 09:00:00+07:00,5.1,3.6,260.0,0.0
2023-09-18 10:00:00+07:00,4.9,3.4,247.0,0.0
2023-09-18 11:00:00+07:00,5.9,4.1,233.0,0.0
2023-09-18 12:00:00+07:00,6.5,4.6,219.0,0.0
2023-09-18 13:00:00+07:00,7.1,5.0,208.0,0.0
2023-09-18 14:00:00+07:00,8.0,5.6,186.0,0.0
2023-09-18 15:00:00+07:00,6.7,4.7,168.0,0.0
2023-09-18 16:00:00+07:00,5.7,4.0,195.0,0.0
2023-09-18 17:00:00+07:00,7.4,5.2,314.0,0.0
2023-09-18 18:00:00+07:00,10.9,7.6,479.0,0.0
2023-09-18 19:00:00+07:00,21.9,15.4,443.0,0.0
2023-09-18 20:00:00+07:00,21.8,15.4,485.0,0.0
2023-09-18 21:00:00+07:00,21.7,15.3,542.0,0.0
2023-09-18 22:00:00+07:00,20.2,14.2,582.0,0.0
2023-09-18 23:00:00+07:00,18.6,13.1,596.0,0.0
2023-09-19 00:00:00+07:00,16.3,11.5,593.0,0.0
2023-09-19 01:00:00+07:00,13.9,9.8,570.0,0.0
2023-09-19 02:00:00+07:00,13.3,9.3,511.0,0.0
2023-09-19 03:00:00+07:00,12.5,8.8,431.0,0.0
2023-09-19 04:00:00+07:00,11.8,8.2,372.0,0.0
2023-09-19 05:00:00+07:00,11.3,7.9,354.0,0.0
2023-09-19 06:00:00+07:00,10.9,7.7,356.0,0.0
2023-09-19 07:00:00+07:00,10.1,7.1,331.0,0.0
2023-09-19 08:00:00+07:00,11.9,8.4,318.0,0.0
2023-09-19 09:00:00+07:00,11.8,8.3,299.0,0.0
2023-09-19 10:00:00+07:00,11.0,7.8,276.0,0.0
2023-09-19 11:00:00+07:00,9.0,6.4,241.0,0.0
2023-09-19 12:00:00+07:00,6.9,4.9,202.0,0.0
2023-09-19 13:00:00+07:00,6.5,4.5,179.0,0.0
2023-09-19 14:00:00+07:00,6.5,4.5,157.0,0.0
2023-09-19 15:00:00+07:00,7.0,4.9,151.0,0.0
2023-09-19 16:00:00+07:00,8.0,5.6,227.0,0.0
2023-09-19 17:00:00+07:00,9.7,6.8,442.0,0.0
2023-09-19 18:00:00+07:00,15.7,11.0,739.0,0.0
2023-09-19 19:00:00+07:00,32.1,22.4,877.0,0.0
2023-09-19 20:00:00+07:00,29.9,21.0,952.0,0.0
2023-09-19 21:00:00+07:00,27.3,19.2,1051.0,0.0
2023-09-19 22:00:00+07:00,25.4,17.8,1101.0,0.0
2023-09-19 23:00:00+07:00,25.6,17.9,1069.0,0.0
2023-09-20 00:00:00+07:00,23.2,16.2,987.0,0.0
2023-09-20 01:00:00+07:00,21.6,15.1,877.0,0.0
2023-09-20 02:00:00+07:00,19.3,13.5,722.0,0.0
2023-09-20 03:00:00+07:00,19.9,13.9,541.0,0.0
2023-09-20 04:00:00+07:00,15.1,10.5,406.0,0.0
2023-09-20 05:00:00+07:00,10.2,7.1,358.0,0.0
2023-09-20 06:00:00+07:00,7.6,5.3,358.0,0.0
2023-09-20 07:00:00+07:00,4.9,3.4,350.0,0.0
2023-09-20 08:00:00+07:00,6.6,4.6,339.0,0.0
2023-09-20 09:00:00+07:00,6.4,4.4,323.0,0.0
2023-09-20 10:00:00+07:00,8.1,5.7,303.0,0.0
2023-09-20 11:00:00+07:00,8.6,6.0,271.0,0.0
2023-09-20 12:00:00+07:00,10.4,7.3,236.0,0.0
2023-09-20 13:00:00+07:00,11.0,7.7,225.0,0.0
2023-09-20 14:00:00+07:00,11.0,7.7,250.0,0.0
2023-09-20 15:00:00+07:00,13.0,9.1,299.0,0.0
2023-09-20 16:00:00+07:00,15.2,10.7,367.0,0.0
2023-09-20 17:00:00+07:00,15.7,11.0,450.0,0.0
2023-09-20 18:00:00+07:00,18.8,13.2,552.0,0.0
2023-09-20 19:00:00+07:00,37.5,26.3,879.0,0.0
2023-09-20 20:00:00+07:00,39.1,27.5,993.0,0.0
2023-09-20 21:00:00+07:00,41.6,29.2,1151.0,0.0
2023-09-20 22:00:00+07:00,41.1,28.9,1276.0,0.0
2023-09-20 23:00:00+07:00,40.5,28.5,1346.0,0.0
2023-09-21 00:00:00+07:00,41.2,29.0,1382.0,0.0
2023-09-21 01:00:00+07:00,40.9,28.7,1371.0,0.0
2023-09-21 02:00:00+07:00,38.6,27.1,1289.0,0.0
2023-09-21 03:00:00+07:00,36.0,25.3,1159.0,0.0
2023-09-21 04:00:00+07:00,34.1,23.9,1039.0,0.0
2023-09-21 05:00:00+07:00,32.0,22.5,955.0,0.0
2023-09-21 06:00:00+07:00,29.7,20.9,880.0,0.0
2023-09-21 07:00:00+07:00,16.6,11.4,488.0,1.0
2023-09-21 08:00:00+07:00,20.1,14.0,447.0,1.0
2023-09-21 09:00:00+07:00,21.9,15.1,391.0,1.0
2023-09-21 10:00:00+07:00,24.6,16.8,341.0,1.0
2023-09-21 11:00:00+07:00,25.5,17.2,305.0,1.0
2023-09-21 12:00:00+07:00,26.3,17.6,276.0,1.0
2023-09-21 13:00:00+07:00,25.0,16.8,260.0,1.0
2023-09-21 14:00:00+07:00,23.3,15.7,244.0,1.0
2023-09-21 15:00:00+07:00,24.7,16.6,240.0,1.0
2023-09-21 16:00:00+07:00,27.1,18.4,295.0,1.0
2023-09-21 17:00:00+07:00,28.1,19.2,463.0,1.0
2023-09-21 18:00:00+07:00,31.5,21.7,690.0,0.0
2023-09-21 19:00:00+07:00,33.3,23.3,843.0,0.0
2023-09-21 20:00:00+07:00,33.6,23.6,911.0,0.0
2023-09-21 21:00:00+07:00,31.7,22.2,1006.0,0.0
2023-09-21 22:00:00+07:00,33.1,23.3,1082.0,0.0
2023-09-21 23:00:00+07:00,35.6,25.1,1131.0,0.0
2023-09-22 00:00:00+07:00,36.2,25.4,1160.0,0.0
2023-09-22 01:00:00+07:00,36.4,25.6,1151.0,0.0
2023-09-22 02:00:00+07:00,34.1,23.9,1077.0,0.0
2023-09-22 03:00:00+07:00,32.6,22.9,964.0,0.0
2023-09-22 04:00:00+07:00,30.7,21.6,868.0,0.0
2023-09-22 05:00:00+07:00,29.3,20.5,816.0,0.0
2023-09-22 06:00:00+07:00,28.1,19.7,781.0,0.0
2023-09-22 07:00:00+07:00,16.1,11.2,415.0,0.0
2023-09-22 08:00:00+07:00,13.9,9.6,406.0,0.0
2023-09-22 09:00:00+07:00,11.9,8.3,393.0,0.0
2023-09-22 10:00:00+07:00,12.8,8.9,376.0,0.0
2023-09-22 11:00:00+07:00,14.1,9.8,351.0,0.0
2023-09-22 12:00:00+07:00,14.6,10.2,321.0,0.0
2023-09-22 13:00:00+07:00,16.9,11.8,300.0,0.0
2023-09-22 14:00:00+07:00,17.4,12.1,269.0,0.0
2023-09-22 15:00:00+07:00,18.2,12.7,245.0,0.0
2023-09-22 16:00:00+07:00,19.8,13.9,295.0,0.0
2023-09-22 17:00:00+07:00,21.9,15.4,468.0,0.0
2023-09-22 18:00:00+07:00,27.4,19.1,714.0,0.0
2023-09-22 19:00:00+07:00,35.6,25.0,890.0,0.0
2023-09-22 20:00:00+07:00,36.3,25.4,836.0,0.0
2023-09-22 21:00:00+07:00,28.8,20.1,758.0,0.0
2023-09-22 22:00:00+07:00,28.5,19.9,680.0,0.0
2023-09-22 23:00:00+07:00,28.3,19.8,608.0,0.0
2023-09-23 00:00:00+07:00,25.5,17.8,537.0,0.0
2023-09-23 01:00:00+07:00,14.5,10.2,470.0,0.0
2023-09-23 02:00:00+07:00,11.1,7.8,403.0,0.0
2023-09-23 03:00:00+07:00,10.5,7.3,340.0,0.0
2023-09-23 04:00:00+07:00,9.9,6.9,301.0,0.0
2023-09-23 05:00:00+07:00,10.3,7.2,301.0,0.0
2023-09-23 06:00:00+07:00,11.2,7.8,323.0,0.0
2023-09-23 07:00:00+07:00,15.6,10.9,465.0,0.0
2023-09-23 08:00:00+07:00,20.3,14.1,436.0,0.0
2023-09-23 09:00:00+07:00,17.4,12.2,397.0,0.0
2023-09-23 10:00:00+07:00,18.9,13.2,367.0,0.0
2023-09-23 11:00:00+07:00,20.1,14.0,356.0,0.0
2023-09-23 12:00:00+07:00,24.0,16.8,355.0,0.0
2023-09-23 13:00:00+07:00,27.5,19.2,355.0,0.0
2023-09-23 14:00:00+07:00,29.9,21.0,330.0,0.0
2023-09-23 15:00:00+07:00,31.2,21.8,305.0,0.0
2023-09-23 16:00:00+07:00,33.1,23.1,348.0,0.0
2023-09-23 17:00:00+07:00,34.1,23.9,517.0,0.0
2023-09-23 18:00:00+07:00,38.9,27.2,754.0,0.0
2023-09-23 19:00:00+07:00,37.6,26.3,880.0,0.0
2023-09-23 20:00:00+07:00,38.2,26.7,861.0,0.0
2023-09-23 21:00:00+07:00,37.1,26.0,836.0,0.0
2023-09-23 22:00:00+07:00,32.4,22.6,826.0,0.0
2023-09-23 23:00:00+07:00,32.2,22.6,866.0,0.0
2023-09-24 00:00:00+07:00,29.7,20.8,921.0,0.0
2023-09-24 01:00:00+07:00,29.6,20.7,912.0,0.0
2023-09-24 02:00:00+07:00,26.5,18.6,773.0,0.0
2023-09-24 03:00:00+07:00,19.5,13.6,569.0,0.0
2023-09-24 04:00:00+07:00,14.8,10.4,415.0,0.0
2023-09-24 05:00:00+07:00,12.2,8.5,368.0,0.0
2023-09-24 06:00:00+07:00,11.7,8.2,371.0,0.0
2023-09-24 07:00:00+07:00,26.4,18.5,489.0,0.0
2023-09-24 08:00:00+07:00,27.2,19.1,450.0,0.0
2023-09-24 09:00:00+07:00,26.8,18.7,396.0,0.0
2023-09-24 10:00:00+07:00,26.2,18.3,353.0,0.0
2023-09-24 11:00:00+07:00,24.6,17.2,333.0,0.0
2023-09-24 12:00:00+07:00,25.1,17.6,324.0,0.0
2023-09-24 13:00:00+07:00,26.1,18.3,320.0,0.0
2023-09-24 14:00:00+07:00,27.8,19.4,308.0,0.0
2023-09-24 15:00:00+07:00,28.9,20.2,301.0,0.0
2023-09-24 16:00:00+07:00,29.0,20.3,330.0,0.0
2023-09-24 17:00:00+07:00,33.2,23.2,423.0,0.0
2023-09-24 18:00:00+07:00,38.8,27.1,553.0,0.0
2023-09-24 19:00:00+07:00,32.1,22.4,808.0,0.0
2023-09-24 20:00:00+07:00,34.6,24.2,791.0,0.0
2023-09-24 21:00:00+07:00,30.7,21.5,765.0,0.0
2023-09-24 22:00:00+07:00,25.7,18.0,734.0,0.0
2023-09-24 23:00:00+07:00,22.3,15.6,694.0,0.0
2023-09-25 00:00:00+07:00,21.8,15.3,649.0,0.0
2023-09-25 01:00:00+07:00,16.4,11.4,607.0,0.0
2023-09-25 02:00:00+07:00,13.9,9.7,572.0,0.0
2023-09-25 03:00:00+07:00,13.0,9.1,541.0,0.0
2023-09-25 04:00:00+07:00,12.1,8.5,517.0,0.0
2023-09-25 05:00:00+07:00,11.7,8.2,509.0,0.0
2023-09-25 06:00:00+07:00,11.7,8.2,509.0,0.0
2023-09-25 07:00:00+07:00,6.9,4.8,354.0,0.0
2023-09-25 08:00:00+07:00,9.5,6.6,335.0,0.0
2023-09-25 09:00:00+07:00,11.4,8.0,308.0,0.0
2023-09-25 10:00:00+07:00,13.8,9.6,288.0,0.0
2023-09-25 11:00:00+07:00,16.0,11.2,278.0,0.0
2023-09-25 12:00:00+07:00,17.5,12.2,275.0,0.0
2023-09-25 13:00:00+07:00,17.5,12.2,281.0,0.0
2023-09-25 14:00:00+07:00,20.0,14.0,271.0,0.0
2023-09-25 15:00:00+07:00,23.6,16.5,270.0,0.0
2023-09-25 16:00:00+07:00,27.0,18.9,358.0,0.0
2023-09-25 17:00:00+07:00,28.3,19.8,606.0,0.0
2023-09-25 18:00:00+07:00,35.0,24.5,942.0,0.0
2023-09-25 19:00:00+07:00,48.4,33.9,1102.0,0.0
2023-09-25 20:00:00+07:00,47.7,33.3,967.0,0.0
2023-09-25 21:00:00+07:00,36.3,25.4,781.0,0.0
2023-09-25 22:00:00+07:00,30.4,21.2,644.0,0.0
2023-09-25 23:00:00+07:00,23.9,16.7,611.0,0.0
2023-09-26 00:00:00+07:00,19.3,13.4,629.0,0.0
2023-09-26 01:00:00+07:00,16.2,11.3,632.0,0.0
2023-09-26 02:00:00+07:00,15.4,10.8,593.0,0.0
2023-09-26 03:00:00+07:00,14.5,10.1,541.0,0.0
2023-09-26 04:00:00+07:00,13.7,9.6,498.0,0.0
2023-09-26 05:00:00+07:00,13.0,9.1,478.0,0.0
2023-09-26 06:00:00+07:00,12.8,8.9,467.0,0.0
2023-09-26 07:00:00+07:00,14.8,10.3,510.0,0.0
2023-09-26 08:00:00+07:00,18.6,13.0,474.0,0.0
2023-09-26 09:00:00+07:00,22.1,15.4,423.0,0.0
2023-09-26 10:00:00+07:00,23.9,16.6,375.0,0.0
2023-09-26 11:00:00+07:00,24.3,16.8,333.0,0.0
2023-09-26 12:00:00+07:00,24.2,16.5,293.0,0.0
2023-09-26 13:00:00+07:00,22.8,15.4,263.0,0.0
2023-09-26 14:00:00+07:00,21.7,14.5,218.0,0.0
2023-09-26 15:00:00+07:00,21.7,14.6,183.0,0.0
2023-09-26 16:00:00+07:00,21.0,14.0,240.0,0.0
2023-09-26 17:00:00+07:00,26.2,17.8,488.0,0.0
2023-09-26 18:00:00+07:00,34.2,23.5,828.0,0.0
2023-09-26 19:00:00+07:00,41.6,28.4,1166.0,0.0
2023-09-26 20:00:00+07:00,47.5,32.5,1259.0,0.0
2023-09-26 21:00:00+07:00,48.7,33.3,1385.0,0.0
2023-09-26 22:00:00+07:00,47.6,32.6,1459.0,0.0
2023-09-26 23:00:00+07:00,44.9,30.7,1435.0,0.0
2023-09-27 00:00:00+07:00,44.7,30.6,1359.0,0.0
2023-09-27 01:00:00+07:00,42.0,28.8,1284.0,0.0
2023-09-27 02:00:00+07:00,37.3,25.8,1225.0,0.0
2023-09-27 03:00:00+07:00,32.6,22.6,1167.0,0.0
2023-09-27 04:00:00+07:00,29.4,20.4,1122.0,0.0
2023-09-27 05:00:00+07:00,28.1,19.5,1115.0,0.0
2023-09-27 06:00:00+07:00,27.0,18.7,1120.0,0.0
2023-09-27 07:00:00+07:00,24.2,16.9,837.0,0.0
2023-09-27 08:00:00+07:00,32.0,22.4,729.0,0.0
2023-09-27 09:00:00+07:00,31.3,21.5,576.0,0.0
2023-09-27 10:00:00+07:00,29.8,20.5,442.0,0.0
2023-09-27 11:00:00+07:00,19.2,13.1,338.0,0.0
2023-09-27 12:00:00+07:00,14.4,9.8,253.0,0.0
2023-09-27 13:00:00+07:00,13.0,8.9,210.0,0.0
2023-09-27 14:00:00+07:00,14.2,9.8,226.0,0.0
2023-09-27 15:00:00+07:00,12.6,8.7,285.0,0.0
2023-09-27 16:00:00+07:00,15.5,10.8,361.0,0.0
2023-09-27 17:00:00+07:00,18.5,12.9,463.0,0.0
2023-09-27 18:00:00+07:00,19.3,13.5,582.0,0.0
2023-09-27 19:00:00+07:00,29.8,20.7,644.0,0.0
2023-09-27 20:00:00+07:00,25.7,17.9,620.0,0.0
2023-09-27 21:00:00+07:00,22.2,15.4,585.0,0.0
2023-09-27 22:00:00+07:00,20.8,14.5,539.0,0.0
2023-09-27 23:00:00+07:00,19.3,13.4,476.0,0.0
2023-09-28 00:00:00+07:00,15.4,10.8,402.0,0.0
2023-09-28 01:00:00+07:00,11.7,8.1,340.0,0.0
2023-09-28 02:00:00+07:00,8.1,5.7,295.0,0.0
2023-09-28 03:00:00+07:00,6.6,4.6,263.0,0.0
2023-09-28 04:00:00+07:00,5.6,3.9,252.0,0.0
2023-09-28 05:00:00+07:00,5.5,3.8,273.0,0.0
2023-09-28 06:00:00+07:00,6.6,4.6,315.0,0.0
2023-09-28 07:00:00+07:00,5.5,3.9,336.0,0.0
2023-09-28 08:00:00+07:00,9.0,6.3,354.0,0.0
2023-09-28 09:00:00+07:00,10.2,7.2,378.0,0.0
2023-09-28 10:00:00+07:00,7.5,5.2,388.0,0.0
2023-09-28 11:00:00+07:00,7.8,5.4,366.0,0.0
2023-09-28 12:00:00+07:00,8.8,6.2,329.0,0.0
2023-09-28 13:00:00+07:00,7.0,4.9,309.0,0.0
2023-09-28 14:00:00+07:00,10.2,7.1,308.0,0.0
2023-09-28 15:00:00+07:00,14.3,10.0,325.0,0.0
2023-09-28 16:00:00+07:00,17.0,11.9,387.0,0.0
2023-09-28 17:00:00+07:00,18.9,13.2,543.0,0.0
2023-09-28 18:00:00+07:00,21.1,14.7,744.0,0.0
2023-09-28 19:00:00+07:00,36.1,25.3,871.0,0.0
2023-09-28 20:00:00+07:00,34.6,24.2,882.0,0.0
2023-09-28 21:00:00+07:00,27.3,19.2,895.0,0.0
2023-09-28 22:00:00+07:00,27.7,19.4,888.0,0.0
2023-09-28 23:00:00+07:00,24.4,17.1,845.0,0.0
2023-09-29 00:00:00+07:00,22.5,15.7,781.0,0.0
2023-09-29 01:00:00+07:00,21.4,15.0,721.0,0.0
2023-09-29 02:00:00+07:00,15.9,11.2,667.0,0.0
2023-09-29 03:00:00+07:00,13.7,9.6,616.0,0.0
2023-09-29 04:00:00+07:00,11.6,8.1,585.0,0.0
2023-09-29 05:00:00+07:00,10.8,7.5,587.0,0.0
2023-09-29 06:00:00+07:00,11.2,7.9,609.0,0.0
2023-09-29 07:00:00+07:00,9.1,6.4,425.0,0.0
2023-09-29 08:00:00+07:00,7.9,5.6,420.0,0.0
2023-09-29 09:00:00+07:00,8.8,6.1,413.0,0.0
2023-09-29 10:00:00+07:00,9.1,6.4,401.0,0.0
2023-09-29 11:00:00+07:00,8.6,6.0,385.0,0.0
2023-09-29 12:00:00+07:00,10.0,7.0,365.0,0.0
2023-09-29 13:00:00+07:00,12.9,9.0,341.0,0.0
2023-09-29 14:00:00+07:00,11.9,8.4,292.0,0.0
2023-09-29 15:00:00+07:00,10.4,7.3,239.0,0.0
2023-09-29 16:00:00+07:00,9.2,6.5,240.0,0.0
2023-09-29 17:00:00+07:00,10.0,7.0,338.0,0.0
2023-09-29 18:00:00+07:00,12.0,8.4,490.0,0.0
2023-09-29 19:00:00+07:00,21.4,15.0,584.0,0.0
2023-09-29 20:00:00+07:00,20.0,14.0,567.0,0.0
2023-09-29 21:00:00+07:00,17.1,12.0,544.0,0.0
2023-09-29 22:00:00+07:00,16.5,11.6,519.0,0.0
2023-09-29 23:00:00+07:00,16.6,11.6,496.0,0.0
2023-09-30 00:00:00+07:00,13.4,9.4,473.0,0.0
2023-09-30 01:00:00+07:00,10.6,7.4,446.0,0.0
2023-09-30 02:00:00+07:00,7.0,4.9,410.0,0.0
2023-09-30 03:00:00+07:00,5.1,3.6,371.0,0.0
2023-09-30 04:00:00+07:00,3.9,2.7,345.0,0.0
2023-09-30 05:00:00+07:00,3.5,2.4,341.0,0.0
2023-09-30 06:00:00+07:00,3.8,2.7,350.0,0.0
2023-09-30 07:00:00+07:00,5.7,4.0,341.0,0.0
2023-09-30 08:00:00+07:00,7.6,5.3,313.0,0.0
2023-09-30 09:00:00+07:00,6.7,4.7,275.0,0.0
2023-09-30 10:00:00+07:00,6.7,4.6,246.0,0.0
2023-09-30 11:00:00+07:00,7.9,5.5,237.0,0.0
2023-09-30 12:00:00+07:00,8.8,6.2,238.0,0.0
2023-09-30 13:00:00+07:00,8.9,6.2,241.0,0.0
2023-09-30 14:00:00+07:00,12.4,8.7,230.0,0.0
2023-09-30 15:00:00+07:00,10.6,7.4,220.0,0.0
2023-09-30 16:00:00+07:00,8.9,6.3,250.0,0.0
2023-09-30 17:00:00+07:00,10.5,7.3,357.0,0.0
2023-09-30 18:00:00+07:00,12.2,8.5,504.0,0.0
2023-09-30 19:00:00+07:00,20.8,14.5,670.0,0.0
2023-09-30 20:00:00+07:00,20.2,14.1,733.0,0.0
2023-09-30 21:00:00+07:00,19.8,13.9,815.0,0.0
2023-09-30 22:00:00+07:00,18.6,13.0,843.0,0.0
2023-09-30 23:00:00+07:00,17.6,12.3,771.0,0.0
2023-10-01 00:00:00+07:00,15.6,10.9,644.0,0.0
2023-10-01 01:00:00+07:00,12.7,8.9,526.0,0.0
2023-10-01 02:00:00+07:00,10.2,7.2,431.0,0.0
2023-10-01 03:00:00+07:00,9.6,6.7,343.0,0.0
2023-10-01 04:00:00+07:00,8.3,5.8,283.0,0.0
2023-10-01 05:00:00+07:00,6.0,4.2,265.0,0.0
2023-10-01 06:00:00+07:00,5.7,4.0,273.0,0.0
2023-10-01 07:00:00+07:00,5.5,3.9,263.0,0.0
2023-10-01 08:00:00+07:00,7.3,5.1,271.0,0.0
2023-10-01 09:00:00+07:00,9.3,6.5,280.0,0.0
2023-10-01 10:00:00+07:00,9.8,6.9,276.0,0.0
2023-10-01 11:00:00+07:00,10.6,7.4,247.0,0.0
2023-10-01 12:00:00+07:00,11.3,7.9,204.0,0.0
2023-10-01 13:00:00+07:00,7.1,5.0,175.0,0.0
2023-10-01 14:00:00+07:00,5.7,4.0,148.0,0.0
2023-10-01 15:00:00+07:00,5.7,4.0,133.0,0.0
2023-10-01 16:00:00+07:00,6.2,4.4,188.0,0.0
2023-10-01 17:00:00+07:00,9.7,6.8,374.0,0.0
2023-10-01 18:00:00+07:00,15.5,10.8,629.0,0.0
2023-10-01 19:00:00+07:00,25.0,17.5,826.0,0.0
2023-10-01 20:00:00+07:00,28.0,19.6,975.0,0.0
2023-10-01 21:00:00+07:00,28.7,20.1,1182.0,0.0
2023-10-01 22:00:00+07:00,29.7,20.8,1348.0,0.0
2023-10-01 23:00:00+07:00,29.9,21.0,1458.0,0.0
2023-10-02 00:00:00+07:00,29.7,20.8,1526.0,0.0
2023-10-02 01:00:00+07:00,27.2,19.0,1496.0,0.0
2023-10-02 02:00:00+07:00,23.8,16.7,1298.0,0.0
2023-10-02 03:00:00+07:00,17.6,12.3,1003.0,0.0
2023-10-02 04:00:00+07:00,9.5,6.6,764.0,0.0
2023-10-02 05:00:00+07:00,7.7,5.3,653.0,0.0
2023-10-02 06:00:00+07:00,8.4,5.8,599.0,0.0
2023-10-02 07:00:00+07:00,13.6,9.5,451.0,0.0
2023-10-02 08:00:00+07:00,14.1,9.9,411.0,0.0
2023-10-02 09:00:00+07:00,15.3,10.7,356.0,0.0
2023-10-02 10:00:00+07:00,16.6,11.6,305.0,0.0
2023-10-02 11:00:00+07:00,20.3,14.2,264.0,0.0
2023-10-02 12:00:00+07:00,19.7,13.7,229.0,0.0
2023-10-02 13:00:00+07:00,12.4,8.6,207.0,0.0
2023-10-02 14:00:00+07:00,14.1,9.8,185.0,0.0
2023-10-02 15:00:00+07:00,13.7,9.6,177.0,0.0
2023-10-02 16:00:00+07:00,12.6,8.8,227.0,0.0
2023-10-02 17:00:00+07:00,13.6,9.5,378.0,0.0
2023-10-02 18:00:00+07:00,19.7,13.8,588.0,0.0
2023-10-02 19:00:00+07:00,27.3,19.2,951.0,0.0
2023-10-02 20:00:00+07:00,26.4,18.5,899.0,0.0
2023-10-02 21:00:00+07:00,23.1,16.2,829.0,0.0
2023-10-02 22:00:00+07:00,24.4,17.1,776.0,0.0
2023-10-02 23:00:00+07:00,23.3,16.3,773.0,0.0
2023-10-03 00:00:00+07:00,21.5,15.1,788.0,0.0
2023-10-03 01:00:00+07:00,16.4,11.5,767.0,0.0
2023-10-03 02:00:00+07:00,15.4,10.7,669.0,0.0
2023-10-03 03:00:00+07:00,12.3,8.6,534.0,0.0
2023-10-03 04:00:00+07:00,10.5,7.4,430.0,0.0
2023-10-03 05:00:00+07:00,8.8,6.1,386.0,0.0
2023-10-03 06:00:00+07:00,9.6,6.7,373.0,0.0
2023-10-03 07:00:00+07:00,17.6,12.3,649.0,0.0
2023-10-03 08:00:00+07:00,17.3,12.1,564.0,0.0
2023-10-03 09:00:00+07:00,19.0,13.2,447.0,0.0
2023-10-03 10:00:00+07:00,18.6,13.0,351.0,0.0
2023-10-03 11:00:00+07:00,17.8,12.4,298.0,0.0
2023-10-03 12:00:00+07:00,17.6,12.3,267.0,0.0
2023-10-03 13:00:00+07:00,16.9,11.8,249.0,0.0
2023-10-03 14:00:00+07:00,16.8,11.7,227.0,0.0
2023-10-03 15:00:00+07:00,18.8,13.1,218.0,0.0
2023-10-03 16:00:00+07:00,18.2,12.7,268.0,0.0
2023-10-03 17:00:00+07:00,16.8,11.7,428.0,0.0
2023-10-03 18:00:00+07:00,21.0,14.7,646.0,0.0
2023-10-03 19:00:00+07:00,27.9,19.5,931.0,0.0
2023-10-03 20:00:00+07:00,25.0,17.5,917.0,0.0
2023-10-03 21:00:00+07:00,25.1,17.6,892.0,0.0
2023-10-03 22:00:00+07:00,24.0,16.8,837.0,0.0
2023-10-03 23:00:00+07:00,19.7,13.8,725.0,0.0
2023-10-04 00:00:00+07:00,16.4,11.4,582.0,0.0
2023-10-04 01:00:00+07:00,13.3,9.3,475.0,0.0
2023-10-04 02:00:00+07:00,11.8,8.3,434.0,0.0
2023-10-04 03:00:00+07:00,12.0,8.4,427.0,0.0
2023-10-04 04:00:00+07:00,11.9,8.3,426.0,0.0
2023-10-04 05:00:00+07:00,12.0,8.4,427.0,0.0
2023-10-04 06:00:00+07:00,11.7,8.2,434.0,0.0
2023-10-04 07:00:00+07:00,10.2,7.1,357.0,0.0
2023-10-04 08:00:00+07:00,12.6,8.8,342.0,0.0
2023-10-04 09:00:00+07:00,14.1,9.8,321.0,0.0
2023-10-04 10:00:00+07:00,14.3,10.0,303.0,0.0
2023-10-04 11:00:00+07:00,16.9,11.8,291.0,0.0
2023-10-04 12:00:00+07:00,19.0,13.3,282.0,0.0
2023-10-04 13:00:00+07:00,19.7,13.7,277.0,0.0
2023-10-04 14:00:00+07:00,20.4,14.3,261.0,0.0
2023-10-04 15:00:00+07:00,21.7,15.2,249.0,0.0
2023-10-04 16:00:00+07:00,22.5,15.8,293.0,0.0
2023-10-04 17:00:00+07:00,25.6,17.9,433.0,0.0
2023-10-04 18:00:00+07:00,28.8,20.1,629.0,0.0
2023-10-04 19:00:00+07:00,31.9,22.4,1003.0,0.0
2023-10-04 20:00:00+07:00,31.7,22.1,1041.0,0.0
2023-10-04 21:00:00+07:00,30.9,21.7,1097.0,0.0
2023-10-04 22:00:00+07:00,32.6,22.8,1160.0,0.0
2023-10-04 23:00:00+07:00,33.4,23.4,1248.0,0.0
2023-10-05 00:00:00+07:00,34.2,23.9,1343.0,0.0
2023-10-05 01:00:00+07:00,35.5,24.9,1379.0,0.0
2023-10-05 02:00:00+07:00,33.1,23.2,1309.0,0.0
2023-10-05 03:00:00+07:00,31.1,21.8,1179.0,0.0
2023-10-05 04:00:00+07:00,31.1,21.7,1068.0,0.0
2023-10-05 05:00:00+07:00,25.6,17.9,1012.0,0.0
2023-10-05 06:00:00+07:00,23.4,16.4,975.0,0.0
2023-10-05 07:00:00+07:00,8.8,6.2,502.0,0.0
2023-10-05 08:00:00+07:00,13.0,9.1,494.0,0.0
2023-10-05 09:00:00+07:00,19.9,13.9,481.0,0.0
2023-10-05 10:00:00+07:00,24.2,16.9,460.0,0.0
2023-10-05 11:00:00+07:00,23.0,16.1,421.0,0.0
2023-10-05 12:00:00+07:00,22.9,16.1,373.0,0.0
2023-10-05 13:00:00+07:00,24.6,17.2,341.0,0.0
2023-10-05 14:00:00+07:00,26.3,18.3,322.0,0.0
2023-10-05 15:00:00+07:00,27.8,19.4,318.0,0.0
2023-10-05 16:00:00+07:00,29.4,20.5,363.0,0.0
2023-10-05 17:00:00+07:00,29.7,20.7,477.0,0.0
2023-10-05 18:00:00+07:00,32.7,22.8,640.0,0.0
2023-10-05 19:00:00+07:00,33.9,23.6,681.0,0.0
2023-10-05 20:00:00+07:00,33.1,23.1,709.0,0.0
2023-10-05 21:00:00+07:00,33.9,23.6,744.0,0.0
2023-10-05 22:00:00+07:00,35.3,24.6,747.0,0.0
2023-10-05 23:00:00+07:00,37.6,26.3,690.0,0.0
2023-10-06 00:00:00+07:00,34.9,24.3,600.0,0.0
2023-10-06 01:00:00+07:00,26.7,18.7,525.0,0.0
2023-10-06 02:00:00+07:00,16.4,11.4,480.0,0.0
2023-10-06 03:00:00+07:00,12.9,9.0,449.0,0.0
2023-10-06 04:00:00+07:00,13.6,9.5,428.0,0.0
2023-10-06 05:00:00+07:00,14.6,10.2,423.0,0.0
2023-10-06 06:00:00+07:00,14.6,10.2,429.0,0.0
2023-10-06 07:00:00+07:00,19.0,13.3,428.0,0.0
2023-10-06 08:00:00+07:00,15.4,10.8,400.0,0.0
2023-10-06 09:00:00+07:00,11.6,8.1,361.0,0.0
2023-10-06 10:00:00+07:00,11.6,8.1,336.0,0.0
2023-10-06 11:00:00+07:00,11.9,8.4,336.0,0.0
2023-10-06 12:00:00+07:00,15.5,10.9,348.0,0.0
2023-10-06 13:00:00+07:00,20.0,14.0,361.0,0.0
2023-10-06 14:00:00+07:00,20.7,14.5,349.0,0.0
2023-10-06 15:00:00+07:00,22.1,15.5,337.0,0.0
2023-10-06 16:00:00+07:00,23.6,16.5,390.0,0.0
2023-10-06 17:00:00+07:00,24.0,16.8,570.0,0.0
2023-10-06 18:00:00+07:00,29.3,20.5,815.0,0.0
2023-10-06 19:00:00+07:00,33.8,23.6,908.0,0.0
2023-10-06 20:00:00+07:00,27.8,19.4,815.0,0.0
2023-10-06 21:00:00+07:00,26.0,18.2,685.0,0.0
2023-10-06 22:00:00+07:00,24.6,17.2,573.0,0.0
2023-10-06 23:00:00+07:00,21.0,14.7,497.0,0.0
2023-10-07 00:00:00+07:00,19.0,13.3,439.0,0.0
2023-10-07 01:00:00+07:00,16.4,11.5,401.0,0.0
2023-10-07 02:00:00+07:00,12.4,8.7,388.0,0.0
2023-10-07 03:00:00+07:00,9.9,6.9,394.0,0.0
2023-10-07 04:00:00+07:00,9.9,6.9,404.0,0.0
2023-10-07 05:00:00+07:00,10.4,7.3,419.0,0.0
2023-10-07 06:00:00+07:00,11.1,7.8,438.0,0.0
2023-10-07 07:00:00+07:00,12.4,8.6,447.0,0.0
2023-10-07 08:00:00+07:00,10.9,7.6,437.0,0.0
2023-10-07 09:00:00+07:00,11.7,8.2,422.0,0.0
2023-10-07 10:00:00+07:00,15.8,11.0,408.0,0.0
2023-10-07 11:00:00+07:00,18.0,12.6,390.0,0.0
2023-10-07 12:00:00+07:00,18.0,12.6,373.0,0.0
2023-10-07 13:00:00+07:00,18.0,12.6,372.0,0.0
2023-10-07 14:00:00+07:00,19.8,13.9,387.0,0.0
2023-10-07 15:00:00+07:00,21.4,15.0,418.0,0.0
2023-10-07 16:00:00+07:00,23.0,16.1,479.0,0.0
2023-10-07 17:00:00+07:00,24.2,16.9,594.0,0.0
2023-10-07 18:00:00+07:00,22.8,15.9,740.0,0.0
2023-10-07 19:00:00+07:00,36.6,25.6,1225.0,0.0
2023-10-07 20:00:00+07:00,27.4,19.2,1091.0,0.0
2023-10-07 21:00:00+07:00,23.7,16.6,907.0,0.0
2023-10-07 22:00:00+07:00,26.1,18.2,762.0,0.0
2023-10-07 23:00:00+07:00,22.4,15.7,706.0,0.0
2023-10-08 00:00:00+07:00,20.7,14.5,689.0,0.0
2023-10-08 01:00:00+07:00,18.5,12.9,663.0,0.0
2023-10-08 02:00:00+07:00,17.2,12.0,595.0,0.0
2023-10-08 03:00:00+07:00,14.8,10.3,516.0,0.0
2023-10-08 04:00:00+07:00,13.4,9.4,470.0,0.0
2023-10-08 05:00:00+07:00,12.2,8.6,484.0,0.0
2023-10-08 06:00:00+07:00,11.9,8.3,531.0,0.0
2023-10-08 07:00:00+07:00,11.6,8.1,450.0,0.0
2023-10-08 08:00:00+07:00,11.6,8.1,431.0,0.0
2023-10-08 09:00:00+07:00,11.2,7.8,404.0,0.0
2023-10-08 10:00:00+07:00,12.9,9.0,380.0,0.0
2023-10-08 11:00:00+07:00,9.5,6.6,357.0,0.0
2023-10-08 12:00:00+07:00,14.1,9.8,337.0,0.0
2023-10-08 13:00:00+07:00,13.4,9.3,330.0,0.0
2023-10-08 14:00:00+07:00,13.5,9.4,330.0,0.0
2023-10-08 15:00:00+07:00,13.1,9.2,344.0,0.0
2023-10-08 16:00:00+07:00,14.5,10.1,398.0,0.0
2023-10-08 17:00:00+07:00,20.3,14.2,539.0,0.0
2023-10-08 18:00:00+07:00,21.9,15.3,721.0,0.0
2023-10-08 19:00:00+07:00,24.7,17.3,859.0,0.0
2023-10-08 20:00:00+07:00,18.0,12.6,785.0,0.0
2023-10-08 21:00:00+07:00,14.5,10.1,684.0,0.0
2023-10-08 22:00:00+07:00,15.0,10.5,605.0,0.0
2023-10-08 23:00:00+07:00,16.0,11.2,578.0,0.0
2023-10-09 00:00:00+07:00,14.6,10.2,575.0,0.0
2023-10-09 01:00:00+07:00,13.2,9.3,561.0,0.0
2023-10-09 02:00:00+07:00,11.9,8.3,512.0,0.0
2023-10-09 03:00:00+07:00,10.9,7.7,452.0,0.0
2023-10-09 04:00:00+07:00,10.1,7.1,418.0,0.0
2023-10-09 05:00:00+07:00,9.8,6.9,436.0,0.0
2023-10-09 06:00:00+07:00,10.1,7.1,480.0,0.0
2023-10-09 07:00:00+07:00,12.2,8.5,473.0,0.0
2023-10-09 08:00:00+07:00,11.0,7.7,473.0,0.0
2023-10-09 09:00:00+07:00,11.6,8.1,472.0,0.0
2023-10-09 10:00:00+07:00,11.7,8.2,464.0,0.0
2023-10-09 11:00:00+07:00,12.3,8.6,439.0,0.0
2023-10-09 12:00:00+07:00,14.6,10.2,408.0,0.0
2023-10-09 13:00:00+07:00,17.3,12.1,394.0,0.0
2023-10-09 14:00:00+07:00,17.1,12.0,397.0,0.0
2023-10-09 15:00:00+07:00,14.9,10.4,418.0,0.0
2023-10-09 16:00:00+07:00,17.6,12.3,482.0,0.0
2023-10-09 17:00:00+07:00,23.3,16.4,629.0,0.0
2023-10-09 18:00:00+07:00,24.0,16.8,818.0,0.0
2023-10-09 19:00:00+07:00,24.3,17.1,999.0,0.0
2023-10-09 20:00:00+07:00,20.3,14.2,920.0,0.0
2023-10-09 21:00:00+07:00,18.6,13.1,810.0,0.0
2023-10-09 22:00:00+07:00,17.5,12.2,719.0,0.0
2023-10-09 23:00:00+07:00,17.4,12.2,672.0,0.0
2023-10-10 00:00:00+07:00,13.8,9.6,644.0,0.0
2023-10-10 01:00:00+07:00,11.6,8.1,611.0,0.0
2023-10-10 02:00:00+07:00,11.8,8.2,552.0,0.0
2023-10-10 03:00:00+07:00,10.8,7.6,489.0,0.0
2023-10-10 04:00:00+07:00,8.7,6.1,460.0,0.0
2023-10-10 05:00:00+07:00,9.0,6.3,503.0,0.0
2023-10-10 06:00:00+07:00,8.8,6.2,581.0,0.0
2023-10-10 07:00:00+07:00,10.3,7.2,604.0,0.0
2023-10-10 08:00:00+07:00,13.2,9.3,626.0,0.0
2023-10-10 09:00:00+07:00,16.1,11.3,654.0,0.0
2023-10-10 10:00:00+07:00,20.5,14.3,655.0,0.0
2023-10-10 11:00:00+07:00,20.7,14.5,602.0,0.0
2023-10-10 12:00:00+07:00,26.7,18.7,521.0,0.0
2023-10-10 13:00:00+07:00,24.6,17.2,463.0,0.0
2023-10-10 14:00:00+07:00,25.7,18.0,427.0,0.0
2023-10-10 15:00:00+07:00,25.7,18.0,413.0,0.0
2023-10-10 16:00:00+07:00,27.5,19.2,470.0,0.0
2023-10-10 17:00:00+07:00,30.4,21.2,650.0,0.0
2023-10-10 18:00:00+07:00,31.4,22.0,901.0,0.0
2023-10-10 19:00:00+07:00,31.7,22.1,1235.0,0.0
2023-10-10 20:00:00+07:00,31.2,21.8,1169.0,0.0
2023-10-10 21:00:00+07:00,28.1,19.7,1076.0,0.0
2023-10-10 22:00:00+07:00,26.2,18.3,999.0,0.0
2023-10-10 23:00:00+07:00,27.4,19.2,952.0,0.0
2023-10-11 00:00:00+07:00,26.3,18.4,921.0,0.0
2023-10-11 01:00:00+07:00,23.0,16.1,900.0,0.0
2023-10-11 02:00:00+07:00,19.7,13.8,893.0,0.0
2023-10-11 03:00:00+07:00,16.8,11.8,897.0,0.0
2023-10-11 04:00:00+07:00,12.7,8.9,897.0,0.0
2023-10-11 05:00:00+07:00,12.5,8.7,890.0,0.0
2023-10-11 06:00:00+07:00,13.8,9.7,878.0,0.0
2023-10-11 07:00:00+07:00,13.8,9.6,823.0,0.0
2023-10-11 08:00:00+07:00,12.0,8.4,737.0,0.0
2023-10-11 09:00:00+07:00,17.6,12.3,617.0,0.0
2023-10-11 10:00:00+07:00,19.3,13.5,515.0,0.0
2023-10-11 11:00:00+07:00,17.6,12.3,451.0,0.0
2023-10-11 12:00:00+07:00,18.9,13.2,407.0,0.0
2023-10-11 13:00:00+07:00,21.0,14.6,376.0,0.0
2023-10-11 14:00:00+07:00,18.6,13.0,326.0,0.0
2023-10-11 15:00:00+07:00,19.2,13.4,290.0,0.0
2023-10-11 16:00:00+07:00,19.1,13.3,363.0,0.0
2023-10-11 17:00:00+07:00,20.7,14.4,624.0,0.0
2023-10-11 18:00:00+07:00,30.2,21.1,993.0,0.0
2023-10-11 19:00:00+07:00,38.8,27.1,1054.0,0.0
2023-10-11 20:00:00+07:00,37.3,26.0,939.0,0.0
2023-10-11 21:00:00+07:00,25.8,18.0,782.0,0.0
2023-10-11 22:00:00+07:00,25.3,17.7,674.0,0.0
2023-10-11 23:00:00+07:00,25.7,17.9,668.0,0.0
2023-10-12 00:00:00+07:00,26.0,18.2,710.0,0.0
2023-10-12 01:00:00+07:00,25.6,17.9,731.0,0.0
2023-10-12 02:00:00+07:00,24.6,17.2,697.0,0.0
2023-10-12 03:00:00+07:00,24.4,17.1,641.0,0.0
2023-10-12 04:00:00+07:00,21.9,15.4,591.0,0.0
2023-10-12 05:00:00+07:00,19.2,13.4,559.0,0.0
2023-10-12 06:00:00+07:00,16.4,11.4,534.0,0.0
2023-10-12 07:00:00+07:00,4.6,3.2,423.0,0.0
2023-10-12 08:00:00+07:00,6.9,4.8,417.0,0.0
2023-10-12 09:00:00+07:00,10.0,7.0,408.0,0.0
2023-10-12 10:00:00+07:00,13.0,9.1,401.0,0.0
2023-10-12 11:00:00+07:00,13.4,9.3,399.0,0.0
2023-10-12 12:00:00+07:00,15.5,10.8,399.0,0.0
2023-10-12 13:00:00+07:00,18.4,12.9,398.0,0.0
2023-10-12 14:00:00+07:00,16.3,11.4,370.0,0.0
2023-10-12 15:00:00+07:00,17.1,11.9,343.0,0.0
2023-10-12 16:00:00+07:00,17.8,12.4,391.0,0.0
2023-10-12 17:00:00+07:00,23.1,16.1,596.0,0.0
2023-10-12 18:00:00+07:00,28.8,20.1,878.0,0.0
2023-10-12 19:00:00+07:00,43.0,30.0,1181.0,0.0
2023-10-12 20:00:00+07:00,38.5,27.0,1054.0,0.0
2023-10-12 21:00:00+07:00,29.3,20.5,879.0,0.0
2023-10-12 22:00:00+07:00,26.3,18.4,755.0,0.0
2023-10-12 23:00:00+07:00,24.7,17.3,738.0,0.0
2023-10-13 00:00:00+07:00,23.1,16.1,771.0,0.0
2023-10-13 01:00:00+07:00,22.6,15.8,786.0,0.0
2023-10-13 02:00:00+07:00,21.1,14.7,746.0,0.0
2023-10-13 03:00:00+07:00,19.3,13.4,688.0,0.0
2023-10-13 04:00:00+07:00,18.2,12.7,652.0,0.0
2023-10-13 05:00:00+07:00,18.8,13.1,672.0,0.0
2023-10-13 06:00:00+07:00,19.8,13.8,714.0,0.0
2023-10-13 07:00:00+07:00,9.6,6.7,407.0,0.0
2023-10-13 08:00:00+07:00,8.1,5.6,399.0,0.0
2023-10-13 09:00:00+07:00,10.7,7.4,388.0,0.0
2023-10-13 10:00:00+07:00,12.4,8.6,376.0,0.0
2023-10-13 11:00:00+07:00,12.5,8.6,361.0,0.0
2023-10-13 12:00:00+07:00,13.6,9.4,345.0,0.0
2023-10-13 13:00:00+07:00,14.4,10.0,337.0,0.0
2023-10-13 14:00:00+07:00,15.7,10.9,311.0,0.0
2023-10-13 15:00:00+07:00,16.9,11.7,292.0,0.0
2023-10-13 16:00:00+07:00,17.1,11.8,368.0,0.0
2023-10-13 17:00:00+07:00,17.6,12.2,645.0,0.0
2023-10-13 18:00:00+07:00,28.5,19.8,1016.0,0.0
2023-10-13 19:00:00+07:00,19.1,13.3,652.0,0.0
2023-10-13 20:00:00+07:00,15.9,11.1,618.0,0.0
2023-10-13 21:00:00+07:00,13.1,9.1,572.0,0.0
2023-10-13 22:00:00+07:00,12.6,8.8,548.0,0.0
2023-10-13 23:00:00+07:00,12.1,8.4,572.0,0.0
2023-10-14 00:00:00+07:00,13.0,9.1,618.0,0.0
2023-10-14 01:00:00+07:00,12.7,8.9,634.0,0.0
2023-10-14 02:00:00+07:00,10.5,7.3,584.0,0.0
2023-10-14 03:00:00+07:00,10.5,7.3,505.0,0.0
2023-10-14 04:00:00+07:00,10.7,7.5,457.0,0.0
2023-10-14 05:00:00+07:00,10.4,7.2,480.0,0.0
2023-10-14 06:00:00+07:00,10.9,7.6,533.0,0.0
2023-10-14 07:00:00+07:00,8.5,5.9,383.0,0.0
2023-10-14 08:00:00+07:00,8.4,5.9,376.0,0.0
2023-10-14 09:00:00+07:00,10.1,7.0,367.0,0.0
2023-10-14 10:00:00+07:00,12.6,8.8,354.0,0.0
2023-10-14 11:00:00+07:00,15.2,10.6,334.0,0.0
2023-10-14 12:00:00+07:00,15.6,10.9,311.0,0.0
2023-10-14 13:00:00+07:00,14.8,10.3,300.0,0.0
2023-10-14 14:00:00+07:00,18.7,13.1,291.0,0.0
2023-10-14 15:00:00+07:00,18.7,13.1,293.0,0.0
2023-10-14 16:00:00+07:00,18.8,13.2,352.0,0.0
2023-10-14 17:00:00+07:00,20.4,14.3,498.0,0.0
2023-10-14 18:00:00+07:00,23.2,16.2,701.0,0.0
2023-10-14 19:00:00+07:00,27.3,19.2,1001.0,0.0
2023-10-14 20:00:00+07:00,23.9,16.8,987.0,0.0
2023-10-14 21:00:00+07:00,27.0,18.9,965.0,0.0
2023-10-14 22:00:00+07:00,29.1,20.4,932.0,0.0
2023-10-14 23:00:00+07:00,31.2,21.9,885.0,0.0
2023-10-15 00:00:00+07:00,32.0,22.4,827.0,0.0
2023-10-15 01:00:00+07:00,26.2,18.3,757.0,0.0
2023-10-15 02:00:00+07:00,13.3,9.3,659.0,0.0
2023-10-15 03:00:00+07:00,6.9,4.8,550.0,0.0
2023-10-15 04:00:00+07:00,7.8,5.5,475.0,0.0
2023-10-15 05:00:00+07:00,8.6,6.0,460.0,0.0
2023-10-15 06:00:00+07:00,9.9,6.9,481.0,0.0
2023-10-15 07:00:00+07:00,7.7,5.4,390.0,0.0
2023-10-15 08:00:00+07:00,10.7,7.5,401.0,0.0
2023-10-15 09:00:00+07:00,15.0,10.5,415.0,0.0
2023-10-15 10:00:00+07:00,17.0,11.9,418.0,0.0
2023-10-15 11:00:00+07:00,16.6,11.6,396.0,0.0
2023-10-15 12:00:00+07:00,16.4,11.4,361.0,0.0
2023-10-15 13:00:00+07:00,17.8,12.4,342.0,0.0
2023-10-15 14:00:00+07:00,20.2,14.1,318.0,0.0
2023-10-15 15:00:00+07:00,22.6,15.8,308.0,0.0
2023-10-15 16:00:00+07:00,24.3,17.0,397.0,0.0
2023-10-15 17:00:00+07:00,23.9,16.8,701.0,0.0
2023-10-15 18:00:00+07:00,31.1,21.8,1104.0,0.0
2023-10-15 19:00:00+07:00,23.0,16.1,763.0,0.0
2023-10-15 20:00:00+07:00,23.0,16.1,824.0,0.0
2023-10-15 21:00:00+07:00,24.0,16.8,906.0,0.0
2023-10-15 22:00:00+07:00,26.5,18.6,947.0,0.0
2023-10-15 23:00:00+07:00,27.1,19.0,920.0,0.0
2023-10-16 00:00:00+07:00,26.4,18.5,852.0,0.0
2023-10-16 01:00:00+07:00,22.2,15.5,768.0,0.0
2023-10-16 02:00:00+07:00,17.8,12.5,658.0,0.0
2023-10-16 03:00:00+07:00,15.2,10.6,532.0,0.0
2023-10-16 04:00:00+07:00,10.0,7.0,444.0,0.0
2023-10-16 05:00:00+07:00,8.9,6.2,423.0,0.0
2023-10-16 06:00:00+07:00,8.2,5.7,441.0,0.0
2023-10-16 07:00:00+07:00,7.4,5.2,416.0,0.0
2023-10-16 08:00:00+07:00,6.2,4.3,409.0,0.0
2023-10-16 09:00:00+07:00,6.4,4.5,399.0,0.0
2023-10-16 10:00:00+07:00,6.7,4.7,391.0,0.0
2023-10-16 11:00:00+07:00,8.2,5.8,385.0,0.0
2023-10-16 12:00:00+07:00,9.1,6.3,381.0,0.0
2023-10-16 13:00:00+07:00,10.1,7.1,385.0,0.0
2023-10-16 14:00:00+07:00,12.5,8.8,376.0,0.0
2023-10-16 15:00:00+07:00,16.1,11.3,374.0,0.0
2023-10-16 16:00:00+07:00,18.6,13.0,451.0,0.0
2023-10-16 17:00:00+07:00,21.7,15.2,658.0,0.0
2023-10-16 18:00:00+07:00,25.4,17.8,943.0,0.0
2023-10-16 19:00:00+07:00,44.0,30.9,1451.0,0.0
2023-10-16 20:00:00+07:00,41.8,29.3,1452.0,0.0
2023-10-16 21:00:00+07:00,43.1,30.2,1446.0,0.0
2023-10-16 22:00:00+07:00,43.0,30.0,1392.0,0.0
2023-10-16 23:00:00+07:00,32.9,23.1,1254.0,0.0
2023-10-17 00:00:00+07:00,14.1,9.9,1069.0,0.0
2023-10-17 01:00:00+07:00,12.1,8.5,900.0,0.0
2023-10-17 02:00:00+07:00,13.9,9.7,763.0,0.0
2023-10-17 03:00:00+07:00,12.2,8.5,643.0,0.0
2023-10-17 04:00:00+07:00,12.0,8.4,562.0,0.0
2023-10-17 05:00:00+07:00,11.8,8.3,546.0,0.0
2023-10-17 06:00:00+07:00,11.7,8.2,570.0,0.0
2023-10-17 07:00:00+07:00,11.8,8.3,794.0,0.0
2023-10-17 08:00:00+07:00,13.7,9.5,690.0,0.0
2023-10-17 09:00:00+07:00,15.0,10.4,545.0,0.0
2023-10-17 10:00:00+07:00,15.9,11.1,434.0,0.0
2023-10-17 11:00:00+07:00,18.7,13.0,386.0,0.0
2023-10-17 12:00:00+07:00,19.3,13.4,371.0,0.0
2023-10-17 13:00:00+07:00,21.0,14.6,369.0,0.0
2023-10-17 14:00:00+07:00,21.9,15.3,340.0,0.0
2023-10-17 15:00:00+07:00,24.0,16.7,323.0,0.0
2023-10-17 16:00:00+07:00,25.4,17.7,417.0,0.0
2023-10-17 17:00:00+07:00,31.4,21.9,722.0,0.0
2023-10-17 18:00:00+07:00,40.4,28.2,1138.0,0.0
2023-10-17 19:00:00+07:00,55.5,38.8,1549.0,0.0
2023-10-17 20:00:00+07:00,60.5,42.3,1676.0,0.0
2023-10-17 21:00:00+07:00,63.3,44.4,1850.0,0.0
2023-10-17 22:00:00+07:00,63.8,44.6,1973.0,0.0
2023-10-17 23:00:00+07:00,68.0,47.6,2013.0,0.0
2023-10-18 00:00:00+07:00,65.0,45.5,2003.0,0.0
2023-10-18 01:00:00+07:00,53.8,37.7,1934.0,0.0
2023-10-18 02:00:00+07:00,38.0,26.5,1775.0,0.0
2023-10-18 03:00:00+07:00,31.1,21.8,1559.0,0.0
2023-10-18 04:00:00+07:00,29.2,20.4,1377.0,0.0
2023-10-18 05:00:00+07:00,27.5,19.2,1278.0,0.0
2023-10-18 06:00:00+07:00,26.4,18.5,1213.0,0.0
2023-10-18 07:00:00+07:00,31.2,21.8,1102.0,0.0
2023-10-18 08:00:00+07:00,39.8,27.8,983.0,0.0
2023-10-18 09:00:00+07:00,47.0,32.8,817.0,0.0
2023-10-18 10:00:00+07:00,44.1,30.7,676.0,0.0
2023-10-18 11:00:00+07:00,39.8,27.7,586.0,0.0
2023-10-18 12:00:00+07:00,35.2,24.4,522.0,0.0
2023-10-18 13:00:00+07:00,34.1,23.7,477.0,0.0
2023-10-18 14:00:00+07:00,32.1,22.4,417.0,0.0
2023-10-18 15:00:00+07:00,32.0,22.2,377.0,0.0
2023-10-18 16:00:00+07:00,33.4,23.2,457.0,0.0
2023-10-18 17:00:00+07:00,43.0,29.9,756.0,0.0
2023-10-18 18:00:00+07:00,54.5,38.0,1176.0,0.0
2023-10-18 19:00:00+07:00,54.4,38.1,1563.0,0.0
2023-10-18 20:00:00+07:00,53.7,37.5,1585.0,0.0
2023-10-18 21:00:00+07:00,47.5,33.2,1612.0,0.0
2023-10-18 22:00:00+07:00,42.4,29.6,1610.0,0.0
2023-10-18 23:00:00+07:00,38.3,26.8,1566.0,0.0
2023-10-19 00:00:00+07:00,35.2,24.6,1493.0,0.0
2023-10-19 01:00:00+07:00,32.7,22.9,1399.0,0.0
2023-10-19 02:00:00+07:00,30.5,21.3,1268.0,0.0
2023-10-19 03:00:00+07:00,27.5,19.2,1115.0,0.0
2023-10-19 04:00:00+07:00,25.1,17.5,993.0,0.0
2023-10-19 05:00:00+07:00,23.4,16.4,938.0,0.0
2023-10-19 06:00:00+07:00,22.8,15.9,913.0,0.0
2023-10-19 07:00:00+07:00,24.7,17.3,854.0,0.0
2023-10-19 08:00:00+07:00,27.6,19.3,768.0,0.0
2023-10-19 09:00:00+07:00,31.1,21.7,648.0,0.0
2023-10-19 10:00:00+07:00,31.1,21.7,543.0,0.0
2023-10-19 11:00:00+07:00,28.5,20.0,471.0,0.0
2023-10-19 12:00:00+07:00,27.4,19.2,414.0,0.0
2023-10-19 13:00:00+07:00,25.7,18.0,376.0,0.0
2023-10-19 14:00:00+07:00,24.7,17.3,327.0,0.0
2023-10-19 15:00:00+07:00,24.4,17.1,297.0,0.0
2023-10-19 16:00:00+07:00,25.2,17.6,371.0,0.0
2023-10-19 17:00:00+07:00,30.6,21.4,647.0,0.0
2023-10-19 18:00:00+07:00,37.8,26.4,1028.0,0.0
2023-10-19 19:00:00+07:00,24.8,17.4,633.0,0.0
2023-10-19 20:00:00+07:00,26.3,18.3,728.0,0.0
2023-10-19 21:00:00+07:00,27.8,19.4,858.0,0.0
2023-10-19 22:00:00+07:00,32.6,22.8,950.0,0.0
2023-10-19 23:00:00+07:00,36.0,25.1,976.0,0.0
2023-10-20 00:00:00+07:00,34.2,24.0,964.0,0.0
2023-10-20 01:00:00+07:00,32.7,22.9,927.0,0.0
2023-10-20 02:00:00+07:00,30.2,21.1,855.0,0.0
2023-10-20 03:00:00+07:00,27.5,19.3,758.0,0.0
2023-10-20 04:00:00+07:00,25.2,17.6,682.0,0.0
2023-10-20 05:00:00+07:00,23.5,16.5,649.0,0.0
2023-10-20 06:00:00+07:00,22.3,15.6,637.0,0.0
2023-10-20 07:00:00+07:00,22.5,15.7,621.0,0.0
2023-10-20 08:00:00+07:00,27.0,18.9,599.0,0.0
2023-10-20 09:00:00+07:00,31.1,21.8,568.0,0.0
2023-10-20 10:00:00+07:00,34.5,24.1,542.0,0.0
2023-10-20 11:00:00+07:00,36.0,25.1,524.0,0.0
2023-10-20 12:00:00+07:00,35.5,24.9,511.0,0.0
2023-10-20 13:00:00+07:00,36.4,25.5,503.0,0.0
2023-10-20 14:00:00+07:00,39.8,27.9,487.0,0.0
2023-10-20 15:00:00+07:00,41.0,28.7,477.0,0.0
2023-10-20 16:00:00+07:00,39.3,27.5,516.0,0.0
2023-10-20 17:00:00+07:00,37.7,26.4,639.0,0.0
2023-10-20 18:00:00+07:00,38.5,27.0,811.0,0.0
2023-10-20 19:00:00+07:00,46.2,32.4,1102.0,0.0
2023-10-20 20:00:00+07:00,44.8,31.3,1027.0,0.0
2023-10-20 21:00:00+07:00,41.1,28.8,922.0,0.0
2023-10-20 22:00:00+07:00,29.6,20.7,833.0,0.0
2023-10-20 23:00:00+07:00,26.3,18.4,784.0,0.0
2023-10-21 00:00:00+07:00,24.3,17.0,751.0,0.0
2023-10-21 01:00:00+07:00,24.7,17.3,703.0,0.0
2023-10-21 02:00:00+07:00,22.1,15.4,616.0,0.0
2023-10-21 03:00:00+07:00,17.8,12.5,514.0,0.0
2023-10-21 04:00:00+07:00,10.4,7.2,437.0,0.0
2023-10-21 05:00:00+07:00,6.8,4.8,405.0,0.0
2023-10-21 06:00:00+07:00,4.4,3.1,397.0,0.0
2023-10-21 07:00:00+07:00,7.9,5.6,498.0,0.0
2023-10-21 08:00:00+07:00,7.0,4.9,482.0,0.0
2023-10-21 09:00:00+07:00,9.1,6.4,458.0,0.0
2023-10-21 10:00:00+07:00,10.2,7.1,434.0,0.0
2023-10-21 11:00:00+07:00,12.9,9.0,409.0,0.0
2023-10-21 12:00:00+07:00,15.6,10.9,383.0,0.0
2023-10-21 13:00:00+07:00,18.2,12.7,366.0,0.0
2023-10-21 14:00:00+07:00,21.7,15.2,336.0,0.0
2023-10-21 15:00:00+07:00,22.1,15.4,316.0,0.0
2023-10-21 16:00:00+07:00,20.0,14.0,377.0,0.0
2023-10-21 17:00:00+07:00,20.3,14.1,594.0,0.0
2023-10-21 18:00:00+07:00,27.4,19.2,893.0,0.0
2023-10-21 19:00:00+07:00,38.3,26.8,1190.0,0.0
2023-10-21 20:00:00+07:00,40.2,28.1,1222.0,0.0
2023-10-21 21:00:00+07:00,39.8,27.9,1265.0,0.0
2023-10-21 22:00:00+07:00,42.1,29.5,1285.0,0.0
2023-10-21 23:00:00+07:00,41.7,29.2,1267.0,0.0
2023-10-22 00:00:00+07:00,39.7,27.8,1227.0,0.0
2023-10-22 01:00:00+07:00,34.8,24.4,1174.0,0.0
2023-10-22 02:00:00+07:00,29.2,20.5,1114.0,0.0
2023-10-22 03:00:00+07:00,23.1,16.2,1041.0,0.0
2023-10-22 04:00:00+07:00,19.4,13.6,950.0,0.0
2023-10-22 05:00:00+07:00,17.9,12.5,818.0,0.0
2023-10-22 06:00:00+07:00,16.9,11.8,668.0,0.0
2023-10-22 07:00:00+07:00,5.1,3.6,630.0,0.0
2023-10-22 08:00:00+07:00,8.0,5.6,581.0,0.0
2023-10-22 09:00:00+07:00,11.9,8.3,513.0,0.0
2023-10-22 10:00:00+07:00,15.9,11.1,455.0,0.0
2023-10-22 11:00:00+07:00,19.0,13.3,415.0,0.0
2023-10-22 12:00:00+07:00,18.9,13.1,386.0,0.0
2023-10-22 13:00:00+07:00,17.9,12.5,370.0,0.0
2023-10-22 14:00:00+07:00,21.8,15.2,344.0,0.0
2023-10-22 15:00:00+07:00,23.3,16.3,333.0,0.0
2023-10-22 16:00:00+07:00,22.9,15.9,410.0,0.0
2023-10-22 17:00:00+07:00,24.2,16.9,645.0,0.0
2023-10-22 18:00:00+07:00,28.7,20.1,968.0,0.0
2023-10-22 19:00:00+07:00,36.1,25.2,1090.0,0.0
2023-10-22 20:00:00+07:00,38.4,26.8,978.0,0.0
2023-10-22 21:00:00+07:00,31.2,21.8,824.0,0.0
2023-10-22 22:00:00+07:00,23.9,16.7,710.0,0.0
2023-10-22 23:00:00+07:00,17.6,12.3,677.0,0.0
2023-10-23 00:00:00+07:00,15.1,10.5,684.0,0.0
2023-10-23 01:00:00+07:00,15.0,10.5,686.0,0.0
2023-10-23 02:00:00+07:00,14.8,10.4,664.0,0.0
2023-10-23 03:00:00+07:00,15.1,10.5,637.0,0.0
2023-10-23 04:00:00+07:00,15.5,10.9,615.0,0.0
2023-10-23 05:00:00+07:00,16.2,11.3,606.0,0.0
2023-10-23 06:00:00+07:00,16.7,11.7,602.0,0.0
2023-10-23 07:00:00+07:00,16.8,11.8,691.0,0.0
2023-10-23 08:00:00+07:00,18.8,13.1,653.0,0.0
2023-10-23 09:00:00+07:00,22.1,15.5,598.0,0.0
2023-10-23 10:00:00+07:00,26.5,18.5,541.0,0.0
2023-10-23 11:00:00+07:00,27.2,19.0,480.0,0.0
2023-10-23 12:00:00+07:00,23.6,16.5,417.0,0.0
2023-10-23 13:00:00+07:00,24.6,17.2,375.0,0.0
2023-10-23 14:00:00+07:00,26.1,18.2,332.0,0.0
2023-10-23 15:00:00+07:00,27.4,19.2,309.0,0.0
2023-10-23 16:00:00+07:00,29.2,20.4,395.0,0.0
2023-10-23 17:00:00+07:00,34.1,23.8,678.0,0.0
2023-10-23 18:00:00+07:00,43.4,30.4,1069.0,0.0
2023-10-23 19:00:00+07:00,43.9,30.7,1140.0,0.0
2023-10-23 20:00:00+07:00,44.5,31.1,1145.0,0.0
2023-10-23 21:00:00+07:00,44.0,30.9,1151.0,0.0
2023-10-23 22:00:00+07:00,46.4,32.5,1154.0,0.0
2023-10-23 23:00:00+07:00,49.0,34.3,1166.0,0.0
2023-10-24 00:00:00+07:00,48.4,33.9,1176.0,0.0
2023-10-24 01:00:00+07:00,45.9,32.1,1143.0,0.0
2023-10-24 02:00:00+07:00,43.0,30.2,1034.0,0.0
2023-10-24 03:00:00+07:00,40.2,28.1,883.0,0.0
2023-10-24 04:00:00+07:00,37.6,26.3,755.0,0.0
2023-10-24 05:00:00+07:00,32.8,22.9,673.0,0.0
2023-10-24 06:00:00+07:00,31.4,21.9,614.0,0.0
2023-10-24 07:00:00+07:00,30.3,21.2,615.0,0.0
2023-10-24 08:00:00+07:00,31.7,22.2,602.0,0.0
2023-10-24 09:00:00+07:00,33.3,23.3,582.0,0.0
2023-10-24 10:00:00+07:00,35.4,24.7,557.0,0.0
2023-10-24 11:00:00+07:00,31.4,21.9,522.0,0.0
2023-10-24 12:00:00+07:00,30.0,21.0,483.0,0.0
2023-10-24 13:00:00+07:00,30.0,21.0,455.0,0.0
2023-10-24 14:00:00+07:00,30.9,21.5,416.0,0.0
2023-10-24 15:00:00+07:00,32.5,22.7,390.0,0.0
2023-10-24 16:00:00+07:00,31.8,22.2,462.0,0.0
2023-10-24 17:00:00+07:00,36.1,25.2,721.0,0.0
2023-10-24 18:00:00+07:00,43.1,30.2,1078.0,0.0
2023-10-24 19:00:00+07:00,45.6,32.0,1432.0,0.0
2023-10-24 20:00:00+07:00,50.6,35.4,1604.0,0.0
2023-10-24 21:00:00+07:00,53.0,37.0,1828.0,0.0
2023-10-24 22:00:00+07:00,54.7,38.3,1890.0,0.0
2023-10-24 23:00:00+07:00,54.6,38.2,1640.0,0.0
2023-10-25 00:00:00+07:00,41.6,29.1,1229.0,0.0
2023-10-25 01:00:00+07:00,27.6,19.3,897.0,0.0
2023-10-25 02:00:00+07:00,22.2,15.5,740.0,0.0
2023-10-25 03:00:00+07:00,18.9,13.2,662.0,0.0
2023-10-25 04:00:00+07:00,15.5,10.9,615.0,0.0
2023-10-25 05:00:00+07:00,11.1,7.7,598.0,0.0
2023-10-25 06:00:00+07:00,9.5,6.6,613.0,0.0
2023-10-25 07:00:00+07:00,6.1,4.2,431.0,0.0
2023-10-25 08:00:00+07:00,7.9,5.5,413.0,0.0
2023-10-25 09:00:00+07:00,11.0,7.7,388.0,0.0
2023-10-25 10:00:00+07:00,13.2,9.2,370.0,0.0
2023-10-25 11:00:00+07:00,17.5,12.2,366.0,0.0
2023-10-25 12:00:00+07:00,21.1,14.7,369.0,0.0
2023-10-25 13:00:00+07:00,22.9,15.9,377.0,0.0
2023-10-25 14:00:00+07:00,23.6,16.4,355.0,0.0
2023-10-25 15:00:00+07:00,26.0,18.0,337.0,0.0
2023-10-25 16:00:00+07:00,29.3,20.3,422.0,0.0
2023-10-25 17:00:00+07:00,31.3,21.7,698.0,0.0
2023-10-25 18:00:00+07:00,41.9,29.3,1077.0,0.0
2023-10-25 19:00:00+07:00,41.6,29.0,1386.0,0.0
2023-10-25 20:00:00+07:00,43.2,30.2,1378.0,0.0
2023-10-25 21:00:00+07:00,38.0,26.5,1365.0,0.0
2023-10-25 22:00:00+07:00,35.6,24.9,1336.0,0.0
2023-10-25 23:00:00+07:00,32.2,22.5,1281.0,0.0
2023-10-26 00:00:00+07:00,28.5,19.9,1212.0,0.0
2023-10-26 01:00:00+07:00,27.5,19.2,1149.0,0.0
2023-10-26 02:00:00+07:00,27.4,19.2,1103.0,0.0
2023-10-26 03:00:00+07:00,27.1,18.9,1064.0,0.0
2023-10-26 04:00:00+07:00,25.3,17.6,1026.0,0.0
2023-10-26 05:00:00+07:00,23.8,16.6,996.0,0.0
2023-10-26 06:00:00+07:00,23.0,16.1,968.0,0.0
2023-10-26 07:00:00+07:00,20.6,14.4,776.0,0.0
2023-10-26 08:00:00+07:00,23.0,16.1,710.0,0.0
2023-10-26 09:00:00+07:00,28.7,20.1,618.0,0.0
2023-10-26 10:00:00+07:00,31.1,21.7,536.0,0.0
2023-10-26 11:00:00+07:00,27.4,19.0,469.0,0.0
2023-10-26 12:00:00+07:00,26.1,18.2,411.0,0.0
2023-10-26 13:00:00+07:00,26.0,18.0,386.0,0.0
2023-10-26 14:00:00+07:00,28.9,20.1,401.0,0.0
2023-10-26 15:00:00+07:00,31.5,21.9,448.0,0.0
2023-10-26 16:00:00+07:00,32.8,22.8,525.0,0.0
2023-10-26 17:00:00+07:00,34.0,23.6,661.0,0.0
2023-10-26 18:00:00+07:00,34.9,24.4,826.0,0.0
2023-10-26 19:00:00+07:00,27.2,19.0,751.0,0.0
2023-10-26 20:00:00+07:00,28.0,19.6,794.0,0.0
2023-10-26 21:00:00+07:00,28.9,20.1,852.0,0.0
2023-10-26 22:00:00+07:00,29.8,20.8,888.0,0.0
2023-10-26 23:00:00+07:00,29.7,20.7,886.0,0.0
2023-10-27 00:00:00+07:00,29.4,20.5,862.0,0.0
2023-10-27 01:00:00+07:00,27.8,19.4,831.0,0.0
2023-10-27 02:00:00+07:00,26.3,18.3,788.0,0.0
2023-10-27 03:00:00+07:00,24.8,17.3,739.0,0.0
2023-10-27 04:00:00+07:00,24.3,16.9,712.0,0.0
2023-10-27 05:00:00+07:00,24.9,17.3,736.0,0.0
2023-10-27 06:00:00+07:00,25.7,17.9,782.0,0.0
2023-10-27 07:00:00+07:00,14.6,10.2,692.0,0.0
2023-10-27 08:00:00+07:00,19.4,13.6,631.0,0.0
2023-10-27 09:00:00+07:00,19.8,13.8,546.0,0.0
2023-10-27 10:00:00+07:00,21.0,14.6,473.0,0.0
2023-10-27 11:00:00+07:00,19.8,13.8,422.0,0.0
2023-10-27 12:00:00+07:00,19.1,13.3,382.0,0.0
2023-10-27 13:00:00+07:00,19.4,13.5,362.0,0.0
2023-10-27 14:00:00+07:00,19.7,13.7,350.0,0.0
2023-10-27 15:00:00+07:00,20.8,14.5,356.0,0.0
2023-10-27 16:00:00+07:00,22.2,15.5,422.0,0.0
2023-10-27 17:00:00+07:00,24.2,16.9,602.0,0.0
2023-10-27 18:00:00+07:00,32.6,22.8,841.0,0.0
2023-10-27 19:00:00+07:00,13.9,9.7,649.0,0.0
2023-10-27 20:00:00+07:00,11.9,8.3,605.0,0.0
2023-10-27 21:00:00+07:00,11.9,8.3,544.0,0.0
2023-10-27 22:00:00+07:00,12.6,8.8,504.0,0.0
2023-10-27 23:00:00+07:00,13.4,9.4,508.0,0.0
2023-10-28 00:00:00+07:00,14.0,9.7,533.0,0.0
2023-10-28 01:00:00+07:00,14.0,9.8,542.0,0.0
2023-10-28 02:00:00+07:00,13.5,9.4,508.0,0.0
2023-10-28 03:00:00+07:00,12.7,8.8,457.0,0.0
2023-10-28 04:00:00+07:00,11.5,8.0,435.0,0.0
2023-10-28 05:00:00+07:00,11.1,7.8,473.0,0.0
2023-10-28 06:00:00+07:00,11.4,8.0,538.0,0.0
2023-10-28 07:00:00+07:00,11.4,8.0,445.0,0.0
2023-10-28 08:00:00+07:00,13.9,9.7,456.0,0.0
2023-10-28 09:00:00+07:00,18.3,12.8,470.0,0.0
2023-10-28 10:00:00+07:00,20.5,14.3,464.0,0.0
2023-10-28 11:00:00+07:00,19.8,13.8,418.0,0.0
2023-10-28 12:00:00+07:00,15.5,10.9,353.0,0.0
2023-10-28 13:00:00+07:00,16.6,11.6,310.0,0.0
2023-10-28 14:00:00+07:00,18.7,13.0,287.0,0.0
2023-10-28 15:00:00+07:00,19.3,13.5,287.0,0.0
2023-10-28 16:00:00+07:00,21.2,14.9,355.0,0.0
2023-10-28 17:00:00+07:00,21.5,15.0,547.0,0.0
2023-10-28 18:00:00+07:00,27.3,19.1,808.0,0.0
2023-10-28 19:00:00+07:00,25.2,17.6,765.0,0.0
2023-10-28 20:00:00+07:00,22.1,15.4,723.0,0.0
2023-10-28 21:00:00+07:00,22.6,15.8,665.0,0.0
2023-10-28 22:00:00+07:00,22.8,15.9,626.0,0.0
2023-10-28 23:00:00+07:00,23.1,16.1,629.0,0.0
2023-10-29 00:00:00+07:00,22.5,15.8,651.0,0.0
2023-10-29 01:00:00+07:00,21.8,15.3,654.0,0.0
2023-10-29 02:00:00+07:00,20.6,14.4,613.0,0.0
2023-10-29 03:00:00+07:00,19.4,13.6,553.0,0.0
2023-10-29 04:00:00+07:00,18.2,12.7,513.0,0.0
2023-10-29 05:00:00+07:00,17.8,12.4,519.0,0.0
2023-10-29 06:00:00+07:00,17.8,12.4,546.0,0.0
2023-10-29 07:00:00+07:00,7.2,5.0,399.0,0.0
2023-10-29 08:00:00+07:00,9.5,6.6,399.0,0.0
2023-10-29 09:00:00+07:00,13.6,9.5,398.0,0.0
2023-10-29 10:00:00+07:00,16.9,11.8,389.0,0.0
2023-10-29 11:00:00+07:00,19.4,13.5,364.0,0.0
2023-10-29 12:00:00+07:00,19.7,13.8,330.0,0.0
2023-10-29 13:00:00+07:00,16.9,11.8,310.0,0.0
2023-10-29 14:00:00+07:00,16.0,11.2,287.0,0.0
2023-10-29 15:00:00+07:00,18.2,12.7,276.0,0.0
2023-10-29 16:00:00+07:00,19.7,13.7,345.0,0.0
2023-10-29 17:00:00+07:00,22.3,15.6,554.0,0.0
2023-10-29 18:00:00+07:00,31.9,22.4,842.0,0.0
2023-10-29 19:00:00+07:00,29.9,20.9,718.0,0.0
2023-10-29 20:00:00+07:00,28.9,20.3,754.0,0.0
2023-10-29 21:00:00+07:00,30.7,21.5,802.0,0.0
2023-10-29 22:00:00+07:00,31.7,22.1,829.0,0.0
2023-10-29 23:00:00+07:00,30.5,21.4,819.0,0.0
2023-10-30 00:00:00+07:00,29.0,20.3,788.0,0.0
2023-10-30 01:00:00+07:00,26.9,18.8,747.0,0.0
2023-10-30 02:00:00+07:00,24.7,17.3,694.0,0.0
2023-10-30 03:00:00+07:00,22.9,16.1,631.0,0.0
2023-10-30 04:00:00+07:00,18.1,12.7,580.0,0.0
2023-10-30 05:00:00+07:00,13.3,9.3,554.0,0.0
2023-10-30 06:00:00+07:00,13.2,9.2,538.0,0.0
2023-10-30 07:00:00+07:00,7.4,5.2,365.0,0.0
2023-10-30 08:00:00+07:00,6.9,4.8,338.0,0.0
2023-10-30 09:00:00+07:00,6.6,4.6,300.0,0.0
2023-10-30 10:00:00+07:00,6.6,4.6,275.0,0.0
2023-10-30 11:00:00+07:00,6.2,4.4,271.0,0.0
2023-10-30 12:00:00+07:00,6.3,4.4,280.0,0.0
2023-10-30 13:00:00+07:00,8.4,5.8,295.0,0.0
2023-10-30 14:00:00+07:00,10.1,7.1,301.0,0.0
2023-10-30 15:00:00+07:00,11.9,8.4,313.0,0.0
2023-10-30 16:00:00+07:00,12.7,8.9,375.0,0.0
2023-10-30 17:00:00+07:00,13.8,9.6,538.0,0.0
2023-10-30 18:00:00+07:00,21.0,14.7,751.0,0.0
2023-10-30 19:00:00+07:00,17.9,12.5,581.0,0.0
2023-10-30 20:00:00+07:00,15.3,10.7,543.0,0.0
2023-10-30 21:00:00+07:00,13.0,9.1,492.0,0.0
2023-10-30 22:00:00+07:00,11.5,8.1,452.0,0.0
2023-10-30 23:00:00+07:00,10.3,7.2,440.0,0.0
2023-10-31 00:00:00+07:00,9.1,6.4,440.0,0.0
2023-10-31 01:00:00+07:00,7.9,5.5,434.0,0.0
2023-10-31 02:00:00+07:00,6.6,4.6,411.0,0.0
2023-10-31 03:00:00+07:00,5.8,4.0,383.0,0.0
2023-10-31 04:00:00+07:00,5.5,3.8,365.0,0.0
2023-10-31 05:00:00+07:00,4.8,3.4,368.0,0.0
2023-10-31 06:00:00+07:00,5.1,3.6,381.0,0.0
2023-10-31 07:00:00+07:00,7.2,5.1,424.0,0.0
2023-10-31 08:00:00+07:00,8.9,6.2,416.0,0.0
2023-10-31 09:00:00+07:00,11.8,8.3,406.0,0.0
2023-10-31 10:00:00+07:00,15.0,10.4,401.0,0.0
2023-10-31 11:00:00+07:00,17.8,12.4,403.0,0.0
2023-10-31 12:00:00+07:00,20.2,14.1,411.0,0.0
2023-10-31 13:00:00+07:00,22.8,15.9,421.0,0.0
2023-10-31 14:00:00+07:00,23.0,16.1,421.0,0.0
2023-10-31 15:00:00+07:00,21.9,15.3,425.0,0.0
2023-10-31 16:00:00+07:00,25.0,17.5,470.0,0.0
2023-10-31 17:00:00+07:00,22.7,15.9,591.0,0.0
2023-10-31 18:00:00+07:00,22.4,15.7,753.0,0.0
2023-10-31 19:00:00+07:00,47.6,33.3,1528.0,0.0
2023-10-31 20:00:00+07:00,44.6,31.2,1487.0,0.0
2023-10-31 21:00:00+07:00,45.3,31.7,1428.0,0.0
2023-10-31 22:00:00+07:00,44.6,31.2,1355.0,0.0
2023-10-31 23:00:00+07:00,42.3,29.6,1267.0,0.0
2023-11-01 00:00:00+07:00,40.3,28.2,1167.0,0.0
2023-11-01 01:00:00+07:00,37.1,26.0,1066.0,0.0
2023-11-01 02:00:00+07:00,33.6,23.5,968.0,0.0
2023-11-01 03:00:00+07:00,30.6,21.4,870.0,0.0
2023-11-01 04:00:00+07:00,28.2,19.7,776.0,0.0
2023-11-01 05:00:00+07:00,26.4,18.4,682.0,0.0
2023-11-01 06:00:00+07:00,25.0,17.5,591.0,0.0
2023-11-01 07:00:00+07:00,23.6,16.4,586.0,0.0
2023-11-01 08:00:00+07:00,27.1,18.9,548.0,0.0
2023-11-01 09:00:00+07:00,25.7,17.9,495.0,0.0
2023-11-01 10:00:00+07:00,27.6,19.2,449.0,0.0
2023-11-01 11:00:00+07:00,27.1,18.8,418.0,0.0
2023-11-01 12:00:00+07:00,22.1,15.3,394.0,0.0
2023-11-01 13:00:00+07:00,21.1,14.6,382.0,0.0
2023-11-01 14:00:00+07:00,21.3,14.7,362.0,0.0
2023-11-01 15:00:00+07:00,21.7,15.0,354.0,0.0
2023-11-01 16:00:00+07:00,23.0,15.9,420.0,0.0
2023-11-01 17:00:00+07:00,26.5,18.4,620.0,0.0
2023-11-01 18:00:00+07:00,31.3,21.7,893.0,0.0
2023-11-01 19:00:00+07:00,38.3,26.8,1366.0,0.0
2023-11-01 20:00:00+07:00,44.0,30.7,1523.0,0.0
2023-11-01 21:00:00+07:00,47.4,33.2,1737.0,0.0
2023-11-01 22:00:00+07:00,48.1,33.5,1875.0,0.0
2023-11-01 23:00:00+07:00,46.0,32.1,1875.0,0.0
2023-11-02 00:00:00+07:00,49.8,34.8,1798.0,0.0
2023-11-02 01:00:00+07:00,49.2,34.5,1702.0,0.0
2023-11-02 02:00:00+07:00,47.4,33.2,1593.0,0.0
2023-11-02 03:00:00+07:00,43.7,30.5,1464.0,0.0
2023-11-02 04:00:00+07:00,41.3,28.9,1347.0,0.0
2023-11-02 05:00:00+07:00,38.8,27.1,1264.0,0.0
2023-11-02 06:00:00+07:00,36.6,25.6,1193.0,0.0
2023-11-02 07:00:00+07:00,36.2,25.3,1044.0,0.0
2023-11-02 08:00:00+07:00,37.4,26.1,928.0,0.0
2023-11-02 09:00:00+07:00,36.2,25.3,766.0,0.0
2023-11-02 10:00:00+07:00,33.5,23.3,627.0,0.0
2023-11-02 11:00:00+07:00,28.5,19.7,532.0,0.0
2023-11-02 12:00:00+07:00,26.8,18.5,460.0,0.0
2023-11-02 13:00:00+07:00,25.9,17.9,413.0,0.0
2023-11-02 14:00:00+07:00,27.0,18.5,368.0,0.0
2023-11-02 15:00:00+07:00,27.4,18.8,348.0,0.0
2023-11-02 16:00:00+07:00,28.6,19.7,422.0,0.0
2023-11-02 17:00:00+07:00,34.6,24.0,675.0,0.0
2023-11-02 18:00:00+07:00,41.2,28.6,1023.0,0.0
2023-11-02 19:00:00+07:00,44.9,31.3,1356.0,0.0
2023-11-02 20:00:00+07:00,44.4,31.0,1349.0,0.0
2023-11-02 21:00:00+07:00,38.5,27.0,1338.0,0.0
2023-11-02 22:00:00+07:00,34.2,24.0,1319.0,0.0
2023-11-02 23:00:00+07:00,34.1,23.8,1295.0,0.0
2023-11-03 00:00:00+07:00,32.4,22.6,1262.0,0.0
2023-11-03 01:00:00+07:00,30.9,21.5,1212.0,0.0
2023-11-03 02:00:00+07:00,28.5,19.9,1130.0,0.0
2023-11-03 03:00:00+07:00,26.3,18.4,1030.0,0.0
2023-11-03 04:00:00+07:00,24.5,17.1,942.0,0.0
2023-11-03 05:00:00+07:00,23.2,16.2,885.0,0.0
2023-11-03 06:00:00+07:00,21.9,15.3,840.0,0.0
2023-11-03 07:00:00+07:00,18.7,13.1,729.0,0.0
2023-11-03 08:00:00+07:00,21.0,14.6,666.0,0.0
2023-11-03 09:00:00+07:00,23.8,16.5,578.0,0.0
2023-11-03 10:00:00+07:00,28.2,19.6,498.0,0.0
2023-11-03 11:00:00+07:00,29.7,20.5,434.0,0.0
2023-11-03 12:00:00+07:00,26.4,18.2,378.0,0.0
2023-11-03 13:00:00+07:00,22.4,15.5,340.0,0.0
2023-11-03 14:00:00+07:00,21.2,14.7,311.0,0.0
2023-11-03 15:00:00+07:00,21.5,14.8,300.0,0.0
2023-11-03 16:00:00+07:00,22.7,15.7,348.0,0.0
2023-11-03 17:00:00+07:00,25.8,17.9,505.0,0.0
2023-11-03 18:00:00+07:00,27.4,19.0,721.0,0.0
2023-11-03 19:00:00+07:00,28.6,20.0,1114.0,0.0
2023-11-03 20:00:00+07:00,22.6,15.8,1067.0,0.0
2023-11-03 21:00:00+07:00,21.7,15.1,1004.0,0.0
2023-11-03 22:00:00+07:00,24.2,16.9,981.0,0.0
2023-11-03 23:00:00+07:00,27.6,19.3,1039.0,0.0
2023-11-04 00:00:00+07:00,28.1,19.6,1136.0,0.0
2023-11-04 01:00:00+07:00,27.2,19.0,1197.0,0.0
2023-11-04 02:00:00+07:00,25.0,17.5,1186.0,0.0
2023-11-04 03:00:00+07:00,24.2,16.9,1139.0,0.0
2023-11-04 04:00:00+07:00,23.7,16.6,1091.0,0.0
2023-11-04 05:00:00+07:00,24.0,16.8,1062.0,0.0
2023-11-04 06:00:00+07:00,23.9,16.8,1032.0,0.0
2023-11-04 07:00:00+07:00,26.7,18.7,884.0,0.0
2023-11-04 08:00:00+07:00,30.3,21.2,805.0,0.0
2023-11-04 09:00:00+07:00,36.8,25.7,694.0,0.0
2023-11-04 10:00:00+07:00,38.5,26.9,598.0,0.0
2023-11-04 11:00:00+07:00,43.3,30.3,534.0,0.0
2023-11-04 12:00:00+07:00,43.4,30.3,485.0,0.0
2023-11-04 13:00:00+07:00,39.6,27.6,448.0,0.0
2023-11-04 14:00:00+07:00,36.8,25.7,403.0,0.0
2023-11-04 15:00:00+07:00,35.6,24.8,369.0,0.0
2023-11-04 16:00:00+07:00,32.4,22.6,406.0,0.0
2023-11-04 17:00:00+07:00,34.5,24.0,558.0,0.0
2023-11-04 18:00:00+07:00,34.5,24.0,781.0,0.0
2023-11-04 19:00:00+07:00,44.2,31.0,1394.0,0.0
2023-11-04 20:00:00+07:00,37.4,26.1,1356.0,0.0
2023-11-04 21:00:00+07:00,34.5,24.0,1302.0,0.0
2023-11-04 22:00:00+07:00,35.5,24.8,1253.0,0.0
2023-11-04 23:00:00+07:00,36.2,25.3,1223.0,0.0
2023-11-05 00:00:00+07:00,34.7,24.3,1198.0,0.0
2023-11-05 01:00:00+07:00,34.2,23.9,1158.0,0.0
2023-11-05 02:00:00+07:00,31.5,22.1,1088.0,0.0
2023-11-05 03:00:00+07:00,30.2,21.1,1003.0,0.0
2023-11-05 04:00:00+07:00,28.8,20.1,923.0,0.0
2023-11-05 05:00:00+07:00,27.6,19.3,857.0,0.0
2023-11-05 06:00:00+07:00,26.3,18.3,795.0,0.0
2023-11-05 07:00:00+07:00,15.7,11.0,671.0,0.0
2023-11-05 08:00:00+07:00,18.6,13.0,629.0,0.0
2023-11-05 09:00:00+07:00,23.3,16.3,570.0,0.0
2023-11-05 10:00:00+07:00,26.5,18.6,520.0,0.0
2023-11-05 11:00:00+07:00,30.7,21.5,488.0,0.0
2023-11-05 12:00:00+07:00,34.1,23.8,465.0,0.0
2023-11-05 13:00:00+07:00,34.9,24.4,452.0,0.0
2023-11-05 14:00:00+07:00,34.8,24.3,418.0,0.0
2023-11-05 15:00:00+07:00,34.9,24.4,394.0,0.0
2023-11-05 16:00:00+07:00,38.9,27.2,474.0,0.0
2023-11-05 17:00:00+07:00,40.7,28.5,756.0,0.0
2023-11-05 18:00:00+07:00,47.7,33.4,1142.0,0.0
2023-11-05 19:00:00+07:00,60.1,41.9,1607.0,0.0
2023-11-05 20:00:00+07:00,52.4,36.7,1517.0,0.0
2023-11-05 21:00:00+07:00,44.5,31.1,1393.0,0.0
2023-11-05 22:00:00+07:00,39.8,27.8,1291.0,0.0
2023-11-05 23:00:00+07:00,38.1,26.7,1249.0,0.0
2023-11-06 00:00:00+07:00,35.9,25.1,1229.0,0.0
2023-11-06 01:00:00+07:00,32.4,22.6,1180.0,0.0
2023-11-06 02:00:00+07:00,29.0,20.3,1065.0,0.0
2023-11-06 03:00:00+07:00,26.0,18.2,921.0,0.0
2023-11-06 04:00:00+07:00,23.2,16.2,804.0,0.0
2023-11-06 05:00:00+07:00,22.2,15.5,740.0,0.0
2023-11-06 06:00:00+07:00,22.1,15.4,702.0,0.0
2023-11-06 07:00:00+07:00,21.9,15.4,664.0,0.0
2023-11-06 08:00:00+07:00,27.9,19.5,646.0,0.0
2023-11-06 09:00:00+07:00,37.8,26.4,618.0,0.0
2023-11-06 10:00:00+07:00,46.2,32.2,578.0,0.0
2023-11-06 11:00:00+07:00,40.3,28.1,512.0,0.0
2023-11-06 12:00:00+07:00,34.5,23.9,434.0,0.0
2023-11-06 13:00:00+07:00,32.7,22.6,380.0,0.0
2023-11-06 14:00:00+07:00,32.2,22.3,339.0,0.0
2023-11-06 15:00:00+07:00,32.6,22.5,323.0,0.0
2023-11-06 16:00:00+07:00,33.9,23.4,396.0,0.0
2023-11-06 17:00:00+07:00,39.6,27.4,649.0,0.0
2023-11-06 18:00:00+07:00,43.3,30.2,992.0,0.0
2023-11-06 19:00:00+07:00,31.1,21.8,1199.0,0.0
2023-11-06 20:00:00+07:00,36.2,25.3,1355.0,0.0
2023-11-06 21:00:00+07:00,38.5,27.0,1568.0,0.0
2023-11-06 22:00:00+07:00,37.3,26.1,1719.0,0.0
2023-11-06 23:00:00+07:00,36.3,25.4,1761.0,0.0
2023-11-07 00:00:00+07:00,37.1,26.0,1741.0,0.0
2023-11-07 01:00:00+07:00,35.2,24.6,1676.0,0.0
2023-11-07 02:00:00+07:00,31.9,22.4,1551.0,0.0
2023-11-07 03:00:00+07:00,29.3,20.5,1382.0,0.0
2023-11-07 04:00:00+07:00,28.8,20.1,1229.0,0.0
2023-11-07 05:00:00+07:00,27.3,19.1,1110.0,0.0
2023-11-07 06:00:00+07:00,26.1,18.3,1007.0,0.0
2023-11-07 07:00:00+07:00,20.8,14.6,897.0,0.0
2023-11-07 08:00:00+07:00,27.4,19.1,894.0,0.0
2023-11-07 09:00:00+07:00,38.2,26.7,885.0,0.0
2023-11-07 10:00:00+07:00,41.6,29.0,845.0,0.0
2023-11-07 11:00:00+07:00,40.7,28.4,745.0,0.0
2023-11-07 12:00:00+07:00,36.6,25.4,614.0,0.0
2023-11-07 13:00:00+07:00,36.2,25.1,512.0,0.0
2023-11-07 14:00:00+07:00,37.4,26.0,438.0,0.0
2023-11-07 15:00:00+07:00,37.3,25.9,395.0,0.0
2023-11-07 16:00:00+07:00,35.5,24.7,446.0,0.0
2023-11-07 17:00:00+07:00,39.2,27.3,679.0,0.0
2023-11-07 18:00:00+07:00,46.8,32.7,1007.0,0.0
2023-11-07 19:00:00+07:00,28.7,20.1,666.0,0.0
2023-11-07 20:00:00+07:00,28.6,20.0,708.0,0.0
2023-11-07 21:00:00+07:00,31.1,21.7,766.0,0.0
2023-11-07 22:00:00+07:00,31.8,22.2,807.0,0.0
2023-11-07 23:00:00+07:00,32.5,22.8,818.0,0.0
2023-11-08 00:00:00+07:00,32.0,22.4,813.0,0.0
2023-11-08 01:00:00+07:00,30.3,21.1,795.0,0.0
2023-11-08 02:00:00+07:00,28.9,20.2,764.0,0.0
2023-11-08 03:00:00+07:00,27.2,19.0,720.0,0.0
2023-11-08 04:00:00+07:00,25.8,18.0,671.0,0.0
2023-11-08 05:00:00+07:00,25.6,17.9,609.0,0.0
2023-11-08 06:00:00+07:00,23.9,16.7,542.0,0.0
2023-11-08 07:00:00+07:00,22.8,15.9,565.0,0.0
2023-11-08 08:00:00+07:00,25.1,17.6,572.0,0.0
2023-11-08 09:00:00+07:00,26.7,18.6,581.0,0.0
2023-11-08 10:00:00+07:00,31.3,21.8,578.0,0.0
2023-11-08 11:00:00+07:00,36.8,25.6,551.0,0.0
2023-11-08 12:00:00+07:00,38.4,26.7,512.0,0.0
2023-11-08 13:00:00+07:00,38.2,26.5,484.0,0.0
2023-11-08 14:00:00+07:00,38.8,27.0,448.0,0.0
2023-11-08 15:00:00+07:00,41.3,28.7,423.0,0.0
2023-11-08 16:00:00+07:00,42.8,29.7,486.0,0.0
2023-11-08 17:00:00+07:00,47.0,32.7,705.0,0.0
2023-11-08 18:00:00+07:00,55.5,38.8,1012.0,0.0
2023-11-08 19:00:00+07:00,30.0,21.0,844.0,0.0
2023-11-08 20:00:00+07:00,29.0,20.3,854.0,0.0
2023-11-08 21:00:00+07:00,32.6,22.8,870.0,0.0
2023-11-08 22:00:00+07:00,34.0,23.8,898.0,0.0
2023-11-08 23:00:00+07:00,36.8,25.8,965.0,0.0
2023-11-09 00:00:00+07:00,38.9,27.2,1044.0,0.0
2023-11-09 01:00:00+07:00,37.7,26.4,1054.0,0.0
2023-11-09 02:00:00+07:00,34.2,23.9,933.0,0.0
2023-11-09 03:00:00+07:00,30.3,21.2,743.0,0.0
2023-11-09 04:00:00+07:00,23.1,16.1,595.0,0.0
2023-11-09 05:00:00+07:00,20.1,14.1,535.0,0.0
2023-11-09 06:00:00+07:00,19.7,13.7,517.0,0.0
2023-11-09 07:00:00+07:00,23.5,16.4,584.0,0.0
2023-11-09 08:00:00+07:00,23.0,16.1,557.0,0.0
2023-11-09 09:00:00+07:00,25.1,17.6,519.0,0.0
2023-11-09 10:00:00+07:00,30.4,21.2,483.0,0.0
2023-11-09 11:00:00+07:00,34.7,24.2,451.0,0.0
2023-11-09 12:00:00+07:00,35.9,25.0,422.0,0.0
2023-11-09 13:00:00+07:00,35.2,24.5,400.0,0.0
2023-11-09 14:00:00+07:00,33.9,23.6,346.0,0.0
2023-11-09 15:00:00+07:00,34.0,23.7,300.0,0.0
2023-11-09 16:00:00+07:00,33.9,23.6,390.0,0.0
2023-11-09 17:00:00+07:00,39.9,27.9,731.0,0.0
2023-11-09 18:00:00+07:00,54.6,38.2,1208.0,0.0
2023-11-09 19:00:00+07:00,67.8,47.4,1781.0,0.0
2023-11-09 20:00:00+07:00,71.2,49.8,1893.0,0.0
2023-11-09 21:00:00+07:00,75.0,52.4,2041.0,0.0
2023-11-09 22:00:00+07:00,75.9,53.1,2104.0,0.0
2023-11-09 23:00:00+07:00,70.5,49.5,2019.0,0.0
2023-11-10 00:00:00+07:00,63.6,44.5,1850.0,0.0
2023-11-10 01:00:00+07:00,53.7,37.6,1665.0,0.0
2023-11-10 02:00:00+07:00,46.6,32.6,1470.0,0.0
2023-11-10 03:00:00+07:00,42.0,29.4,1259.0,0.0
2023-11-10 04:00:00+07:00,38.2,26.8,1086.0,0.0
2023-11-10 05:00:00+07:00,33.9,23.7,981.0,0.0
2023-11-10 06:00:00+07:00,28.8,20.1,913.0,0.0
2023-11-10 07:00:00+07:00,38.1,26.6,759.0,0.0
2023-11-10 08:00:00+07:00,39.3,27.5,735.0,0.0
2023-11-10 09:00:00+07:00,41.0,28.6,699.0,0.0
2023-11-10 10:00:00+07:00,43.4,30.3,657.0,0.0
2023-11-10 11:00:00+07:00,41.8,29.1,606.0,0.0
2023-11-10 12:00:00+07:00,42.3,29.4,548.0,0.0
2023-11-10 13:00:00+07:00,43.2,30.0,499.0,0.0
2023-11-10 14:00:00+07:00,40.6,28.2,416.0,0.0
2023-11-10 15:00:00+07:00,38.5,26.7,341.0,0.0
2023-11-10 16:00:00+07:00,37.3,25.8,414.0,0.0
2023-11-10 17:00:00+07:00,43.4,30.0,763.0,0.0
2023-11-10 18:00:00+07:00,58.8,40.9,1261.0,0.0
2023-11-10 19:00:00+07:00,60.8,42.5,1756.0,0.0
2023-11-10 20:00:00+07:00,64.0,44.7,1812.0,0.0
2023-11-10 21:00:00+07:00,61.5,43.0,1881.0,0.0
2023-11-10 22:00:00+07:00,55.2,38.6,1882.0,0.0
2023-11-10 23:00:00+07:00,47.8,33.4,1755.0,0.0
2023-11-11 00:00:00+07:00,43.8,30.6,1559.0,0.0
2023-11-11 01:00:00+07:00,39.8,27.9,1387.0,0.0
2023-11-11 02:00:00+07:00,38.1,26.6,1273.0,0.0
2023-11-11 03:00:00+07:00,36.9,25.8,1182.0,0.0
2023-11-11 04:00:00+07:00,36.2,25.3,1102.0,0.0
2023-11-11 05:00:00+07:00,34.8,24.3,1034.0,0.0
2023-11-11 06:00:00+07:00,33.9,23.7,976.0,0.0
2023-11-11 07:00:00+07:00,37.3,26.0,953.0,0.0
2023-11-11 08:00:00+07:00,41.9,29.3,884.0,0.0
2023-11-11 09:00:00+07:00,47.5,33.2,786.0,0.0
2023-11-11 10:00:00+07:00,46.3,32.4,689.0,0.0
2023-11-11 11:00:00+07:00,44.1,30.6,594.0,0.0
2023-11-11 12:00:00+07:00,38.8,26.9,500.0,0.0
2023-11-11 13:00:00+07:00,37.6,26.0,434.0,0.0
2023-11-11 14:00:00+07:00,36.8,25.4,373.0,0.0
2023-11-11 15:00:00+07:00,37.1,25.7,340.0,0.0
2023-11-11 16:00:00+07:00,38.5,26.7,430.0,0.0
2023-11-11 17:00:00+07:00,47.0,32.6,733.0,0.0
2023-11-11 18:00:00+07:00,56.2,39.1,1159.0,0.0
2023-11-11 19:00:00+07:00,60.5,42.4,1685.0,0.0
2023-11-11 20:00:00+07:00,63.8,44.5,1781.0,0.0
2023-11-11 21:00:00+07:00,65.0,45.3,1911.0,0.0
2023-11-11 22:00:00+07:00,65.0,45.3,1996.0,0.0
2023-11-11 23:00:00+07:00,64.3,44.8,2005.0,0.0
2023-11-12 00:00:00+07:00,61.7,43.1,1969.0,0.0
2023-11-12 01:00:00+07:00,60.5,42.3,1894.0,0.0
2023-11-12 02:00:00+07:00,57.5,40.3,1760.0,0.0
2023-11-12 03:00:00+07:00,54.0,37.8,1588.0,0.0
2023-11-12 04:00:00+07:00,50.4,35.3,1446.0,0.0
2023-11-12 05:00:00+07:00,48.3,33.8,1371.0,0.0
2023-11-12 06:00:00+07:00,46.2,32.2,1327.0,0.0
2023-11-12 07:00:00+07:00,49.4,34.6,1451.0,0.0
2023-11-12 08:00:00+07:00,56.9,39.8,1246.0,0.0
2023-11-12 09:00:00+07:00,53.3,37.3,960.0,0.0
2023-11-12 10:00:00+07:00,39.9,27.8,718.0,0.0
2023-11-12 11:00:00+07:00,36.4,25.3,562.0,0.0
2023-11-12 12:00:00+07:00,30.2,20.7,450.0,0.0
2023-11-12 13:00:00+07:00,28.6,19.6,379.0,0.0
2023-11-12 14:00:00+07:00,30.4,20.8,328.0,0.0
2023-11-12 15:00:00+07:00,28.6,19.7,320.0,0.0
2023-11-12 16:00:00+07:00,31.5,21.8,416.0,0.0
2023-11-12 17:00:00+07:00,33.3,23.0,705.0,0.0
2023-11-12 18:00:00+07:00,41.0,28.6,1100.0,0.0
2023-11-12 19:00:00+07:00,37.1,26.0,928.0,0.0
2023-11-12 20:00:00+07:00,40.6,28.5,1008.0,0.0
2023-11-12 21:00:00+07:00,43.5,30.5,1117.0,0.0
2023-11-12 22:00:00+07:00,45.3,31.7,1186.0,0.0
2023-11-12 23:00:00+07:00,46.7,32.7,1186.0,0.0
2023-11-13 00:00:00+07:00,46.1,32.2,1147.0,0.0
2023-11-13 01:00:00+07:00,43.9,30.6,1090.0,0.0
2023-11-13 02:00:00+07:00,37.3,26.0,1017.0,0.0
2023-11-13 03:00:00+07:00,29.2,20.4,925.0,0.0
2023-11-13 04:00:00+07:00,26.3,18.3,829.0,0.0
2023-11-13 05:00:00+07:00,21.4,14.9,729.0,0.0
2023-11-13 06:00:00+07:00,10.6,7.3,625.0,0.0
2023-11-13 07:00:00+07:00,15.7,10.9,710.0,0.0
2023-11-13 08:00:00+07:00,15.7,10.9,648.0,0.0
2023-11-13 09:00:00+07:00,18.4,12.8,560.0,0.0
2023-11-13 10:00:00+07:00,18.6,12.9,476.0,0.0
2023-11-13 11:00:00+07:00,17.7,12.1,397.0,0.0
2023-11-13 12:00:00+07:00,15.4,10.4,322.0,0.0
2023-11-13 13:00:00+07:00,15.8,10.7,276.0,0.0
2023-11-13 14:00:00+07:00,17.6,11.9,250.0,0.0
2023-11-13 15:00:00+07:00,19.0,12.9,254.0,0.0
2023-11-13 16:00:00+07:00,20.9,14.3,336.0,0.0
2023-11-13 17:00:00+07:00,24.4,16.8,558.0,0.0
2023-11-13 18:00:00+07:00,30.7,21.2,859.0,0.0
2023-11-13 19:00:00+07:00,23.3,16.4,805.0,0.0
2023-11-13 20:00:00+07:00,18.6,13.0,716.0,0.0
2023-11-13 21:00:00+07:00,17.0,11.9,594.0,0.0
2023-11-13 22:00:00+07:00,16.0,11.2,511.0,0.0
2023-11-13 23:00:00+07:00,15.3,10.7,509.0,0.0
2023-11-14 00:00:00+07:00,15.2,10.7,545.0,0.0
2023-11-14 01:00:00+07:00,14.0,9.7,562.0,0.0
2023-11-14 02:00:00+07:00,12.5,8.7,527.0,0.0
2023-11-14 03:00:00+07:00,11.8,8.2,473.0,0.0
2023-11-14 04:00:00+07:00,11.4,7.9,440.0,0.0
2023-11-14 05:00:00+07:00,11.6,8.0,454.0,0.0
2023-11-14 06:00:00+07:00,11.6,8.1,490.0,0.0
2023-11-14 07:00:00+07:00,5.4,3.7,389.0,0.0
2023-11-14 08:00:00+07:00,6.6,4.5,386.0,0.0
2023-11-14 09:00:00+07:00,8.7,6.0,383.0,0.0
2023-11-14 10:00:00+07:00,9.5,6.5,381.0,0.0
2023-11-14 11:00:00+07:00,11.0,7.4,382.0,0.0
2023-11-14 12:00:00+07:00,12.9,8.7,386.0,0.0
2023-11-14 13:00:00+07:00,15.7,10.7,392.0,0.0
2023-11-14 14:00:00+07:00,17.2,11.7,367.0,0.0
2023-11-14 15:00:00+07:00,17.9,12.1,345.0,0.0
2023-11-14 16:00:00+07:00,19.7,13.5,428.0,0.0
2023-11-14 17:00:00+07:00,21.5,14.7,702.0,0.0
2023-11-14 18:00:00+07:00,29.0,20.0,1082.0,0.0
2023-11-14 19:00:00+07:00,40.5,28.1,1458.0,0.0
2023-11-14 20:00:00+07:00,35.4,24.6,1379.0,0.0
2023-11-14 21:00:00+07:00,34.9,24.3,1269.0,0.0
2023-11-14 22:00:00+07:00,35.5,24.7,1177.0,0.0
2023-11-14 23:00:00+07:00,35.2,24.4,1131.0,0.0
2023-11-15 00:00:00+07:00,34.6,24.0,1104.0,0.0
2023-11-15 01:00:00+07:00,30.2,21.0,1064.0,0.0
2023-11-15 02:00:00+07:00,28.5,19.8,993.0,0.0
2023-11-15 03:00:00+07:00,25.5,17.7,909.0,0.0
2023-11-15 04:00:00+07:00,23.4,16.2,834.0,0.0
2023-11-15 05:00:00+07:00,21.9,15.3,781.0,0.0
2023-11-15 06:00:00+07:00,20.7,14.3,736.0,0.0
2023-11-15 07:00:00+07:00,20.5,14.2,618.0,0.0
2023-11-15 08:00:00+07:00,18.6,12.8,570.0,0.0
2023-11-15 09:00:00+07:00,19.2,13.2,504.0,0.0
2023-11-15 10:00:00+07:00,21.2,14.6,454.0,0.0
2023-11-15 11:00:00+07:00,22.2,15.3,434.0,0.0
2023-11-15 12:00:00+07:00,20.6,14.2,430.0,0.0
2023-11-15 13:00:00+07:00,21.5,14.8,429.0,0.0
2023-11-15 14:00:00+07:00,21.2,14.6,387.0,0.0
2023-11-15 15:00:00+07:00,21.4,14.7,348.0,0.0
2023-11-15 16:00:00+07:00,21.3,14.7,434.0,0.0
2023-11-15 17:00:00+07:00,24.2,16.7,751.0,0.0
2023-11-15 18:00:00+07:00,36.0,25.0,1193.0,0.0
2023-11-15 19:00:00+07:00,45.5,31.8,1516.0,0.0
2023-11-15 20:00:00+07:00,51.0,35.5,1678.0,0.0
2023-11-15 21:00:00+07:00,52.3,36.6,1898.0,0.0
2023-11-15 22:00:00+07:00,55.3,38.6,2037.0,0.0
2023-11-15 23:00:00+07:00,57.0,39.9,2033.0,0.0
2023-11-16 00:00:00+07:00,53.9,37.7,1947.0,0.0
2023-11-16 01:00:00+07:00,49.9,34.8,1826.0,0.0
2023-11-16 02:00:00+07:00,47.0,32.8,1667.0,0.0
2023-11-16 03:00:00+07:00,43.4,30.4,1472.0,0.0
2023-11-16 04:00:00+07:00,40.2,28.0,1298.0,0.0
2023-11-16 05:00:00+07:00,36.6,25.5,1167.0,0.0
2023-11-16 06:00:00+07:00,32.9,22.9,1055.0,0.0
2023-11-16 07:00:00+07:00,33.2,23.2,1076.0,0.0
2023-11-16 08:00:00+07:00,33.4,23.3,967.0,0.0
2023-11-16 09:00:00+07:00,34.9,24.3,812.0,0.0
2023-11-16 10:00:00+07:00,33.5,23.3,673.0,0.0
2023-11-16 11:00:00+07:00,28.4,19.7,564.0,0.0
2023-11-16 12:00:00+07:00,24.2,16.8,471.0,0.0
2023-11-16 13:00:00+07:00,19.0,13.2,403.0,0.0
2023-11-16 14:00:00+07:00,15.1,10.4,346.0,0.0
2023-11-16 15:00:00+07:00,15.0,10.3,314.0,0.0
2023-11-16 16:00:00+07:00,14.3,9.9,368.0,0.0
2023-11-16 17:00:00+07:00,16.4,11.3,596.0,0.0
2023-11-16 18:00:00+07:00,24.7,17.1,909.0,0.0
2023-11-16 19:00:00+07:00,34.0,23.5,1319.0,0.0
2023-11-16 20:00:00+07:00,29.5,20.4,1169.0,0.0
2023-11-16 21:00:00+07:00,23.9,16.5,961.0,0.0
2023-11-16 22:00:00+07:00,20.5,14.3,787.0,0.0
2023-11-16 23:00:00+07:00,18.0,12.5,688.0,0.0
2023-11-17 00:00:00+07:00,15.8,11.0,624.0,0.0
2023-11-17 01:00:00+07:00,12.3,8.5,570.0,0.0
2023-11-17 02:00:00+07:00,10.4,7.2,514.0,0.0
2023-11-17 03:00:00+07:00,9.4,6.5,468.0,0.0
2023-11-17 04:00:00+07:00,8.6,6.0,440.0,0.0
2023-11-17 05:00:00+07:00,8.0,5.6,440.0,0.0
2023-11-17 06:00:00+07:00,7.7,5.4,458.0,0.0
2023-11-17 07:00:00+07:00,5.9,4.1,469.0,0.0
2023-11-17 08:00:00+07:00,8.4,5.8,462.0,0.0
2023-11-17 09:00:00+07:00,10.4,7.2,452.0,0.0
2023-11-17 10:00:00+07:00,12.0,8.4,443.0,0.0
2023-11-17 11:00:00+07:00,13.5,9.3,436.0,0.0
2023-11-17 12:00:00+07:00,13.9,9.6,431.0,0.0
2023-11-17 13:00:00+07:00,14.5,10.0,429.0,0.0
2023-11-17 14:00:00+07:00,14.7,10.2,406.0,0.0
2023-11-17 15:00:00+07:00,14.4,10.0,386.0,0.0
2023-11-17 16:00:00+07:00,14.4,10.0,447.0,0.0
2023-11-17 17:00:00+07:00,17.3,12.1,661.0,0.0
2023-11-17 18:00:00+07:00,21.8,15.2,956.0,0.0
2023-11-17 19:00:00+07:00,32.6,22.6,1104.0,0.0
2023-11-17 20:00:00+07:00,33.6,23.4,1152.0,0.0
2023-11-17 21:00:00+07:00,32.1,22.4,1215.0,0.0
2023-11-17 22:00:00+07:00,31.1,21.7,1242.0,0.0
2023-11-17 23:00:00+07:00,30.0,21.0,1205.0,0.0
2023-11-18 00:00:00+07:00,27.9,19.4,1130.0,0.0
2023-11-18 01:00:00+07:00,25.4,17.7,1048.0,0.0
2023-11-18 02:00:00+07:00,23.2,16.1,956.0,0.0
2023-11-18 03:00:00+07:00,21.1,14.7,856.0,0.0
2023-11-18 04:00:00+07:00,19.2,13.4,783.0,0.0
2023-11-18 05:00:00+07:00,17.6,12.3,769.0,0.0
2023-11-18 06:00:00+07:00,16.9,11.8,782.0,0.0
2023-11-18 07:00:00+07:00,20.6,14.4,836.0,0.0
2023-11-18 08:00:00+07:00,24.2,16.8,745.0,0.0
2023-11-18 09:00:00+07:00,25.4,17.6,619.0,0.0
2023-11-18 10:00:00+07:00,24.2,16.7,518.0,0.0
2023-11-18 11:00:00+07:00,23.0,15.9,466.0,0.0
2023-11-18 12:00:00+07:00,23.3,16.2,438.0,0.0
2023-11-18 13:00:00+07:00,24.0,16.6,423.0,0.0
2023-11-18 14:00:00+07:00,24.9,17.2,368.0,0.0
2023-11-18 15:00:00+07:00,25.1,17.4,326.0,0.0
2023-11-18 16:00:00+07:00,25.3,17.5,441.0,0.0
2023-11-18 17:00:00+07:00,31.1,21.6,857.0,0.0
2023-11-18 18:00:00+07:00,47.5,33.2,1431.0,0.0
2023-11-18 19:00:00+07:00,32.2,22.5,1365.0,0.0
2023-11-18 20:00:00+07:00,37.8,26.5,1544.0,0.0
2023-11-18 21:00:00+07:00,39.9,27.9,1785.0,0.0
2023-11-18 22:00:00+07:00,40.2,28.1,1925.0,0.0
2023-11-18 23:00:00+07:00,38.0,26.6,1882.0,0.0
2023-11-19 00:00:00+07:00,33.9,23.7,1739.0,0.0
2023-11-19 01:00:00+07:00,29.4,20.5,1579.0,0.0
2023-11-19 02:00:00+07:00,25.1,17.5,1414.0,0.0
2023-11-19 03:00:00+07:00,21.3,14.9,1232.0,0.0
2023-11-19 04:00:00+07:00,17.9,12.5,1083.0,0.0
2023-11-19 05:00:00+07:00,15.1,10.6,1000.0,0.0
2023-11-19 06:00:00+07:00,13.2,9.2,950.0,0.0
2023-11-19 07:00:00+07:00,19.4,13.6,1010.0,0.0
2023-11-19 08:00:00+07:00,26.3,18.4,860.0,0.0
2023-11-19 09:00:00+07:00,26.5,18.5,652.0,0.0
2023-11-19 10:00:00+07:00,19.6,13.7,486.0,0.0
2023-11-19 11:00:00+07:00,17.5,12.2,405.0,0.0
2023-11-19 12:00:00+07:00,17.8,12.4,366.0,0.0
2023-11-19 13:00:00+07:00,17.9,12.5,342.0,0.0
2023-11-19 14:00:00+07:00,17.8,12.4,303.0,0.0
2023-11-19 15:00:00+07:00,17.2,12.0,280.0,0.0
2023-11-19 16:00:00+07:00,16.4,11.4,338.0,0.0
2023-11-19 17:00:00+07:00,19.3,13.5,543.0,0.0
2023-11-19 18:00:00+07:00,24.2,16.9,828.0,0.0
2023-11-19 19:00:00+07:00,27.5,19.2,1150.0,0.0
2023-11-19 20:00:00+07:00,30.9,21.6,1250.0,0.0
2023-11-19 21:00:00+07:00,30.9,21.5,1385.0,0.0
2023-11-19 22:00:00+07:00,30.4,21.2,1460.0,0.0
2023-11-19 23:00:00+07:00,29.7,20.8,1430.0,0.0
2023-11-20 00:00:00+07:00,27.2,19.0,1340.0,0.0
2023-11-20 01:00:00+07:00,23.6,16.4,1231.0,0.0
2023-11-20 02:00:00+07:00,20.5,14.3,1100.0,0.0
2023-11-20 03:00:00+07:00,18.0,12.5,951.0,0.0
2023-11-20 04:00:00+07:00,15.8,11.0,832.0,0.0
2023-11-20 05:00:00+07:00,14.3,9.9,776.0,0.0
2023-11-20 06:00:00+07:00,13.6,9.4,750.0,0.0
2023-11-20 07:00:00+07:00,16.4,11.4,678.0,0.0
2023-11-20 08:00:00+07:00,23.9,16.5,591.0,0.0
2023-11-20 09:00:00+07:00,26.7,18.3,470.0,0.0
2023-11-20 10:00:00+07:00,22.6,15.4,373.0,0.0
2023-11-20 11:00:00+07:00,21.2,14.3,322.0,0.0
2023-11-20 12:00:00+07:00,20.8,14.0,295.0,0.0
2023-11-20 13:00:00+07:00,20.9,14.1,280.0,0.0
2023-11-20 14:00:00+07:00,20.9,14.1,229.0,0.0
2023-11-20 15:00:00+07:00,20.8,14.1,190.0,0.0
2023-11-20 16:00:00+07:00,20.4,13.8,294.0,0.0
2023-11-20 17:00:00+07:00,24.3,16.5,671.0,0.0
2023-11-20 18:00:00+07:00,37.3,25.6,1192.0,0.0
2023-11-20 19:00:00+07:00,40.3,27.8,1481.0,0.0
2023-11-20 20:00:00+07:00,45.9,31.8,1639.0,0.0
2023-11-20 21:00:00+07:00,48.2,33.4,1853.0,0.0
2023-11-20 22:00:00+07:00,48.8,33.8,1977.0,0.0
2023-11-20 23:00:00+07:00,46.8,32.4,1937.0,0.0
2023-11-21 00:00:00+07:00,42.0,29.0,1808.0,0.0
2023-11-21 01:00:00+07:00,36.9,25.5,1668.0,0.0
2023-11-21 02:00:00+07:00,32.1,22.4,1527.0,0.0
2023-11-21 03:00:00+07:00,28.1,19.6,1375.0,0.0
2023-11-21 04:00:00+07:00,24.6,17.2,1258.0,0.0
2023-11-21 05:00:00+07:00,21.8,15.3,1217.0,0.0
2023-11-21 06:00:00+07:00,20.3,14.1,1210.0,0.0
2023-11-21 07:00:00+07:00,30.3,21.1,1117.0,0.0
2023-11-21 08:00:00+07:00,39.2,27.4,990.0,0.0
2023-11-21 09:00:00+07:00,50.2,34.8,810.0,0.0
2023-11-21 10:00:00+07:00,43.1,29.8,650.0,0.0
2023-11-21 11:00:00+07:00,34.5,23.8,528.0,0.0
2023-11-21 12:00:00+07:00,31.1,21.4,425.0,0.0
2023-11-21 13:00:00+07:00,28.8,19.8,355.0,0.0
2023-11-21 14:00:00+07:00,26.1,17.9,286.0,0.0
2023-11-21 15:00:00+07:00,26.2,18.0,249.0,0.0
2023-11-21 16:00:00+07:00,27.9,19.2,354.0,0.0
2023-11-21 17:00:00+07:00,39.0,27.0,718.0,0.0
2023-11-21 18:00:00+07:00,51.2,35.6,1224.0,0.0
2023-11-21 19:00:00+07:00,45.5,31.5,1394.0,0.0
2023-11-21 20:00:00+07:00,48.2,33.5,1494.0,0.0
2023-11-21 21:00:00+07:00,50.1,34.8,1630.0,0.0
2023-11-21 22:00:00+07:00,52.0,36.2,1720.0,0.0
2023-11-21 23:00:00+07:00,53.1,36.9,1728.0,0.0
2023-11-22 00:00:00+07:00,51.8,36.1,1689.0,0.0
2023-11-22 01:00:00+07:00,48.5,33.9,1626.0,0.0
2023-11-22 02:00:00+07:00,45.1,31.3,1530.0,0.0
2023-11-22 03:00:00+07:00,41.7,29.0,1410.0,0.0
2023-11-22 04:00:00+07:00,39.2,27.3,1321.0,0.0
2023-11-22 05:00:00+07:00,36.8,25.6,1307.0,0.0
2023-11-22 06:00:00+07:00,33.8,23.5,1325.0,0.0
2023-11-22 07:00:00+07:00,36.6,25.6,1250.0,0.0
2023-11-22 08:00:00+07:00,45.8,32.0,1149.0,0.0
2023-11-22 09:00:00+07:00,56.8,39.6,1004.0,0.0
2023-11-22 10:00:00+07:00,52.5,36.6,854.0,0.0
2023-11-22 11:00:00+07:00,42.0,29.2,695.0,0.0
2023-11-22 12:00:00+07:00,37.3,25.8,531.0,0.0
2023-11-22 13:00:00+07:00,34.7,24.0,415.0,0.0
2023-11-22 14:00:00+07:00,32.8,22.8,339.0,0.0
2023-11-22 15:00:00+07:00,32.9,22.8,310.0,0.0
2023-11-22 16:00:00+07:00,34.7,24.0,411.0,0.0
2023-11-22 17:00:00+07:00,43.0,29.9,741.0,0.0
2023-11-22 18:00:00+07:00,53.3,37.1,1199.0,0.0
2023-11-22 19:00:00+07:00,53.3,37.1,1463.0,0.0
2023-11-22 20:00:00+07:00,58.1,40.4,1568.0,0.0
2023-11-22 21:00:00+07:00,60.1,41.8,1711.0,0.0
2023-11-22 22:00:00+07:00,61.0,42.5,1800.0,0.0
2023-11-22 23:00:00+07:00,61.2,42.6,1795.0,0.0
2023-11-23 00:00:00+07:00,59.6,41.6,1736.0,0.0
2023-11-23 01:00:00+07:00,57.4,39.9,1654.0,0.0
2023-11-23 02:00:00+07:00,54.5,37.8,1540.0,0.0
2023-11-23 03:00:00+07:00,51.0,35.5,1402.0,0.0
2023-11-23 04:00:00+07:00,47.6,33.1,1297.0,0.0
2023-11-23 05:00:00+07:00,44.4,30.9,1272.0,0.0
2023-11-23 06:00:00+07:00,41.6,28.9,1280.0,0.0
2023-11-23 07:00:00+07:00,49.0,34.1,1305.0,0.0
2023-11-23 08:00:00+07:00,53.7,37.5,1137.0,0.0
2023-11-23 09:00:00+07:00,57.7,40.2,902.0,0.0
2023-11-23 10:00:00+07:00,46.3,32.1,698.0,0.0
2023-11-23 11:00:00+07:00,33.9,23.3,557.0,0.0
2023-11-23 12:00:00+07:00,30.6,21.0,446.0,0.0
2023-11-23 13:00:00+07:00,29.8,20.5,367.0,0.0
2023-11-23 14:00:00+07:00,29.4,20.1,298.0,0.0
2023-11-23 15:00:00+07:00,28.0,19.2,262.0,0.0
2023-11-23 16:00:00+07:00,27.4,18.6,321.0,0.0
2023-11-23 17:00:00+07:00,27.8,19.0,547.0,0.0
2023-11-23 18:00:00+07:00,33.8,23.2,869.0,0.0
2023-11-23 19:00:00+07:00,49.1,33.9,1301.0,0.0
2023-11-23 20:00:00+07:00,53.1,36.6,1383.0,0.0
2023-11-23 21:00:00+07:00,53.4,36.8,1494.0,0.0
2023-11-23 22:00:00+07:00,52.9,36.4,1558.0,0.0
2023-11-23 23:00:00+07:00,51.8,35.7,1543.0,0.0
2023-11-24 00:00:00+07:00,48.9,33.8,1480.0,0.0
2023-11-24 01:00:00+07:00,44.5,30.6,1390.0,0.0
2023-11-24 02:00:00+07:00,39.7,27.2,1257.0,0.0
2023-11-24 03:00:00+07:00,34.9,24.0,1096.0,0.0
2023-11-24 04:00:00+07:00,31.0,21.3,974.0,0.0
2023-11-24 05:00:00+07:00,28.1,19.3,938.0,0.0
2023-11-24 06:00:00+07:00,26.8,18.5,940.0,0.0
2023-11-24 07:00:00+07:00,31.3,21.7,883.0,0.0
2023-11-24 08:00:00+07:00,40.6,28.1,771.0,0.0
2023-11-24 09:00:00+07:00,43.7,30.0,614.0,0.0
2023-11-24 10:00:00+07:00,34.6,23.5,483.0,0.0
2023-11-24 11:00:00+07:00,25.7,17.1,402.0,0.0
2023-11-24 12:00:00+07:00,24.2,16.0,347.0,0.0
2023-11-24 13:00:00+07:00,22.9,15.1,309.0,0.0
2023-11-24 14:00:00+07:00,22.8,15.0,245.0,0.0
2023-11-24 15:00:00+07:00,22.1,14.6,199.0,0.0
2023-11-24 16:00:00+07:00,21.0,13.8,295.0,0.0
2023-11-24 17:00:00+07:00,28.8,19.3,664.0,0.0
2023-11-24 18:00:00+07:00,43.3,29.6,1176.0,0.0
2023-11-24 19:00:00+07:00,44.0,30.3,1479.0,0.0
2023-11-24 20:00:00+07:00,47.8,32.9,1532.0,0.0
2023-11-24 21:00:00+07:00,46.6,32.0,1600.0,0.0
2023-11-24 22:00:00+07:00,43.9,30.2,1614.0,0.0
2023-11-24 23:00:00+07:00,40.4,27.7,1538.0,0.0
2023-11-25 00:00:00+07:00,36.0,24.7,1409.0,0.0
2023-11-25 01:00:00+07:00,31.8,21.7,1266.0,0.0
2023-11-25 02:00:00+07:00,27.6,18.8,1104.0,0.0
2023-11-25 03:00:00+07:00,23.9,16.2,927.0,0.0
2023-11-25 04:00:00+07:00,20.9,14.2,792.0,0.0
2023-11-25 05:00:00+07:00,18.8,12.8,735.0,0.0
2023-11-25 06:00:00+07:00,17.8,12.1,719.0,0.0
2023-11-25 07:00:00+07:00,20.6,13.9,720.0,0.0
2023-11-25 08:00:00+07:00,25.5,17.3,625.0,0.0
2023-11-25 09:00:00+07:00,26.8,18.1,494.0,0.0
2023-11-25 10:00:00+07:00,22.4,14.9,389.0,0.0
2023-11-25 11:00:00+07:00,20.2,13.4,336.0,0.0
2023-11-25 12:00:00+07:00,21.0,13.9,309.0,0.0
2023-11-25 13:00:00+07:00,20.9,13.9,294.0,0.0
2023-11-25 14:00:00+07:00,20.3,13.5,244.0,0.0
2023-11-25 15:00:00+07:00,21.0,14.0,206.0,0.0
2023-11-25 16:00:00+07:00,21.0,14.1,311.0,0.0
2023-11-25 17:00:00+07:00,27.0,18.4,693.0,0.0
2023-11-25 18:00:00+07:00,41.6,28.6,1218.0,0.0
2023-11-25 19:00:00+07:00,46.6,32.1,1534.0,0.0
2023-11-25 20:00:00+07:00,49.6,34.2,1593.0,0.0
2023-11-25 21:00:00+07:00,46.9,32.4,1668.0,0.0
2023-11-25 22:00:00+07:00,43.4,29.9,1669.0,0.0
2023-11-25 23:00:00+07:00,39.2,27.0,1541.0,0.0
2023-11-26 00:00:00+07:00,34.0,23.3,1339.0,0.0
2023-11-26 01:00:00+07:00,28.9,19.8,1148.0,0.0
2023-11-26 02:00:00+07:00,24.7,17.0,984.0,0.0
2023-11-26 03:00:00+07:00,21.2,14.6,831.0,0.0
2023-11-26 04:00:00+07:00,18.3,12.7,716.0,0.0
2023-11-26 05:00:00+07:00,16.3,11.3,668.0,0.0
2023-11-26 06:00:00+07:00,15.5,10.7,660.0,0.0
2023-11-26 07:00:00+07:00,21.1,14.7,634.0,0.0
2023-11-26 08:00:00+07:00,27.7,19.3,569.0,0.0
2023-11-26 09:00:00+07:00,31.0,21.4,477.0,0.0
2023-11-26 10:00:00+07:00,26.8,18.3,400.0,0.0
2023-11-26 11:00:00+07:00,22.6,15.4,350.0,0.0
2023-11-26 12:00:00+07:00,21.1,14.4,314.0,1.0
2023-11-26 13:00:00+07:00,20.5,14.0,290.0,1.0
2023-11-26 14:00:00+07:00,20.0,13.6,256.0,1.0
2023-11-26 15:00:00+07:00,19.7,13.4,234.0,1.0
2023-11-26 16:00:00+07:00,19.7,13.4,293.0,1.0
2023-11-26 17:00:00+07:00,23.4,16.1,512.0,1.0
2023-11-26 18:00:00+07:00,29.6,20.4,812.0,0.0
2023-11-26 19:00:00+07:00,34.7,24.0,1095.0,0.0
2023-11-26 20:00:00+07:00,34.6,23.9,1073.0,0.0
2023-11-26 21:00:00+07:00,31.3,21.7,1040.0,0.0
2023-11-26 22:00:00+07:00,28.9,20.0,987.0,0.0
2023-11-26 23:00:00+07:00,26.7,18.5,903.0,0.0
2023-11-27 00:00:00+07:00,24.2,16.7,800.0,0.0
2023-11-27 01:00:00+07:00,21.8,15.0,704.0,0.0
2023-11-27 02:00:00+07:00,19.8,13.7,618.0,0.0
2023-11-27 03:00:00+07:00,18.3,12.7,540.0,0.0
2023-11-27 04:00:00+07:00,17.3,12.0,487.0,0.0
2023-11-27 05:00:00+07:00,16.7,11.6,478.0,0.0
2023-11-27 06:00:00+07:00,16.8,11.6,495.0,0.0
2023-11-27 07:00:00+07:00,18.7,13.1,477.0,0.0
2023-11-27 08:00:00+07:00,24.2,16.8,452.0,0.0
2023-11-27 09:00:00+07:00,29.5,20.3,417.0,0.0
2023-11-27 10:00:00+07:00,28.6,19.3,380.0,0.0
2023-11-27 11:00:00+07:00,26.5,17.6,340.0,0.0
2023-11-27 12:00:00+07:00,24.4,16.0,298.0,0.0
2023-11-27 13:00:00+07:00,22.1,14.4,270.0,0.0
2023-11-27 14:00:00+07:00,22.3,14.7,229.0,0.0
2023-11-27 15:00:00+07:00,22.1,14.5,203.0,0.0
2023-11-27 16:00:00+07:00,21.4,14.0,284.0,0.0
2023-11-27 17:00:00+07:00,26.7,17.9,580.0,0.0
2023-11-27 18:00:00+07:00,35.9,24.3,983.0,0.0
2023-11-27 19:00:00+07:00,33.5,23.2,1421.0,0.0
2023-11-27 20:00:00+07:00,34.5,23.9,1450.0,0.0
2023-11-27 21:00:00+07:00,31.1,21.5,1482.0,0.0
2023-11-27 22:00:00+07:00,27.2,18.9,1448.0,0.0
2023-11-27 23:00:00+07:00,23.5,16.2,1295.0,0.0
2023-11-28 00:00:00+07:00,19.3,13.3,1076.0,0.0
2023-11-28 01:00:00+07:00,16.0,11.0,882.0,0.0
2023-11-28 02:00:00+07:00,13.8,9.5,741.0,0.0
2023-11-28 03:00:00+07:00,12.4,8.5,624.0,0.0
2023-11-28 04:00:00+07:00,11.7,8.0,540.0,0.0
2023-11-28 05:00:00+07:00,11.3,7.7,502.0,0.0
2023-11-28 06:00:00+07:00,11.6,7.9,496.0,0.0
2023-11-28 07:00:00+07:00,15.4,10.6,485.0,0.0
2023-11-28 08:00:00+07:00,20.1,13.8,478.0,0.0
2023-11-28 09:00:00+07:00,25.8,17.8,465.0,0.0
2023-11-28 10:00:00+07:00,26.1,17.8,440.0,0.0
2023-11-28 11:00:00+07:00,22.1,14.8,389.0,0.0
2023-11-28 12:00:00+07:00,21.3,14.3,325.0,0.0
2023-11-28 13:00:00+07:00,20.7,13.9,280.0,0.0
2023-11-28 14:00:00+07:00,20.0,13.5,219.0,0.0
2023-11-28 15:00:00+07:00,20.1,13.5,177.0,0.0
2023-11-28 16:00:00+07:00,20.4,13.7,291.0,0.0
2023-11-28 17:00:00+07:00,33.9,23.3,716.0,0.0
2023-11-28 18:00:00+07:00,49.6,34.2,1297.0,0.0
2023-11-28 19:00:00+07:00,55.1,38.1,1705.0,0.0
2023-11-28 20:00:00+07:00,53.0,36.7,1786.0,0.0
2023-11-28 21:00:00+07:00,48.0,33.2,1693.0,0.0
2023-11-28 22:00:00+07:00,41.9,28.9,1559.0,0.0
2023-11-28 23:00:00+07:00,36.2,25.0,1409.0,0.0
2023-11-29 00:00:00+07:00,31.2,21.4,1217.0,0.0
2023-11-29 01:00:00+07:00,27.0,18.5,1044.0,0.0
2023-11-29 02:00:00+07:00,23.6,16.2,902.0,0.0
2023-11-29 03:00:00+07:00,21.2,14.6,778.0,0.0
2023-11-29 04:00:00+07:00,19.5,13.4,691.0,0.0
2023-11-29 05:00:00+07:00,18.6,12.7,666.0,0.0
2023-11-29 06:00:00+07:00,18.4,12.6,679.0,0.0
2023-11-29 07:00:00+07:00,19.3,13.4,608.0,0.0
2023-11-29 08:00:00+07:00,25.3,17.5,554.0,0.0
2023-11-29 09:00:00+07:00,28.5,19.6,479.0,0.0
2023-11-29 10:00:00+07:00,28.1,19.2,415.0,0.0
2023-11-29 11:00:00+07:00,24.9,16.9,372.0,0.0
2023-11-29 12:00:00+07:00,24.4,16.6,340.0,0.0
2023-11-29 13:00:00+07:00,25.0,17.0,322.0,0.0
2023-11-29 14:00:00+07:00,26.0,17.7,280.0,0.0
2023-11-29 15:00:00+07:00,27.0,18.4,253.0,0.0
2023-11-29 16:00:00+07:00,28.0,19.1,358.0,0.0
2023-11-29 17:00:00+07:00,33.5,23.0,717.0,0.0
2023-11-29 18:00:00+07:00,47.4,32.8,1208.0,0.0
2023-11-29 19:00:00+07:00,63.1,43.8,1692.0,0.0
2023-11-29 20:00:00+07:00,67.5,46.9,1799.0,0.0
2023-11-29 21:00:00+07:00,67.8,47.0,1941.0,0.0
2023-11-29 22:00:00+07:00,65.4,45.5,2010.0,0.0
2023-11-29 23:00:00+07:00,61.9,43.1,1954.0,0.0
2023-11-30 00:00:00+07:00,56.2,39.0,1826.0,0.0
2023-11-30 01:00:00+07:00,49.9,34.6,1674.0,0.0
2023-11-30 02:00:00+07:00,43.7,30.4,1494.0,0.0
2023-11-30 03:00:00+07:00,37.8,26.4,1290.0,0.0
2023-11-30 04:00:00+07:00,33.6,23.5,1127.0,0.0
2023-11-30 05:00:00+07:00,30.9,21.5,1043.0,0.0
2023-11-30 06:00:00+07:00,29.5,20.5,1000.0,0.0
2023-11-30 07:00:00+07:00,29.7,20.7,911.0,0.0
2023-11-30 08:00:00+07:00,36.8,25.6,845.0,0.0
2023-11-30 09:00:00+07:00,38.9,26.9,751.0,0.0
2023-11-30 10:00:00+07:00,38.0,26.1,664.0,0.0
2023-11-30 11:00:00+07:00,39.8,27.4,589.0,0.0
2023-11-30 12:00:00+07:00,39.2,26.9,520.0,0.0
2023-11-30 13:00:00+07:00,37.4,25.6,471.0,0.0
2023-11-30 14:00:00+07:00,37.0,25.3,415.0,0.0
2023-11-30 15:00:00+07:00,37.0,25.4,379.0,0.0
2023-11-30 16:00:00+07:00,37.7,25.8,457.0,0.0
2023-11-30 17:00:00+07:00,49.4,34.1,766.0,0.0
2023-11-30 18:00:00+07:00,59.8,41.3,1190.0,0.0
2023-11-30 19:00:00+07:00,62.9,43.5,1703.0,0.0
2023-11-30 20:00:00+07:00,61.2,42.3,1677.0,0.0
2023-11-30 21:00:00+07:00,56.5,39.0,1634.0,0.0
2023-11-30 22:00:00+07:00,52.9,36.6,1553.0,0.0
2023-11-30 23:00:00+07:00,48.5,33.5,1408.0,0.0
2023-12-01 00:00:00+07:00,43.1,29.7,1226.0,0.0
2023-12-01 01:00:00+07:00,38.0,26.1,1061.0,0.0
2023-12-01 02:00:00+07:00,33.5,23.0,928.0,0.0
2023-12-01 03:00:00+07:00,29.5,20.3,812.0,0.0
2023-12-01 04:00:00+07:00,26.4,18.1,729.0,0.0
2023-12-01 05:00:00+07:00,24.4,16.8,702.0,0.0
2023-12-01 06:00:00+07:00,23.1,15.8,707.0,0.0
2023-12-01 07:00:00+07:00,26.1,18.2,690.0,0.0
2023-12-01 08:00:00+07:00,31.4,21.8,627.0,0.0
2023-12-01 09:00:00+07:00,34.8,23.9,539.0,0.0
2023-12-01 10:00:00+07:00,32.1,21.9,465.0,0.0
2023-12-01 11:00:00+07:00,29.3,20.0,420.0,0.0
2023-12-01 12:00:00+07:00,28.0,19.1,388.0,0.0
2023-12-01 13:00:00+07:00,30.6,21.0,367.0,0.0
2023-12-01 14:00:00+07:00,28.5,19.5,313.0,0.0
2023-12-01 15:00:00+07:00,27.0,18.5,269.0,0.0
2023-12-01 16:00:00+07:00,26.1,17.9,361.0,0.0
2023-12-01 17:00:00+07:00,33.5,23.1,724.0,0.0
2023-12-01 18:00:00+07:00,48.8,33.8,1223.0,0.0
2023-12-01 19:00:00+07:00,45.5,31.7,1458.0,0.0
2023-12-01 20:00:00+07:00,45.8,31.8,1433.0,0.0
2023-12-01 21:00:00+07:00,41.4,28.9,1397.0,0.0
2023-12-01 22:00:00+07:00,38.6,26.9,1357.0,0.0
2023-12-01 23:00:00+07:00,36.7,25.6,1320.0,0.0
2023-12-02 00:00:00+07:00,34.7,24.2,1279.0,0.0
2023-12-02 01:00:00+07:00,32.0,22.3,1224.0,0.0
2023-12-02 02:00:00+07:00,29.2,20.4,1137.0,0.0
2023-12-02 03:00:00+07:00,27.1,18.9,1036.0,0.0
2023-12-02 04:00:00+07:00,25.3,17.6,967.0,0.0
2023-12-02 05:00:00+07:00,23.7,16.6,976.0,0.0
2023-12-02 06:00:00+07:00,22.6,15.8,1017.0,0.0
2023-12-02 07:00:00+07:00,24.8,17.3,1013.0,0.0
2023-12-02 08:00:00+07:00,32.0,22.4,870.0,0.0
2023-12-02 09:00:00+07:00,31.1,21.5,673.0,0.0
2023-12-02 10:00:00+07:00,21.1,14.5,520.0,0.0
2023-12-02 11:00:00+07:00,17.4,11.9,456.0,0.0
2023-12-02 12:00:00+07:00,16.4,11.3,437.0,0.0
2023-12-02 13:00:00+07:00,15.2,10.4,425.0,0.0
2023-12-02 14:00:00+07:00,15.9,10.9,386.0,0.0
2023-12-02 15:00:00+07:00,14.5,9.9,355.0,0.0
2023-12-02 16:00:00+07:00,13.8,9.5,396.0,0.0
2023-12-02 17:00:00+07:00,15.4,10.6,565.0,0.0
2023-12-02 18:00:00+07:00,20.5,14.2,808.0,0.0
2023-12-02 19:00:00+07:00,27.0,18.7,1056.0,0.0
2023-12-02 20:00:00+07:00,23.1,16.0,947.0,0.0
2023-12-02 21:00:00+07:00,20.7,14.3,795.0,0.0
2023-12-02 22:00:00+07:00,19.0,13.2,681.0,0.0
2023-12-02 23:00:00+07:00,19.0,13.2,646.0,0.0
2023-12-03 00:00:00+07:00,17.8,12.4,648.0,0.0
2023-12-03 01:00:00+07:00,16.6,11.6,636.0,0.0
2023-12-03 02:00:00+07:00,15.1,10.5,584.0,0.0
2023-12-03 03:00:00+07:00,14.1,9.8,519.0,0.0
2023-12-03 04:00:00+07:00,12.0,8.3,473.0,0.0
2023-12-03 05:00:00+07:00,10.3,7.2,467.0,0.0
2023-12-03 06:00:00+07:00,10.0,6.9,480.0,0.0
2023-12-03 07:00:00+07:00,6.0,4.2,376.0,0.0
2023-12-03 08:00:00+07:00,9.4,6.5,390.0,0.0
2023-12-03 09:00:00+07:00,10.7,7.4,408.0,0.0
2023-12-03 10:00:00+07:00,12.8,8.9,421.0,0.0
2023-12-03 11:00:00+07:00,16.0,11.1,421.0,0.0
2023-12-03 12:00:00+07:00,15.4,10.6,415.0,0.0
2023-12-03 13:00:00+07:00,16.4,11.2,410.0,0.0
2023-12-03 14:00:00+07:00,17.4,12.0,372.0,0.0
2023-12-03 15:00:00+07:00,18.0,12.4,337.0,0.0
2023-12-03 16:00:00+07:00,18.0,12.4,415.0,0.0
2023-12-03 17:00:00+07:00,20.4,14.0,715.0,0.0
2023-12-03 18:00:00+07:00,32.0,22.2,1129.0,0.0
2023-12-03 19:00:00+07:00,36.4,25.4,1494.0,0.0
2023-12-03 20:00:00+07:00,37.7,26.3,1468.0,0.0
2023-12-03 21:00:00+07:00,35.5,24.7,1430.0,0.0
2023-12-03 22:00:00+07:00,29.2,20.3,1375.0,0.0
2023-12-03 23:00:00+07:00,26.6,18.6,1300.0,0.0
2023-12-04 00:00:00+07:00,25.1,17.5,1209.0,0.0
2023-12-04 01:00:00+07:00,23.2,16.2,1115.0,0.0
2023-12-04 02:00:00+07:00,21.4,14.9,1016.0,0.0
2023-12-04 03:00:00+07:00,19.8,13.8,914.0,0.0
2023-12-04 04:00:00+07:00,18.5,12.9,828.0,0.0
2023-12-04 05:00:00+07:00,17.1,11.9,764.0,0.0
2023-12-04 06:00:00+07:00,16.1,11.2,716.0,0.0
2023-12-04 07:00:00+07:00,18.4,12.8,760.0,0.0
2023-12-04 08:00:00+07:00,20.9,14.6,733.0,0.0
2023-12-04 09:00:00+07:00,24.1,16.6,692.0,0.0
2023-12-04 10:00:00+07:00,25.8,17.7,641.0,0.0
2023-12-04 11:00:00+07:00,21.0,14.2,567.0,0.0
2023-12-04 12:00:00+07:00,19.0,12.9,482.0,0.0
2023-12-04 13:00:00+07:00,18.9,12.9,422.0,0.0
2023-12-04 14:00:00+07:00,19.3,13.2,364.0,0.0
2023-12-04 15:00:00+07:00,20.3,13.9,331.0,0.0
2023-12-04 16:00:00+07:00,21.5,14.8,429.0,0.0
2023-12-04 17:00:00+07:00,25.9,17.9,776.0,0.0
2023-12-04 18:00:00+07:00,40.0,27.8,1253.0,0.0
2023-12-04 19:00:00+07:00,45.3,31.5,1591.0,0.0
2023-12-04 20:00:00+07:00,48.5,33.9,1656.0,0.0
2023-12-04 21:00:00+07:00,47.6,33.3,1744.0,0.0
2023-12-04 22:00:00+07:00,45.2,31.5,1792.0,0.0
2023-12-04 23:00:00+07:00,42.3,29.5,1773.0,0.0
2023-12-05 00:00:00+07:00,39.6,27.6,1715.0,0.0
2023-12-05 01:00:00+07:00,37.3,26.0,1640.0,0.0
2023-12-05 02:00:00+07:00,36.2,25.3,1547.0,0.0
2023-12-05 03:00:00+07:00,34.6,24.2,1438.0,0.0
2023-12-05 04:00:00+07:00,32.1,22.4,1342.0,0.0
2023-12-05 05:00:00+07:00,30.7,21.4,1276.0,0.0
2023-12-05 06:00:00+07:00,29.4,20.5,1224.0,0.0
2023-12-05 07:00:00+07:00,28.6,20.0,1132.0,0.0
2023-12-05 08:00:00+07:00,32.4,22.6,1042.0,0.0
2023-12-05 09:00:00+07:00,40.3,28.0,914.0,0.0
2023-12-05 10:00:00+07:00,40.0,27.5,783.0,0.0
2023-12-05 11:00:00+07:00,28.3,19.1,650.0,0.0
2023-12-05 12:00:00+07:00,25.0,16.9,514.0,0.0
2023-12-05 13:00:00+07:00,24.0,16.2,414.0,0.0
2023-12-05 14:00:00+07:00,23.3,15.7,351.0,0.0
2023-12-05 15:00:00+07:00,21.4,14.4,324.0,0.0
2023-12-05 16:00:00+07:00,21.5,14.4,366.0,0.0
2023-12-05 17:00:00+07:00,24.2,16.4,530.0,0.0
2023-12-05 18:00:00+07:00,33.1,22.8,764.0,0.0
2023-12-05 19:00:00+07:00,26.8,18.6,866.0,0.0
2023-12-05 20:00:00+07:00,23.3,16.2,827.0,0.0
2023-12-05 21:00:00+07:00,23.1,16.1,774.0,0.0
2023-12-05 22:00:00+07:00,23.3,16.3,731.0,0.0
2023-12-05 23:00:00+07:00,23.5,16.4,714.0,0.0
2023-12-06 00:00:00+07:00,22.8,15.9,709.0,0.0
2023-12-06 01:00:00+07:00,21.3,14.8,691.0,0.0
2023-12-06 02:00:00+07:00,20.0,13.9,647.0,0.0
2023-12-06 03:00:00+07:00,18.7,13.1,592.0,0.0
2023-12-06 04:00:00+07:00,17.6,12.3,547.0,0.0
2023-12-06 05:00:00+07:00,16.8,11.7,523.0,0.0
2023-12-06 06:00:00+07:00,16.1,11.2,509.0,0.0
2023-12-06 07:00:00+07:00,9.8,6.8,474.0,0.0
2023-12-06 08:00:00+07:00,11.9,8.3,459.0,0.0
2023-12-06 09:00:00+07:00,14.8,10.2,438.0,0.0
2023-12-06 10:00:00+07:00,18.2,12.5,415.0,0.0
2023-12-06 11:00:00+07:00,19.9,13.7,389.0,0.0
2023-12-06 12:00:00+07:00,19.2,13.1,362.0,0.0
2023-12-06 13:00:00+07:00,18.0,12.3,344.0,0.0
2023-12-06 14:00:00+07:00,17.9,12.3,307.0,0.0
2023-12-06 15:00:00+07:00,18.6,12.8,279.0,0.0
2023-12-06 16:00:00+07:00,18.7,12.9,355.0,0.0
2023-12-06 17:00:00+07:00,23.0,15.9,644.0,0.0
2023-12-06 18:00:00+07:00,35.4,24.6,1037.0,0.0
2023-12-06 19:00:00+07:00,37.7,26.3,1254.0,0.0
2023-12-06 20:00:00+07:00,31.7,22.1,1167.0,0.0
2023-12-06 21:00:00+07:00,28.2,19.7,1042.0,0.0
2023-12-06 22:00:00+07:00,25.7,17.9,924.0,0.0
2023-12-06 23:00:00+07:00,24.4,17.1,823.0,0.0
2023-12-07 00:00:00+07:00,22.9,16.0,728.0,0.0
2023-12-07 01:00:00+07:00,19.0,13.3,645.0,0.0
2023-12-07 02:00:00+07:00,14.7,10.2,573.0,0.0
2023-12-07 03:00:00+07:00,14.6,10.2,514.0,0.0
2023-12-07 04:00:00+07:00,12.5,8.8,477.0,0.0
2023-12-07 05:00:00+07:00,10.7,7.5,473.0,0.0
2023-12-07 06:00:00+07:00,11.1,7.8,492.0,0.0
2023-12-07 07:00:00+07:00,11.2,7.8,516.0,0.0
2023-12-07 08:00:00+07:00,13.5,9.5,484.0,0.0
2023-12-07 09:00:00+07:00,13.4,9.3,442.0,0.0
2023-12-07 10:00:00+07:00,14.2,9.9,422.0,0.0
2023-12-07 11:00:00+07:00,16.1,11.2,450.0,0.0
2023-12-07 12:00:00+07:00,17.5,12.2,500.0,0.0
2023-12-07 13:00:00+07:00,19.2,13.4,531.0,0.0
2023-12-07 14:00:00+07:00,18.9,13.2,491.0,0.0
2023-12-07 15:00:00+07:00,20.5,14.3,432.0,0.0
2023-12-07 16:00:00+07:00,19.3,13.4,461.0,0.0
2023-12-07 17:00:00+07:00,19.0,13.3,657.0,0.0
2023-12-07 18:00:00+07:00,28.3,19.7,941.0,0.0
2023-12-07 19:00:00+07:00,39.3,27.5,1270.0,0.0
2023-12-07 20:00:00+07:00,45.1,31.4,1266.0,0.0
2023-12-07 21:00:00+07:00,36.0,25.1,1253.0,0.0
2023-12-07 22:00:00+07:00,36.0,25.1,1195.0,0.0
2023-12-07 23:00:00+07:00,27.9,19.5,1052.0,0.0
2023-12-08 00:00:00+07:00,22.1,15.4,863.0,0.0
2023-12-08 01:00:00+07:00,7.5,5.2,708.0,0.0
2023-12-08 02:00:00+07:00,3.1,2.2,618.0,0.0
2023-12-08 03:00:00+07:00,3.9,2.7,562.0,0.0
2023-12-08 04:00:00+07:00,5.8,4.0,521.0,0.0
2023-12-08 05:00:00+07:00,7.2,5.0,491.0,0.0
2023-12-08 06:00:00+07:00,8.5,5.9,477.0,0.0
2023-12-08 07:00:00+07:00,9.7,6.8,543.0,0.0
2023-12-08 08:00:00+07:00,14.1,9.9,521.0,0.0
2023-12-08 09:00:00+07:00,17.5,12.2,489.0,0.0
2023-12-08 10:00:00+07:00,19.2,13.4,459.0,0.0
2023-12-08 11:00:00+07:00,20.2,14.1,431.0,0.0
2023-12-08 12:00:00+07:00,18.9,13.1,405.0,0.0
2023-12-08 13:00:00+07:00,17.4,12.2,385.0,0.0
2023-12-08 14:00:00+07:00,14.9,10.4,350.0,0.0
2023-12-08 15:00:00+07:00,16.5,11.5,321.0,0.0
2023-12-08 16:00:00+07:00,15.2,10.6,369.0,0.0
2023-12-08 17:00:00+07:00,17.5,12.2,552.0,0.0
2023-12-08 18:00:00+07:00,24.9,17.3,811.0,0.0
2023-12-08 19:00:00+07:00,33.1,23.2,1225.0,0.0
2023-12-08 20:00:00+07:00,32.1,22.4,1347.0,0.0
2023-12-08 21:00:00+07:00,32.5,22.7,1517.0,0.0
2023-12-08 22:00:00+07:00,33.2,23.2,1646.0,0.0
2023-12-08 23:00:00+07:00,33.2,23.2,1703.0,0.0
2023-12-09 00:00:00+07:00,31.7,22.2,1720.0,0.0
2023-12-09 01:00:00+07:00,29.7,20.8,1707.0,0.0
2023-12-09 02:00:00+07:00,28.3,19.8,1655.0,0.0
2023-12-09 03:00:00+07:00,28.8,20.1,1573.0,0.0
2023-12-09 04:00:00+07:00,28.6,20.0,1498.0,0.0
2023-12-09 05:00:00+07:00,29.6,20.7,1459.0,0.0
2023-12-09 06:00:00+07:00,30.2,21.1,1427.0,0.0
2023-12-09 07:00:00+07:00,30.9,21.5,1317.0,0.0
2023-12-09 08:00:00+07:00,35.4,24.7,1175.0,0.0
2023-12-09 09:00:00+07:00,38.1,26.6,975.0,0.0
2023-12-09 10:00:00+07:00,35.3,24.6,786.0,0.0
2023-12-09 11:00:00+07:00,27.4,19.0,623.0,0.0
2023-12-09 12:00:00+07:00,23.9,16.5,473.0,0.0
2023-12-09 13:00:00+07:00,22.9,15.8,365.0,0.0
2023-12-09 14:00:00+07:00,21.4,14.8,292.0,0.0
2023-12-09 15:00:00+07:00,19.5,13.5,261.0,0.0
2023-12-09 16:00:00+07:00,18.7,12.9,323.0,0.0
2023-12-09 17:00:00+07:00,22.8,15.7,552.0,0.0
2023-12-09 18:00:00+07:00,34.2,23.8,873.0,0.0
2023-12-09 19:00:00+07:00,29.7,20.7,1056.0,0.0
2023-12-09 20:00:00+07:00,29.5,20.5,1081.0,0.0
2023-12-09 21:00:00+07:00,28.6,19.9,1117.0,0.0
2023-12-09 22:00:00+07:00,29.2,20.4,1152.0,0.0
2023-12-09 23:00:00+07:00,29.3,20.4,1191.0,0.0
2023-12-10 00:00:00+07:00,28.1,19.6,1229.0,0.0
2023-12-10 01:00:00+07:00,26.0,18.1,1235.0,0.0
2023-12-10 02:00:00+07:00,24.4,17.1,1188.0,0.0
2023-12-10 03:00:00+07:00,24.3,16.9,1109.0,0.0
2023-12-10 04:00:00+07:00,25.1,17.6,1036.0,0.0
2023-12-10 05:00:00+07:00,26.3,18.3,988.0,0.0
2023-12-10 06:00:00+07:00,27.5,19.2,946.0,0.0
2023-12-10 07:00:00+07:00,24.4,17.1,830.0,0.0
2023-12-10 08:00:00+07:00,26.2,18.3,768.0,0.0
2023-12-10 09:00:00+07:00,27.5,19.2,679.0,0.0
2023-12-10 10:00:00+07:00,26.6,18.5,583.0,0.0
2023-12-10 11:00:00+07:00,20.8,14.4,473.0,0.0
2023-12-10 12:00:00+07:00,17.9,12.4,357.0,0.0
2023-12-10 13:00:00+07:00,15.8,10.9,273.0,0.0
2023-12-10 14:00:00+07:00,14.9,10.3,226.0,0.0
2023-12-10 15:00:00+07:00,14.8,10.3,211.0,0.0
2023-12-10 16:00:00+07:00,15.0,10.3,261.0,0.0
2023-12-10 17:00:00+07:00,16.2,11.2,415.0,0.0
2023-12-10 18:00:00+07:00,21.7,15.1,633.0,0.0
2023-12-10 19:00:00+07:00,31.0,21.7,1184.0,0.0
2023-12-10 20:00:00+07:00,36.7,25.6,1327.0,0.0
2023-12-10 21:00:00+07:00,39.0,27.2,1524.0,0.0
2023-12-10 22:00:00+07:00,39.7,27.8,1676.0,0.0
2023-12-10 23:00:00+07:00,39.8,27.9,1746.0,0.0
2023-12-11 00:00:00+07:00,38.9,27.2,1771.0,0.0
2023-12-11 01:00:00+07:00,37.3,26.1,1760.0,0.0
2023-12-11 02:00:00+07:00,35.5,24.9,1705.0,0.0
2023-12-11 03:00:00+07:00,36.8,25.7,1614.0,0.0
2023-12-11 04:00:00+07:00,35.9,25.0,1518.0,0.0
2023-12-11 05:00:00+07:00,33.3,23.3,1431.0,0.0
2023-12-11 06:00:00+07:00,31.1,21.7,1340.0,0.0
2023-12-11 07:00:00+07:00,27.2,19.1,1217.0,0.0
2023-12-11 08:00:00+07:00,30.0,21.0,1098.0,0.0
2023-12-11 09:00:00+07:00,32.8,23.0,927.0,0.0
2023-12-11 10:00:00+07:00,32.9,23.1,758.0,0.0
2023-12-11 11:00:00+07:00,24.9,17.3,591.0,0.0
2023-12-11 12:00:00+07:00,20.7,14.4,424.0,0.0
2023-12-11 13:00:00+07:00,19.3,13.4,308.0,0.0
2023-12-11 14:00:00+07:00,19.8,13.8,252.0,0.0
2023-12-11 15:00:00+07:00,19.8,13.7,246.0,0.0
2023-12-11 16:00:00+07:00,21.0,14.6,310.0,0.0
2023-12-11 17:00:00+07:00,24.2,16.8,491.0,0.0
2023-12-11 18:00:00+07:00,27.8,19.4,741.0,0.0
2023-12-11 19:00:00+07:00,26.7,18.6,798.0,0.0
2023-12-11 20:00:00+07:00,27.8,19.4,865.0,0.0
2023-12-11 21:00:00+07:00,29.0,20.3,957.0,0.0
2023-12-11 22:00:00+07:00,29.2,20.4,1032.0,0.0
2023-12-11 23:00:00+07:00,29.2,20.4,1077.0,0.0
2023-12-12 00:00:00+07:00,28.8,20.1,1104.0,0.0
2023-12-12 01:00:00+07:00,27.9,19.6,1103.0,0.0
2023-12-12 02:00:00+07:00,28.5,19.9,1056.0,0.0
2023-12-12 03:00:00+07:00,27.7,19.4,982.0,0.0
2023-12-12 04:00:00+07:00,26.4,18.5,923.0,0.0
2023-12-12 05:00:00+07:00,25.6,17.9,904.0,0.0
2023-12-12 06:00:00+07:00,24.8,17.3,899.0,0.0
2023-12-12 07:00:00+07:00,21.7,15.2,810.0,0.0
2023-12-12 08:00:00+07:00,24.6,17.2,785.0,0.0
2023-12-12 09:00:00+07:00,28.9,20.1,748.0,0.0
2023-12-12 10:00:00+07:00,39.5,27.6,695.0,0.0
2023-12-12 11:00:00+07:00,43.4,30.4,614.0,0.0
2023-12-12 12:00:00+07:00,39.3,27.4,518.0,0.0
2023-12-12 13:00:00+07:00,36.3,25.4,445.0,0.0
2023-12-12 14:00:00+07:00,34.2,23.9,387.0,0.0
2023-12-12 15:00:00+07:00,33.4,23.3,352.0,0.0
2023-12-12 16:00:00+07:00,32.9,23.1,401.0,0.0
2023-12-12 17:00:00+07:00,33.6,23.5,595.0,0.0
2023-12-12 18:00:00+07:00,38.1,26.5,873.0,0.0
2023-12-12 19:00:00+07:00,39.8,27.8,1145.0,0.0
2023-12-12 20:00:00+07:00,44.8,31.3,1267.0,0.0
2023-12-12 21:00:00+07:00,46.2,32.2,1433.0,0.0
2023-12-12 22:00:00+07:00,46.1,32.2,1543.0,0.0
2023-12-12 23:00:00+07:00,45.3,31.7,1554.0,0.0
2023-12-13 00:00:00+07:00,42.7,29.8,1509.0,0.0
2023-12-13 01:00:00+07:00,38.6,27.0,1439.0,0.0
2023-12-13 02:00:00+07:00,34.3,24.0,1342.0,0.0
2023-12-13 03:00:00+07:00,30.7,21.5,1219.0,0.0
2023-12-13 04:00:00+07:00,28.1,19.6,1111.0,0.0
2023-12-13 05:00:00+07:00,26.3,18.3,1032.0,0.0
2023-12-13 06:00:00+07:00,25.4,17.8,967.0,0.0
2023-12-13 07:00:00+07:00,25.6,17.9,1080.0,0.0
2023-12-13 08:00:00+07:00,31.1,21.8,1021.0,0.0
2023-12-13 09:00:00+07:00,41.2,28.8,934.0,0.0
2023-12-13 10:00:00+07:00,49.8,34.8,828.0,0.0
2023-12-13 11:00:00+07:00,48.8,34.1,685.0,0.0
2023-12-13 12:00:00+07:00,44.9,31.3,522.0,0.0
2023-12-13 13:00:00+07:00,43.4,30.2,402.0,0.0
2023-12-13 14:00:00+07:00,40.3,28.1,327.0,0.0
2023-12-13 15:00:00+07:00,38.5,26.8,293.0,0.0
2023-12-13 16:00:00+07:00,36.7,25.6,357.0,0.0
2023-12-13 17:00:00+07:00,37.3,25.9,585.0,0.0
2023-12-13 18:00:00+07:00,43.5,30.4,910.0,0.0
2023-12-13 19:00:00+07:00,42.7,33.4,1085.0,0.0
2023-12-13 20:00:00+07:00,44.8,34.7,1130.0,0.0
2023-12-13 21:00:00+07:00,43.4,34.5,1191.0,0.0
2023-12-13 22:00:00+07:00,41.1,33.6,1233.0,0.0
2023-12-13 23:00:00+07:00,39.5,32.5,1241.0,0.0
2023-12-14 00:00:00+07:00,37.5,30.5,1230.0,0.0
2023-12-14 01:00:00+07:00,34.7,28.1,1205.0,0.0
2023-12-14 02:00:00+07:00,31.8,25.8,1157.0,0.0
2023-12-14 03:00:00+07:00,29.4,24.0,1096.0,0.0
2023-12-14 04:00:00+07:00,27.8,22.6,1059.0,0.0
2023-12-14 05:00:00+07:00,26.7,21.7,1078.0,0.0
2023-12-14 06:00:00+07:00,26.3,21.4,1121.0,0.0
2023-12-14 07:00:00+07:00,33.3,25.6,1067.0,0.0
2023-12-14 08:00:00+07:00,40.9,29.0,959.0,0.0
2023-12-14 09:00:00+07:00,46.2,35.4,806.0,0.0
2023-12-14 10:00:00+07:00,42.7,36.7,658.0,0.0
2023-12-14 11:00:00+07:00,30.3,28.9,520.0,0.0
2023-12-14 12:00:00+07:00,26.3,22.1,386.0,0.0
2023-12-14 13:00:00+07:00,24.4,19.1,290.0,0.0
2023-12-14 14:00:00+07:00,23.5,17.4,219.0,0.0
2023-12-14 15:00:00+07:00,22.5,15.8,185.0,0.0
2023-12-14 16:00:00+07:00,21.8,14.7,264.0,0.0
2023-12-14 17:00:00+07:00,25.6,17.3,542.0,0.0
2023-12-14 18:00:00+07:00,35.4,24.4,931.0,0.0
2023-12-14 19:00:00+07:00,42.4,28.3,1043.0,0.0
2023-12-14 20:00:00+07:00,44.5,29.9,1119.0,0.0
2023-12-14 21:00:00+07:00,44.6,30.7,1222.0,0.0
2023-12-14 22:00:00+07:00,44.6,30.5,1298.0,0.0
2023-12-14 23:00:00+07:00,44.1,29.3,1325.0,0.0
2023-12-15 00:00:00+07:00,42.1,27.6,1324.0,0.0
2023-12-15 01:00:00+07:00,38.4,25.4,1298.0,0.0
2023-12-15 02:00:00+07:00,34.7,23.0,1231.0,0.0
2023-12-15 03:00:00+07:00,31.8,20.6,1138.0,0.0
2023-12-15 04:00:00+07:00,29.4,18.5,1069.0,0.0
2023-12-15 05:00:00+07:00,27.5,16.9,1059.0,0.0
2023-12-15 06:00:00+07:00,26.4,15.9,1073.0,0.0
2023-12-15 07:00:00+07:00,27.8,17.7,986.0,0.0
2023-12-15 08:00:00+07:00,32.7,21.2,889.0,0.0
2023-12-15 09:00:00+07:00,37.4,23.8,751.0,0.0
2023-12-15 10:00:00+07:00,40.2,25.4,619.0,0.0
2023-12-15 11:00:00+07:00,39.9,23.3,498.0,0.0
2023-12-15 12:00:00+07:00,37.1,20.8,384.0,0.0
2023-12-15 13:00:00+07:00,34.8,19.2,304.0,0.0
2023-12-15 14:00:00+07:00,34.9,18.2,252.0,0.0
2023-12-15 15:00:00+07:00,34.7,17.5,235.0,0.0
2023-12-15 16:00:00+07:00,35.0,17.4,305.0,0.0
2023-12-15 17:00:00+07:00,40.4,22.0,531.0,0.0
2023-12-15 18:00:00+07:00,46.9,26.8,845.0,0.0
2023-12-15 19:00:00+07:00,39.6,27.4,1139.0,0.0
2023-12-15 20:00:00+07:00,42.0,29.0,1200.0,0.0
2023-12-15 21:00:00+07:00,42.4,29.3,1282.0,0.0
2023-12-15 22:00:00+07:00,41.4,28.6,1334.0,0.0
2023-12-15 23:00:00+07:00,39.5,27.2,1334.0,0.0
2023-12-16 00:00:00+07:00,36.3,25.0,1303.0,0.0
2023-12-16 01:00:00+07:00,32.7,22.8,1254.0,0.0
2023-12-16 02:00:00+07:00,29.8,20.7,1178.0,0.0
2023-12-16 03:00:00+07:00,27.0,18.7,1083.0,0.0
2023-12-16 04:00:00+07:00,24.6,17.1,1012.0,0.0
2023-12-16 05:00:00+07:00,22.6,15.7,991.0,0.0
2023-12-16 06:00:00+07:00,21.2,14.7,993.0,0.0
2023-12-16 07:00:00+07:00,23.2,16.1,923.0,0.0
2023-12-16 08:00:00+07:00,28.6,19.9,849.0,0.0
2023-12-16 09:00:00+07:00,34.3,23.6,743.0,0.0
2023-12-16 10:00:00+07:00,34.7,23.7,632.0,0.0
2023-12-16 11:00:00+07:00,27.9,19.1,513.0,0.0
2023-12-16 12:00:00+07:00,23.4,16.0,390.0,0.0
2023-12-16 13:00:00+07:00,22.3,15.3,304.0,0.0
2023-12-16 14:00:00+07:00,22.9,15.7,252.0,0.0
2023-12-16 15:00:00+07:00,23.5,16.1,236.0,0.0
2023-12-16 16:00:00+07:00,24.3,16.7,309.0,0.0
2023-12-16 17:00:00+07:00,31.3,21.6,542.0,0.0
2023-12-16 18:00:00+07:00,39.1,27.1,864.0,0.0
2023-12-16 19:00:00+07:00,47.5,33.1,1322.0,0.0
2023-12-16 20:00:00+07:00,49.0,34.1,1315.0,0.0
2023-12-16 21:00:00+07:00,46.8,32.5,1302.0,0.0
2023-12-16 22:00:00+07:00,44.2,30.9,1269.0,0.0
2023-12-16 23:00:00+07:00,41.3,28.8,1207.0,0.0
2023-12-17 00:00:00+07:00,37.4,26.0,1125.0,0.0
2023-12-17 01:00:00+07:00,33.4,23.2,1034.0,0.0
2023-12-17 02:00:00+07:00,29.9,20.8,926.0,0.0
2023-12-17 03:00:00+07:00,27.1,18.7,809.0,0.0
2023-12-17 04:00:00+07:00,24.7,17.1,724.0,0.0
2023-12-17 05:00:00+07:00,22.9,15.8,695.0,0.0
2023-12-17 06:00:00+07:00,21.9,15.1,697.0,0.0
2023-12-17 07:00:00+07:00,24.7,17.2,637.0,0.0
2023-12-17 08:00:00+07:00,28.4,19.7,614.0,0.0
2023-12-17 09:00:00+07:00,30.5,21.1,580.0,0.0
2023-12-17 10:00:00+07:00,33.1,22.8,531.0,0.0
2023-12-17 11:00:00+07:00,32.4,22.3,453.0,0.0
2023-12-17 12:00:00+07:00,28.6,19.6,361.0,0.0
2023-12-17 13:00:00+07:00,28.0,19.0,298.0,0.0
2023-12-17 14:00:00+07:00,29.4,20.0,255.0,0.0
2023-12-17 15:00:00+07:00,30.3,20.7,241.0,0.0
2023-12-17 16:00:00+07:00,31.0,21.1,324.0,0.0
2023-12-17 17:00:00+07:00,34.8,23.9,583.0,0.0
2023-12-17 18:00:00+07:00,43.5,30.0,940.0,0.0
2023-12-17 19:00:00+07:00,50.6,34.9,1313.0,0.0
2023-12-17 20:00:00+07:00,52.4,36.1,1334.0,0.0
2023-12-17 21:00:00+07:00,50.5,34.8,1361.0,0.0
2023-12-17 22:00:00+07:00,48.5,33.4,1365.0,0.0
2023-12-17 23:00:00+07:00,46.2,31.8,1334.0,0.0
2023-12-18 00:00:00+07:00,43.0,29.5,1279.0,0.0
2023-12-18 01:00:00+07:00,38.9,26.8,1211.0,0.0
2023-12-18 02:00:00+07:00,35.5,24.6,1118.0,0.0
2023-12-18 03:00:00+07:00,32.7,22.7,1011.0,0.0
2023-12-18 04:00:00+07:00,30.4,21.2,931.0,0.0
2023-12-18 05:00:00+07:00,28.7,20.0,905.0,0.0
2023-12-18 06:00:00+07:00,27.9,19.4,906.0,0.0
2023-12-18 07:00:00+07:00,30.7,21.2,900.0,0.0
2023-12-18 08:00:00+07:00,37.6,26.0,885.0,0.0
2023-12-18 09:00:00+07:00,42.8,29.4,862.0,0.0
2023-12-18 10:00:00+07:00,50.1,34.5,806.0,0.0
2023-12-18 11:00:00+07:00,39.9,27.4,683.0,0.0
2023-12-18 12:00:00+07:00,35.0,24.0,527.0,0.0
2023-12-18 13:00:00+07:00,32.6,22.3,409.0,0.0
2023-12-18 14:00:00+07:00,30.7,21.0,329.0,0.0
2023-12-18 15:00:00+07:00,28.8,19.7,288.0,0.0
2023-12-18 16:00:00+07:00,27.6,18.9,362.0,0.0
2023-12-18 17:00:00+07:00,32.4,22.2,649.0,0.0
2023-12-18 18:00:00+07:00,43.0,29.6,1051.0,0.0
2023-12-18 19:00:00+07:00,55.3,38.3,1371.0,0.0
2023-12-18 20:00:00+07:00,58.0,40.2,1382.0,0.0
2023-12-18 21:00:00+07:00,55.5,38.4,1396.0,0.0
2023-12-18 22:00:00+07:00,52.6,36.4,1392.0,0.0
2023-12-18 23:00:00+07:00,49.2,34.1,1361.0,0.0
2023-12-19 00:00:00+07:00,45.2,31.3,1311.0,0.0
2023-12-19 01:00:00+07:00,41.0,28.5,1252.0,0.0
2023-12-19 02:00:00+07:00,37.7,26.2,1172.0,0.0
2023-12-19 03:00:00+07:00,35.0,24.4,1082.0,0.0
2023-12-19 04:00:00+07:00,32.9,22.9,1020.0,0.0
2023-12-19 05:00:00+07:00,31.3,21.8,1014.0,0.0
2023-12-19 06:00:00+07:00,31.2,21.7,1036.0,0.0
2023-12-19 07:00:00+07:00,30.4,21.2,949.0,0.0
2023-12-19 08:00:00+07:00,34.8,24.3,898.0,0.0
2023-12-19 09:00:00+07:00,40.2,27.8,825.0,0.0
2023-12-19 10:00:00+07:00,43.5,30.2,743.0,0.0
2023-12-19 11:00:00+07:00,35.0,24.2,646.0,0.0
2023-12-19 12:00:00+07:00,30.0,20.8,540.0,0.0
2023-12-19 13:00:00+07:00,29.1,20.1,461.0,0.0
2023-12-19 14:00:00+07:00,28.2,19.5,385.0,0.0
2023-12-19 15:00:00+07:00,27.2,18.8,335.0,0.0
2023-12-19 16:00:00+07:00,27.7,19.2,418.0,0.0
2023-12-19 17:00:00+07:00,32.9,22.8,752.0,0.0
2023-12-19 18:00:00+07:00,47.8,33.3,1218.0,0.0
2023-12-19 19:00:00+07:00,52.0,36.3,1564.0,0.0
2023-12-19 20:00:00+07:00,56.0,39.0,1666.0,0.0
2023-12-19 21:00:00+07:00,56.2,39.2,1801.0,0.0
2023-12-19 22:00:00+07:00,55.4,38.6,1865.0,0.0
2023-12-19 23:00:00+07:00,52.5,36.6,1800.0,0.0
2023-12-20 00:00:00+07:00,48.0,33.4,1664.0,0.0
2023-12-20 01:00:00+07:00,43.2,30.0,1520.0,0.0
2023-12-20 02:00:00+07:00,39.5,27.4,1376.0,0.0
2023-12-20 03:00:00+07:00,36.4,25.4,1225.0,0.0
2023-12-20 04:00:00+07:00,33.2,23.1,1110.0,0.0
2023-12-20 05:00:00+07:00,30.2,21.0,1065.0,0.0
2023-12-20 06:00:00+07:00,28.1,19.6,1057.0,0.0
2023-12-20 07:00:00+07:00,32.8,22.9,948.0,0.0
2023-12-20 08:00:00+07:00,38.1,26.6,876.0,0.0
2023-12-20 09:00:00+07:00,41.6,28.9,773.0,0.0
2023-12-20 10:00:00+07:00,39.7,27.5,670.0,0.0
2023-12-20 11:00:00+07:00,32.5,22.2,566.0,0.0
2023-12-20 12:00:00+07:00,27.3,18.5,461.0,1.0
2023-12-20 13:00:00+07:00,26.6,18.0,387.0,1.0
2023-12-20 14:00:00+07:00,27.1,18.3,322.0,1.0
2023-12-20 15:00:00+07:00,27.9,18.9,287.0,1.0
2023-12-20 16:00:00+07:00,29.1,19.8,376.0,1.0
2023-12-20 17:00:00+07:00,33.2,22.7,689.0,1.0
2023-12-20 18:00:00+07:00,45.3,31.2,1126.0,0.0
2023-12-20 19:00:00+07:00,54.0,37.4,1474.0,0.0
2023-12-20 20:00:00+07:00,55.1,38.1,1657.0,0.0
2023-12-20 21:00:00+07:00,52.7,36.4,1751.0,0.0
2023-12-20 22:00:00+07:00,51.1,35.3,1774.0,0.0
2023-12-20 23:00:00+07:00,49.2,34.0,1709.0,0.0
2023-12-21 00:00:00+07:00,45.4,31.3,1572.0,0.0
2023-12-21 01:00:00+07:00,41.6,28.6,1433.0,0.0
2023-12-21 02:00:00+07:00,38.5,26.5,1299.0,0.0
2023-12-21 03:00:00+07:00,35.5,24.4,1163.0,0.0
2023-12-21 04:00:00+07:00,32.2,22.2,1073.0,0.0
2023-12-21 05:00:00+07:00,29.3,20.2,1074.0,0.0
2023-12-21 06:00:00+07:00,28.2,19.4,1120.0,0.0
2023-12-21 07:00:00+07:00,24.2,16.8,946.0,0.0
2023-12-21 08:00:00+07:00,29.5,20.6,876.0,0.0
2023-12-21 09:00:00+07:00,28.1,19.6,778.0,0.0
2023-12-21 10:00:00+07:00,27.5,19.1,687.0,0.0
2023-12-21 11:00:00+07:00,24.7,17.1,610.0,0.0
2023-12-21 12:00:00+07:00,24.7,17.2,540.0,0.0
2023-12-21 13:00:00+07:00,25.7,17.8,492.0,0.0
2023-12-21 14:00:00+07:00,25.6,17.8,457.0,0.0
2023-12-21 15:00:00+07:00,25.9,18.0,444.0,0.0
2023-12-21 16:00:00+07:00,25.4,17.6,494.0,0.0
2023-12-21 17:00:00+07:00,25.5,17.8,637.0,0.0
2023-12-21 18:00:00+07:00,29.6,20.7,843.0,0.0
2023-12-21 19:00:00+07:00,36.0,25.0,1017.0,0.0
2023-12-21 20:00:00+07:00,39.1,27.2,1129.0,0.0
2023-12-21 21:00:00+07:00,40.0,27.9,1283.0,0.0
2023-12-21 22:00:00+07:00,40.7,28.3,1394.0,0.0
2023-12-21 23:00:00+07:00,40.5,28.2,1427.0,0.0
2023-12-22 00:00:00+07:00,38.0,26.4,1417.0,0.0
2023-12-22 01:00:00+07:00,34.0,23.7,1378.0,0.0
2023-12-22 02:00:00+07:00,31.1,21.7,1304.0,0.0
2023-12-22 03:00:00+07:00,29.0,20.3,1202.0,0.0
2023-12-22 04:00:00+07:00,26.0,18.2,1104.0,0.0
2023-12-22 05:00:00+07:00,23.6,16.5,1031.0,0.0
2023-12-22 06:00:00+07:00,23.5,16.5,962.0,0.0
2023-12-22 07:00:00+07:00,26.2,18.3,1102.0,0.0
2023-12-22 08:00:00+07:00,29.9,20.9,943.0,0.0
2023-12-22 09:00:00+07:00,26.5,18.5,723.0,0.0
2023-12-22 10:00:00+07:00,24.3,16.8,548.0,0.0
2023-12-22 11:00:00+07:00,23.6,16.3,464.0,0.0
2023-12-22 12:00:00+07:00,22.6,15.6,426.0,0.0
2023-12-22 13:00:00+07:00,21.7,15.0,398.0,0.0
2023-12-22 14:00:00+07:00,20.7,14.3,354.0,0.0
2023-12-22 15:00:00+07:00,19.7,13.5,322.0,0.0
2023-12-22 16:00:00+07:00,19.8,13.6,348.0,0.0
2023-12-22 17:00:00+07:00,20.5,14.1,478.0,0.0
2023-12-22 18:00:00+07:00,24.9,17.2,668.0,0.0
2023-12-22 19:00:00+07:00,27.1,18.7,761.0,0.0
2023-12-22 20:00:00+07:00,29.5,20.4,814.0,0.0
2023-12-22 21:00:00+07:00,29.6,20.5,885.0,0.0
2023-12-22 22:00:00+07:00,29.4,20.3,929.0,0.0
2023-12-22 23:00:00+07:00,29.0,20.1,924.0,0.0
2023-12-23 00:00:00+07:00,27.9,19.3,891.0,0.0
2023-12-23 01:00:00+07:00,26.1,18.2,845.0,0.0
2023-12-23 02:00:00+07:00,24.6,17.1,779.0,0.0
2023-12-23 03:00:00+07:00,23.2,16.2,700.0,0.0
2023-12-23 04:00:00+07:00,22.1,15.5,645.0,0.0
2023-12-23 05:00:00+07:00,21.3,14.9,640.0,0.0
2023-12-23 06:00:00+07:00,21.2,14.8,658.0,0.0
2023-12-23 07:00:00+07:00,22.6,15.9,654.0,0.0
2023-12-23 08:00:00+07:00,26.0,18.2,613.0,0.0
2023-12-23 09:00:00+07:00,29.8,20.4,557.0,0.0
2023-12-23 10:00:00+07:00,31.9,21.7,511.0,0.0
2023-12-23 11:00:00+07:00,32.2,21.8,489.0,0.0
2023-12-23 12:00:00+07:00,31.8,21.5,477.0,0.0
2023-12-23 13:00:00+07:00,30.4,20.5,465.0,0.0
2023-12-23 14:00:00+07:00,28.0,18.9,428.0,0.0
2023-12-23 15:00:00+07:00,24.6,16.5,391.0,0.0
2023-12-23 16:00:00+07:00,20.9,14.0,412.0,0.0
2023-12-23 17:00:00+07:00,18.9,12.7,544.0,0.0
2023-12-23 18:00:00+07:00,21.4,14.6,734.0,0.0
2023-12-23 19:00:00+07:00,24.9,17.0,825.0,0.0
2023-12-23 20:00:00+07:00,27.4,18.8,881.0,0.0
2023-12-23 21:00:00+07:00,26.7,18.3,956.0,0.0
2023-12-23 22:00:00+07:00,25.2,17.3,991.0,0.0
2023-12-23 23:00:00+07:00,23.5,16.1,956.0,0.0
2023-12-24 00:00:00+07:00,21.7,14.8,883.0,0.0
2023-12-24 01:00:00+07:00,19.7,13.5,806.0,0.0
2023-12-24 02:00:00+07:00,17.9,12.2,731.0,0.0
2023-12-24 03:00:00+07:00,16.4,11.2,653.0,0.0
2023-12-24 04:00:00+07:00,15.2,10.4,594.0,0.0
2023-12-24 05:00:00+07:00,14.3,9.7,572.0,0.0
2023-12-24 06:00:00+07:00,14.1,9.6,569.0,0.0
2023-12-24 07:00:00+07:00,15.5,10.6,557.0,0.0
2023-12-24 08:00:00+07:00,21.2,14.5,527.0,0.0
2023-12-24 09:00:00+07:00,25.4,17.3,486.0,0.0
2023-12-24 10:00:00+07:00,26.7,18.0,449.0,0.0
2023-12-24 11:00:00+07:00,26.5,17.8,421.0,0.0
2023-12-24 12:00:00+07:00,27.0,18.1,398.0,0.0
2023-12-24 13:00:00+07:00,27.0,18.1,382.0,0.0
2023-12-24 14:00:00+07:00,26.5,17.8,347.0,0.0
2023-12-24 15:00:00+07:00,25.8,17.3,321.0,0.0
2023-12-24 16:00:00+07:00,24.9,16.8,384.0,0.0
2023-12-24 17:00:00+07:00,25.0,16.8,624.0,0.0
2023-12-24 18:00:00+07:00,31.3,21.4,954.0,0.0
2023-12-24 19:00:00+07:00,29.8,20.5,1087.0,0.0
2023-12-24 20:00:00+07:00,31.4,21.6,1101.0,0.0
2023-12-24 21:00:00+07:00,29.5,20.3,1117.0,0.0
2023-12-24 22:00:00+07:00,27.6,19.0,1101.0,0.0
2023-12-24 23:00:00+07:00,25.6,17.5,1031.0,0.0
2023-12-25 00:00:00+07:00,23.1,15.8,931.0,0.0
2023-12-25 01:00:00+07:00,20.8,14.2,835.0,0.0
2023-12-25 02:00:00+07:00,18.9,12.8,751.0,0.0
2023-12-25 03:00:00+07:00,17.2,11.7,671.0,0.0
2023-12-25 04:00:00+07:00,15.8,10.8,615.0,0.0
2023-12-25 05:00:00+07:00,14.6,10.0,599.0,0.0
2023-12-25 06:00:00+07:00,14.1,9.7,606.0,0.0
2023-12-25 07:00:00+07:00,14.4,9.9,597.0,0.0
2023-12-25 08:00:00+07:00,18.9,13.1,562.0,0.0
2023-12-25 09:00:00+07:00,21.4,14.7,513.0,0.0
2023-12-25 10:00:00+07:00,24.6,16.8,473.0,0.0
2023-12-25 11:00:00+07:00,26.1,17.8,451.0,0.0
2023-12-25 12:00:00+07:00,27.8,18.9,437.0,0.0
2023-12-25 13:00:00+07:00,29.6,20.2,429.0,0.0
2023-12-25 14:00:00+07:00,30.0,20.5,401.0,0.0
2023-12-25 15:00:00+07:00,29.5,20.2,378.0,0.0
2023-12-25 16:00:00+07:00,30.3,20.7,432.0,0.0
2023-12-25 17:00:00+07:00,31.0,21.1,616.0,0.0
2023-12-25 18:00:00+07:00,36.2,24.9,876.0,0.0
2023-12-25 19:00:00+07:00,33.9,23.4,1095.0,0.0
2023-12-25 20:00:00+07:00,37.7,26.1,1282.0,0.0
2023-12-25 21:00:00+07:00,39.9,27.6,1537.0,0.0
2023-12-25 22:00:00+07:00,41.4,28.6,1704.0,0.0
2023-12-25 23:00:00+07:00,41.9,29.0,1713.0,0.0
2023-12-26 00:00:00+07:00,40.5,28.0,1635.0,0.0
2023-12-26 01:00:00+07:00,37.7,26.1,1529.0,0.0
2023-12-26 02:00:00+07:00,34.7,23.9,1393.0,0.0
2023-12-26 03:00:00+07:00,31.5,21.8,1228.0,0.0
2023-12-26 04:00:00+07:00,28.8,19.9,1100.0,0.0
2023-12-26 05:00:00+07:00,27.0,18.6,1047.0,0.0
2023-12-26 06:00:00+07:00,26.3,18.1,1031.0,0.0
2023-12-26 07:00:00+07:00,27.4,19.1,963.0,0.0
2023-12-26 08:00:00+07:00,33.3,23.2,907.0,0.0
2023-12-26 09:00:00+07:00,42.6,29.3,826.0,0.0
2023-12-26 10:00:00+07:00,45.6,31.3,746.0,0.0
2023-12-26 11:00:00+07:00,41.4,28.3,669.0,0.0
2023-12-26 12:00:00+07:00,41.2,28.2,593.0,0.0
2023-12-26 13:00:00+07:00,40.6,27.8,533.0,0.0
2023-12-26 14:00:00+07:00,39.0,26.8,461.0,0.0
2023-12-26 15:00:00+07:00,36.2,24.8,405.0,0.0
2023-12-26 16:00:00+07:00,35.3,24.2,472.0,0.0
2023-12-26 17:00:00+07:00,36.9,25.4,763.0,0.0
2023-12-26 18:00:00+07:00,47.4,32.7,1177.0,0.0
2023-12-26 19:00:00+07:00,45.5,31.7,1405.0,0.0
2023-12-26 20:00:00+07:00,51.5,35.7,1561.0,0.0
2023-12-26 21:00:00+07:00,52.9,36.8,1771.0,0.0
2023-12-26 22:00:00+07:00,52.9,36.8,1890.0,0.0
2023-12-26 23:00:00+07:00,50.8,35.3,1841.0,0.0
2023-12-27 00:00:00+07:00,46.8,32.6,1701.0,0.0
2023-12-27 01:00:00+07:00,42.3,29.3,1550.0,0.0
2023-12-27 02:00:00+07:00,38.0,26.4,1403.0,0.0
2023-12-27 03:00:00+07:00,33.9,23.5,1246.0,0.0
2023-12-27 04:00:00+07:00,29.8,20.7,1116.0,0.0
2023-12-27 05:00:00+07:00,26.3,18.2,1037.0,0.0
2023-12-27 06:00:00+07:00,23.7,16.5,987.0,0.0
2023-12-27 07:00:00+07:00,23.7,16.6,927.0,0.0
2023-12-27 08:00:00+07:00,29.5,20.7,862.0,0.0
2023-12-27 09:00:00+07:00,35.5,24.7,769.0,0.0
2023-12-27 10:00:00+07:00,36.1,25.0,679.0,0.0
2023-12-27 11:00:00+07:00,32.7,22.5,598.0,0.0
2023-12-27 12:00:00+07:00,31.0,21.3,520.0,0.0
2023-12-27 13:00:00+07:00,29.8,20.5,462.0,0.0
2023-12-27 14:00:00+07:00,28.6,19.8,404.0,0.0
2023-12-27 15:00:00+07:00,27.7,19.2,366.0,0.0
2023-12-27 16:00:00+07:00,27.5,19.0,425.0,0.0
2023-12-27 17:00:00+07:00,29.1,20.1,666.0,0.0
2023-12-27 18:00:00+07:00,37.5,26.0,1004.0,0.0
2023-12-27 19:00:00+07:00,48.2,33.5,1517.0,0.0
2023-12-27 20:00:00+07:00,51.1,35.5,1574.0,0.0
2023-12-27 21:00:00+07:00,48.9,34.0,1648.0,0.0
2023-12-27 22:00:00+07:00,44.7,31.1,1662.0,0.0
2023-12-27 23:00:00+07:00,41.7,29.0,1571.0,0.0
2023-12-28 00:00:00+07:00,38.5,26.8,1420.0,0.0
2023-12-28 01:00:00+07:00,34.5,24.0,1272.0,0.0
2023-12-28 02:00:00+07:00,30.4,21.1,1137.0,0.0
2023-12-28 03:00:00+07:00,26.8,18.7,1005.0,0.0
2023-12-28 04:00:00+07:00,24.2,16.9,908.0,0.0
2023-12-28 05:00:00+07:00,22.5,15.7,873.0,0.0
2023-12-28 06:00:00+07:00,21.8,15.3,874.0,0.0
2023-12-28 07:00:00+07:00,24.4,17.1,848.0,0.0
2023-12-28 08:00:00+07:00,32.1,22.5,796.0,0.0
2023-12-28 09:00:00+07:00,36.2,25.1,721.0,0.0
2023-12-28 10:00:00+07:00,35.2,24.4,644.0,0.0
2023-12-28 11:00:00+07:00,29.6,20.4,563.0,0.0
2023-12-28 12:00:00+07:00,26.8,18.5,480.0,0.0
2023-12-28 13:00:00+07:00,25.1,17.3,418.0,0.0
2023-12-28 14:00:00+07:00,23.6,16.3,356.0,0.0
2023-12-28 15:00:00+07:00,23.5,16.2,316.0,0.0
2023-12-28 16:00:00+07:00,24.0,16.5,389.0,0.0
2023-12-28 17:00:00+07:00,27.6,19.2,671.0,0.0
2023-12-28 18:00:00+07:00,39.0,27.1,1066.0,0.0
2023-12-28 19:00:00+07:00,51.8,36.0,1526.0,0.0
2023-12-28 20:00:00+07:00,55.4,38.5,1624.0,0.0
2023-12-28 21:00:00+07:00,54.9,38.2,1751.0,0.0
2023-12-28 22:00:00+07:00,52.3,36.4,1796.0,0.0
2023-12-28 23:00:00+07:00,48.9,34.0,1691.0,0.0
2023-12-29 00:00:00+07:00,43.7,30.4,1503.0,0.0
2023-12-29 01:00:00+07:00,37.7,26.2,1320.0,0.0
2023-12-29 02:00:00+07:00,32.4,22.6,1161.0,0.0
2023-12-29 03:00:00+07:00,28.3,19.8,1007.0,0.0
2023-12-29 04:00:00+07:00,25.4,17.8,892.0,0.0
2023-12-29 05:00:00+07:00,23.4,16.4,842.0,0.0
2023-12-29 06:00:00+07:00,22.4,15.6,831.0,0.0
2023-12-29 07:00:00+07:00,23.1,16.2,778.0,0.0
2023-12-29 08:00:00+07:00,29.9,21.0,731.0,0.0
2023-12-29 09:00:00+07:00,36.6,25.4,664.0,0.0
2023-12-29 10:00:00+07:00,34.8,24.1,589.0,0.0
2023-12-29 11:00:00+07:00,28.0,19.3,500.0,0.0
2023-12-29 12:00:00+07:00,24.2,16.6,404.0,0.0
2023-12-29 13:00:00+07:00,22.6,15.5,336.0,0.0
2023-12-29 14:00:00+07:00,22.8,15.6,278.0,0.0
2023-12-29 15:00:00+07:00,23.2,16.0,247.0,1.0
2023-12-29 16:00:00+07:00,24.7,16.9,337.0,1.0
2023-12-29 17:00:00+07:00,30.0,20.8,655.0,1.0
2023-12-29 18:00:00+07:00,41.1,28.6,1092.0,0.0
2023-12-29 19:00:00+07:00,51.2,35.7,1471.0,0.0
2023-12-29 20:00:00+07:00,54.0,37.6,1555.0,0.0
2023-12-29 21:00:00+07:00,52.6,36.7,1664.0,0.0
2023-12-29 22:00:00+07:00,50.4,35.0,1701.0,0.0
2023-12-29 23:00:00+07:00,47.8,33.3,1608.0,0.0
2023-12-30 00:00:00+07:00,43.5,30.3,1441.0,0.0
2023-12-30 01:00:00+07:00,38.0,26.4,1277.0,0.0
2023-12-30 02:00:00+07:00,33.3,23.2,1128.0,0.0
2023-12-30 03:00:00+07:00,29.4,20.5,981.0,0.0
2023-12-30 04:00:00+07:00,26.5,18.6,869.0,0.0
2023-12-30 05:00:00+07:00,24.4,17.1,817.0,0.0
2023-12-30 06:00:00+07:00,23.5,16.4,799.0,0.0
2023-12-30 07:00:00+07:00,25.7,18.0,734.0,0.0
2023-12-30 08:00:00+07:00,31.5,22.1,705.0,0.0
2023-12-30 09:00:00+07:00,41.3,28.7,661.0,1.0
2023-12-30 10:00:00+07:00,39.8,27.6,599.0,1.0
2023-12-30 11:00:00+07:00,33.2,22.9,503.0,1.0
2023-12-30 12:00:00+07:00,25.4,17.5,389.0,1.0
2023-12-30 13:00:00+07:00,22.6,15.5,306.0,1.0
2023-12-30 14:00:00+07:00,22.0,15.1,248.0,1.0
2023-12-30 15:00:00+07:00,21.9,15.1,221.0,1.0
2023-12-30 16:00:00+07:00,22.3,15.3,294.0,1.0
2023-12-30 17:00:00+07:00,26.5,18.3,546.0,1.0
2023-12-30 18:00:00+07:00,35.2,24.4,898.0,0.0
2023-12-30 19:00:00+07:00,42.5,29.7,1334.0,0.0
2023-12-30 20:00:00+07:00,44.8,31.3,1369.0,0.0
2023-12-30 21:00:00+07:00,44.8,31.3,1414.0,0.0
2023-12-30 22:00:00+07:00,45.1,31.4,1429.0,0.0
2023-12-30 23:00:00+07:00,44.1,30.7,1395.0,0.0
2023-12-31 00:00:00+07:00,41.1,28.7,1331.0,0.0
2023-12-31 01:00:00+07:00,36.8,25.7,1247.0,0.0
2023-12-31 02:00:00+07:00,32.1,22.5,1131.0,0.0
2023-12-31 03:00:00+07:00,27.8,19.4,995.0,0.0
2023-12-31 04:00:00+07:00,24.2,16.9,889.0,0.0
2023-12-31 05:00:00+07:00,21.6,15.1,841.0,0.0
2023-12-31 06:00:00+07:00,20.3,14.2,822.0,0.0
2023-12-31 07:00:00+07:00,19.6,13.8,773.0,0.0
2023-12-31 08:00:00+07:00,26.2,18.3,745.0,0.0
2023-12-31 09:00:00+07:00,32.1,22.4,702.0,0.0
2023-12-31 10:00:00+07:00,35.2,24.4,640.0,0.0
2023-12-31 11:00:00+07:00,33.3,23.1,541.0,0.0
2023-12-31 12:00:00+07:00,26.9,18.6,422.0,0.0
2023-12-31 13:00:00+07:00,22.8,15.7,335.0,0.0
2023-12-31 14:00:00+07:00,22.0,15.1,275.0,0.0
2023-12-31 15:00:00+07:00,21.8,15.0,246.0,1.0
2023-12-31 16:00:00+07:00,21.8,14.9,313.0,1.0
2023-12-31 17:00:00+07:00,27.4,19.0,546.0,1.0
2023-12-31 18:00:00+07:00,36.1,25.1,875.0,0.0
2023-12-31 19:00:00+07:00,37.6,26.3,1190.0,0.0
2023-12-31 20:00:00+07:00,39.9,27.9,1263.0,0.0
2023-12-31 21:00:00+07:00,40.4,28.2,1362.0,0.0
2023-12-31 22:00:00+07:00,41.1,28.7,1416.0,0.0
2023-12-31 23:00:00+07:00,41.1,28.8,1395.0,0.0
2024-01-01 00:00:00+07:00,38.9,27.1,1330.0,0.0
2024-01-01 01:00:00+07:00,35.3,24.6,1246.0,0.0
2024-01-01 02:00:00+07:00,31.9,22.2,1137.0,0.0
2024-01-01 03:00:00+07:00,28.9,20.1,1009.0,0.0
2024-01-01 04:00:00+07:00,26.1,18.2,908.0,0.0
2024-01-01 05:00:00+07:00,23.9,16.6,860.0,0.0
2024-01-01 06:00:00+07:00,22.5,15.7,840.0,0.0
2024-01-01 07:00:00+07:00,25.7,17.9,806.0,0.0
2024-01-01 08:00:00+07:00,31.2,21.8,770.0,0.0
2024-01-01 09:00:00+07:00,34.9,24.3,715.0,0.0
2024-01-01 10:00:00+07:00,36.9,25.7,642.0,0.0
2024-01-01 11:00:00+07:00,31.9,22.1,533.0,0.0
2024-01-01 12:00:00+07:00,23.2,16.0,406.0,1.0
2024-01-01 13:00:00+07:00,21.1,14.5,315.0,1.0
2024-01-01 14:00:00+07:00,21.7,15.0,258.0,1.0
2024-01-01 15:00:00+07:00,21.9,15.1,236.0,0.0
2024-01-01 16:00:00+07:00,21.5,14.8,306.0,0.0
2024-01-01 17:00:00+07:00,24.9,17.3,535.0,0.0
2024-01-01 18:00:00+07:00,34.0,23.7,855.0,0.0
2024-01-01 19:00:00+07:00,36.8,25.7,1124.0,0.0
2024-01-01 20:00:00+07:00,39.8,27.9,1216.0,0.0
2024-01-01 21:00:00+07:00,40.6,28.4,1341.0,0.0
2024-01-01 22:00:00+07:00,40.3,28.2,1424.0,0.0
2024-01-01 23:00:00+07:00,38.6,27.0,1433.0,0.0
2024-01-02 00:00:00+07:00,35.5,24.8,1400.0,0.0
2024-01-02 01:00:00+07:00,31.2,21.8,1340.0,0.0
2024-01-02 02:00:00+07:00,26.8,18.7,1242.0,0.0
2024-01-02 03:00:00+07:00,23.0,16.1,1119.0,0.0
2024-01-02 04:00:00+07:00,20.0,14.0,1020.0,0.0
2024-01-02 05:00:00+07:00,17.8,12.4,975.0,0.0
2024-01-02 06:00:00+07:00,16.5,11.5,956.0,0.0
2024-01-02 07:00:00+07:00,19.7,13.8,897.0,0.0
2024-01-02 08:00:00+07:00,25.1,17.6,848.0,0.0
2024-01-02 09:00:00+07:00,27.7,19.4,775.0,0.0
2024-01-02 10:00:00+07:00,29.7,20.7,681.0,0.0
2024-01-02 11:00:00+07:00,21.1,14.7,547.0,0.0
2024-01-02 12:00:00+07:00,14.0,9.7,392.0,0.0
2024-01-02 13:00:00+07:00,12.7,8.9,279.0,0.0
2024-01-02 14:00:00+07:00,12.2,8.5,205.0,0.0
2024-01-02 15:00:00+07:00,11.7,8.1,173.0,0.0
2024-01-02 16:00:00+07:00,11.4,7.9,251.0,0.0
2024-01-02 17:00:00+07:00,13.5,9.4,527.0,0.0
2024-01-02 18:00:00+07:00,25.1,17.5,913.0,0.0
2024-01-02 19:00:00+07:00,34.6,24.2,1301.0,0.0
2024-01-02 20:00:00+07:00,37.4,26.1,1377.0,0.0
2024-01-02 21:00:00+07:00,37.7,26.4,1477.0,0.0
2024-01-02 22:00:00+07:00,37.7,26.4,1527.0,0.0
2024-01-02 23:00:00+07:00,35.9,25.1,1489.0,0.0
2024-01-03 00:00:00+07:00,32.2,22.6,1400.0,0.0
2024-01-03 01:00:00+07:00,28.1,19.7,1292.0,0.0
2024-01-03 02:00:00+07:00,24.6,17.2,1159.0,0.0
2024-01-03 03:00:00+07:00,21.7,15.1,1006.0,0.0
2024-01-03 04:00:00+07:00,19.3,13.5,887.0,0.0
2024-01-03 05:00:00+07:00,17.6,12.3,828.0,0.0
2024-01-03 06:00:00+07:00,17.0,11.9,803.0,0.0
2024-01-03 07:00:00+07:00,17.3,12.1,764.0,0.0
2024-01-03 08:00:00+07:00,24.1,16.9,751.0,0.0
2024-01-03 09:00:00+07:00,32.0,22.4,728.0,0.0
2024-01-03 10:00:00+07:00,37.0,25.9,675.0,0.0
2024-01-03 11:00:00+07:00,30.6,21.4,562.0,0.0
2024-01-03 12:00:00+07:00,21.8,15.2,419.0,0.0
2024-01-03 13:00:00+07:00,20.6,14.4,316.0,0.0
2024-01-03 14:00:00+07:00,21.9,15.3,258.0,0.0
2024-01-03 15:00:00+07:00,22.2,15.5,241.0,0.0
2024-01-03 16:00:00+07:00,22.5,15.7,322.0,0.0
2024-01-03 17:00:00+07:00,26.3,18.3,576.0,0.0
2024-01-03 18:00:00+07:00,36.1,25.2,930.0,0.0
2024-01-03 19:00:00+07:00,41.7,29.2,1277.0,0.0
2024-01-03 20:00:00+07:00,46.6,32.6,1366.0,0.0
2024-01-03 21:00:00+07:00,47.1,32.9,1486.0,0.0
2024-01-03 22:00:00+07:00,46.3,32.5,1557.0,0.0
2024-01-03 23:00:00+07:00,44.6,31.2,1542.0,0.0
2024-01-04 00:00:00+07:00,41.3,28.9,1478.0,0.0
2024-01-04 01:00:00+07:00,36.9,25.8,1393.0,0.0
2024-01-04 02:00:00+07:00,32.5,22.7,1280.0,0.0
2024-01-04 03:00:00+07:00,28.8,20.1,1146.0,0.0
2024-01-04 04:00:00+07:00,26.1,18.2,1035.0,0.0
2024-01-04 05:00:00+07:00,24.4,17.1,968.0,0.0
2024-01-04 06:00:00+07:00,23.9,16.6,924.0,0.0
2024-01-04 07:00:00+07:00,29.0,20.3,876.0,0.0
2024-01-04 08:00:00+07:00,34.2,23.8,868.0,0.0
2024-01-04 09:00:00+07:00,36.4,25.4,850.0,0.0
2024-01-04 10:00:00+07:00,43.3,30.2,790.0,0.0
2024-01-04 11:00:00+07:00,31.8,22.0,649.0,0.0
2024-01-04 12:00:00+07:00,27.4,18.9,466.0,0.0
2024-01-04 13:00:00+07:00,25.7,17.7,330.0,0.0
2024-01-04 14:00:00+07:00,24.3,16.7,257.0,0.0
2024-01-04 15:00:00+07:00,23.2,15.9,230.0,0.0
2024-01-04 16:00:00+07:00,22.7,15.5,288.0,0.0
2024-01-04 17:00:00+07:00,23.6,16.1,486.0,0.0
2024-01-04 18:00:00+07:00,29.5,20.4,770.0,0.0
2024-01-04 19:00:00+07:00,30.6,21.2,931.0,0.0
2024-01-04 20:00:00+07:00,33.4,23.2,998.0,0.0
2024-01-04 21:00:00+07:00,33.5,23.3,1090.0,0.0
2024-01-04 22:00:00+07:00,32.7,22.7,1153.0,0.0
2024-01-04 23:00:00+07:00,31.7,21.9,1165.0,0.0
2024-01-05 00:00:00+07:00,29.7,20.6,1147.0,0.0
2024-01-05 01:00:00+07:00,27.2,18.9,1112.0,0.0
2024-01-05 02:00:00+07:00,24.5,16.9,1051.0,0.0
2024-01-05 03:00:00+07:00,21.9,15.1,973.0,0.0
2024-01-05 04:00:00+07:00,19.7,13.6,917.0,0.0
2024-01-05 05:00:00+07:00,18.3,12.6,914.0,0.0
2024-01-05 06:00:00+07:00,17.9,12.4,933.0,0.0
2024-01-05 07:00:00+07:00,20.8,14.3,870.0,0.0
2024-01-05 08:00:00+07:00,27.1,18.7,799.0,0.0
2024-01-05 09:00:00+07:00,27.4,18.9,698.0,0.0
2024-01-05 10:00:00+07:00,24.8,17.1,595.0,0.0
2024-01-05 11:00:00+07:00,20.2,13.8,488.0,0.0
2024-01-05 12:00:00+07:00,18.7,12.7,378.0,0.0
2024-01-05 13:00:00+07:00,18.5,12.6,300.0,0.0
2024-01-05 14:00:00+07:00,18.6,12.6,248.0,0.0
2024-01-05 15:00:00+07:00,18.5,12.5,228.0,0.0
2024-01-05 16:00:00+07:00,18.9,12.8,291.0,0.0
2024-01-05 17:00:00+07:00,20.3,13.9,495.0,0.0
2024-01-05 18:00:00+07:00,26.8,18.5,782.0,0.0
2024-01-05 19:00:00+07:00,29.2,20.3,983.0,0.0
2024-01-05 20:00:00+07:00,32.6,22.6,1065.0,0.0
2024-01-05 21:00:00+07:00,33.2,23.0,1177.0,0.0
2024-01-05 22:00:00+07:00,32.9,22.9,1256.0,0.0
2024-01-05 23:00:00+07:00,32.4,22.5,1278.0,0.0
2024-01-06 00:00:00+07:00,30.7,21.3,1267.0,0.0
2024-01-06 01:00:00+07:00,28.1,19.5,1234.0,0.0
2024-01-06 02:00:00+07:00,25.2,17.5,1169.0,0.0
2024-01-06 03:00:00+07:00,22.6,15.7,1082.0,0.0
2024-01-06 04:00:00+07:00,20.7,14.3,1018.0,0.0
2024-01-06 05:00:00+07:00,19.6,13.5,1003.0,0.0
2024-01-06 06:00:00+07:00,19.0,13.1,1009.0,0.0
2024-01-06 07:00:00+07:00,23.9,16.5,964.0,0.0
2024-01-06 08:00:00+07:00,30.3,20.9,895.0,0.0
2024-01-06 09:00:00+07:00,33.8,23.3,796.0,0.0
2024-01-06 10:00:00+07:00,32.5,22.3,690.0,0.0
2024-01-06 11:00:00+07:00,27.2,18.5,572.0,0.0
2024-01-06 12:00:00+07:00,27.1,18.5,447.0,0.0
2024-01-06 13:00:00+07:00,26.4,17.9,355.0,0.0
2024-01-06 14:00:00+07:00,25.6,17.3,287.0,0.0
2024-01-06 15:00:00+07:00,24.7,16.7,252.0,0.0
2024-01-06 16:00:00+07:00,23.3,15.7,314.0,0.0
2024-01-06 17:00:00+07:00,23.2,15.7,543.0,0.0
2024-01-06 18:00:00+07:00,30.2,20.6,870.0,0.0
2024-01-06 19:00:00+07:00,28.0,19.4,1071.0,0.0
2024-01-06 20:00:00+07:00,32.0,22.3,1172.0,0.0
2024-01-06 21:00:00+07:00,32.8,22.8,1309.0,0.0
2024-01-06 22:00:00+07:00,32.6,22.6,1396.0,0.0
2024-01-06 23:00:00+07:00,31.1,21.6,1390.0,0.0
2024-01-07 00:00:00+07:00,28.5,19.8,1335.0,0.0
2024-01-07 01:00:00+07:00,25.5,17.7,1269.0,0.0
2024-01-07 02:00:00+07:00,22.5,15.6,1196.0,0.0
2024-01-07 03:00:00+07:00,19.7,13.7,1113.0,0.0
2024-01-07 04:00:00+07:00,17.7,12.3,1055.0,0.0
2024-01-07 05:00:00+07:00,16.4,11.4,1052.0,0.0
2024-01-07 06:00:00+07:00,16.1,11.1,1073.0,0.0
2024-01-07 07:00:00+07:00,24.5,17.0,1055.0,0.0
2024-01-07 08:00:00+07:00,30.6,21.2,1011.0,0.0
2024-01-07 09:00:00+07:00,31.5,21.9,944.0,0.0
2024-01-07 10:00:00+07:00,34.0,23.5,849.0,0.0
2024-01-07 11:00:00+07:00,31.3,21.6,701.0,0.0
2024-01-07 12:00:00+07:00,28.9,19.8,524.0,0.0
2024-01-07 13:00:00+07:00,26.8,18.5,390.0,0.0
2024-01-07 14:00:00+07:00,23.9,16.4,306.0,0.0
2024-01-07 15:00:00+07:00,21.0,14.3,265.0,0.0
2024-01-07 16:00:00+07:00,19.7,13.4,312.0,0.0
2024-01-07 17:00:00+07:00,19.6,13.3,508.0,0.0
2024-01-07 18:00:00+07:00,24.5,16.8,793.0,0.0
2024-01-07 19:00:00+07:00,36.1,24.9,926.0,0.0
2024-01-07 20:00:00+07:00,38.8,26.8,992.0,0.0
2024-01-07 21:00:00+07:00,38.1,26.3,1082.0,0.0
2024-01-07 22:00:00+07:00,36.7,25.4,1134.0,0.0
2024-01-07 23:00:00+07:00,34.9,24.2,1118.0,0.0
2024-01-08 00:00:00+07:00,32.4,22.4,1065.0,0.0
2024-01-08 01:00:00+07:00,29.2,20.1,1010.0,0.0
2024-01-08 02:00:00+07:00,26.2,18.1,954.0,0.0
2024-01-08 03:00:00+07:00,23.7,16.4,895.0,0.0
2024-01-08 04:00:00+07:00,21.8,15.0,863.0,0.0
2024-01-08 05:00:00+07:00,20.5,14.1,894.0,0.0
2024-01-08 06:00:00+07:00,20.1,14.0,953.0,0.0
2024-01-08 07:00:00+07:00,27.6,19.2,957.0,0.0
2024-01-08 08:00:00+07:00,34.0,23.7,865.0,0.0
2024-01-08 09:00:00+07:00,35.9,24.8,735.0,0.0
2024-01-08 10:00:00+07:00,32.9,22.7,614.0,0.0
2024-01-08 11:00:00+07:00,29.1,20.0,511.0,0.0
2024-01-08 12:00:00+07:00,28.7,19.7,417.0,0.0
2024-01-08 13:00:00+07:00,28.8,19.7,346.0,0.0
2024-01-08 14:00:00+07:00,27.7,19.0,289.0,0.0
2024-01-08 15:00:00+07:00,26.0,17.8,255.0,0.0
2024-01-08 16:00:00+07:00,24.2,16.5,284.0,0.0
2024-01-08 17:00:00+07:00,23.5,16.1,413.0,0.0
2024-01-08 18:00:00+07:00,28.6,19.7,605.0,0.0
2024-01-08 19:00:00+07:00,24.3,16.9,964.0,0.0
2024-01-08 20:00:00+07:00,26.0,18.1,1038.0,0.0
2024-01-08 21:00:00+07:00,25.6,17.8,1138.0,0.0
2024-01-08 22:00:00+07:00,24.9,17.3,1207.0,0.0
2024-01-08 23:00:00+07:00,23.9,16.6,1219.0,0.0
2024-01-09 00:00:00+07:00,22.0,15.3,1200.0,0.0
2024-01-09 01:00:00+07:00,19.6,13.6,1165.0,0.0
2024-01-09 02:00:00+07:00,17.6,12.2,1105.0,0.0
2024-01-09 03:00:00+07:00,16.2,11.3,1029.0,0.0
2024-01-09 04:00:00+07:00,15.7,10.8,982.0,0.0
2024-01-09 05:00:00+07:00,15.4,10.7,1008.0,0.0
2024-01-09 06:00:00+07:00,15.8,10.9,1064.0,0.0
2024-01-09 07:00:00+07:00,20.5,14.3,1094.0,0.0
2024-01-09 08:00:00+07:00,27.5,19.2,1007.0,0.0
2024-01-09 09:00:00+07:00,30.0,20.8,882.0,0.0
2024-01-09 10:00:00+07:00,31.2,21.7,747.0,0.0
2024-01-09 11:00:00+07:00,26.1,18.0,597.0,0.0
2024-01-09 12:00:00+07:00,24.9,17.1,437.0,0.0
2024-01-09 13:00:00+07:00,24.4,16.7,319.0,0.0
2024-01-09 14:00:00+07:00,23.6,15.9,253.0,0.0
2024-01-09 15:00:00+07:00,22.1,15.0,227.0,0.0
2024-01-09 16:00:00+07:00,20.8,14.0,261.0,0.0
2024-01-09 17:00:00+07:00,20.4,13.7,385.0,0.0
2024-01-09 18:00:00+07:00,25.6,17.4,568.0,0.0
2024-01-09 19:00:00+07:00,21.7,15.1,886.0,0.0
2024-01-09 20:00:00+07:00,22.9,16.0,944.0,0.0
2024-01-09 21:00:00+07:00,22.5,15.7,1023.0,0.0
2024-01-09 22:00:00+07:00,22.3,15.5,1084.0,0.0
2024-01-09 23:00:00+07:00,21.9,15.3,1113.0,0.0
2024-01-10 00:00:00+07:00,20.5,14.3,1124.0,0.0
2024-01-10 01:00:00+07:00,18.5,12.9,1113.0,0.0
2024-01-10 02:00:00+07:00,16.6,11.6,1067.0,0.0
2024-01-10 03:00:00+07:00,15.3,10.7,999.0,0.0
2024-01-10 04:00:00+07:00,14.5,10.1,950.0,0.0
2024-01-10 05:00:00+07:00,13.9,9.7,948.0,0.0
2024-01-10 06:00:00+07:00,13.9,9.7,965.0,0.0
2024-01-10 07:00:00+07:00,15.7,10.9,950.0,0.0
2024-01-10 08:00:00+07:00,22.5,15.7,886.0,0.0
2024-01-10 09:00:00+07:00,24.8,17.2,793.0,0.0
2024-01-10 10:00:00+07:00,27.7,19.2,691.0,0.0
2024-01-10 11:00:00+07:00,27.0,18.6,574.0,0.0
2024-01-10 12:00:00+07:00,26.1,17.9,449.0,0.0
2024-01-10 13:00:00+07:00,25.7,17.6,354.0,0.0
2024-01-10 14:00:00+07:00,24.1,16.5,287.0,0.0
2024-01-10 15:00:00+07:00,22.6,15.4,251.0,0.0
2024-01-10 16:00:00+07:00,20.7,14.1,286.0,0.0
2024-01-10 17:00:00+07:00,20.3,13.7,444.0,0.0
2024-01-10 18:00:00+07:00,26.5,18.2,673.0,0.0
2024-01-10 19:00:00+07:00,26.6,18.5,922.0,0.0
2024-01-10 20:00:00+07:00,27.2,18.9,951.0,0.0
2024-01-10 21:00:00+07:00,26.0,18.0,991.0,0.0
2024-01-10 22:00:00+07:00,24.7,17.2,1027.0,0.0
2024-01-10 23:00:00+07:00,24.0,16.6,1060.0,0.0
2024-01-11 00:00:00+07:00,22.6,15.7,1089.0,0.0
2024-01-11 01:00:00+07:00,20.4,14.2,1094.0,0.0
2024-01-11 02:00:00+07:00,18.6,12.9,1054.0,0.0
2024-01-11 03:00:00+07:00,17.2,11.9,990.0,0.0
2024-01-11 04:00:00+07:00,16.4,11.3,947.0,0.0
2024-01-11 05:00:00+07:00,15.9,11.0,960.0,0.0
2024-01-11 06:00:00+07:00,15.6,10.8,994.0,0.0
2024-01-11 07:00:00+07:00,19.8,13.7,892.0,0.0
2024-01-11 08:00:00+07:00,26.7,18.5,852.0,0.0
2024-01-11 09:00:00+07:00,31.1,21.6,792.0,0.0
2024-01-11 10:00:00+07:00,34.5,23.9,705.0,0.0
2024-01-11 11:00:00+07:00,32.7,22.6,568.0,0.0
2024-01-11 12:00:00+07:00,30.4,20.8,406.0,0.0
2024-01-11 13:00:00+07:00,28.2,19.2,283.0,0.0
2024-01-11 14:00:00+07:00,26.0,17.6,212.0,0.0
2024-01-11 15:00:00+07:00,23.9,16.1,181.0,0.0
2024-01-11 16:00:00+07:00,22.4,15.1,223.0,0.0
2024-01-11 17:00:00+07:00,22.0,14.8,380.0,0.0
2024-01-11 18:00:00+07:00,29.3,20.0,610.0,0.0
2024-01-11 19:00:00+07:00,28.2,19.6,967.0,0.0
2024-01-11 20:00:00+07:00,29.6,20.5,1057.0,0.0
2024-01-11 21:00:00+07:00,29.3,20.4,1182.0,0.0
2024-01-11 22:00:00+07:00,29.0,20.2,1274.0,0.0
2024-01-11 23:00:00+07:00,28.4,19.7,1310.0,0.0
2024-01-12 00:00:00+07:00,26.5,18.4,1313.0,0.0
2024-01-12 01:00:00+07:00,23.7,16.5,1291.0,0.0
2024-01-12 02:00:00+07:00,21.2,14.8,1228.0,0.0
2024-01-12 03:00:00+07:00,19.2,13.3,1138.0,0.0
2024-01-12 04:00:00+07:00,17.2,11.9,1074.0,0.0
2024-01-12 05:00:00+07:00,15.7,10.9,1073.0,0.0
2024-01-12 06:00:00+07:00,14.9,10.3,1098.0,0.0
2024-01-12 07:00:00+07:00,16.5,11.4,934.0,0.0
2024-01-12 08:00:00+07:00,23.9,16.6,915.0,0.0
2024-01-12 09:00:00+07:00,30.0,20.8,882.0,0.0
2024-01-12 10:00:00+07:00,39.5,27.4,807.0,0.0
2024-01-12 11:00:00+07:00,37.7,26.1,651.0,0.0
2024-01-12 12:00:00+07:00,31.4,21.7,453.0,0.0
2024-01-12 13:00:00+07:00,26.5,18.2,301.0,0.0
2024-01-12 14:00:00+07:00,21.4,14.7,216.0,0.0
2024-01-12 15:00:00+07:00,17.6,12.0,177.0,0.0
2024-01-12 16:00:00+07:00,15.3,10.4,215.0,0.0
2024-01-12 17:00:00+07:00,15.1,10.3,378.0,0.0
2024-01-12 18:00:00+07:00,21.7,15.0,618.0,0.0
2024-01-12 19:00:00+07:00,21.0,14.6,878.0,0.0
2024-01-12 20:00:00+07:00,22.5,15.7,939.0,0.0
2024-01-12 21:00:00+07:00,21.9,15.3,1023.0,0.0
2024-01-12 22:00:00+07:00,21.5,15.0,1090.0,0.0
2024-01-12 23:00:00+07:00,21.0,14.7,1132.0,0.0
2024-01-13 00:00:00+07:00,19.8,13.9,1157.0,0.0
2024-01-13 01:00:00+07:00,18.1,12.6,1152.0,0.0
2024-01-13 02:00:00+07:00,16.4,11.5,1097.0,0.0
2024-01-13 03:00:00+07:00,14.5,10.1,1013.0,0.0
2024-01-13 04:00:00+07:00,12.3,8.6,949.0,0.0
2024-01-13 05:00:00+07:00,10.8,7.6,932.0,0.0
2024-01-13 06:00:00+07:00,10.1,7.0,935.0,0.0
2024-01-13 07:00:00+07:00,13.8,9.7,821.0,0.0
2024-01-13 08:00:00+07:00,19.1,13.3,794.0,0.0
2024-01-13 09:00:00+07:00,25.8,18.0,752.0,0.0
2024-01-13 10:00:00+07:00,35.3,24.6,693.0,0.0
2024-01-13 11:00:00+07:00,42.5,29.6,602.0,0.0
2024-01-13 12:00:00+07:00,41.3,28.8,493.0,0.0
2024-01-13 13:00:00+07:00,38.8,27.0,405.0,0.0
2024-01-13 14:00:00+07:00,34.3,23.9,342.0,0.0
2024-01-13 15:00:00+07:00,30.0,20.8,301.0,0.0
2024-01-13 16:00:00+07:00,26.4,18.3,309.0,0.0
2024-01-13 17:00:00+07:00,24.0,16.7,393.0,0.0
2024-01-13 18:00:00+07:00,26.5,18.5,527.0,0.0
2024-01-13 19:00:00+07:00,19.0,13.3,748.0,0.0
2024-01-13 20:00:00+07:00,21.5,15.1,783.0,0.0
2024-01-13 21:00:00+07:00,22.3,15.6,831.0,0.0
2024-01-13 22:00:00+07:00,23.0,16.1,862.0,0.0
2024-01-13 23:00:00+07:00,24.5,17.1,870.0,0.0
2024-01-14 00:00:00+07:00,25.8,17.9,861.0,0.0
2024-01-14 01:00:00+07:00,25.1,17.5,819.0,0.0
2024-01-14 02:00:00+07:00,24.5,17.1,715.0,0.0
2024-01-14 03:00:00+07:00,20.8,14.5,579.0,0.0
2024-01-14 04:00:00+07:00,24.9,17.4,484.0,0.0
2024-01-14 05:00:00+07:00,27.4,19.1,470.0,0.0
2024-01-14 06:00:00+07:00,29.8,20.8,498.0,0.0
2024-01-14 07:00:00+07:00,30.6,21.3,566.0,0.0
2024-01-14 08:00:00+07:00,37.0,25.7,535.0,0.0
2024-01-14 09:00:00+07:00,48.5,33.6,491.0,0.0
2024-01-14 10:00:00+07:00,47.0,32.5,457.0,0.0
2024-01-14 11:00:00+07:00,41.0,28.3,443.0,0.0
2024-01-14 12:00:00+07:00,41.6,28.7,439.0,0.0
2024-01-14 13:00:00+07:00,39.9,27.5,432.0,0.0
2024-01-14 14:00:00+07:00,35.6,24.6,393.0,0.0
2024-01-14 15:00:00+07:00,32.6,22.5,351.0,0.0
2024-01-14 16:00:00+07:00,30.0,20.8,379.0,0.0
2024-01-14 17:00:00+07:00,29.2,20.2,526.0,0.0
2024-01-14 18:00:00+07:00,31.8,22.0,743.0,0.0
2024-01-14 19:00:00+07:00,32.9,22.9,1011.0,0.0
2024-01-14 20:00:00+07:00,35.7,24.9,1058.0,0.0
2024-01-14 21:00:00+07:00,34.7,24.2,1120.0,0.0
2024-01-14 22:00:00+07:00,32.2,22.5,1153.0,0.0
2024-01-14 23:00:00+07:00,30.5,21.2,1141.0,0.0
2024-01-15 00:00:00+07:00,27.7,19.3,1100.0,0.0
2024-01-15 01:00:00+07:00,24.7,17.2,1027.0,0.0
2024-01-15 02:00:00+07:00,19.1,13.3,900.0,0.0
2024-01-15 03:00:00+07:00,10.9,7.7,742.0,0.0
2024-01-15 04:00:00+07:00,9.1,6.3,622.0,0.0
2024-01-15 05:00:00+07:00,10.0,6.9,578.0,0.0
2024-01-15 06:00:00+07:00,7.5,5.2,572.0,0.0
2024-01-15 07:00:00+07:00,13.1,9.2,551.0,0.0
2024-01-15 08:00:00+07:00,17.8,12.4,549.0,0.0
2024-01-15 09:00:00+07:00,19.8,13.7,543.0,0.0
2024-01-15 10:00:00+07:00,24.3,16.7,522.0,0.0
2024-01-15 11:00:00+07:00,30.2,20.7,471.0,0.0
2024-01-15 12:00:00+07:00,29.9,20.4,404.0,0.0
2024-01-15 13:00:00+07:00,26.1,17.8,356.0,0.0
2024-01-15 14:00:00+07:00,25.1,17.1,317.0,0.0
2024-01-15 15:00:00+07:00,25.1,17.2,297.0,0.0
2024-01-15 16:00:00+07:00,27.2,18.6,356.0,0.0
2024-01-15 17:00:00+07:00,30.0,20.5,572.0,0.0
2024-01-15 18:00:00+07:00,35.7,24.6,867.0,0.0
2024-01-15 19:00:00+07:00,32.6,22.6,802.0,0.0
2024-01-15 20:00:00+07:00,32.1,22.4,808.0,0.0
2024-01-15 21:00:00+07:00,30.7,21.4,817.0,0.0
2024-01-15 22:00:00+07:00,29.6,20.5,826.0,0.0
2024-01-15 23:00:00+07:00,28.2,19.6,840.0,0.0
2024-01-16 00:00:00+07:00,27.2,19.0,854.0,0.0
2024-01-16 01:00:00+07:00,25.9,18.1,845.0,0.0
2024-01-16 02:00:00+07:00,23.7,16.6,795.0,0.0
2024-01-16 03:00:00+07:00,21.6,15.1,722.0,0.0
2024-01-16 04:00:00+07:00,19.8,13.9,661.0,0.0
2024-01-16 05:00:00+07:00,17.8,12.4,630.0,0.0
2024-01-16 06:00:00+07:00,16.2,11.3,610.0,0.0
2024-01-16 07:00:00+07:00,24.4,17.0,705.0,0.0
2024-01-16 08:00:00+07:00,25.4,17.8,677.0,0.0
2024-01-16 09:00:00+07:00,30.0,21.0,636.0,0.0
2024-01-16 10:00:00+07:00,34.3,23.7,582.0,0.0
2024-01-16 11:00:00+07:00,32.9,22.5,503.0,0.0
2024-01-16 12:00:00+07:00,29.4,20.0,412.0,0.0
2024-01-16 13:00:00+07:00,26.7,18.2,342.0,0.0
2024-01-16 14:00:00+07:00,24.3,16.5,304.0,0.0
2024-01-16 15:00:00+07:00,24.2,16.5,287.0,0.0
2024-01-16 16:00:00+07:00,24.4,16.6,299.0,0.0
2024-01-16 17:00:00+07:00,25.2,17.1,351.0,0.0
2024-01-16 18:00:00+07:00,25.0,17.1,431.0,0.0
2024-01-16 19:00:00+07:00,32.6,22.5,1054.0,0.0
2024-01-16 20:00:00+07:00,37.7,26.1,1213.0,0.0
2024-01-16 21:00:00+07:00,39.1,27.1,1429.0,0.0
2024-01-16 22:00:00+07:00,38.9,27.0,1566.0,0.0
2024-01-16 23:00:00+07:00,38.2,26.5,1573.0,0.0
2024-01-17 00:00:00+07:00,35.5,24.7,1501.0,0.0
2024-01-17 01:00:00+07:00,30.3,21.1,1367.0,0.0
2024-01-17 02:00:00+07:00,26.1,18.2,1132.0,0.0
2024-01-17 03:00:00+07:00,21.0,14.6,835.0,0.0
2024-01-17 04:00:00+07:00,17.6,12.2,607.0,0.0
2024-01-17 05:00:00+07:00,14.2,9.9,512.0,0.0
2024-01-17 06:00:00+07:00,11.8,8.2,485.0,0.0
2024-01-17 07:00:00+07:00,17.1,11.9,779.0,0.0
2024-01-17 08:00:00+07:00,20.0,13.9,716.0,0.0
2024-01-17 09:00:00+07:00,22.7,15.8,626.0,0.0
2024-01-17 10:00:00+07:00,26.4,18.2,539.0,0.0
2024-01-17 11:00:00+07:00,25.1,17.3,462.0,0.0
2024-01-17 12:00:00+07:00,22.4,15.5,387.0,0.0
2024-01-17 13:00:00+07:00,21.7,15.0,330.0,0.0
2024-01-17 14:00:00+07:00,19.8,13.7,269.0,0.0
2024-01-17 15:00:00+07:00,17.5,12.0,224.0,0.0
2024-01-17 16:00:00+07:00,15.1,10.4,270.0,0.0
2024-01-17 17:00:00+07:00,13.8,9.5,469.0,0.0
2024-01-17 18:00:00+07:00,19.1,13.2,758.0,0.0
2024-01-17 19:00:00+07:00,33.1,22.9,1084.0,0.0
2024-01-17 20:00:00+07:00,38.0,26.3,1242.0,0.0
2024-01-17 21:00:00+07:00,39.6,27.5,1460.0,0.0
2024-01-17 22:00:00+07:00,39.6,27.6,1617.0,0.0
2024-01-17 23:00:00+07:00,38.8,27.0,1663.0,0.0
2024-01-18 00:00:00+07:00,36.0,25.1,1649.0,0.0
2024-01-18 01:00:00+07:00,32.2,22.5,1607.0,0.0
2024-01-18 02:00:00+07:00,28.6,20.0,1536.0,0.0
2024-01-18 03:00:00+07:00,26.3,18.4,1436.0,0.0
2024-01-18 04:00:00+07:00,25.2,17.6,1348.0,0.0
2024-01-18 05:00:00+07:00,24.5,17.1,1293.0,0.0
2024-01-18 06:00:00+07:00,24.2,16.9,1249.0,0.0
2024-01-18 07:00:00+07:00,29.0,20.3,1176.0,0.0
2024-01-18 08:00:00+07:00,34.0,23.7,1099.0,0.0
2024-01-18 09:00:00+07:00,38.5,26.8,986.0,0.0
2024-01-18 10:00:00+07:00,46.0,31.8,849.0,0.0
2024-01-18 11:00:00+07:00,38.6,26.5,666.0,0.0
2024-01-18 12:00:00+07:00,33.4,22.8,458.0,0.0
2024-01-18 13:00:00+07:00,29.0,19.7,304.0,0.0
2024-01-18 14:00:00+07:00,24.6,16.6,220.0,0.0
2024-01-18 15:00:00+07:00,21.5,14.6,189.0,0.0
2024-01-18 16:00:00+07:00,19.4,13.1,241.0,0.0
2024-01-18 17:00:00+07:00,19.0,12.8,420.0,0.0
2024-01-18 18:00:00+07:00,28.2,19.3,682.0,0.0
2024-01-18 19:00:00+07:00,28.9,20.0,1070.0,0.0
2024-01-18 20:00:00+07:00,28.3,19.6,1127.0,0.0
2024-01-18 21:00:00+07:00,27.6,19.2,1208.0,0.0
2024-01-18 22:00:00+07:00,27.6,19.2,1277.0,0.0
2024-01-18 23:00:00+07:00,27.1,18.8,1334.0,0.0
2024-01-19 00:00:00+07:00,25.5,17.8,1379.0,0.0
2024-01-19 01:00:00+07:00,23.3,16.2,1384.0,0.0
2024-01-19 02:00:00+07:00,20.9,14.5,1319.0,0.0
2024-01-19 03:00:00+07:00,18.5,12.9,1212.0,0.0
2024-01-19 04:00:00+07:00,16.5,11.5,1124.0,0.0
2024-01-19 05:00:00+07:00,14.7,10.2,1082.0,0.0
2024-01-19 06:00:00+07:00,13.5,9.4,1057.0,0.0
2024-01-19 07:00:00+07:00,12.6,8.8,984.0,0.0
2024-01-19 08:00:00+07:00,19.9,13.9,924.0,0.0
2024-01-19 09:00:00+07:00,24.2,16.9,836.0,0.0
2024-01-19 10:00:00+07:00,27.2,19.0,723.0,0.0
2024-01-19 11:00:00+07:00,17.6,12.2,564.0,0.0
2024-01-19 12:00:00+07:00,15.0,10.3,382.0,0.0
2024-01-19 13:00:00+07:00,13.4,9.1,247.0,0.0
2024-01-19 14:00:00+07:00,11.6,7.8,171.0,0.0
2024-01-19 15:00:00+07:00,10.0,6.7,143.0,0.0
2024-01-19 16:00:00+07:00,9.1,6.1,199.0,0.0
2024-01-19 17:00:00+07:00,9.9,6.6,388.0,0.0
2024-01-19 18:00:00+07:00,19.6,13.4,661.0,0.0
2024-01-19 19:00:00+07:00,26.4,18.3,1062.0,0.0
2024-01-19 20:00:00+07:00,30.2,21.0,1199.0,0.0
2024-01-19 21:00:00+07:00,30.7,21.4,1385.0,0.0
2024-01-19 22:00:00+07:00,29.9,20.8,1496.0,0.0
2024-01-19 23:00:00+07:00,27.6,19.3,1472.0,0.0
2024-01-20 00:00:00+07:00,24.2,16.8,1373.0,0.0
2024-01-20 01:00:00+07:00,20.8,14.5,1264.0,0.0
2024-01-20 02:00:00+07:00,18.1,12.6,1152.0,0.0
2024-01-20 03:00:00+07:00,16.1,11.2,1029.0,0.0
2024-01-20 04:00:00+07:00,14.5,10.0,933.0,0.0
2024-01-20 05:00:00+07:00,13.2,9.2,891.0,0.0
2024-01-20 06:00:00+07:00,12.7,8.8,876.0,0.0
2024-01-20 07:00:00+07:00,17.8,12.3,842.0,0.0
2024-01-20 08:00:00+07:00,27.0,18.7,793.0,0.0
2024-01-20 09:00:00+07:00,34.7,24.0,720.0,0.0
2024-01-20 10:00:00+07:00,38.3,26.4,627.0,0.0
2024-01-20 11:00:00+07:00,30.7,21.1,495.0,0.0
2024-01-20 12:00:00+07:00,22.4,15.2,343.0,0.0
2024-01-20 13:00:00+07:00,19.4,13.1,232.0,0.0
2024-01-20 14:00:00+07:00,18.6,12.6,170.0,0.0
2024-01-20 15:00:00+07:00,17.3,11.7,150.0,0.0
2024-01-20 16:00:00+07:00,15.8,10.6,211.0,0.0
2024-01-20 17:00:00+07:00,16.0,10.8,408.0,0.0
2024-01-20 18:00:00+07:00,25.2,17.3,687.0,0.0
2024-01-20 19:00:00+07:00,23.3,16.4,1012.0,0.0
2024-01-20 20:00:00+07:00,24.6,17.2,1068.0,0.0
2024-01-20 21:00:00+07:00,23.7,16.6,1145.0,0.0
2024-01-20 22:00:00+07:00,23.1,16.2,1201.0,0.0
2024-01-20 23:00:00+07:00,22.7,15.9,1225.0,0.0
2024-01-21 00:00:00+07:00,21.0,14.6,1228.0,0.0
2024-01-21 01:00:00+07:00,18.5,13.0,1207.0,0.0
2024-01-21 02:00:00+07:00,16.2,11.4,1144.0,0.0
2024-01-21 03:00:00+07:00,14.5,10.2,1055.0,0.0
2024-01-21 04:00:00+07:00,13.2,9.3,989.0,0.0
2024-01-21 05:00:00+07:00,12.4,8.7,972.0,0.0
2024-01-21 06:00:00+07:00,12.0,8.4,976.0,0.0
2024-01-21 07:00:00+07:00,16.9,11.8,955.0,0.0
2024-01-21 08:00:00+07:00,24.3,16.9,910.0,0.0
2024-01-21 09:00:00+07:00,29.9,20.9,842.0,0.0
2024-01-21 10:00:00+07:00,32.1,22.4,744.0,0.0
2024-01-21 11:00:00+07:00,22.2,15.3,588.0,0.0
2024-01-21 12:00:00+07:00,21.8,14.9,402.0,0.0
2024-01-21 13:00:00+07:00,21.3,14.4,266.0,0.0
2024-01-21 14:00:00+07:00,20.5,13.8,202.0,0.0
2024-01-21 15:00:00+07:00,19.9,13.3,187.0,0.0
2024-01-21 16:00:00+07:00,19.7,13.1,236.0,0.0
2024-01-21 17:00:00+07:00,20.0,13.3,380.0,0.0
2024-01-21 18:00:00+07:00,26.4,17.9,588.0,0.0
2024-01-21 19:00:00+07:00,23.1,15.9,888.0,0.0
2024-01-21 20:00:00+07:00,25.0,17.3,985.0,0.0
2024-01-21 21:00:00+07:00,25.0,17.3,1118.0,0.0
2024-01-21 22:00:00+07:00,25.7,17.8,1214.0,0.0
2024-01-21 23:00:00+07:00,26.1,18.1,1246.0,0.0
2024-01-22 00:00:00+07:00,25.1,17.3,1240.0,0.0
2024-01-22 01:00:00+07:00,22.8,15.7,1200.0,0.0
2024-01-22 02:00:00+07:00,20.7,14.3,1107.0,0.0
2024-01-22 03:00:00+07:00,19.2,13.2,979.0,0.0
2024-01-22 04:00:00+07:00,17.6,12.1,883.0,0.0
2024-01-22 05:00:00+07:00,16.4,11.4,853.0,0.0
2024-01-22 06:00:00+07:00,16.2,11.3,855.0,0.0
2024-01-22 07:00:00+07:00,16.6,11.6,818.0,0.0
2024-01-22 08:00:00+07:00,25.2,17.6,772.0,0.0
2024-01-22 09:00:00+07:00,33.2,22.9,705.0,0.0
2024-01-22 10:00:00+07:00,36.6,25.1,624.0,0.0
2024-01-22 11:00:00+07:00,31.5,21.6,514.0,0.0
2024-01-22 12:00:00+07:00,26.8,18.3,390.0,1.0
2024-01-22 13:00:00+07:00,23.4,15.9,301.0,1.0
2024-01-22 14:00:00+07:00,22.9,15.4,247.0,1.0
2024-01-22 15:00:00+07:00,23.2,15.4,229.0,2.0
2024-01-22 16:00:00+07:00,23.2,15.5,297.0,2.0
2024-01-22 17:00:00+07:00,24.4,16.5,516.0,2.0
2024-01-22 18:00:00+07:00,32.8,22.6,822.0,1.0
2024-01-22 19:00:00+07:00,42.5,29.3,1095.0,1.0
2024-01-22 20:00:00+07:00,44.4,30.6,1153.0,1.0
2024-01-22 21:00:00+07:00,44.2,30.5,1234.0,1.0
2024-01-22 22:00:00+07:00,42.6,29.4,1292.0,1.0
2024-01-22 23:00:00+07:00,40.0,27.7,1317.0,1.0
2024-01-23 00:00:00+07:00,36.8,25.4,1321.0,0.0
2024-01-23 01:00:00+07:00,32.8,22.6,1292.0,0.0
2024-01-23 02:00:00+07:00,28.9,20.0,1208.0,0.0
2024-01-23 03:00:00+07:00,25.5,17.6,1093.0,0.0
2024-01-23 04:00:00+07:00,23.2,16.0,1004.0,0.0
2024-01-23 05:00:00+07:00,22.3,15.3,974.0,0.0
2024-01-23 06:00:00+07:00,22.5,15.4,971.0,0.0
2024-01-23 07:00:00+07:00,24.2,16.5,921.0,0.0
2024-01-23 08:00:00+07:00,31.9,21.9,911.0,0.0
2024-01-23 09:00:00+07:00,37.5,25.8,892.0,1.0
2024-01-23 10:00:00+07:00,42.6,29.1,832.0,1.0
2024-01-23 11:00:00+07:00,44.5,30.3,695.0,1.0
2024-01-23 12:00:00+07:00,40.2,27.3,518.0,1.0
2024-01-23 13:00:00+07:00,35.7,24.3,380.0,1.0
2024-01-23 14:00:00+07:00,28.9,19.6,310.0,1.0
2024-01-23 15:00:00+07:00,25.7,17.4,279.0,0.0
2024-01-23 16:00:00+07:00,24.2,16.4,287.0,0.0
2024-01-23 17:00:00+07:00,23.3,15.9,354.0,0.0
2024-01-23 18:00:00+07:00,24.7,17.0,459.0,0.0
2024-01-23 19:00:00+07:00,20.0,13.8,581.0,0.0
2024-01-23 20:00:00+07:00,19.2,13.2,561.0,0.0
2024-01-23 21:00:00+07:00,18.8,13.0,534.0,0.0
2024-01-23 22:00:00+07:00,19.3,13.3,525.0,0.0
2024-01-23 23:00:00+07:00,19.8,13.7,554.0,0.0
2024-01-24 00:00:00+07:00,19.7,13.7,599.0,0.0
2024-01-24 01:00:00+07:00,18.9,13.1,623.0,0.0
2024-01-24 02:00:00+07:00,18.0,12.5,595.0,0.0
2024-01-24 03:00:00+07:00,17.6,12.2,545.0,0.0
2024-01-24 04:00:00+07:00,17.5,12.0,521.0,0.0
2024-01-24 05:00:00+07:00,17.5,12.0,557.0,0.0
2024-01-24 06:00:00+07:00,17.5,12.0,620.0,0.0
2024-01-24 07:00:00+07:00,17.1,11.7,584.0,0.0
2024-01-24 08:00:00+07:00,21.6,15.0,581.0,0.0
2024-01-24 09:00:00+07:00,21.8,15.0,575.0,0.0
2024-01-24 10:00:00+07:00,22.6,15.7,566.0,0.0
2024-01-24 11:00:00+07:00,23.9,16.5,552.0,0.0
2024-01-24 12:00:00+07:00,25.1,17.4,534.0,0.0
2024-01-24 13:00:00+07:00,25.6,17.7,516.0,0.0
2024-01-24 14:00:00+07:00,24.7,17.1,491.0,0.0
2024-01-24 15:00:00+07:00,24.5,17.0,467.0,0.0
2024-01-24 16:00:00+07:00,24.3,16.8,470.0,0.0
2024-01-24 17:00:00+07:00,25.2,17.5,526.0,0.0
2024-01-24 18:00:00+07:00,27.5,19.0,610.0,0.0
2024-01-24 19:00:00+07:00,39.2,27.2,742.0,0.0
2024-01-24 20:00:00+07:00,40.7,28.2,728.0,0.0
2024-01-24 21:00:00+07:00,41.0,28.4,711.0,0.0
2024-01-24 22:00:00+07:00,39.9,27.6,712.0,0.0
2024-01-24 23:00:00+07:00,39.0,27.0,753.0,0.0
2024-01-25 00:00:00+07:00,38.1,26.4,812.0,0.0
2024-01-25 01:00:00+07:00,36.7,25.4,846.0,0.0
2024-01-25 02:00:00+07:00,35.5,24.6,824.0,0.0
2024-01-25 03:00:00+07:00,34.1,23.6,777.0,0.0
2024-01-25 04:00:00+07:00,33.4,23.2,754.0,0.0
2024-01-25 05:00:00+07:00,33.9,23.6,793.0,0.0
2024-01-25 06:00:00+07:00,34.0,23.6,856.0,0.0
2024-01-25 07:00:00+07:00,33.4,23.2,884.0,0.0
2024-01-25 08:00:00+07:00,39.9,27.8,813.0,0.0
2024-01-25 09:00:00+07:00,44.7,30.9,714.0,0.0
2024-01-25 10:00:00+07:00,48.8,33.5,631.0,0.0
2024-01-25 11:00:00+07:00,48.0,32.9,579.0,0.0
2024-01-25 12:00:00+07:00,43.8,30.0,543.0,0.0
2024-01-25 13:00:00+07:00,39.6,27.1,517.0,0.0
2024-01-25 14:00:00+07:00,53.2,36.4,491.0,0.0
2024-01-25 15:00:00+07:00,37.7,25.8,475.0,0.0
2024-01-25 16:00:00+07:00,34.0,23.3,492.0,0.0
2024-01-25 17:00:00+07:00,35.0,24.0,568.0,0.0
2024-01-25 18:00:00+07:00,34.6,23.8,676.0,0.0
2024-01-25 19:00:00+07:00,37.0,25.5,648.0,0.0
2024-01-25 20:00:00+07:00,36.1,25.0,636.0,0.0
2024-01-25 21:00:00+07:00,33.6,23.3,622.0,0.0
2024-01-25 22:00:00+07:00,31.9,22.2,627.0,0.0
2024-01-25 23:00:00+07:00,28.9,20.1,672.0,0.0
2024-01-26 00:00:00+07:00,29.3,20.4,736.0,0.0
2024-01-26 01:00:00+07:00,29.3,20.4,779.0,0.0
2024-01-26 02:00:00+07:00,26.1,18.2,779.0,0.0
2024-01-26 03:00:00+07:00,23.2,16.2,758.0,0.0
2024-01-26 04:00:00+07:00,18.0,12.6,741.0,0.0
2024-01-26 05:00:00+07:00,19.6,13.6,742.0,0.0
2024-01-26 06:00:00+07:00,23.5,16.3,748.0,0.0
2024-01-26 07:00:00+07:00,22.2,15.5,790.0,0.0
2024-01-26 08:00:00+07:00,25.6,17.9,718.0,0.0
2024-01-26 09:00:00+07:00,22.2,15.4,619.0,0.0
2024-01-26 10:00:00+07:00,19.5,13.6,547.0,0.0
2024-01-26 11:00:00+07:00,21.0,14.6,531.0,0.0
2024-01-26 12:00:00+07:00,24.3,16.8,541.0,0.0
2024-01-26 13:00:00+07:00,33.2,22.9,542.0,0.0
2024-01-26 14:00:00+07:00,24.3,16.8,511.0,0.0
2024-01-26 15:00:00+07:00,21.6,14.9,470.0,0.0
2024-01-26 16:00:00+07:00,20.6,14.2,456.0,0.0
2024-01-26 17:00:00+07:00,21.1,14.6,481.0,0.0
2024-01-26 18:00:00+07:00,23.1,15.9,533.0,0.0
2024-01-26 19:00:00+07:00,24.9,17.3,633.0,0.0
2024-01-26 20:00:00+07:00,25.1,17.5,659.0,0.0
2024-01-26 21:00:00+07:00,24.6,17.2,695.0,0.0
2024-01-26 22:00:00+07:00,23.7,16.5,730.0,0.0
2024-01-26 23:00:00+07:00,24.6,17.2,764.0,0.0
2024-01-27 00:00:00+07:00,25.8,18.0,797.0,0.0
2024-01-27 01:00:00+07:00,26.1,18.2,813.0,0.0
2024-01-27 02:00:00+07:00,26.0,18.1,801.0,0.0
2024-01-27 03:00:00+07:00,25.3,17.7,773.0,0.0
2024-01-27 04:00:00+07:00,25.0,17.4,746.0,0.0
2024-01-27 05:00:00+07:00,25.4,17.8,734.0,0.0
2024-01-27 06:00:00+07:00,26.0,18.2,723.0,0.0
2024-01-27 07:00:00+07:00,24.0,16.7,702.0,0.0
2024-01-27 08:00:00+07:00,24.4,16.9,649.0,0.0
2024-01-27 09:00:00+07:00,24.3,16.8,574.0,0.0
2024-01-27 10:00:00+07:00,24.3,16.8,510.0,0.0
2024-01-27 11:00:00+07:00,24.4,16.9,467.0,0.0
2024-01-27 12:00:00+07:00,23.9,16.4,435.0,0.0
2024-01-27 13:00:00+07:00,23.0,15.8,409.0,0.0
2024-01-27 14:00:00+07:00,22.7,15.6,376.0,0.0
2024-01-27 15:00:00+07:00,21.2,14.6,349.0,0.0
2024-01-27 16:00:00+07:00,19.1,13.1,366.0,0.0
2024-01-27 17:00:00+07:00,18.2,12.5,452.0,0.0
2024-01-27 18:00:00+07:00,21.0,14.4,581.0,0.0
2024-01-27 19:00:00+07:00,33.3,23.0,690.0,0.0
2024-01-27 20:00:00+07:00,32.9,22.8,722.0,0.0
2024-01-27 21:00:00+07:00,31.1,21.6,767.0,0.0
2024-01-27 22:00:00+07:00,30.2,21.0,808.0,0.0
2024-01-27 23:00:00+07:00,25.3,17.6,846.0,0.0
2024-01-28 00:00:00+07:00,22.6,15.8,881.0,0.0
2024-01-28 01:00:00+07:00,20.9,14.6,890.0,0.0
2024-01-28 02:00:00+07:00,19.2,13.4,854.0,0.0
2024-01-28 03:00:00+07:00,17.2,12.0,793.0,0.0
2024-01-28 04:00:00+07:00,16.5,11.5,746.0,0.0
2024-01-28 05:00:00+07:00,17.0,11.8,737.0,0.0
2024-01-28 06:00:00+07:00,19.6,13.6,741.0,0.0
2024-01-28 07:00:00+07:00,14.4,10.0,680.0,0.0
2024-01-28 08:00:00+07:00,12.7,8.8,659.0,0.0
2024-01-28 09:00:00+07:00,18.6,12.9,629.0,0.0
2024-01-28 10:00:00+07:00,21.8,15.1,591.0,0.0
2024-01-28 11:00:00+07:00,22.6,15.6,540.0,0.0
2024-01-28 12:00:00+07:00,21.3,14.7,483.0,0.0
2024-01-28 13:00:00+07:00,21.2,14.6,438.0,0.0
2024-01-28 14:00:00+07:00,21.4,14.7,411.0,0.0
2024-01-28 15:00:00+07:00,20.9,14.4,396.0,0.0
2024-01-28 16:00:00+07:00,19.3,13.2,402.0,0.0
2024-01-28 17:00:00+07:00,18.0,12.4,434.0,0.0
2024-01-28 18:00:00+07:00,18.7,12.9,486.0,0.0
2024-01-28 19:00:00+07:00,29.8,20.5,620.0,0.0
2024-01-28 20:00:00+07:00,33.3,23.0,758.0,0.0
2024-01-28 21:00:00+07:00,35.3,24.4,948.0,0.0
2024-01-28 22:00:00+07:00,35.4,24.4,1083.0,0.0
2024-01-28 23:00:00+07:00,34.6,24.0,1125.0,0.0
2024-01-29 00:00:00+07:00,32.8,22.9,1112.0,0.0
2024-01-29 01:00:00+07:00,29.3,20.4,1059.0,0.0
2024-01-29 02:00:00+07:00,25.0,17.5,943.0,0.0
2024-01-29 03:00:00+07:00,23.5,16.3,787.0,0.0
2024-01-29 04:00:00+07:00,19.0,13.2,668.0,0.0
2024-01-29 05:00:00+07:00,17.1,11.8,628.0,0.0
2024-01-29 06:00:00+07:00,16.1,11.2,625.0,0.0
2024-01-29 07:00:00+07:00,18.9,13.2,800.0,0.0
2024-01-29 08:00:00+07:00,25.0,17.2,714.0,0.0
2024-01-29 09:00:00+07:00,26.5,18.3,592.0,0.0
2024-01-29 10:00:00+07:00,25.4,17.6,488.0,0.0
2024-01-29 11:00:00+07:00,21.9,15.1,418.0,0.0
2024-01-29 12:00:00+07:00,18.5,12.7,364.0,1.0
2024-01-29 13:00:00+07:00,16.9,11.5,326.0,1.0
2024-01-29 14:00:00+07:00,15.4,10.5,294.0,1.0
2024-01-29 15:00:00+07:00,15.5,10.5,277.0,0.0
2024-01-29 16:00:00+07:00,15.2,10.3,306.0,0.0
2024-01-29 17:00:00+07:00,15.3,10.5,416.0,0.0
2024-01-29 18:00:00+07:00,17.2,11.8,571.0,0.0
2024-01-29 19:00:00+07:00,31.2,21.4,611.0,0.0
2024-01-29 20:00:00+07:00,31.8,21.8,633.0,0.0
2024-01-29 21:00:00+07:00,31.5,21.7,661.0,0.0
2024-01-29 22:00:00+07:00,32.0,22.1,664.0,0.0
2024-01-29 23:00:00+07:00,32.4,22.5,618.0,0.0
2024-01-30 00:00:00+07:00,30.0,20.9,547.0,0.0
2024-01-30 01:00:00+07:00,28.2,19.7,488.0,0.0
2024-01-30 02:00:00+07:00,26.7,18.7,454.0,0.0
2024-01-30 03:00:00+07:00,24.3,17.0,432.0,0.0
2024-01-30 04:00:00+07:00,20.9,14.6,421.0,0.0
2024-01-30 05:00:00+07:00,18.5,12.9,424.0,0.0
2024-01-30 06:00:00+07:00,16.9,11.8,437.0,0.0
2024-01-30 07:00:00+07:00,17.5,12.2,433.0,0.0
2024-01-30 08:00:00+07:00,18.8,13.1,439.0,0.0
2024-01-30 09:00:00+07:00,19.4,13.4,445.0,0.0
2024-01-30 10:00:00+07:00,23.4,16.1,438.0,0.0
2024-01-30 11:00:00+07:00,23.2,16.0,406.0,0.0
2024-01-30 12:00:00+07:00,21.4,14.6,362.0,0.0
2024-01-30 13:00:00+07:00,20.0,13.7,325.0,0.0
2024-01-30 14:00:00+07:00,19.2,13.1,292.0,0.0
2024-01-30 15:00:00+07:00,18.4,12.6,267.0,0.0
2024-01-30 16:00:00+07:00,16.3,11.1,286.0,0.0
2024-01-30 17:00:00+07:00,16.1,11.1,385.0,0.0
2024-01-30 18:00:00+07:00,18.4,12.7,528.0,0.0
2024-01-30 19:00:00+07:00,27.2,18.7,649.0,0.0
2024-01-30 20:00:00+07:00,27.1,18.7,635.0,0.0
2024-01-30 21:00:00+07:00,26.1,18.0,615.0,0.0
2024-01-30 22:00:00+07:00,25.1,17.3,603.0,0.0
2024-01-30 23:00:00+07:00,23.9,16.6,609.0,0.0
2024-01-31 00:00:00+07:00,22.4,15.7,622.0,0.0
2024-01-31 01:00:00+07:00,21.1,14.8,619.0,0.0
2024-01-31 02:00:00+07:00,20.1,14.1,584.0,0.0
2024-01-31 03:00:00+07:00,19.5,13.6,534.0,0.0
2024-01-31 04:00:00+07:00,21.9,15.3,493.0,0.0
2024-01-31 05:00:00+07:00,22.1,15.5,477.0,0.0
2024-01-31 06:00:00+07:00,22.0,15.4,471.0,0.0
2024-01-31 07:00:00+07:00,22.2,15.5,544.0,0.0
2024-01-31 08:00:00+07:00,23.5,16.4,483.0,0.0
2024-01-31 09:00:00+07:00,19.3,13.4,397.0,0.0
2024-01-31 10:00:00+07:00,15.8,11.0,325.0,0.0
2024-01-31 11:00:00+07:00,14.8,10.3,280.0,0.0
2024-01-31 12:00:00+07:00,12.4,8.6,248.0,0.0
2024-01-31 13:00:00+07:00,10.4,7.2,225.0,0.0
2024-01-31 14:00:00+07:00,9.1,6.2,188.0,0.0
2024-01-31 15:00:00+07:00,8.1,5.5,159.0,0.0
2024-01-31 16:00:00+07:00,7.7,5.2,201.0,0.0
2024-01-31 17:00:00+07:00,7.9,5.4,370.0,0.0
2024-01-31 18:00:00+07:00,13.3,9.2,609.0,0.0
2024-01-31 19:00:00+07:00,24.3,16.9,835.0,0.0
2024-01-31 20:00:00+07:00,25.9,18.0,899.0,0.0
2024-01-31 21:00:00+07:00,25.3,17.6,988.0,0.0
2024-01-31 22:00:00+07:00,24.6,17.1,1065.0,0.0
2024-01-31 23:00:00+07:00,24.6,17.1,1124.0,0.0
2024-02-01 00:00:00+07:00,23.7,16.5,1171.0,0.0
2024-02-01 01:00:00+07:00,22.2,15.5,1181.0,0.0
2024-02-01 02:00:00+07:00,20.4,14.2,1128.0,0.0
2024-02-01 03:00:00+07:00,18.5,12.9,1038.0,0.0
2024-02-01 04:00:00+07:00,16.6,11.6,965.0,0.0
2024-02-01 05:00:00+07:00,15.2,10.6,942.0,0.0
2024-02-01 06:00:00+07:00,14.4,10.1,936.0,0.0
2024-02-01 07:00:00+07:00,15.1,10.6,874.0,0.0
2024-02-01 08:00:00+07:00,25.8,18.0,799.0,0.0
2024-02-01 09:00:00+07:00,33.5,23.3,692.0,0.0
2024-02-01 10:00:00+07:00,33.4,23.1,580.0,0.0
2024-02-01 11:00:00+07:00,22.5,15.4,460.0,0.0
2024-02-01 12:00:00+07:00,19.4,13.2,334.0,0.0
2024-02-01 13:00:00+07:00,16.9,11.6,242.0,0.0
2024-02-01 14:00:00+07:00,14.7,10.1,185.0,0.0
2024-02-01 15:00:00+07:00,12.5,8.6,162.0,0.0
2024-02-01 16:00:00+07:00,10.8,7.4,202.0,0.0
2024-02-01 17:00:00+07:00,10.1,6.9,343.0,0.0
2024-02-01 18:00:00+07:00,14.5,10.0,548.0,0.0
2024-02-01 19:00:00+07:00,16.2,11.3,827.0,0.0
2024-02-01 20:00:00+07:00,20.1,14.1,957.0,0.0
2024-02-01 21:00:00+07:00,21.8,15.3,1136.0,0.0
2024-02-01 22:00:00+07:00,22.5,15.7,1265.0,0.0
2024-02-01 23:00:00+07:00,22.1,15.5,1306.0,0.0
2024-02-02 00:00:00+07:00,20.6,14.4,1296.0,0.0
2024-02-02 01:00:00+07:00,17.9,12.6,1248.0,0.0
2024-02-02 02:00:00+07:00,15.2,10.6,1144.0,0.0
2024-02-02 03:00:00+07:00,12.9,9.0,1002.0,0.0
2024-02-02 04:00:00+07:00,11.0,7.7,887.0,0.0
2024-02-02 05:00:00+07:00,9.7,6.8,831.0,0.0
2024-02-02 06:00:00+07:00,9.0,6.3,803.0,0.0
2024-02-02 07:00:00+07:00,12.3,8.6,762.0,0.0
2024-02-02 08:00:00+07:00,22.8,15.9,728.0,0.0
2024-02-02 09:00:00+07:00,33.9,23.7,677.0,0.0
2024-02-02 10:00:00+07:00,34.1,23.8,599.0,0.0
2024-02-02 11:00:00+07:00,22.2,15.5,470.0,0.0
2024-02-02 12:00:00+07:00,16.3,11.3,316.0,0.0
2024-02-02 13:00:00+07:00,13.6,9.3,201.0,0.0
2024-02-02 14:00:00+07:00,11.8,8.1,137.0,0.0
2024-02-02 15:00:00+07:00,10.9,7.4,113.0,0.0
2024-02-02 16:00:00+07:00,10.4,7.1,164.0,0.0
2024-02-02 17:00:00+07:00,10.7,7.2,334.0,0.0
2024-02-02 18:00:00+07:00,16.0,11.0,579.0,0.0
2024-02-02 19:00:00+07:00,17.6,12.3,871.0,0.0
2024-02-02 20:00:00+07:00,22.2,15.5,1046.0,0.0
2024-02-02 21:00:00+07:00,24.2,16.9,1283.0,0.0
2024-02-02 22:00:00+07:00,24.2,16.9,1435.0,0.0
2024-02-02 23:00:00+07:00,22.6,15.8,1430.0,0.0
2024-02-03 00:00:00+07:00,20.0,14.0,1339.0,0.0
2024-02-03 01:00:00+07:00,16.6,11.7,1227.0,0.0
2024-02-03 02:00:00+07:00,13.8,9.6,1100.0,0.0
2024-02-03 03:00:00+07:00,11.6,8.1,952.0,0.0
2024-02-03 04:00:00+07:00,10.0,7.0,834.0,0.0
2024-02-03 05:00:00+07:00,8.9,6.2,772.0,0.0
2024-02-03 06:00:00+07:00,8.3,5.8,740.0,0.0
2024-02-03 07:00:00+07:00,8.9,6.2,677.0,0.0
2024-02-03 08:00:00+07:00,23.3,16.3,649.0,0.0
2024-02-03 09:00:00+07:00,32.8,23.0,605.0,0.0
2024-02-03 10:00:00+07:00,29.8,20.8,542.0,0.0
2024-02-03 11:00:00+07:00,19.4,13.4,440.0,0.0
2024-02-03 12:00:00+07:00,19.7,13.3,317.0,1.0
2024-02-03 13:00:00+07:00,18.7,12.5,226.0,1.0
2024-02-03 14:00:00+07:00,17.1,11.4,169.0,1.0
2024-02-03 15:00:00+07:00,16.1,10.7,143.0,1.0
2024-02-03 16:00:00+07:00,16.2,10.7,194.0,1.0
2024-02-03 17:00:00+07:00,17.0,11.2,368.0,1.0
2024-02-03 18:00:00+07:00,22.6,15.3,618.0,0.0
2024-02-03 19:00:00+07:00,34.5,23.5,966.0,0.0
2024-02-03 20:00:00+07:00,39.7,27.2,1162.0,0.0
2024-02-03 21:00:00+07:00,40.9,28.0,1426.0,0.0
2024-02-03 22:00:00+07:00,38.8,26.5,1572.0,0.0
2024-02-03 23:00:00+07:00,34.7,23.6,1499.0,0.0
2024-02-04 00:00:00+07:00,31.4,21.1,1308.0,0.0
2024-02-04 01:00:00+07:00,29.2,19.5,1122.0,0.0
2024-02-04 02:00:00+07:00,27.6,18.3,970.0,0.0
2024-02-04 03:00:00+07:00,26.4,17.3,822.0,0.0
2024-02-04 04:00:00+07:00,25.6,16.6,708.0,0.0
2024-02-04 05:00:00+07:00,25.3,16.3,645.0,0.0
2024-02-04 06:00:00+07:00,25.9,16.6,614.0,0.0
2024-02-04 07:00:00+07:00,30.3,19.6,598.0,0.0
2024-02-04 08:00:00+07:00,42.3,27.8,588.0,0.0
2024-02-04 09:00:00+07:00,54.0,35.6,571.0,0.0
2024-02-04 10:00:00+07:00,61.7,40.3,530.0,1.0
2024-02-04 11:00:00+07:00,54.6,34.9,444.0,2.0
2024-02-04 12:00:00+07:00,47.7,30.3,336.0,3.0
2024-02-04 13:00:00+07:00,41.2,25.9,254.0,4.0
2024-02-04 14:00:00+07:00,36.4,22.8,199.0,4.0
2024-02-04 15:00:00+07:00,33.2,20.6,172.0,4.0
2024-02-04 16:00:00+07:00,31.2,19.4,223.0,4.0
2024-02-04 17:00:00+07:00,30.2,18.9,405.0,3.0
2024-02-04 18:00:00+07:00,37.8,24.8,666.0,2.0
2024-02-04 19:00:00+07:00,33.2,22.5,907.0,0.0
2024-02-04 20:00:00+07:00,35.4,24.0,1031.0,0.0
2024-02-04 21:00:00+07:00,35.3,24.0,1201.0,0.0
2024-02-04 22:00:00+07:00,34.9,23.8,1327.0,0.0
2024-02-04 23:00:00+07:00,34.2,23.4,1377.0,0.0
2024-02-05 00:00:00+07:00,32.2,22.0,1383.0,0.0
2024-02-05 01:00:00+07:00,29.2,19.8,1348.0,0.0
2024-02-05 02:00:00+07:00,26.0,17.6,1252.0,0.0
2024-02-05 03:00:00+07:00,23.5,15.8,1115.0,0.0
2024-02-05 04:00:00+07:00,21.4,14.3,1000.0,0.0
2024-02-05 05:00:00+07:00,19.6,13.1,935.0,0.0
2024-02-05 06:00:00+07:00,18.5,12.3,892.0,0.0
2024-02-05 07:00:00+07:00,21.9,14.5,791.0,0.0
2024-02-05 08:00:00+07:00,32.1,21.7,751.0,0.0
2024-02-05 09:00:00+07:00,44.4,30.2,692.0,0.0
2024-02-05 10:00:00+07:00,45.2,30.5,614.0,0.0
2024-02-05 11:00:00+07:00,34.8,23.2,500.0,1.0
2024-02-05 12:00:00+07:00,27.8,18.2,367.0,2.0
2024-02-05 13:00:00+07:00,24.0,15.3,268.0,3.0
2024-02-05 14:00:00+07:00,21.9,13.6,207.0,4.0
2024-02-05 15:00:00+07:00,20.4,12.4,181.0,6.0
2024-02-05 16:00:00+07:00,19.5,11.7,233.0,6.0
2024-02-05 17:00:00+07:00,19.4,11.8,409.0,5.0
2024-02-05 18:00:00+07:00,25.6,16.9,663.0,3.0
2024-02-05 19:00:00+07:00,29.2,20.1,963.0,1.0
2024-02-05 20:00:00+07:00,33.4,23.0,1101.0,1.0
2024-02-05 21:00:00+07:00,34.3,23.7,1291.0,1.0
2024-02-05 22:00:00+07:00,34.9,24.2,1428.0,1.0
2024-02-05 23:00:00+07:00,35.2,24.3,1473.0,1.0
2024-02-06 00:00:00+07:00,33.1,22.9,1466.0,1.0
2024-02-06 01:00:00+07:00,29.6,20.4,1421.0,1.0
2024-02-06 02:00:00+07:00,26.0,17.9,1324.0,1.0
2024-02-06 03:00:00+07:00,23.1,15.8,1189.0,1.0
2024-02-06 04:00:00+07:00,20.8,14.2,1075.0,1.0
2024-02-06 05:00:00+07:00,19.2,13.0,1009.0,1.0
2024-02-06 06:00:00+07:00,17.9,12.1,964.0,1.0
2024-02-06 07:00:00+07:00,17.1,11.6,842.0,1.0
2024-02-06 08:00:00+07:00,27.5,18.8,817.0,2.0
2024-02-06 09:00:00+07:00,41.4,28.3,777.0,3.0
2024-02-06 10:00:00+07:00,43.9,29.5,705.0,4.0
2024-02-06 11:00:00+07:00,38.4,25.2,572.0,6.0
2024-02-06 12:00:00+07:00,31.0,19.3,408.0,8.0
2024-02-06 13:00:00+07:00,26.8,15.9,286.0,10.0
2024-02-06 14:00:00+07:00,24.0,13.9,216.0,11.0
2024-02-06 15:00:00+07:00,21.7,12.2,187.0,12.0
2024-02-06 16:00:00+07:00,20.0,11.1,240.0,12.0
2024-02-06 17:00:00+07:00,19.0,11.0,422.0,10.0
2024-02-06 18:00:00+07:00,27.6,18.1,687.0,6.0
2024-02-06 19:00:00+07:00,30.4,20.7,971.0,2.0
2024-02-06 20:00:00+07:00,33.8,23.2,1122.0,2.0
2024-02-06 21:00:00+07:00,35.3,24.3,1327.0,1.0
2024-02-06 22:00:00+07:00,36.2,25.0,1467.0,1.0
2024-02-06 23:00:00+07:00,35.0,24.3,1490.0,1.0
2024-02-07 00:00:00+07:00,31.2,21.7,1446.0,1.0
2024-02-07 01:00:00+07:00,26.7,18.5,1370.0,1.0
2024-02-07 02:00:00+07:00,22.6,15.6,1251.0,1.0
2024-02-07 03:00:00+07:00,19.4,13.3,1099.0,1.0
2024-02-07 04:00:00+07:00,16.9,11.6,975.0,1.0
2024-02-07 05:00:00+07:00,15.1,10.2,909.0,1.0
2024-02-07 06:00:00+07:00,13.9,9.4,872.0,0.0
2024-02-07 07:00:00+07:00,27.6,18.3,817.0,4.0
2024-02-07 08:00:00+07:00,36.6,24.9,796.0,6.0
2024-02-07 09:00:00+07:00,51.2,34.3,761.0,9.0
2024-02-07 10:00:00+07:00,54.4,35.2,695.0,12.0
2024-02-07 11:00:00+07:00,47.4,28.6,569.0,15.0
2024-02-07 12:00:00+07:00,38.9,22.0,411.0,19.0
2024-02-07 13:00:00+07:00,34.1,18.9,292.0,21.0
2024-02-07 14:00:00+07:00,31.4,17.4,221.0,21.0
2024-02-07 15:00:00+07:00,28.7,15.8,188.0,19.0
2024-02-07 16:00:00+07:00,26.7,14.8,234.0,16.0
2024-02-07 17:00:00+07:00,25.1,14.6,403.0,12.0
2024-02-07 18:00:00+07:00,32.7,21.4,652.0,8.0
2024-02-07 19:00:00+07:00,35.2,24.4,966.0,1.0
2024-02-07 20:00:00+07:00,39.0,26.8,1128.0,1.0
2024-02-07 21:00:00+07:00,41.3,28.3,1348.0,2.0
2024-02-07 22:00:00+07:00,41.7,28.6,1495.0,2.0
2024-02-07 23:00:00+07:00,39.8,27.5,1511.0,2.0
2024-02-08 00:00:00+07:00,36.7,25.2,1454.0,1.0
2024-02-08 01:00:00+07:00,32.7,22.3,1360.0,1.0
2024-02-08 02:00:00+07:00,29.2,19.7,1219.0,1.0
2024-02-08 03:00:00+07:00,26.7,17.8,1042.0,2.0
2024-02-08 04:00:00+07:00,25.2,16.6,899.0,2.0
2024-02-08 05:00:00+07:00,24.7,16.1,821.0,2.0
2024-02-08 06:00:00+07:00,25.0,16.1,776.0,1.0
2024-02-08 07:00:00+07:00,24.7,15.8,813.0,2.0
2024-02-08 08:00:00+07:00,36.3,23.6,792.0,6.0
2024-02-08 09:00:00+07:00,54.5,35.0,759.0,11.0
2024-02-08 10:00:00+07:00,68.5,42.0,694.0,16.0
2024-02-08 11:00:00+07:00,62.6,36.0,569.0,19.0
2024-02-08 12:00:00+07:00,54.1,30.4,414.0,21.0
2024-02-08 13:00:00+07:00,47.8,27.0,296.0,22.0
2024-02-08 14:00:00+07:00,41.6,23.6,224.0,20.0
2024-02-08 15:00:00+07:00,36.8,21.1,190.0,17.0
2024-02-08 16:00:00+07:00,33.2,19.3,236.0,13.0
2024-02-08 17:00:00+07:00,30.7,18.7,410.0,9.0
2024-02-08 18:00:00+07:00,38.1,25.1,663.0,6.0
2024-02-08 19:00:00+07:00,42.6,28.9,1001.0,2.0
2024-02-08 20:00:00+07:00,43.0,29.0,1104.0,2.0
2024-02-08 21:00:00+07:00,41.4,28.2,1245.0,1.0
2024-02-08 22:00:00+07:00,39.1,26.7,1338.0,1.0
2024-02-08 23:00:00+07:00,36.3,24.7,1340.0,1.0
2024-02-09 00:00:00+07:00,33.4,22.8,1294.0,1.0
2024-02-09 01:00:00+07:00,31.1,21.1,1241.0,1.0
2024-02-09 02:00:00+07:00,29.5,19.8,1187.0,1.0
2024-02-09 03:00:00+07:00,28.4,19.1,1125.0,1.0
2024-02-09 04:00:00+07:00,27.5,18.5,1076.0,1.0
2024-02-09 05:00:00+07:00,27.0,18.0,1055.0,1.0
2024-02-09 06:00:00+07:00,26.8,17.9,1047.0,0.0
2024-02-09 07:00:00+07:00,26.9,17.8,1026.0,1.0
2024-02-09 08:00:00+07:00,37.7,25.3,1027.0,4.0
2024-02-09 09:00:00+07:00,52.5,35.0,1021.0,7.0
2024-02-09 10:00:00+07:00,68.5,44.9,961.0,10.0
2024-02-09 11:00:00+07:00,68.0,43.8,797.0,12.0
2024-02-09 12:00:00+07:00,60.1,38.2,578.0,13.0
2024-02-09 13:00:00+07:00,51.3,32.5,406.0,13.0
2024-02-09 14:00:00+07:00,43.0,27.0,310.0,13.0
2024-02-09 15:00:00+07:00,36.0,22.4,261.0,12.0
2024-02-09 16:00:00+07:00,31.5,19.6,273.0,10.0
2024-02-09 17:00:00+07:00,28.8,18.6,389.0,7.0
2024-02-09 18:00:00+07:00,31.3,21.3,567.0,4.0
2024-02-09 19:00:00+07:00,32.6,22.7,785.0,1.0
2024-02-09 20:00:00+07:00,31.3,21.7,751.0,1.0
2024-02-09 21:00:00+07:00,28.2,19.6,706.0,0.0
2024-02-09 22:00:00+07:00,25.7,17.9,683.0,0.0
2024-02-09 23:00:00+07:00,24.6,17.1,708.0,0.0
2024-02-10 00:00:00+07:00,23.7,16.5,756.0,0.0
2024-02-10 01:00:00+07:00,22.9,15.8,783.0,0.0
2024-02-10 02:00:00+07:00,21.9,15.1,765.0,0.0
2024-02-10 03:00:00+07:00,20.8,14.3,726.0,1.0
2024-02-10 04:00:00+07:00,20.5,14.1,701.0,1.0
2024-02-10 05:00:00+07:00,20.7,14.1,714.0,1.0
2024-02-10 06:00:00+07:00,20.9,14.2,742.0,2.0
2024-02-10 07:00:00+07:00,21.4,14.6,709.0,2.0
2024-02-10 08:00:00+07:00,29.2,20.0,667.0,5.0
2024-02-10 09:00:00+07:00,39.2,25.4,608.0,8.0
2024-02-10 10:00:00+07:00,45.2,29.3,551.0,10.0
2024-02-10 11:00:00+07:00,49.9,33.4,498.0,9.0
2024-02-10 12:00:00+07:00,50.5,34.2,447.0,5.0
2024-02-10 13:00:00+07:00,45.2,30.6,408.0,3.0
2024-02-10 14:00:00+07:00,40.7,27.5,379.0,2.0
2024-02-10 15:00:00+07:00,38.1,25.7,363.0,2.0
2024-02-10 16:00:00+07:00,36.8,25.0,373.0,2.0
2024-02-10 17:00:00+07:00,37.0,25.3,432.0,1.0
2024-02-10 18:00:00+07:00,37.8,25.9,519.0,1.0
2024-02-10 19:00:00+07:00,50.8,34.7,515.0,1.0
2024-02-10 20:00:00+07:00,50.3,34.3,522.0,1.0
2024-02-10 21:00:00+07:00,50.1,34.2,533.0,1.0
2024-02-10 22:00:00+07:00,49.5,33.8,550.0,1.0
2024-02-10 23:00:00+07:00,48.9,34.0,580.0,1.0
2024-02-11 00:00:00+07:00,49.9,34.7,615.0,0.0
2024-02-11 01:00:00+07:00,45.9,32.0,634.0,0.0
2024-02-11 02:00:00+07:00,46.1,32.1,621.0,0.0
2024-02-11 03:00:00+07:00,43.7,30.5,592.0,0.0
2024-02-11 04:00:00+07:00,44.4,31.1,569.0,0.0
2024-02-11 05:00:00+07:00,41.9,29.3,563.0,0.0
2024-02-11 06:00:00+07:00,34.8,24.4,564.0,0.0
2024-02-11 07:00:00+07:00,33.3,23.5,610.0,0.0
2024-02-11 08:00:00+07:00,44.2,30.9,603.0,0.0
2024-02-11 09:00:00+07:00,58.3,40.6,593.0,1.0
2024-02-11 10:00:00+07:00,71.5,49.4,579.0,1.0
2024-02-11 11:00:00+07:00,72.4,49.7,561.0,1.0
2024-02-11 12:00:00+07:00,68.5,47.0,540.0,1.0
2024-02-11 13:00:00+07:00,66.6,45.5,520.0,1.0
2024-02-11 14:00:00+07:00,64.0,43.7,485.0,1.0
2024-02-11 15:00:00+07:00,57.6,39.1,452.0,2.0
2024-02-11 16:00:00+07:00,54.5,36.9,473.0,2.0
2024-02-11 17:00:00+07:00,53.3,36.1,583.0,2.0
2024-02-11 18:00:00+07:00,52.7,35.9,747.0,1.0
2024-02-11 19:00:00+07:00,54.2,37.7,1222.0,1.0
2024-02-11 20:00:00+07:00,59.8,41.3,1355.0,1.0
2024-02-11 21:00:00+07:00,60.3,41.7,1538.0,1.0
2024-02-11 22:00:00+07:00,58.4,40.3,1665.0,1.0
2024-02-11 23:00:00+07:00,55.5,38.2,1691.0,1.0
2024-02-12 00:00:00+07:00,52.0,35.9,1662.0,1.0
2024-02-12 01:00:00+07:00,48.1,33.1,1610.0,1.0
2024-02-12 02:00:00+07:00,44.2,30.4,1533.0,1.0
2024-02-12 03:00:00+07:00,41.9,28.7,1434.0,1.0
2024-02-12 04:00:00+07:00,39.9,27.4,1352.0,1.0
2024-02-12 05:00:00+07:00,38.1,26.1,1309.0,1.0
2024-02-12 06:00:00+07:00,36.9,25.3,1283.0,1.0
2024-02-12 07:00:00+07:00,45.6,31.2,1240.0,1.0
2024-02-12 08:00:00+07:00,58.9,40.6,1171.0,1.0
2024-02-12 09:00:00+07:00,75.7,51.9,1070.0,2.0
2024-02-12 10:00:00+07:00,81.0,55.3,960.0,2.0
2024-02-12 11:00:00+07:00,75.2,51.1,834.0,2.0
2024-02-12 12:00:00+07:00,71.0,48.1,698.0,2.0
2024-02-12 13:00:00+07:00,67.5,45.6,592.0,2.0
2024-02-12 14:00:00+07:00,61.7,41.6,512.0,2.0
2024-02-12 15:00:00+07:00,57.0,38.4,462.0,3.0
2024-02-12 16:00:00+07:00,54.0,36.3,494.0,3.0
2024-02-12 17:00:00+07:00,52.4,35.3,656.0,2.0
2024-02-12 18:00:00+07:00,54.4,37.0,900.0,2.0
2024-02-12 19:00:00+07:00,47.7,32.9,1149.0,0.0
2024-02-12 20:00:00+07:00,52.2,36.0,1278.0,0.0
2024-02-12 21:00:00+07:00,52.0,35.9,1453.0,0.0
2024-02-12 22:00:00+07:00,49.7,34.2,1564.0,0.0
2024-02-12 23:00:00+07:00,46.2,31.9,1554.0,0.0
2024-02-13 00:00:00+07:00,41.7,28.8,1480.0,0.0
2024-02-13 01:00:00+07:00,36.9,25.4,1404.0,0.0
2024-02-13 02:00:00+07:00,32.8,22.5,1341.0,0.0
2024-02-13 03:00:00+07:00,29.5,20.3,1275.0,0.0
2024-02-13 04:00:00+07:00,27.1,18.6,1226.0,0.0
2024-02-13 05:00:00+07:00,26.0,17.8,1218.0,0.0
2024-02-13 06:00:00+07:00,25.3,17.4,1226.0,0.0
2024-02-13 07:00:00+07:00,27.2,18.7,1093.0,0.0
2024-02-13 08:00:00+07:00,37.5,25.8,993.0,0.0
2024-02-13 09:00:00+07:00,44.8,30.9,850.0,1.0
2024-02-13 10:00:00+07:00,44.2,30.3,714.0,1.0
2024-02-13 11:00:00+07:00,38.5,26.3,593.0,1.0
2024-02-13 12:00:00+07:00,34.1,22.9,479.0,2.0
2024-02-13 13:00:00+07:00,31.3,21.0,393.0,2.0
2024-02-13 14:00:00+07:00,28.6,19.1,327.0,2.0
2024-02-13 15:00:00+07:00,26.8,17.9,289.0,2.0
2024-02-13 16:00:00+07:00,26.1,17.3,330.0,2.0
2024-02-13 17:00:00+07:00,26.0,17.4,502.0,1.0
2024-02-13 18:00:00+07:00,30.6,20.9,752.0,1.0
2024-02-13 19:00:00+07:00,33.2,22.9,944.0,0.0
2024-02-13 20:00:00+07:00,35.3,24.4,1017.0,0.0
2024-02-13 21:00:00+07:00,35.0,24.3,1115.0,0.0
2024-02-13 22:00:00+07:00,33.8,23.4,1174.0,0.0
2024-02-13 23:00:00+07:00,31.5,21.8,1159.0,0.0
2024-02-14 00:00:00+07:00,28.9,20.0,1104.0,0.0
2024-02-14 01:00:00+07:00,26.0,18.0,1047.0,0.0
2024-02-14 02:00:00+07:00,23.3,16.1,993.0,0.0
2024-02-14 03:00:00+07:00,21.0,14.5,938.0,0.0
2024-02-14 04:00:00+07:00,19.3,13.3,904.0,0.0
2024-02-14 05:00:00+07:00,18.7,12.8,919.0,0.0
2024-02-14 06:00:00+07:00,18.7,12.8,956.0,0.0
2024-02-14 07:00:00+07:00,22.0,15.1,867.0,0.0
2024-02-14 08:00:00+07:00,31.2,21.5,809.0,0.0
2024-02-14 09:00:00+07:00,37.5,25.7,726.0,1.0
2024-02-14 10:00:00+07:00,36.7,24.9,632.0,1.0
2024-02-14 11:00:00+07:00,32.8,22.0,520.0,1.0
2024-02-14 12:00:00+07:00,29.4,19.4,398.0,2.0
2024-02-14 13:00:00+07:00,27.0,17.8,309.0,2.0
2024-02-14 14:00:00+07:00,25.7,16.9,250.0,2.0
2024-02-14 15:00:00+07:00,25.1,16.4,223.0,2.0
2024-02-14 16:00:00+07:00,24.6,16.1,279.0,2.0
2024-02-14 17:00:00+07:00,24.6,16.2,473.0,1.0
2024-02-14 18:00:00+07:00,30.7,20.7,750.0,1.0
2024-02-14 19:00:00+07:00,37.6,25.8,1109.0,0.0
2024-02-14 20:00:00+07:00,41.3,28.3,1215.0,0.0
2024-02-14 21:00:00+07:00,41.7,28.6,1361.0,0.0
2024-02-14 22:00:00+07:00,41.7,28.6,1466.0,0.0
2024-02-14 23:00:00+07:00,40.7,27.9,1496.0,0.0
2024-02-15 00:00:00+07:00,38.4,26.4,1485.0,0.0
2024-02-15 01:00:00+07:00,34.6,23.6,1449.0,0.0
2024-02-15 02:00:00+07:00,30.7,21.0,1381.0,0.0
2024-02-15 03:00:00+07:00,28.0,19.1,1287.0,0.0
2024-02-15 04:00:00+07:00,26.3,17.9,1206.0,0.0
2024-02-15 05:00:00+07:00,25.5,17.3,1157.0,0.0
2024-02-15 06:00:00+07:00,24.7,16.7,1120.0,0.0
2024-02-15 07:00:00+07:00,24.6,16.6,938.0,0.0
2024-02-15 08:00:00+07:00,35.7,24.5,895.0,0.0
2024-02-15 09:00:00+07:00,47.3,32.5,831.0,1.0
2024-02-15 10:00:00+07:00,48.3,33.2,750.0,1.0
2024-02-15 11:00:00+07:00,41.4,28.5,637.0,1.0
2024-02-15 12:00:00+07:00,33.9,23.2,506.0,1.0
2024-02-15 13:00:00+07:00,29.4,20.0,409.0,1.0
2024-02-15 14:00:00+07:00,28.2,19.2,342.0,1.0
2024-02-15 15:00:00+07:00,27.2,18.5,308.0,0.0
2024-02-15 16:00:00+07:00,26.4,17.9,363.0,0.0
2024-02-15 17:00:00+07:00,26.9,18.3,568.0,0.0
2024-02-15 18:00:00+07:00,34.3,23.6,861.0,0.0
2024-02-15 19:00:00+07:00,43.7,30.2,1180.0,0.0
2024-02-15 20:00:00+07:00,47.4,32.8,1263.0,0.0
2024-02-15 21:00:00+07:00,47.8,33.2,1375.0,0.0
2024-02-15 22:00:00+07:00,47.4,32.8,1445.0,0.0
2024-02-15 23:00:00+07:00,45.9,31.9,1440.0,0.0
2024-02-16 00:00:00+07:00,42.8,29.7,1393.0,0.0
2024-02-16 01:00:00+07:00,38.1,26.4,1327.0,0.0
2024-02-16 02:00:00+07:00,33.3,23.1,1239.0,0.0
2024-02-16 03:00:00+07:00,29.4,20.4,1132.0,0.0
2024-02-16 04:00:00+07:00,26.7,18.5,1045.0,0.0
2024-02-16 05:00:00+07:00,25.2,17.4,994.0,0.0
2024-02-16 06:00:00+07:00,24.4,16.9,963.0,0.0
2024-02-16 07:00:00+07:00,25.8,17.8,868.0,0.0
2024-02-16 08:00:00+07:00,33.1,22.9,856.0,0.0
2024-02-16 09:00:00+07:00,42.4,29.3,834.0,0.0
2024-02-16 10:00:00+07:00,47.6,32.8,780.0,0.0
2024-02-16 11:00:00+07:00,45.8,31.4,665.0,0.0
2024-02-16 12:00:00+07:00,37.7,25.9,519.0,1.0
2024-02-16 13:00:00+07:00,33.4,22.9,409.0,1.0
2024-02-16 14:00:00+07:00,31.5,21.6,346.0,1.0
2024-02-16 15:00:00+07:00,29.9,20.4,318.0,0.0
2024-02-16 16:00:00+07:00,28.2,19.3,358.0,0.0
2024-02-16 17:00:00+07:00,28.0,19.2,517.0,0.0
2024-02-16 18:00:00+07:00,32.1,22.1,744.0,0.0
2024-02-16 19:00:00+07:00,32.1,22.4,933.0,0.0
2024-02-16 20:00:00+07:00,32.7,22.8,894.0,0.0
2024-02-16 21:00:00+07:00,30.5,21.2,841.0,0.0
2024-02-16 22:00:00+07:00,28.6,19.8,802.0,0.0
2024-02-16 23:00:00+07:00,27.6,19.2,798.0,0.0
2024-02-17 00:00:00+07:00,26.5,18.5,808.0,0.0
2024-02-17 01:00:00+07:00,24.2,16.8,806.0,0.0
2024-02-17 02:00:00+07:00,21.9,15.2,770.0,0.0
2024-02-17 03:00:00+07:00,20.3,14.0,720.0,0.0
2024-02-17 04:00:00+07:00,19.4,13.4,693.0,0.0
2024-02-17 05:00:00+07:00,19.3,13.3,719.0,0.0
2024-02-17 06:00:00+07:00,19.8,13.6,768.0,0.0
2024-02-17 07:00:00+07:00,30.5,20.8,761.0,0.0
2024-02-17 08:00:00+07:00,36.3,24.9,719.0,0.0
2024-02-17 09:00:00+07:00,42.8,29.3,657.0,1.0
2024-02-17 10:00:00+07:00,45.3,30.7,583.0,1.0
2024-02-17 11:00:00+07:00,38.9,25.8,485.0,1.0
2024-02-17 12:00:00+07:00,32.0,21.1,374.0,1.0
2024-02-17 13:00:00+07:00,27.3,18.0,293.0,1.0
2024-02-17 14:00:00+07:00,23.9,15.8,245.0,1.0
2024-02-17 15:00:00+07:00,22.1,14.7,227.0,1.0
2024-02-17 16:00:00+07:00,21.3,14.2,272.0,1.0
2024-02-17 17:00:00+07:00,21.2,14.3,425.0,1.0
2024-02-17 18:00:00+07:00,27.4,18.7,640.0,0.0
2024-02-17 19:00:00+07:00,38.0,25.8,984.0,0.0
2024-02-17 20:00:00+07:00,37.8,25.9,1044.0,0.0
2024-02-17 21:00:00+07:00,33.2,22.8,1128.0,0.0
2024-02-17 22:00:00+07:00,28.5,19.5,1191.0,0.0
2024-02-17 23:00:00+07:00,25.6,17.5,1222.0,0.0
2024-02-18 00:00:00+07:00,23.5,16.1,1232.0,0.0
2024-02-18 01:00:00+07:00,21.4,14.6,1217.0,0.0
2024-02-18 02:00:00+07:00,19.4,13.1,1162.0,0.0
2024-02-18 03:00:00+07:00,17.6,11.8,1081.0,0.0
2024-02-18 04:00:00+07:00,16.2,10.9,1011.0,0.0
2024-02-18 05:00:00+07:00,15.3,10.2,967.0,0.0
2024-02-18 06:00:00+07:00,15.1,10.0,935.0,0.0
2024-02-18 07:00:00+07:00,15.1,10.1,845.0,0.0
2024-02-18 08:00:00+07:00,32.2,22.0,827.0,1.0
2024-02-18 09:00:00+07:00,46.3,31.5,795.0,1.0
2024-02-18 10:00:00+07:00,50.4,34.1,722.0,2.0
2024-02-18 11:00:00+07:00,36.4,23.9,567.0,2.0
2024-02-18 12:00:00+07:00,27.2,17.7,371.0,2.0
2024-02-18 13:00:00+07:00,22.0,14.3,226.0,2.0
2024-02-18 14:00:00+07:00,18.7,12.2,160.0,2.0
2024-02-18 15:00:00+07:00,16.9,11.0,146.0,1.0
2024-02-18 16:00:00+07:00,16.1,10.5,197.0,1.0
2024-02-18 17:00:00+07:00,16.0,10.5,346.0,1.0
2024-02-18 18:00:00+07:00,21.2,14.3,560.0,0.0
2024-02-18 19:00:00+07:00,20.7,14.4,881.0,0.0
2024-02-18 20:00:00+07:00,23.9,16.6,1006.0,0.0
2024-02-18 21:00:00+07:00,24.2,16.8,1176.0,0.0
2024-02-18 22:00:00+07:00,22.6,15.8,1296.0,0.0
2024-02-18 23:00:00+07:00,21.0,14.6,1324.0,0.0
2024-02-19 00:00:00+07:00,19.7,13.6,1301.0,0.0
2024-02-19 01:00:00+07:00,18.1,12.5,1252.0,0.0
2024-02-19 02:00:00+07:00,16.4,11.3,1172.0,0.0
2024-02-19 03:00:00+07:00,14.8,10.2,1066.0,0.0
2024-02-19 04:00:00+07:00,13.6,9.3,977.0,0.0
2024-02-19 05:00:00+07:00,12.8,8.7,924.0,0.0
2024-02-19 06:00:00+07:00,12.4,8.4,889.0,0.0
2024-02-19 07:00:00+07:00,16.4,11.1,806.0,0.0
2024-02-19 08:00:00+07:00,33.4,23.0,795.0,0.0
2024-02-19 09:00:00+07:00,47.4,32.7,773.0,1.0
2024-02-19 10:00:00+07:00,49.0,33.5,710.0,1.0
2024-02-19 11:00:00+07:00,38.1,25.7,566.0,1.0
2024-02-19 12:00:00+07:00,28.2,18.8,380.0,1.0
2024-02-19 13:00:00+07:00,23.9,15.9,243.0,1.0
2024-02-19 14:00:00+07:00,21.5,14.3,177.0,1.0
2024-02-19 15:00:00+07:00,20.0,13.2,159.0,1.0
2024-02-19 16:00:00+07:00,19.0,12.6,209.0,1.0
2024-02-19 17:00:00+07:00,18.9,12.5,369.0,1.0
2024-02-19 18:00:00+07:00,25.4,17.2,597.0,0.0
2024-02-19 19:00:00+07:00,23.5,16.4,934.0,0.0
2024-02-19 20:00:00+07:00,25.7,17.8,972.0,0.0
2024-02-19 21:00:00+07:00,23.3,16.2,1025.0,0.0
2024-02-19 22:00:00+07:00,20.4,14.1,1073.0,0.0
2024-02-19 23:00:00+07:00,19.4,13.4,1116.0,0.0
2024-02-20 00:00:00+07:00,19.2,13.2,1154.0,0.0
2024-02-20 01:00:00+07:00,18.3,12.5,1161.0,0.0
2024-02-20 02:00:00+07:00,17.1,11.6,1114.0,0.0
2024-02-20 03:00:00+07:00,16.0,10.8,1035.0,0.0
2024-02-20 04:00:00+07:00,15.1,10.2,972.0,0.0
2024-02-20 05:00:00+07:00,14.7,9.8,949.0,0.0
2024-02-20 06:00:00+07:00,14.7,9.9,940.0,0.0
2024-02-20 07:00:00+07:00,14.5,9.8,892.0,0.0
2024-02-20 08:00:00+07:00,29.7,20.4,835.0,0.0
2024-02-20 09:00:00+07:00,43.5,29.9,752.0,1.0
2024-02-20 10:00:00+07:00,45.6,31.2,651.0,1.0
2024-02-20 11:00:00+07:00,34.8,23.5,518.0,1.0
2024-02-20 12:00:00+07:00,28.9,19.6,367.0,0.0
2024-02-20 13:00:00+07:00,23.9,16.2,257.0,0.0
2024-02-20 14:00:00+07:00,20.3,13.7,200.0,0.0
2024-02-20 15:00:00+07:00,18.0,12.2,182.0,0.0
2024-02-20 16:00:00+07:00,16.7,11.3,225.0,0.0
2024-02-20 17:00:00+07:00,16.3,11.1,360.0,0.0
2024-02-20 18:00:00+07:00,19.8,13.6,556.0,0.0
2024-02-20 19:00:00+07:00,16.7,11.6,652.0,0.0
2024-02-20 20:00:00+07:00,18.3,12.7,718.0,0.0
2024-02-20 21:00:00+07:00,18.5,12.8,811.0,0.0
2024-02-20 22:00:00+07:00,19.5,13.5,901.0,0.0
2024-02-20 23:00:00+07:00,20.7,14.3,993.0,0.0
2024-02-21 00:00:00+07:00,21.7,15.0,1081.0,0.0
2024-02-21 01:00:00+07:00,21.2,14.6,1121.0,0.0
2024-02-21 02:00:00+07:00,20.3,13.9,1078.0,0.0
2024-02-21 03:00:00+07:00,19.3,13.2,986.0,0.0
2024-02-21 04:00:00+07:00,18.7,12.7,905.0,0.0
2024-02-21 05:00:00+07:00,18.2,12.3,863.0,0.0
2024-02-21 06:00:00+07:00,18.1,12.1,832.0,0.0
2024-02-21 07:00:00+07:00,18.5,12.3,733.0,0.0
2024-02-21 08:00:00+07:00,31.3,21.2,654.0,1.0
2024-02-21 09:00:00+07:00,42.6,28.6,542.0,2.0
2024-02-21 10:00:00+07:00,37.3,24.7,440.0,3.0
2024-02-21 11:00:00+07:00,27.7,18.0,356.0,3.0
2024-02-21 12:00:00+07:00,24.5,15.8,282.0,3.0
2024-02-21 13:00:00+07:00,22.7,14.6,230.0,3.0
2024-02-21 14:00:00+07:00,21.4,13.7,188.0,3.0
2024-02-21 15:00:00+07:00,20.6,13.2,167.0,3.0
2024-02-21 16:00:00+07:00,20.3,13.0,220.0,3.0
2024-02-21 17:00:00+07:00,20.5,13.3,397.0,2.0
2024-02-21 18:00:00+07:00,28.6,19.3,648.0,2.0
2024-02-21 19:00:00+07:00,33.6,23.3,1080.0,0.0
2024-02-21 20:00:00+07:00,36.1,25.1,1185.0,0.0
2024-02-21 21:00:00+07:00,35.5,24.7,1328.0,0.0
2024-02-21 22:00:00+07:00,34.9,24.3,1426.0,0.0
2024-02-21 23:00:00+07:00,34.6,24.0,1449.0,0.0
2024-02-22 00:00:00+07:00,31.7,22.0,1427.0,0.0
2024-02-22 01:00:00+07:00,27.1,18.7,1371.0,0.0
2024-02-22 02:00:00+07:00,23.0,15.9,1264.0,0.0
2024-02-22 03:00:00+07:00,20.3,13.9,1122.0,0.0
2024-02-22 04:00:00+07:00,18.5,12.6,1008.0,0.0
2024-02-22 05:00:00+07:00,17.5,11.8,951.0,0.0
2024-02-22 06:00:00+07:00,17.3,11.6,923.0,0.0
2024-02-22 07:00:00+07:00,26.9,18.0,818.0,0.0
2024-02-22 08:00:00+07:00,39.1,26.7,778.0,0.0
2024-02-22 09:00:00+07:00,50.3,34.2,718.0,0.0
2024-02-22 10:00:00+07:00,46.4,31.5,637.0,0.0
2024-02-22 11:00:00+07:00,36.8,24.3,517.0,1.0
2024-02-22 12:00:00+07:00,27.3,17.7,377.0,3.0
2024-02-22 13:00:00+07:00,25.6,16.4,274.0,4.0
2024-02-22 14:00:00+07:00,25.1,15.9,212.0,4.0
2024-02-22 15:00:00+07:00,24.4,15.4,187.0,4.0
2024-02-22 16:00:00+07:00,23.6,14.9,246.0,4.0
2024-02-22 17:00:00+07:00,23.1,14.7,446.0,3.0
2024-02-22 18:00:00+07:00,29.4,19.7,731.0,2.0
2024-02-22 19:00:00+07:00,40.2,27.4,1006.0,1.0
2024-02-22 20:00:00+07:00,44.5,30.4,1106.0,1.0
2024-02-22 21:00:00+07:00,43.3,29.6,1244.0,0.0
2024-02-22 22:00:00+07:00,39.6,27.2,1349.0,0.0
2024-02-22 23:00:00+07:00,35.7,24.5,1397.0,0.0
2024-02-23 00:00:00+07:00,32.1,22.1,1413.0,0.0
2024-02-23 01:00:00+07:00,28.9,19.7,1400.0,0.0
2024-02-23 02:00:00+07:00,26.3,17.9,1344.0,0.0
2024-02-23 03:00:00+07:00,24.0,16.4,1259.0,0.0
2024-02-23 04:00:00+07:00,22.1,15.0,1187.0,0.0
2024-02-23 05:00:00+07:00,20.4,13.8,1154.0,0.0
2024-02-23 06:00:00+07:00,19.2,13.0,1135.0,0.0
2024-02-23 07:00:00+07:00,19.6,13.2,981.0,0.0
2024-02-23 08:00:00+07:00,29.7,20.3,924.0,0.0
2024-02-23 09:00:00+07:00,39.8,27.1,840.0,1.0
2024-02-23 10:00:00+07:00,40.6,27.5,728.0,1.0
2024-02-23 11:00:00+07:00,28.1,18.6,563.0,1.0
2024-02-23 12:00:00+07:00,21.4,14.0,371.0,1.0
2024-02-23 13:00:00+07:00,17.5,11.5,232.0,1.0
2024-02-23 14:00:00+07:00,15.3,10.1,168.0,1.0
2024-02-23 15:00:00+07:00,14.7,9.7,157.0,1.0
2024-02-23 16:00:00+07:00,14.4,9.5,214.0,1.0
2024-02-23 17:00:00+07:00,14.6,9.7,373.0,1.0
2024-02-23 18:00:00+07:00,20.4,13.9,600.0,0.0
2024-02-23 19:00:00+07:00,29.0,20.3,940.0,0.0
2024-02-23 20:00:00+07:00,30.4,21.2,1046.0,0.0
2024-02-23 21:00:00+07:00,30.5,21.3,1193.0,0.0
2024-02-23 22:00:00+07:00,29.6,20.6,1301.0,0.0
2024-02-23 23:00:00+07:00,28.2,19.7,1345.0,0.0
2024-02-24 00:00:00+07:00,26.2,18.3,1352.0,0.0
2024-02-24 01:00:00+07:00,23.7,16.6,1321.0,0.0
2024-02-24 02:00:00+07:00,21.2,14.8,1232.0,0.0
2024-02-24 03:00:00+07:00,19.0,13.2,1106.0,0.0
2024-02-24 04:00:00+07:00,17.1,11.8,1009.0,0.0
2024-02-24 05:00:00+07:00,15.8,10.9,977.0,0.0
2024-02-24 06:00:00+07:00,15.5,10.7,973.0,0.0
2024-02-24 07:00:00+07:00,26.7,18.2,831.0,0.0
2024-02-24 08:00:00+07:00,41.7,28.6,781.0,0.0
2024-02-24 09:00:00+07:00,52.4,36.0,708.0,0.0
2024-02-24 10:00:00+07:00,49.0,33.4,618.0,0.0
2024-02-24 11:00:00+07:00,36.4,24.4,495.0,0.0
2024-02-24 12:00:00+07:00,32.2,21.5,355.0,1.0
2024-02-24 13:00:00+07:00,27.5,18.3,252.0,1.0
2024-02-24 14:00:00+07:00,24.4,16.2,193.0,1.0
2024-02-24 15:00:00+07:00,22.2,14.8,170.0,1.0
2024-02-24 16:00:00+07:00,21.2,14.1,218.0,1.0
2024-02-24 17:00:00+07:00,21.8,14.6,389.0,1.0
2024-02-24 18:00:00+07:00,29.5,20.0,630.0,0.0
2024-02-24 19:00:00+07:00,33.6,23.2,952.0,0.0
2024-02-24 20:00:00+07:00,36.1,24.9,1034.0,0.0
2024-02-24 21:00:00+07:00,34.3,23.7,1147.0,0.0
2024-02-24 22:00:00+07:00,32.4,22.4,1222.0,0.0
2024-02-24 23:00:00+07:00,29.9,20.7,1227.0,0.0
2024-02-25 00:00:00+07:00,27.6,19.0,1195.0,0.0
2024-02-25 01:00:00+07:00,26.0,17.9,1157.0,0.0
2024-02-25 02:00:00+07:00,25.1,17.2,1114.0,0.0
2024-02-25 03:00:00+07:00,24.6,16.8,1065.0,0.0
2024-02-25 04:00:00+07:00,24.3,16.5,1036.0,0.0
2024-02-25 05:00:00+07:00,24.1,16.4,1065.0,0.0
2024-02-25 06:00:00+07:00,24.8,16.8,1114.0,0.0
2024-02-25 07:00:00+07:00,27.6,18.6,944.0,0.0
2024-02-25 08:00:00+07:00,49.4,33.8,874.0,0.0
2024-02-25 09:00:00+07:00,60.5,41.3,772.0,0.0
2024-02-25 10:00:00+07:00,54.2,36.8,663.0,0.0
2024-02-25 11:00:00+07:00,42.0,28.3,541.0,0.0
2024-02-25 12:00:00+07:00,36.9,24.8,411.0,0.0
2024-02-25 13:00:00+07:00,31.8,21.4,316.0,0.0
2024-02-25 14:00:00+07:00,28.3,19.1,263.0,0.0
2024-02-25 15:00:00+07:00,26.5,17.8,245.0,0.0
2024-02-25 16:00:00+07:00,25.3,17.1,278.0,0.0
2024-02-25 17:00:00+07:00,24.9,16.8,401.0,0.0
2024-02-25 18:00:00+07:00,30.9,21.0,575.0,0.0
2024-02-25 19:00:00+07:00,43.1,29.6,1034.0,0.0
2024-02-25 20:00:00+07:00,43.4,29.8,1052.0,0.0
2024-02-25 21:00:00+07:00,40.9,28.1,1073.0,0.0
2024-02-25 22:00:00+07:00,37.7,26.0,1065.0,0.0
2024-02-25 23:00:00+07:00,34.7,23.9,1002.0,0.0
2024-02-26 00:00:00+07:00,31.8,21.8,910.0,0.0
2024-02-26 01:00:00+07:00,29.6,20.3,828.0,0.0
2024-02-26 02:00:00+07:00,28.2,19.3,762.0,0.0
2024-02-26 03:00:00+07:00,26.8,18.3,707.0,0.0
2024-02-26 04:00:00+07:00,26.0,17.7,682.0,0.0
2024-02-26 05:00:00+07:00,25.8,17.6,723.0,0.0
2024-02-26 06:00:00+07:00,26.8,18.2,795.0,0.0
2024-02-26 07:00:00+07:00,30.9,21.1,882.0,0.0
2024-02-26 08:00:00+07:00,39.2,27.0,802.0,0.0
2024-02-26 09:00:00+07:00,44.4,30.5,691.0,0.0
2024-02-26 10:00:00+07:00,57.4,39.2,591.0,0.0
2024-02-26 11:00:00+07:00,61.9,42.4,517.0,0.0
2024-02-26 12:00:00+07:00,61.0,41.7,455.0,0.0
2024-02-26 13:00:00+07:00,59.6,40.7,410.0,0.0
2024-02-26 14:00:00+07:00,56.5,38.5,378.0,0.0
2024-02-26 15:00:00+07:00,54.1,37.0,364.0,0.0
2024-02-26 16:00:00+07:00,52.7,36.0,385.0,0.0
2024-02-26 17:00:00+07:00,51.3,35.0,464.0,0.0
2024-02-26 18:00:00+07:00,49.9,34.2,578.0,0.0
2024-02-26 19:00:00+07:00,52.6,36.2,787.0,0.0
2024-02-26 20:00:00+07:00,51.9,35.6,803.0,0.0
2024-02-26 21:00:00+07:00,49.0,33.6,825.0,0.0
2024-02-26 22:00:00+07:00,47.0,32.4,840.0,0.0
2024-02-26 23:00:00+07:00,45.2,31.1,845.0,0.0
2024-02-27 00:00:00+07:00,42.8,29.5,844.0,0.0
2024-02-27 01:00:00+07:00,40.2,27.6,834.0,0.0
2024-02-27 02:00:00+07:00,38.1,26.1,803.0,0.0
2024-02-27 03:00:00+07:00,36.6,25.0,764.0,0.0
2024-02-27 04:00:00+07:00,34.3,23.8,751.0,0.0
2024-02-27 05:00:00+07:00,33.4,23.1,805.0,0.0
2024-02-27 06:00:00+07:00,33.6,23.3,886.0,0.0
2024-02-27 07:00:00+07:00,36.6,25.3,931.0,0.0
2024-02-27 08:00:00+07:00,44.9,31.2,816.0,0.0
2024-02-27 09:00:00+07:00,54.0,37.3,655.0,0.0
2024-02-27 10:00:00+07:00,55.6,38.0,524.0,0.0
2024-02-27 11:00:00+07:00,51.9,35.4,452.0,0.0
2024-02-27 12:00:00+07:00,47.1,32.1,408.0,0.0
2024-02-27 13:00:00+07:00,45.5,31.0,379.0,0.0
2024-02-27 14:00:00+07:00,43.4,29.5,354.0,0.0
2024-02-27 15:00:00+07:00,40.7,27.7,344.0,0.0
2024-02-27 16:00:00+07:00,39.2,26.7,359.0,0.0
2024-02-27 17:00:00+07:00,39.3,26.8,423.0,0.0
2024-02-27 18:00:00+07:00,41.7,28.5,512.0,0.0
2024-02-27 19:00:00+07:00,45.4,31.1,755.0,0.0
2024-02-27 20:00:00+07:00,44.5,30.4,686.0,0.0
2024-02-27 21:00:00+07:00,44.2,30.2,591.0,0.0
2024-02-27 22:00:00+07:00,44.1,30.0,530.0,0.0
2024-02-27 23:00:00+07:00,43.2,29.5,536.0,0.0
2024-02-28 00:00:00+07:00,40.6,27.7,574.0,0.0
2024-02-28 01:00:00+07:00,37.0,25.3,602.0,0.0
2024-02-28 02:00:00+07:00,33.8,23.0,592.0,0.0
2024-02-28 03:00:00+07:00,30.5,21.1,572.0,0.0
2024-02-28 04:00:00+07:00,28.5,19.7,578.0,0.0
2024-02-28 05:00:00+07:00,27.5,19.0,650.0,0.0
2024-02-28 06:00:00+07:00,27.4,18.9,747.0,0.0
2024-02-28 07:00:00+07:00,31.2,21.5,861.0,0.0
2024-02-28 08:00:00+07:00,41.0,28.5,753.0,0.0
2024-02-28 09:00:00+07:00,49.7,34.0,602.0,0.0
2024-02-28 10:00:00+07:00,45.8,31.2,479.0,0.0
2024-02-28 11:00:00+07:00,36.3,24.8,412.0,0.0
2024-02-28 12:00:00+07:00,29.6,20.2,372.0,0.0
2024-02-28 13:00:00+07:00,27.1,18.6,347.0,0.0
2024-02-28 14:00:00+07:00,25.8,17.7,327.0,0.0
2024-02-28 15:00:00+07:00,24.7,16.9,321.0,0.0
2024-02-28 16:00:00+07:00,24.0,16.5,341.0,0.0
2024-02-28 17:00:00+07:00,23.7,16.3,405.0,0.0
2024-02-28 18:00:00+07:00,25.6,17.6,496.0,0.0
2024-02-28 19:00:00+07:00,25.0,17.2,593.0,0.0
2024-02-28 20:00:00+07:00,25.0,17.2,587.0,0.0
2024-02-28 21:00:00+07:00,23.5,16.2,580.0,0.0
2024-02-28 22:00:00+07:00,22.4,15.4,590.0,0.0
2024-02-28 23:00:00+07:00,21.5,14.9,633.0,0.0
2024-02-29 00:00:00+07:00,20.7,14.3,693.0,0.0
2024-02-29 01:00:00+07:00,19.6,13.5,736.0,0.0
2024-02-29 02:00:00+07:00,18.5,12.8,740.0,0.0
2024-02-29 03:00:00+07:00,17.6,12.2,728.0,0.0
2024-02-29 04:00:00+07:00,16.9,11.7,732.0,0.0
2024-02-29 05:00:00+07:00,16.6,11.5,784.0,0.0
2024-02-29 06:00:00+07:00,17.1,11.8,853.0,0.0
2024-02-29 07:00:00+07:00,11.1,7.7,836.0,0.0
2024-02-29 08:00:00+07:00,24.9,17.3,756.0,0.0
2024-02-29 09:00:00+07:00,35.6,24.7,644.0,0.0
2024-02-29 10:00:00+07:00,33.6,23.3,536.0,0.0
2024-02-29 11:00:00+07:00,28.8,19.6,441.0,1.0
2024-02-29 12:00:00+07:00,26.5,17.9,351.0,1.0
2024-02-29 13:00:00+07:00,23.6,15.8,284.0,2.0
2024-02-29 14:00:00+07:00,21.6,14.4,239.0,2.0
2024-02-29 15:00:00+07:00,20.1,13.4,218.0,2.0
2024-02-29 16:00:00+07:00,19.3,12.9,244.0,2.0
2024-02-29 17:00:00+07:00,19.0,12.7,352.0,1.0
2024-02-29 18:00:00+07:00,20.7,14.1,507.0,1.0
2024-02-29 19:00:00+07:00,25.4,17.6,770.0,0.0
2024-02-29 20:00:00+07:00,26.4,18.3,766.0,0.0
2024-02-29 21:00:00+07:00,24.8,17.2,760.0,0.0
2024-02-29 22:00:00+07:00,23.3,16.2,755.0,0.0
2024-02-29 23:00:00+07:00,22.5,15.6,756.0,0.0
2024-03-01 00:00:00+07:00,21.8,15.1,758.0,0.0
2024-03-01 01:00:00+07:00,21.3,14.7,753.0,0.0
2024-03-01 02:00:00+07:00,20.8,14.4,728.0,0.0
2024-03-01 03:00:00+07:00,20.4,14.0,696.0,0.0
2024-03-01 04:00:00+07:00,19.9,13.7,689.0,0.0
2024-03-01 05:00:00+07:00,19.6,13.4,741.0,0.0
2024-03-01 06:00:00+07:00,19.8,13.6,817.0,0.0
2024-03-01 07:00:00+07:00,21.1,14.4,827.0,0.0
2024-03-01 08:00:00+07:00,35.4,24.4,719.0,1.0
2024-03-01 09:00:00+07:00,43.3,29.6,569.0,1.0
2024-03-01 10:00:00+07:00,35.2,23.5,445.0,2.0
2024-03-01 11:00:00+07:00,32.0,21.1,373.0,2.0
2024-03-01 12:00:00+07:00,27.6,18.3,326.0,1.0
2024-03-01 13:00:00+07:00,24.9,16.6,295.0,1.0
2024-03-01 14:00:00+07:00,23.8,15.9,259.0,1.0
2024-03-01 15:00:00+07:00,23.0,15.3,238.0,1.0
2024-03-01 16:00:00+07:00,23.5,15.7,282.0,1.0
2024-03-01 17:00:00+07:00,23.6,15.8,446.0,1.0
2024-03-01 18:00:00+07:00,27.1,18.4,676.0,0.0
2024-03-01 19:00:00+07:00,35.7,24.4,877.0,1.0
2024-03-01 20:00:00+07:00,40.4,27.8,995.0,1.0
2024-03-01 21:00:00+07:00,40.3,27.9,1150.0,0.0
2024-03-01 22:00:00+07:00,37.7,26.1,1207.0,0.0
2024-03-01 23:00:00+07:00,32.2,22.3,1071.0,0.0
2024-03-02 00:00:00+07:00,29.3,20.2,837.0,0.0
2024-03-02 01:00:00+07:00,28.3,19.4,653.0,0.0
2024-03-02 02:00:00+07:00,27.4,18.8,578.0,0.0
2024-03-02 03:00:00+07:00,26.7,18.3,554.0,0.0
2024-03-02 04:00:00+07:00,26.3,18.0,555.0,0.0
2024-03-02 05:00:00+07:00,25.8,17.7,594.0,0.0
2024-03-02 06:00:00+07:00,26.0,17.8,657.0,0.0
2024-03-02 07:00:00+07:00,32.0,21.9,826.0,0.0
2024-03-02 08:00:00+07:00,43.9,30.2,726.0,1.0
2024-03-02 09:00:00+07:00,48.9,33.4,586.0,1.0
2024-03-02 10:00:00+07:00,46.3,31.3,470.0,2.0
2024-03-02 11:00:00+07:00,43.3,29.2,404.0,2.0
2024-03-02 12:00:00+07:00,38.4,25.8,362.0,2.0
2024-03-02 13:00:00+07:00,33.4,22.4,331.0,2.0
2024-03-02 14:00:00+07:00,29.2,19.4,305.0,2.0
2024-03-02 15:00:00+07:00,26.9,17.9,289.0,2.0
2024-03-02 16:00:00+07:00,26.1,17.3,293.0,2.0
2024-03-02 17:00:00+07:00,26.0,17.3,328.0,1.0
2024-03-02 18:00:00+07:00,28.5,19.3,382.0,1.0
2024-03-02 19:00:00+07:00,27.6,19.0,508.0,0.0
2024-03-02 20:00:00+07:00,31.3,21.5,493.0,0.0
2024-03-02 21:00:00+07:00,33.2,22.8,473.0,0.0
2024-03-02 22:00:00+07:00,33.5,23.0,464.0,0.0
2024-03-02 23:00:00+07:00,32.5,22.4,476.0,0.0
2024-03-03 00:00:00+07:00,30.9,21.1,497.0,0.0
2024-03-03 01:00:00+07:00,29.5,20.3,512.0,0.0
2024-03-03 02:00:00+07:00,28.5,19.6,504.0,0.0
2024-03-03 03:00:00+07:00,27.6,18.9,489.0,0.0
2024-03-03 04:00:00+07:00,26.6,18.2,496.0,0.0
2024-03-03 05:00:00+07:00,26.5,18.1,559.0,0.0
2024-03-03 06:00:00+07:00,26.7,18.3,645.0,0.0
2024-03-03 07:00:00+07:00,23.8,16.4,754.0,0.0
2024-03-03 08:00:00+07:00,32.8,22.5,661.0,1.0
2024-03-03 09:00:00+07:00,41.8,28.2,532.0,2.0
2024-03-03 10:00:00+07:00,37.4,24.7,422.0,3.0
2024-03-03 11:00:00+07:00,30.2,19.7,351.0,3.0
2024-03-03 12:00:00+07:00,27.4,18.0,300.0,2.0
2024-03-03 13:00:00+07:00,25.8,17.0,265.0,1.0
2024-03-03 14:00:00+07:00,23.8,15.7,238.0,1.0
2024-03-03 15:00:00+07:00,22.9,15.1,227.0,1.0
2024-03-03 16:00:00+07:00,22.6,15.0,252.0,1.0
2024-03-03 17:00:00+07:00,22.4,14.8,341.0,1.0
2024-03-03 18:00:00+07:00,22.4,14.9,466.0,0.0
2024-03-03 19:00:00+07:00,26.0,17.4,529.0,0.0
2024-03-03 20:00:00+07:00,26.6,18.0,547.0,0.0
2024-03-03 21:00:00+07:00,23.9,16.2,574.0,0.0
2024-03-03 22:00:00+07:00,21.6,14.6,608.0,0.0
2024-03-03 23:00:00+07:00,20.5,13.9,659.0,0.0
2024-03-04 00:00:00+07:00,19.7,13.4,717.0,0.0
2024-03-04 01:00:00+07:00,18.4,12.5,755.0,0.0
2024-03-04 02:00:00+07:00,16.9,11.6,752.0,0.0
2024-03-04 03:00:00+07:00,15.7,10.7,728.0,0.0
2024-03-04 04:00:00+07:00,14.7,10.0,724.0,0.0
2024-03-04 05:00:00+07:00,14.1,9.6,780.0,0.0
2024-03-04 06:00:00+07:00,14.3,9.7,854.0,0.0
2024-03-04 07:00:00+07:00,21.1,14.4,901.0,0.0
2024-03-04 08:00:00+07:00,34.3,23.6,761.0,0.0
2024-03-04 09:00:00+07:00,41.1,28.1,567.0,1.0
2024-03-04 10:00:00+07:00,32.4,21.7,410.0,1.0
2024-03-04 11:00:00+07:00,26.5,17.5,327.0,1.0
2024-03-04 12:00:00+07:00,23.9,15.7,281.0,2.0
2024-03-04 13:00:00+07:00,22.0,14.3,252.0,2.0
2024-03-04 14:00:00+07:00,20.8,13.4,221.0,2.0
2024-03-04 15:00:00+07:00,20.0,12.9,206.0,2.0
2024-03-04 16:00:00+07:00,19.7,12.7,244.0,2.0
2024-03-04 17:00:00+07:00,19.9,12.8,371.0,1.0
2024-03-04 18:00:00+07:00,21.6,14.3,552.0,1.0
2024-03-04 19:00:00+07:00,24.4,16.9,734.0,0.0
2024-03-04 20:00:00+07:00,29.2,20.3,837.0,0.0
2024-03-04 21:00:00+07:00,28.2,19.6,977.0,0.0
2024-03-04 22:00:00+07:00,25.9,18.0,1059.0,0.0
2024-03-04 23:00:00+07:00,23.6,16.4,1035.0,0.0
2024-03-05 00:00:00+07:00,20.9,14.5,955.0,0.0
2024-03-05 01:00:00+07:00,18.6,12.9,871.0,0.0
2024-03-05 02:00:00+07:00,16.8,11.6,791.0,0.0
2024-03-05 03:00:00+07:00,15.5,10.7,709.0,0.0
2024-03-05 04:00:00+07:00,14.5,10.0,656.0,0.0
2024-03-05 05:00:00+07:00,13.9,9.6,664.0,0.0
2024-03-05 06:00:00+07:00,14.1,9.7,703.0,0.0
2024-03-05 07:00:00+07:00,21.7,14.9,610.0,0.0
2024-03-05 08:00:00+07:00,33.8,23.2,569.0,1.0
2024-03-05 09:00:00+07:00,43.2,29.5,511.0,3.0
2024-03-05 10:00:00+07:00,41.3,27.4,451.0,4.0
2024-03-05 11:00:00+07:00,39.1,25.3,389.0,4.0
2024-03-05 12:00:00+07:00,34.9,22.6,326.0,4.0
2024-03-05 13:00:00+07:00,32.8,21.2,283.0,3.0
2024-03-05 14:00:00+07:00,32.7,21.4,249.0,3.0
2024-03-05 15:00:00+07:00,33.3,21.8,236.0,2.0
2024-03-05 16:00:00+07:00,34.0,22.4,300.0,2.0
2024-03-05 17:00:00+07:00,35.2,23.2,494.0,2.0
2024-03-05 18:00:00+07:00,40.9,27.4,766.0,1.0
2024-03-05 19:00:00+07:00,52.7,36.1,1061.0,0.0
2024-03-05 20:00:00+07:00,58.9,40.5,1222.0,0.0
2024-03-05 21:00:00+07:00,58.1,39.9,1440.0,0.0
2024-03-05 22:00:00+07:00,56.0,38.5,1579.0,0.0
2024-03-05 23:00:00+07:00,53.4,36.7,1576.0,0.0
2024-03-06 00:00:00+07:00,49.0,33.6,1493.0,0.0
2024-03-06 01:00:00+07:00,45.1,30.9,1387.0,0.0
2024-03-06 02:00:00+07:00,42.4,29.0,1255.0,0.0
2024-03-06 03:00:00+07:00,39.8,27.2,1098.0,0.0
2024-03-06 04:00:00+07:00,37.5,25.6,979.0,0.0
2024-03-06 05:00:00+07:00,35.6,24.3,935.0,0.0
2024-03-06 06:00:00+07:00,34.5,23.5,927.0,0.0
2024-03-06 07:00:00+07:00,38.1,26.0,917.0,0.0
2024-03-06 08:00:00+07:00,49.9,34.3,832.0,1.0
2024-03-06 09:00:00+07:00,60.5,41.7,712.0,3.0
2024-03-06 10:00:00+07:00,48.2,32.5,603.0,4.0
2024-03-06 11:00:00+07:00,36.7,24.3,515.0,4.0
2024-03-06 12:00:00+07:00,35.7,23.6,438.0,4.0
2024-03-06 13:00:00+07:00,36.9,24.5,388.0,4.0
2024-03-06 14:00:00+07:00,38.0,25.3,360.0,4.0
2024-03-06 15:00:00+07:00,38.5,25.8,358.0,3.0
2024-03-06 16:00:00+07:00,38.6,26.0,411.0,3.0
2024-03-06 17:00:00+07:00,39.1,26.3,554.0,2.0
2024-03-06 18:00:00+07:00,44.4,30.4,751.0,2.0
2024-03-06 19:00:00+07:00,60.3,41.6,1050.0,1.0
2024-03-06 20:00:00+07:00,63.6,43.8,1139.0,1.0
2024-03-06 21:00:00+07:00,61.5,42.4,1262.0,0.0
2024-03-06 22:00:00+07:00,59.6,41.2,1360.0,0.0
2024-03-06 23:00:00+07:00,57.0,39.5,1417.0,0.0
2024-03-07 00:00:00+07:00,53.1,36.8,1450.0,0.0
2024-03-07 01:00:00+07:00,48.7,33.6,1449.0,0.0
2024-03-07 02:00:00+07:00,45.1,31.2,1393.0,0.0
2024-03-07 03:00:00+07:00,43.9,30.3,1304.0,0.0
2024-03-07 04:00:00+07:00,43.1,29.6,1234.0,0.0
2024-03-07 05:00:00+07:00,41.4,28.5,1216.0,0.0
2024-03-07 06:00:00+07:00,40.3,27.6,1218.0,0.0
2024-03-07 07:00:00+07:00,52.4,36.0,1174.0,0.0
2024-03-07 08:00:00+07:00,68.5,47.3,1103.0,1.0
2024-03-07 09:00:00+07:00,83.6,57.3,1000.0,3.0
2024-03-07 10:00:00+07:00,80.6,54.7,885.0,4.0
2024-03-07 11:00:00+07:00,64.5,43.4,750.0,4.0
2024-03-07 12:00:00+07:00,59.8,40.0,604.0,4.0
2024-03-07 13:00:00+07:00,59.6,39.8,494.0,3.0
2024-03-07 14:00:00+07:00,57.5,38.4,434.0,3.0
2024-03-07 15:00:00+07:00,54.1,36.1,410.0,2.0
2024-03-07 16:00:00+07:00,50.4,33.6,431.0,2.0
2024-03-07 17:00:00+07:00,48.9,32.7,529.0,1.0
2024-03-07 18:00:00+07:00,48.8,32.7,673.0,1.0
2024-03-07 19:00:00+07:00,84.8,57.5,1074.0,1.0
2024-03-07 20:00:00+07:00,84.8,57.5,1053.0,1.0
2024-03-07 21:00:00+07:00,79.6,54.0,1024.0,0.0
2024-03-07 22:00:00+07:00,72.4,49.1,997.0,0.0
2024-03-07 23:00:00+07:00,64.5,43.7,978.0,0.0
2024-03-08 00:00:00+07:00,57.0,38.6,961.0,0.0
2024-03-08 01:00:00+07:00,50.6,34.3,942.0,0.0
2024-03-08 02:00:00+07:00,46.4,31.4,909.0,0.0
2024-03-08 03:00:00+07:00,44.2,29.9,873.0,0.0
2024-03-08 04:00:00+07:00,43.5,29.5,863.0,0.0
2024-03-08 05:00:00+07:00,44.1,29.8,916.0,0.0
2024-03-08 06:00:00+07:00,44.8,30.3,993.0,0.0
2024-03-08 07:00:00+07:00,49.7,33.6,1010.0,0.0
2024-03-08 08:00:00+07:00,61.9,42.3,920.0,1.0
2024-03-08 09:00:00+07:00,73.8,50.1,792.0,1.0
2024-03-08 10:00:00+07:00,68.2,46.0,676.0,2.0
2024-03-08 11:00:00+07:00,61.7,41.4,584.0,2.0
2024-03-08 12:00:00+07:00,59.4,39.7,504.0,2.0
2024-03-08 13:00:00+07:00,57.7,38.5,444.0,2.0
2024-03-08 14:00:00+07:00,54.4,36.3,402.0,2.0
2024-03-08 15:00:00+07:00,51.5,34.3,380.0,1.0
2024-03-08 16:00:00+07:00,47.4,31.5,393.0,1.0
2024-03-08 17:00:00+07:00,43.8,29.2,471.0,1.0
2024-03-08 18:00:00+07:00,45.4,30.6,583.0,0.0
2024-03-08 19:00:00+07:00,48.7,32.9,833.0,1.0
2024-03-08 20:00:00+07:00,47.1,32.0,769.0,1.0
2024-03-08 21:00:00+07:00,42.6,28.9,680.0,0.0
2024-03-08 22:00:00+07:00,39.6,26.9,612.0,0.0
2024-03-08 23:00:00+07:00,37.5,25.5,585.0,0.0
2024-03-09 00:00:00+07:00,35.5,24.1,579.0,0.0
2024-03-09 01:00:00+07:00,33.9,23.1,577.0,0.0
2024-03-09 02:00:00+07:00,32.2,21.9,567.0,0.0
2024-03-09 03:00:00+07:00,29.8,20.3,560.0,0.0
2024-03-09 04:00:00+07:00,27.3,18.6,575.0,0.0
2024-03-09 05:00:00+07:00,25.5,17.3,643.0,0.0
2024-03-09 06:00:00+07:00,24.7,16.9,732.0,0.0
2024-03-09 07:00:00+07:00,24.2,16.5,802.0,0.0
2024-03-09 08:00:00+07:00,36.3,25.0,716.0,0.0
2024-03-09 09:00:00+07:00,44.4,30.3,594.0,1.0
2024-03-09 10:00:00+07:00,37.1,25.1,483.0,1.0
2024-03-09 11:00:00+07:00,27.8,18.6,391.0,1.0
2024-03-09 12:00:00+07:00,24.0,16.0,309.0,1.0
2024-03-09 13:00:00+07:00,22.8,15.1,254.0,1.0
2024-03-09 14:00:00+07:00,22.8,15.0,229.0,1.0
2024-03-09 15:00:00+07:00,23.4,15.3,231.0,2.0
2024-03-09 16:00:00+07:00,24.1,15.8,263.0,2.0
2024-03-09 17:00:00+07:00,24.8,16.3,345.0,1.0
2024-03-09 18:00:00+07:00,25.4,16.9,457.0,1.0
2024-03-09 19:00:00+07:00,24.6,16.8,611.0,0.0
2024-03-09 20:00:00+07:00,25.1,17.2,593.0,0.0
2024-03-09 21:00:00+07:00,23.1,15.8,572.0,0.0
2024-03-09 22:00:00+07:00,22.1,15.1,579.0,0.0
2024-03-09 23:00:00+07:00,22.4,15.3,648.0,0.0
2024-03-10 00:00:00+07:00,22.8,15.6,745.0,0.0
2024-03-10 01:00:00+07:00,22.8,15.6,804.0,0.0
2024-03-10 02:00:00+07:00,22.5,15.3,784.0,0.0
2024-03-10 03:00:00+07:00,22.3,15.1,725.0,0.0
2024-03-10 04:00:00+07:00,22.4,15.2,680.0,0.0
2024-03-10 05:00:00+07:00,22.9,15.5,681.0,0.0
2024-03-10 06:00:00+07:00,23.5,15.9,696.0,0.0
2024-03-10 07:00:00+07:00,25.8,17.5,963.0,0.0
2024-03-10 08:00:00+07:00,36.6,24.9,826.0,0.0
2024-03-10 09:00:00+07:00,44.6,30.2,636.0,0.0
2024-03-10 10:00:00+07:00,42.5,28.6,483.0,1.0
2024-03-10 11:00:00+07:00,41.3,27.4,407.0,2.0
2024-03-10 12:00:00+07:00,40.0,26.2,368.0,4.0
2024-03-10 13:00:00+07:00,36.6,23.6,339.0,5.0
2024-03-10 14:00:00+07:00,33.1,21.2,303.0,5.0
2024-03-10 15:00:00+07:00,31.1,20.0,277.0,5.0
2024-03-10 16:00:00+07:00,30.2,19.3,290.0,4.0
2024-03-10 17:00:00+07:00,29.0,18.6,365.0,3.0
2024-03-10 18:00:00+07:00,29.5,19.4,479.0,2.0
2024-03-10 19:00:00+07:00,31.4,21.0,678.0,2.0
2024-03-10 20:00:00+07:00,32.7,22.2,739.0,1.0
2024-03-10 21:00:00+07:00,30.6,20.8,825.0,1.0
2024-03-10 22:00:00+07:00,27.9,19.0,906.0,0.0
2024-03-10 23:00:00+07:00,26.5,18.0,983.0,0.0
2024-03-11 00:00:00+07:00,26.2,17.8,1054.0,0.0
2024-03-11 01:00:00+07:00,25.9,17.6,1090.0,0.0
2024-03-11 02:00:00+07:00,25.3,17.1,1060.0,0.0
2024-03-11 03:00:00+07:00,24.4,16.5,994.0,0.0
2024-03-11 04:00:00+07:00,23.5,15.8,951.0,0.0
2024-03-11 05:00:00+07:00,22.6,15.1,979.0,0.0
2024-03-11 06:00:00+07:00,22.3,14.8,1031.0,0.0
2024-03-11 07:00:00+07:00,25.9,17.2,896.0,1.0
2024-03-11 08:00:00+07:00,46.2,31.2,760.0,3.0
2024-03-11 09:00:00+07:00,46.6,30.6,570.0,5.0
2024-03-11 10:00:00+07:00,37.6,23.7,417.0,6.0
2024-03-11 11:00:00+07:00,32.1,20.2,336.0,6.0
2024-03-11 12:00:00+07:00,26.6,16.8,291.0,4.0
2024-03-11 13:00:00+07:00,23.9,15.1,263.0,3.0
2024-03-11 14:00:00+07:00,23.1,14.7,236.0,3.0
2024-03-11 15:00:00+07:00,23.0,14.7,226.0,2.0
2024-03-11 16:00:00+07:00,23.0,14.8,259.0,2.0
2024-03-11 17:00:00+07:00,23.1,15.0,383.0,1.0
2024-03-11 18:00:00+07:00,24.1,15.9,551.0,1.0
2024-03-11 19:00:00+07:00,38.0,25.7,828.0,1.0
2024-03-11 20:00:00+07:00,36.6,24.9,723.0,1.0
2024-03-11 21:00:00+07:00,32.7,22.2,577.0,0.0
2024-03-11 22:00:00+07:00,34.5,23.3,469.0,0.0
2024-03-11 23:00:00+07:00,36.4,24.7,436.0,0.0
2024-03-12 00:00:00+07:00,36.3,24.5,440.0,0.0
2024-03-12 01:00:00+07:00,35.6,24.1,445.0,0.0
2024-03-12 02:00:00+07:00,34.7,23.5,433.0,0.0
2024-03-12 03:00:00+07:00,33.9,22.9,422.0,0.0
2024-03-12 04:00:00+07:00,33.4,22.5,433.0,0.0
2024-03-12 05:00:00+07:00,33.3,22.4,495.0,0.0
2024-03-12 06:00:00+07:00,33.6,22.6,577.0,0.0
2024-03-12 07:00:00+07:00,33.1,22.3,714.0,0.0
2024-03-12 08:00:00+07:00,43.7,29.6,603.0,1.0
2024-03-12 09:00:00+07:00,54.5,36.3,448.0,2.0
2024-03-12 10:00:00+07:00,38.5,25.3,327.0,3.0
2024-03-12 11:00:00+07:00,28.1,18.4,271.0,3.0
2024-03-12 12:00:00+07:00,26.0,16.9,247.0,2.0
2024-03-12 13:00:00+07:00,25.8,16.9,236.0,1.0
2024-03-12 14:00:00+07:00,26.3,17.2,229.0,1.0
2024-03-12 15:00:00+07:00,26.5,17.4,233.0,1.0
2024-03-12 16:00:00+07:00,26.4,17.3,254.0,1.0
2024-03-12 17:00:00+07:00,25.5,16.8,291.0,1.0
2024-03-12 18:00:00+07:00,24.6,16.4,344.0,0.0
2024-03-12 19:00:00+07:00,24.9,16.6,396.0,0.0
2024-03-12 20:00:00+07:00,22.3,15.0,393.0,0.0
2024-03-12 21:00:00+07:00,19.3,13.0,392.0,0.0
2024-03-12 22:00:00+07:00,18.1,12.3,415.0,0.0
2024-03-12 23:00:00+07:00,18.1,12.4,488.0,0.0
2024-03-13 00:00:00+07:00,17.9,12.3,585.0,0.0
2024-03-13 01:00:00+07:00,16.9,11.6,652.0,0.0
2024-03-13 02:00:00+07:00,15.8,10.9,654.0,0.0
2024-03-13 03:00:00+07:00,15.0,10.3,626.0,0.0
2024-03-13 04:00:00+07:00,14.5,9.9,617.0,0.0
2024-03-13 05:00:00+07:00,14.4,9.8,673.0,0.0
2024-03-13 06:00:00+07:00,15.0,10.2,749.0,0.0
2024-03-13 07:00:00+07:00,22.5,15.5,918.0,0.0
2024-03-13 08:00:00+07:00,33.4,23.0,740.0,0.0
2024-03-13 09:00:00+07:00,34.9,23.8,495.0,1.0
2024-03-13 10:00:00+07:00,23.1,15.3,309.0,1.0
2024-03-13 11:00:00+07:00,19.6,13.0,241.0,1.0
2024-03-13 12:00:00+07:00,17.9,11.9,232.0,1.0
2024-03-13 13:00:00+07:00,17.4,11.5,234.0,1.0
2024-03-13 14:00:00+07:00,17.6,11.5,223.0,1.0
2024-03-13 15:00:00+07:00,18.3,11.9,223.0,2.0
2024-03-13 16:00:00+07:00,19.4,12.7,261.0,2.0
2024-03-13 17:00:00+07:00,20.7,13.6,369.0,1.0
2024-03-13 18:00:00+07:00,21.7,14.6,514.0,1.0
2024-03-13 19:00:00+07:00,27.5,18.9,635.0,0.0
2024-03-13 20:00:00+07:00,28.8,19.8,646.0,0.0
2024-03-13 21:00:00+07:00,26.4,18.2,662.0,0.0
2024-03-13 22:00:00+07:00,25.6,17.7,690.0,0.0
2024-03-13 23:00:00+07:00,26.0,18.0,745.0,0.0
2024-03-14 00:00:00+07:00,26.1,18.0,811.0,0.0
2024-03-14 01:00:00+07:00,25.9,17.9,846.0,0.0
2024-03-14 02:00:00+07:00,25.2,17.4,817.0,0.0
2024-03-14 03:00:00+07:00,24.6,16.9,757.0,0.0
2024-03-14 04:00:00+07:00,24.4,16.8,723.0,0.0
2024-03-14 05:00:00+07:00,24.9,17.0,758.0,0.0
2024-03-14 06:00:00+07:00,26.2,17.9,819.0,0.0
2024-03-14 07:00:00+07:00,34.6,23.6,748.0,1.0
2024-03-14 08:00:00+07:00,47.6,32.6,667.0,2.0
2024-03-14 09:00:00+07:00,54.4,36.3,554.0,5.0
2024-03-14 10:00:00+07:00,48.8,31.7,465.0,6.0
2024-03-14 11:00:00+07:00,45.8,29.6,423.0,6.0
2024-03-14 12:00:00+07:00,41.4,26.8,405.0,6.0
2024-03-14 13:00:00+07:00,39.3,25.6,396.0,6.0
2024-03-14 14:00:00+07:00,39.2,25.6,374.0,6.0
2024-03-14 15:00:00+07:00,39.1,25.6,361.0,6.0
2024-03-14 16:00:00+07:00,39.1,25.6,409.0,5.0
2024-03-14 17:00:00+07:00,39.5,25.8,561.0,4.0
2024-03-14 18:00:00+07:00,48.4,32.6,775.0,3.0
2024-03-14 19:00:00+07:00,82.7,56.0,1262.0,4.0
2024-03-14 20:00:00+07:00,84.1,57.4,1373.0,3.0
2024-03-14 21:00:00+07:00,80.3,55.1,1524.0,2.0
2024-03-14 22:00:00+07:00,75.7,51.9,1627.0,1.0
2024-03-14 23:00:00+07:00,71.5,49.0,1644.0,0.0
2024-03-15 00:00:00+07:00,66.6,45.8,1613.0,0.0
2024-03-15 01:00:00+07:00,61.7,42.3,1558.0,0.0
2024-03-15 02:00:00+07:00,57.4,39.2,1473.0,0.0
2024-03-15 03:00:00+07:00,53.8,36.6,1364.0,0.0
2024-03-15 04:00:00+07:00,51.2,34.7,1280.0,0.0
2024-03-15 05:00:00+07:00,49.7,33.4,1249.0,0.0
2024-03-15 06:00:00+07:00,49.5,33.1,1242.0,0.0
2024-03-15 07:00:00+07:00,55.1,37.1,1245.0,0.0
2024-03-15 08:00:00+07:00,73.8,49.8,1145.0,1.0
2024-03-15 09:00:00+07:00,87.1,58.4,1005.0,2.0
2024-03-15 10:00:00+07:00,83.1,55.4,876.0,3.0
2024-03-15 11:00:00+07:00,74.3,49.5,773.0,4.0
2024-03-15 12:00:00+07:00,72.9,48.4,681.0,5.0
2024-03-15 13:00:00+07:00,71.5,47.5,616.0,6.0
2024-03-15 14:00:00+07:00,69.8,46.4,567.0,6.0
2024-03-15 15:00:00+07:00,67.8,45.2,544.0,6.0
2024-03-15 16:00:00+07:00,66.4,44.4,589.0,5.0
2024-03-15 17:00:00+07:00,65.7,43.9,746.0,4.0
2024-03-15 18:00:00+07:00,67.1,45.6,971.0,2.0
2024-03-15 19:00:00+07:00,96.4,65.7,1403.0,2.0
2024-03-15 20:00:00+07:00,97.3,66.4,1428.0,2.0
2024-03-15 21:00:00+07:00,92.7,63.3,1457.0,1.0
2024-03-15 22:00:00+07:00,84.3,57.6,1439.0,1.0
2024-03-15 23:00:00+07:00,74.3,50.8,1333.0,1.0
2024-03-16 00:00:00+07:00,65.0,44.2,1180.0,0.0
2024-03-16 01:00:00+07:00,58.0,39.2,1058.0,0.0
2024-03-16 02:00:00+07:00,53.8,36.2,997.0,0.0
2024-03-16 03:00:00+07:00,51.8,34.8,966.0,0.0
2024-03-16 04:00:00+07:00,50.8,33.9,954.0,0.0
2024-03-16 05:00:00+07:00,50.3,33.4,972.0,0.0
2024-03-16 06:00:00+07:00,50.4,33.3,1008.0,0.0
2024-03-16 07:00:00+07:00,52.6,35.0,1171.0,1.0
2024-03-16 08:00:00+07:00,71.7,48.1,1085.0,2.0
2024-03-16 09:00:00+07:00,85.2,56.7,963.0,3.0
2024-03-16 10:00:00+07:00,88.7,58.2,848.0,4.0
2024-03-16 11:00:00+07:00,86.4,56.0,749.0,5.0
2024-03-16 12:00:00+07:00,82.2,53.2,657.0,5.0
2024-03-16 13:00:00+07:00,78.5,50.8,589.0,5.0
2024-03-16 14:00:00+07:00,74.7,48.5,536.0,5.0
2024-03-16 15:00:00+07:00,76.1,49.4,508.0,5.0
2024-03-16 16:00:00+07:00,76.8,49.8,552.0,4.0
2024-03-16 17:00:00+07:00,76.6,49.8,736.0,3.0
2024-03-16 18:00:00+07:00,75.7,49.8,991.0,2.0
2024-03-16 19:00:00+07:00,78.9,52.7,1126.0,1.0
2024-03-16 20:00:00+07:00,75.2,50.2,1076.0,1.0
2024-03-16 21:00:00+07:00,66.4,44.2,1004.0,0.0
2024-03-16 22:00:00+07:00,57.4,38.2,926.0,0.0
2024-03-16 23:00:00+07:00,50.8,33.6,839.0,0.0
2024-03-17 00:00:00+07:00,46.3,30.7,746.0,0.0
2024-03-17 01:00:00+07:00,43.5,28.8,671.0,0.0
2024-03-17 02:00:00+07:00,41.7,27.5,621.0,0.0
2024-03-17 03:00:00+07:00,40.5,26.6,591.0,0.0
2024-03-17 04:00:00+07:00,39.7,26.0,584.0,0.0
2024-03-17 05:00:00+07:00,39.2,25.7,625.0,0.0
2024-03-17 06:00:00+07:00,39.5,25.7,690.0,0.0
2024-03-17 07:00:00+07:00,56.5,36.4,889.0,0.0
2024-03-17 08:00:00+07:00,68.7,44.6,782.0,1.0
2024-03-17 09:00:00+07:00,82.7,52.9,634.0,3.0
2024-03-17 10:00:00+07:00,88.5,55.8,516.0,5.0
2024-03-17 11:00:00+07:00,86.6,53.9,458.0,6.0
2024-03-17 12:00:00+07:00,82.9,51.6,430.0,6.0
2024-03-17 13:00:00+07:00,78.2,48.9,410.0,6.0
2024-03-17 14:00:00+07:00,75.0,47.0,386.0,6.0
2024-03-17 15:00:00+07:00,72.2,45.5,370.0,5.0
2024-03-17 16:00:00+07:00,70.8,44.6,381.0,4.0
2024-03-17 17:00:00+07:00,67.8,43.0,439.0,3.0
2024-03-17 18:00:00+07:00,64.7,41.4,524.0,2.0
2024-03-17 19:00:00+07:00,68.5,44.6,693.0,1.0
2024-03-17 20:00:00+07:00,66.6,43.4,681.0,1.0
2024-03-17 21:00:00+07:00,62.6,41.1,666.0,0.0
2024-03-17 22:00:00+07:00,59.6,39.1,674.0,0.0
2024-03-17 23:00:00+07:00,57.3,37.6,726.0,0.0
2024-03-18 00:00:00+07:00,54.6,35.7,799.0,0.0
2024-03-18 01:00:00+07:00,51.3,33.5,853.0,0.0
2024-03-18 02:00:00+07:00,48.2,31.3,864.0,0.0
2024-03-18 03:00:00+07:00,45.3,29.3,856.0,0.0
2024-03-18 04:00:00+07:00,43.3,27.8,855.0,0.0
2024-03-18 05:00:00+07:00,42.3,27.0,893.0,0.0
2024-03-18 06:00:00+07:00,40.0,26.3,938.0,0.0
2024-03-18 07:00:00+07:00,41.0,27.6,791.0,1.0
2024-03-18 08:00:00+07:00,53.9,36.3,699.0,2.0
2024-03-18 09:00:00+07:00,74.7,47.7,573.0,4.0
2024-03-18 10:00:00+07:00,72.9,46.2,474.0,5.0
2024-03-18 11:00:00+07:00,60.1,38.3,432.0,5.0
2024-03-18 12:00:00+07:00,55.5,35.5,418.0,4.0
2024-03-18 13:00:00+07:00,52.3,33.5,410.0,3.0
2024-03-18 14:00:00+07:00,50.1,32.1,390.0,3.0
2024-03-18 15:00:00+07:00,48.2,31.0,376.0,2.0
2024-03-18 16:00:00+07:00,46.3,29.9,400.0,2.0
2024-03-18 17:00:00+07:00,45.9,29.6,497.0,2.0
2024-03-18 18:00:00+07:00,45.9,29.8,632.0,1.0
2024-03-18 19:00:00+07:00,61.2,40.6,828.0,0.0
2024-03-18 20:00:00+07:00,60.3,39.9,836.0,0.0
2024-03-18 21:00:00+07:00,56.7,37.5,849.0,0.0
2024-03-18 22:00:00+07:00,53.3,35.3,868.0,0.0
2024-03-18 23:00:00+07:00,50.1,33.2,905.0,0.0
2024-03-19 00:00:00+07:00,47.1,31.3,949.0,0.0
2024-03-19 01:00:00+07:00,44.5,29.5,970.0,0.0
2024-03-19 02:00:00+07:00,42.8,28.4,946.0,0.0
2024-03-19 03:00:00+07:00,41.6,27.5,899.0,0.0
2024-03-19 04:00:00+07:00,40.5,26.8,869.0,0.0
2024-03-19 05:00:00+07:00,40.3,26.6,888.0,0.0
2024-03-19 06:00:00+07:00,41.3,27.3,923.0,0.0
2024-03-19 07:00:00+07:00,43.9,29.2,1112.0,0.0
2024-03-19 08:00:00+07:00,57.3,38.4,988.0,1.0
2024-03-19 09:00:00+07:00,65.0,43.3,816.0,1.0
2024-03-19 10:00:00+07:00,63.3,41.8,678.0,2.0
2024-03-19 11:00:00+07:00,59.6,39.3,611.0,2.0
2024-03-19 12:00:00+07:00,61.9,41.0,579.0,2.0
2024-03-19 13:00:00+07:00,65.2,43.3,556.0,2.0
2024-03-19 14:00:00+07:00,66.8,44.4,532.0,4.0
2024-03-19 15:00:00+07:00,65.2,43.3,517.0,6.0
2024-03-19 16:00:00+07:00,166.7,108.7,521.0,7.0
2024-03-19 17:00:00+07:00,78.9,52.4,557.0,6.0
2024-03-19 18:00:00+07:00,75.9,50.6,611.0,3.0
2024-03-19 19:00:00+07:00,98.3,65.7,1207.0,2.0
2024-03-19 20:00:00+07:00,96.2,64.3,1046.0,2.0
2024-03-19 21:00:00+07:00,87.1,58.2,824.0,1.0
2024-03-19 22:00:00+07:00,82.4,54.8,647.0,1.0
2024-03-19 23:00:00+07:00,76.6,51.2,563.0,1.0
2024-03-20 00:00:00+07:00,60.3,41.4,525.0,0.0
2024-03-20 01:00:00+07:00,52.0,36.1,502.0,0.0
2024-03-20 02:00:00+07:00,43.8,30.4,488.0,0.0
2024-03-20 03:00:00+07:00,40.7,28.4,490.0,0.0
2024-03-20 04:00:00+07:00,37.4,26.0,498.0,0.0
2024-03-20 05:00:00+07:00,34.7,24.1,510.0,0.0
2024-03-20 06:00:00+07:00,33.5,23.3,528.0,0.0
2024-03-20 07:00:00+07:00,42.3,29.3,581.0,0.0
2024-03-20 08:00:00+07:00,45.3,31.4,581.0,0.0
2024-03-20 09:00:00+07:00,40.9,28.4,581.0,0.0
2024-03-20 10:00:00+07:00,36.3,25.3,575.0,0.0
2024-03-20 11:00:00+07:00,30.4,21.0,557.0,0.0
2024-03-20 12:00:00+07:00,30.3,20.9,534.0,0.0
2024-03-20 13:00:00+07:00,28.3,19.6,518.0,0.0
2024-03-20 14:00:00+07:00,25.4,17.7,513.0,0.0
2024-03-20 15:00:00+07:00,25.6,17.8,516.0,0.0
2024-03-20 16:00:00+07:00,25.2,17.5,523.0,0.0
2024-03-20 17:00:00+07:00,23.8,16.6,533.0,0.0
2024-03-20 18:00:00+07:00,23.8,16.6,547.0,0.0
2024-03-20 19:00:00+07:00,41.8,29.0,669.0,0.0
2024-03-20 20:00:00+07:00,51.0,35.4,776.0,0.0
2024-03-20 21:00:00+07:00,51.0,35.4,923.0,0.0
2024-03-20 22:00:00+07:00,54.0,37.5,1022.0,0.0
2024-03-20 23:00:00+07:00,53.6,37.3,1037.0,0.0
2024-03-21 00:00:00+07:00,47.1,32.8,1005.0,0.0
2024-03-21 01:00:00+07:00,45.2,31.5,949.0,0.0
2024-03-21 02:00:00+07:00,44.6,31.1,859.0,0.0
2024-03-21 03:00:00+07:00,41.1,28.6,747.0,0.0
2024-03-21 04:00:00+07:00,37.7,26.3,668.0,0.0
2024-03-21 05:00:00+07:00,32.5,22.6,660.0,0.0
2024-03-21 06:00:00+07:00,29.5,20.5,687.0,0.0
2024-03-21 07:00:00+07:00,21.7,15.2,716.0,0.0
2024-03-21 08:00:00+07:00,26.9,18.8,670.0,0.0
2024-03-21 09:00:00+07:00,28.3,19.7,605.0,0.0
2024-03-21 10:00:00+07:00,28.0,19.4,551.0,0.0
2024-03-21 11:00:00+07:00,25.8,18.0,519.0,0.0
2024-03-21 12:00:00+07:00,25.2,17.5,499.0,0.0
2024-03-21 13:00:00+07:00,27.2,18.9,486.0,0.0
2024-03-21 14:00:00+07:00,29.9,20.7,467.0,0.0
2024-03-21 15:00:00+07:00,31.8,21.9,455.0,0.0
2024-03-21 16:00:00+07:00,31.8,21.8,490.0,0.0
2024-03-21 17:00:00+07:00,31.3,21.5,614.0,0.0
2024-03-21 18:00:00+07:00,31.3,21.6,784.0,0.0
2024-03-21 19:00:00+07:00,54.9,38.1,952.0,0.0
2024-03-21 20:00:00+07:00,53.4,37.1,932.0,0.0
2024-03-21 21:00:00+07:00,52.9,36.8,907.0,0.0
2024-03-21 22:00:00+07:00,53.6,37.4,909.0,0.0
2024-03-21 23:00:00+07:00,54.0,37.7,970.0,0.0
2024-03-22 00:00:00+07:00,54.4,38.0,1056.0,0.0
2024-03-22 01:00:00+07:00,51.7,36.1,1102.0,0.0
2024-03-22 02:00:00+07:00,47.5,33.2,1062.0,0.0
2024-03-22 03:00:00+07:00,45.1,31.4,980.0,0.0
2024-03-22 04:00:00+07:00,39.3,27.5,924.0,0.0
2024-03-22 05:00:00+07:00,35.2,24.6,945.0,0.0
2024-03-22 06:00:00+07:00,31.5,22.0,991.0,0.0
2024-03-22 07:00:00+07:00,24.0,16.8,846.0,0.0
2024-03-22 08:00:00+07:00,27.5,19.2,734.0,0.0
2024-03-22 09:00:00+07:00,27.7,19.3,579.0,1.0
2024-03-22 10:00:00+07:00,31.8,21.8,456.0,1.0
2024-03-22 11:00:00+07:00,35.5,24.0,397.0,1.0
2024-03-22 12:00:00+07:00,33.4,22.5,369.0,1.0
2024-03-22 13:00:00+07:00,27.2,18.2,350.0,1.0
2024-03-22 14:00:00+07:00,24.8,16.5,327.0,1.0
2024-03-22 15:00:00+07:00,26.6,17.7,313.0,0.0
2024-03-22 16:00:00+07:00,26.3,17.5,323.0,0.0
2024-03-22 17:00:00+07:00,27.5,18.3,363.0,0.0
2024-03-22 18:00:00+07:00,25.7,17.2,428.0,0.0
2024-03-22 19:00:00+07:00,24.9,16.7,474.0,0.0
2024-03-22 20:00:00+07:00,27.2,18.5,582.0,0.0
2024-03-22 21:00:00+07:00,27.2,18.5,735.0,0.0
2024-03-22 22:00:00+07:00,26.0,17.8,870.0,0.0
2024-03-22 23:00:00+07:00,25.5,17.4,971.0,0.0
2024-03-23 00:00:00+07:00,25.3,17.3,1054.0,0.0
2024-03-23 01:00:00+07:00,24.9,17.1,1110.0,0.0
2024-03-23 02:00:00+07:00,24.2,16.5,1124.0,0.0
2024-03-23 03:00:00+07:00,23.3,15.9,1112.0,0.0
2024-03-23 04:00:00+07:00,22.5,15.4,1108.0,0.0
2024-03-23 05:00:00+07:00,21.5,14.6,1160.0,0.0
2024-03-23 06:00:00+07:00,21.0,14.3,1221.0,0.0
2024-03-23 07:00:00+07:00,27.3,18.7,1130.0,0.0
2024-03-23 08:00:00+07:00,48.8,33.6,904.0,0.0
2024-03-23 09:00:00+07:00,46.9,32.0,593.0,1.0
2024-03-23 10:00:00+07:00,30.7,20.4,356.0,1.0
2024-03-23 11:00:00+07:00,25.1,16.5,270.0,1.0
2024-03-23 12:00:00+07:00,21.2,13.9,259.0,2.0
2024-03-23 13:00:00+07:00,18.6,12.1,258.0,2.0
2024-03-23 14:00:00+07:00,17.2,11.1,243.0,2.0
2024-03-23 15:00:00+07:00,16.8,10.9,238.0,3.0
2024-03-23 16:00:00+07:00,17.1,10.9,254.0,3.0
2024-03-23 17:00:00+07:00,17.4,11.3,306.0,2.0
2024-03-23 18:00:00+07:00,17.4,11.5,380.0,1.0
2024-03-23 19:00:00+07:00,17.3,11.9,373.0,0.0
2024-03-23 20:00:00+07:00,18.2,12.4,373.0,0.0
2024-03-23 21:00:00+07:00,17.0,11.6,377.0,0.0
2024-03-23 22:00:00+07:00,16.5,11.2,405.0,0.0
2024-03-23 23:00:00+07:00,16.8,11.5,483.0,0.0
2024-03-24 00:00:00+07:00,17.2,11.8,585.0,0.0
2024-03-24 01:00:00+07:00,16.6,11.4,656.0,0.0
2024-03-24 02:00:00+07:00,15.6,10.7,661.0,0.0
2024-03-24 03:00:00+07:00,14.6,9.9,635.0,0.0
2024-03-24 04:00:00+07:00,13.8,9.3,628.0,0.0
2024-03-24 05:00:00+07:00,13.4,9.1,684.0,0.0
2024-03-24 06:00:00+07:00,13.6,9.2,760.0,0.0
2024-03-24 07:00:00+07:00,24.6,16.7,699.0,0.0
2024-03-24 08:00:00+07:00,38.4,26.3,585.0,1.0
2024-03-24 09:00:00+07:00,39.1,26.4,427.0,3.0
2024-03-24 10:00:00+07:00,31.2,20.3,305.0,4.0
2024-03-24 11:00:00+07:00,29.1,18.7,257.0,5.0
2024-03-24 12:00:00+07:00,26.7,17.1,245.0,5.0
2024-03-24 13:00:00+07:00,24.5,15.5,239.0,5.0
2024-03-24 14:00:00+07:00,22.6,14.2,218.0,5.0
2024-03-24 15:00:00+07:00,21.1,13.2,204.0,5.0
2024-03-24 16:00:00+07:00,19.9,12.5,231.0,4.0
2024-03-24 17:00:00+07:00,19.3,12.2,334.0,3.0
2024-03-24 18:00:00+07:00,20.3,13.3,478.0,2.0
2024-03-24 19:00:00+07:00,31.1,20.9,669.0,2.0
2024-03-24 20:00:00+07:00,32.6,22.2,706.0,1.0
2024-03-24 21:00:00+07:00,30.5,20.8,757.0,1.0
2024-03-24 22:00:00+07:00,28.2,19.4,801.0,0.0
2024-03-24 23:00:00+07:00,26.8,18.4,833.0,0.0
2024-03-25 00:00:00+07:00,25.4,17.4,857.0,0.0
2024-03-25 01:00:00+07:00,24.0,16.4,863.0,0.0
2024-03-25 02:00:00+07:00,22.5,15.3,839.0,0.0
2024-03-25 03:00:00+07:00,21.0,14.2,797.0,1.0
2024-03-25 04:00:00+07:00,19.9,13.4,761.0,1.0
2024-03-25 05:00:00+07:00,19.4,13.0,749.0,1.0
2024-03-25 06:00:00+07:00,19.5,13.0,743.0,1.0
2024-03-25 07:00:00+07:00,25.3,17.1,793.0,1.0
2024-03-25 08:00:00+07:00,41.2,28.1,669.0,3.0
2024-03-25 09:00:00+07:00,42.4,28.2,496.0,5.0
2024-03-25 10:00:00+07:00,28.3,17.9,363.0,7.0
2024-03-25 11:00:00+07:00,25.2,15.7,307.0,7.0
2024-03-25 12:00:00+07:00,24.7,15.4,290.0,6.0
2024-03-25 13:00:00+07:00,24.4,15.4,282.0,5.0
2024-03-25 14:00:00+07:00,24.5,15.8,266.0,5.0
2024-03-25 15:00:00+07:00,24.2,15.7,260.0,4.0
2024-03-25 16:00:00+07:00,23.8,15.5,286.0,4.0
2024-03-25 17:00:00+07:00,23.9,15.7,366.0,3.0
2024-03-25 18:00:00+07:00,24.3,16.3,478.0,2.0
2024-03-25 19:00:00+07:00,49.0,33.1,712.0,3.0
2024-03-25 20:00:00+07:00,48.8,33.2,750.0,2.0
2024-03-25 21:00:00+07:00,47.0,32.1,805.0,2.0
2024-03-25 22:00:00+07:00,45.6,31.2,857.0,1.0
2024-03-25 23:00:00+07:00,44.1,30.3,909.0,1.0
2024-03-26 00:00:00+07:00,41.6,28.5,959.0,0.0
2024-03-26 01:00:00+07:00,37.6,25.8,984.0,0.0
2024-03-26 02:00:00+07:00,34.6,23.6,959.0,0.0
2024-03-26 03:00:00+07:00,32.5,22.2,909.0,1.0
2024-03-26 04:00:00+07:00,31.8,21.6,881.0,1.0
2024-03-26 05:00:00+07:00,32.4,21.9,919.0,1.0
2024-03-26 06:00:00+07:00,33.5,22.7,979.0,1.0
2024-03-26 07:00:00+07:00,45.4,31.0,923.0,1.0
2024-03-26 08:00:00+07:00,59.6,40.9,816.0,3.0
2024-03-26 09:00:00+07:00,61.5,41.3,666.0,5.0
2024-03-26 10:00:00+07:00,52.4,34.2,537.0,7.0
2024-03-26 11:00:00+07:00,43.1,27.8,450.0,7.0
2024-03-26 12:00:00+07:00,35.3,22.8,384.0,5.0
2024-03-26 13:00:00+07:00,31.0,20.2,338.0,4.0
2024-03-26 14:00:00+07:00,28.5,18.6,314.0,4.0
2024-03-26 15:00:00+07:00,26.8,17.6,310.0,3.0
2024-03-26 16:00:00+07:00,26.1,17.2,322.0,3.0
2024-03-26 17:00:00+07:00,26.4,17.5,357.0,2.0
2024-03-26 18:00:00+07:00,27.0,18.1,407.0,2.0
2024-03-26 19:00:00+07:00,51.0,33.8,749.0,5.0
2024-03-26 20:00:00+07:00,49.1,33.3,664.0,4.0
2024-03-26 21:00:00+07:00,47.4,32.0,548.0,2.0
2024-03-26 22:00:00+07:00,48.0,32.4,469.0,1.0
2024-03-26 23:00:00+07:00,45.5,30.7,465.0,0.0
2024-03-27 00:00:00+07:00,41.3,28.0,498.0,0.0
2024-03-27 01:00:00+07:00,38.2,25.9,520.0,0.0
2024-03-27 02:00:00+07:00,36.4,24.6,501.0,0.0
2024-03-27 03:00:00+07:00,35.3,23.8,471.0,0.0
2024-03-27 04:00:00+07:00,34.2,23.1,468.0,0.0
2024-03-27 05:00:00+07:00,34.2,23.1,535.0,0.0
2024-03-27 06:00:00+07:00,34.0,22.9,629.0,0.0
2024-03-27 07:00:00+07:00,41.1,27.7,679.0,1.0
2024-03-27 08:00:00+07:00,46.9,31.4,597.0,2.0
2024-03-27 09:00:00+07:00,49.9,32.8,482.0,4.0
2024-03-27 10:00:00+07:00,45.8,29.8,390.0,5.0
2024-03-27 11:00:00+07:00,39.1,25.0,344.0,5.0
2024-03-27 12:00:00+07:00,34.8,22.1,320.0,5.0
2024-03-27 13:00:00+07:00,33.2,21.1,305.0,5.0
2024-03-27 14:00:00+07:00,31.5,20.3,288.0,4.0
2024-03-27 15:00:00+07:00,30.2,19.5,279.0,4.0
2024-03-27 16:00:00+07:00,28.9,18.7,297.0,3.0
2024-03-27 17:00:00+07:00,28.0,18.2,365.0,2.0
2024-03-27 18:00:00+07:00,27.8,18.2,460.0,2.0
2024-03-27 19:00:00+07:00,38.2,24.9,512.0,3.0
2024-03-27 20:00:00+07:00,38.2,25.5,511.0,2.0
2024-03-27 21:00:00+07:00,38.0,25.4,509.0,2.0
2024-03-27 22:00:00+07:00,38.0,25.6,509.0,1.0
2024-03-27 23:00:00+07:00,37.5,25.3,512.0,1.0
2024-03-28 00:00:00+07:00,36.1,24.3,517.0,0.0
2024-03-28 01:00:00+07:00,34.3,23.2,520.0,0.0
2024-03-28 02:00:00+07:00,32.7,22.1,511.0,0.0
2024-03-28 03:00:00+07:00,31.4,21.2,501.0,0.0
2024-03-28 04:00:00+07:00,31.0,20.8,512.0,0.0
2024-03-28 05:00:00+07:00,30.5,20.5,580.0,0.0
2024-03-28 06:00:00+07:00,30.0,20.2,671.0,0.0
2024-03-28 07:00:00+07:00,29.0,19.6,749.0,0.0
2024-03-28 08:00:00+07:00,39.2,26.3,637.0,2.0
2024-03-28 09:00:00+07:00,42.5,27.8,481.0,4.0
2024-03-28 10:00:00+07:00,36.8,22.9,362.0,6.0
2024-03-28 11:00:00+07:00,33.8,20.4,316.0,6.0
2024-03-28 12:00:00+07:00,30.6,18.3,305.0,6.0
2024-03-28 13:00:00+07:00,29.0,17.4,300.0,6.0
2024-03-28 14:00:00+07:00,28.0,16.8,278.0,6.0
2024-03-28 15:00:00+07:00,27.1,16.4,262.0,6.0
2024-03-28 16:00:00+07:00,26.3,15.9,283.0,5.0
2024-03-28 17:00:00+07:00,25.7,15.8,370.0,4.0
2024-03-28 18:00:00+07:00,25.4,16.1,495.0,2.0
2024-03-28 19:00:00+07:00,34.1,22.1,695.0,2.0
2024-03-28 20:00:00+07:00,37.1,24.6,777.0,1.0
2024-03-28 21:00:00+07:00,37.1,24.9,891.0,1.0
2024-03-28 22:00:00+07:00,35.7,24.2,983.0,0.0
2024-03-28 23:00:00+07:00,34.2,23.2,1035.0,0.0
2024-03-29 00:00:00+07:00,32.5,22.0,1065.0,0.0
2024-03-29 01:00:00+07:00,30.4,20.5,1073.0,0.0
2024-03-29 02:00:00+07:00,28.1,18.9,1044.0,0.0
2024-03-29 03:00:00+07:00,26.2,17.6,993.0,0.0
2024-03-29 04:00:00+07:00,24.6,16.4,963.0,0.0
2024-03-29 05:00:00+07:00,23.7,15.7,1001.0,0.0
2024-03-29 06:00:00+07:00,23.6,15.5,1060.0,0.0
2024-03-29 07:00:00+07:00,40.5,26.8,1063.0,0.0
2024-03-29 08:00:00+07:00,61.7,41.1,867.0,3.0
2024-03-29 09:00:00+07:00,71.0,45.6,597.0,7.0
2024-03-29 10:00:00+07:00,64.3,39.0,385.0,10.0
2024-03-29 11:00:00+07:00,56.0,33.8,291.0,9.0
2024-03-29 12:00:00+07:00,43.3,26.3,257.0,6.0
2024-03-29 13:00:00+07:00,35.3,21.6,241.0,4.0
2024-03-29 14:00:00+07:00,31.3,19.2,227.0,3.0
2024-03-29 15:00:00+07:00,29.9,18.5,230.0,3.0
2024-03-29 16:00:00+07:00,30.7,19.3,259.0,3.0
2024-03-29 17:00:00+07:00,33.1,21.0,330.0,2.0
2024-03-29 18:00:00+07:00,35.5,23.1,427.0,1.0
2024-03-29 19:00:00+07:00,34.6,22.9,480.0,0.0
2024-03-29 20:00:00+07:00,33.8,22.5,496.0,0.0
2024-03-29 21:00:00+07:00,30.3,20.1,520.0,0.0
2024-03-29 22:00:00+07:00,27.1,18.0,552.0,0.0
2024-03-29 23:00:00+07:00,25.0,16.7,602.0,0.0
2024-03-30 00:00:00+07:00,23.6,15.8,659.0,0.0
2024-03-30 01:00:00+07:00,21.9,14.6,692.0,0.0
2024-03-30 02:00:00+07:00,20.4,13.6,675.0,0.0
2024-03-30 03:00:00+07:00,19.6,13.0,633.0,0.0
2024-03-30 04:00:00+07:00,19.2,12.8,614.0,0.0
2024-03-30 05:00:00+07:00,19.1,12.7,660.0,0.0
2024-03-30 06:00:00+07:00,19.7,13.1,728.0,0.0
2024-03-30 07:00:00+07:00,25.9,17.5,811.0,0.0
2024-03-30 08:00:00+07:00,37.3,25.1,668.0,3.0
2024-03-30 09:00:00+07:00,41.7,27.1,469.0,6.0
2024-03-30 10:00:00+07:00,41.1,24.6,317.0,9.0
2024-03-30 11:00:00+07:00,41.8,24.1,256.0,11.0
2024-03-30 12:00:00+07:00,40.3,23.0,241.0,12.0
2024-03-30 13:00:00+07:00,38.6,21.9,239.0,13.0
2024-03-30 14:00:00+07:00,37.5,21.0,223.0,13.0
2024-03-30 15:00:00+07:00,36.9,20.8,220.0,13.0
2024-03-30 16:00:00+07:00,38.8,22.4,273.0,12.0
2024-03-30 17:00:00+07:00,42.8,25.4,412.0,9.0
2024-03-30 18:00:00+07:00,46.6,29.3,606.0,5.0
2024-03-30 19:00:00+07:00,75.4,48.8,982.0,5.0
2024-03-30 20:00:00+07:00,77.8,51.3,1141.0,4.0
2024-03-30 21:00:00+07:00,73.6,48.9,1354.0,2.0
2024-03-30 22:00:00+07:00,66.1,44.0,1470.0,1.0
2024-03-30 23:00:00+07:00,59.5,39.6,1397.0,1.0
2024-03-31 00:00:00+07:00,54.4,36.0,1228.0,1.0
2024-03-31 01:00:00+07:00,49.1,32.4,1087.0,1.0
2024-03-31 02:00:00+07:00,44.6,29.3,1019.0,1.0
2024-03-31 03:00:00+07:00,41.2,27.0,979.0,1.0
2024-03-31 04:00:00+07:00,38.9,25.2,966.0,1.0
2024-03-31 05:00:00+07:00,37.1,23.9,1015.0,0.0
2024-03-31 06:00:00+07:00,36.4,23.5,1091.0,0.0
2024-03-31 07:00:00+07:00,54.2,34.7,978.0,4.0
2024-03-31 08:00:00+07:00,69.2,44.9,815.0,8.0
2024-03-31 09:00:00+07:00,78.0,47.6,590.0,13.0
2024-03-31 10:00:00+07:00,65.2,37.4,416.0,16.0
2024-03-31 11:00:00+07:00,60.8,34.6,342.0,16.0
2024-03-31 12:00:00+07:00,56.3,32.0,318.0,14.0
2024-03-31 13:00:00+07:00,53.3,30.5,311.0,12.0
2024-03-31 14:00:00+07:00,51.6,29.8,298.0,11.0
2024-03-31 15:00:00+07:00,51.0,29.8,300.0,11.0
2024-03-31 16:00:00+07:00,51.9,30.7,349.0,10.0
2024-03-31 17:00:00+07:00,54.2,32.6,480.0,8.0
2024-03-31 18:00:00+07:00,56.8,35.2,657.0,4.0
2024-03-31 19:00:00+07:00,59.8,37.8,713.0,2.0
2024-03-31 20:00:00+07:00,58.4,37.5,760.0,2.0
2024-03-31 21:00:00+07:00,53.2,34.2,824.0,1.0
2024-03-31 22:00:00+07:00,48.3,31.1,862.0,1.0
2024-03-31 23:00:00+07:00,45.9,29.3,853.0,1.0
2024-04-01 00:00:00+07:00,43.2,27.6,818.0,1.0
2024-04-01 01:00:00+07:00,40.2,25.7,782.0,1.0
2024-04-01 02:00:00+07:00,37.5,23.9,747.0,1.0
2024-04-01 03:00:00+07:00,36.0,23.0,712.0,1.0
2024-04-01 04:00:00+07:00,35.7,22.8,696.0,1.0
2024-04-01 05:00:00+07:00,36.0,22.9,732.0,1.0
2024-04-01 06:00:00+07:00,36.4,23.2,788.0,0.0
2024-04-01 07:00:00+07:00,42.1,27.1,771.0,1.0
2024-04-01 08:00:00+07:00,54.7,35.5,653.0,3.0
2024-04-01 09:00:00+07:00,60.3,37.3,490.0,7.0
2024-04-01 10:00:00+07:00,53.1,31.4,365.0,9.0
2024-04-01 11:00:00+07:00,53.0,30.9,316.0,10.0
2024-04-01 12:00:00+07:00,52.2,30.4,304.0,9.0
2024-04-01 13:00:00+07:00,49.9,29.3,303.0,9.0
2024-04-01 14:00:00+07:00,48.0,28.4,290.0,9.0
2024-04-01 15:00:00+07:00,46.6,27.9,287.0,8.0
2024-04-01 16:00:00+07:00,45.8,27.6,329.0,7.0
2024-04-01 17:00:00+07:00,45.4,27.7,441.0,5.0
2024-04-01 18:00:00+07:00,45.4,28.3,599.0,3.0
2024-04-01 19:00:00+07:00,57.4,36.2,702.0,3.0
2024-04-01 20:00:00+07:00,56.8,36.8,830.0,2.0
2024-04-01 21:00:00+07:00,53.1,34.6,1005.0,1.0
2024-04-01 22:00:00+07:00,49.2,32.0,1113.0,0.0
2024-04-01 23:00:00+07:00,47.8,31.0,1094.0,0.0
2024-04-02 00:00:00+07:00,47.0,30.4,1010.0,0.0
2024-04-02 01:00:00+07:00,45.1,28.9,933.0,0.0
2024-04-02 02:00:00+07:00,42.6,27.3,884.0,0.0
2024-04-02 03:00:00+07:00,41.0,26.1,841.0,1.0
2024-04-02 04:00:00+07:00,40.3,25.6,816.0,1.0
2024-04-02 05:00:00+07:00,40.0,25.4,833.0,1.0
2024-04-02 06:00:00+07:00,40.2,25.4,866.0,1.0
2024-04-02 07:00:00+07:00,44.4,28.2,853.0,1.0
2024-04-02 08:00:00+07:00,56.6,36.6,735.0,3.0
2024-04-02 09:00:00+07:00,68.9,43.0,572.0,5.0
2024-04-02 10:00:00+07:00,65.0,39.8,442.0,7.0
2024-04-02 11:00:00+07:00,55.3,33.6,378.0,7.0
2024-04-02 12:00:00+07:00,45.6,27.5,347.0,7.0
2024-04-02 13:00:00+07:00,41.0,24.7,330.0,6.0
2024-04-02 14:00:00+07:00,38.2,23.2,307.0,5.0
2024-04-02 15:00:00+07:00,37.0,22.7,299.0,5.0
2024-04-02 16:00:00+07:00,36.3,22.5,346.0,4.0
2024-04-02 17:00:00+07:00,35.4,22.1,489.0,3.0
2024-04-02 18:00:00+07:00,35.7,22.8,688.0,2.0
2024-04-02 19:00:00+07:00,47.5,31.3,772.0,0.0
2024-04-02 20:00:00+07:00,50.4,33.5,860.0,0.0
2024-04-02 21:00:00+07:00,47.4,31.8,977.0,0.0
2024-04-02 22:00:00+07:00,42.5,28.5,1038.0,0.0
2024-04-02 23:00:00+07:00,39.2,26.4,988.0,0.0
2024-04-03 00:00:00+07:00,37.0,24.9,880.0,0.0
2024-04-03 01:00:00+07:00,34.2,23.1,793.0,0.0
2024-04-03 02:00:00+07:00,31.5,21.2,751.0,0.0
2024-04-03 03:00:00+07:00,29.6,19.9,729.0,0.0
2024-04-03 04:00:00+07:00,28.6,19.2,725.0,0.0
2024-04-03 05:00:00+07:00,28.1,18.8,761.0,0.0
2024-04-03 06:00:00+07:00,28.0,18.7,814.0,0.0
2024-04-03 07:00:00+07:00,54.8,36.7,814.0,0.0
2024-04-03 08:00:00+07:00,64.0,42.8,716.0,2.0
2024-04-03 09:00:00+07:00,78.0,51.3,579.0,5.0
2024-04-03 10:00:00+07:00,75.9,48.3,468.0,7.0
2024-04-03 11:00:00+07:00,71.5,44.9,409.0,8.0
2024-04-03 12:00:00+07:00,67.5,41.8,376.0,9.0
2024-04-03 13:00:00+07:00,66.6,40.6,357.0,10.0
2024-04-03 14:00:00+07:00,68.0,41.0,331.0,11.0
2024-04-03 15:00:00+07:00,69.8,42.0,318.0,11.0
2024-04-03 16:00:00+07:00,71.0,42.6,367.0,10.0
2024-04-03 17:00:00+07:00,72.4,43.5,531.0,8.0
2024-04-03 18:00:00+07:00,73.3,45.5,757.0,5.0
2024-04-03 19:00:00+07:00,75.4,48.2,931.0,2.0
2024-04-03 20:00:00+07:00,74.3,48.0,931.0,2.0
2024-04-03 21:00:00+07:00,67.5,43.7,929.0,1.0
2024-04-03 22:00:00+07:00,63.1,40.4,915.0,1.0
2024-04-03 23:00:00+07:00,60.8,38.6,877.0,1.0
2024-04-04 00:00:00+07:00,56.9,36.1,826.0,0.0
2024-04-04 01:00:00+07:00,51.6,32.6,790.0,0.0
2024-04-04 02:00:00+07:00,47.0,29.7,777.0,0.0
2024-04-04 03:00:00+07:00,43.8,27.6,778.0,0.0
2024-04-04 04:00:00+07:00,42.0,26.4,790.0,0.0
2024-04-04 05:00:00+07:00,41.3,26.0,836.0,0.0
2024-04-04 06:00:00+07:00,41.4,26.0,893.0,0.0
2024-04-04 07:00:00+07:00,47.4,30.3,828.0,1.0
2024-04-04 08:00:00+07:00,57.5,37.1,733.0,3.0
2024-04-04 09:00:00+07:00,69.6,43.8,601.0,6.0
2024-04-04 10:00:00+07:00,61.2,37.6,494.0,8.0
2024-04-04 11:00:00+07:00,53.7,32.5,440.0,8.0
2024-04-04 12:00:00+07:00,49.9,30.3,411.0,8.0
2024-04-04 13:00:00+07:00,45.2,27.6,390.0,7.0
2024-04-04 14:00:00+07:00,40.5,25.0,356.0,6.0
2024-04-04 15:00:00+07:00,37.3,23.2,330.0,5.0
2024-04-04 16:00:00+07:00,35.5,22.3,361.0,4.0
2024-04-04 17:00:00+07:00,34.9,22.1,497.0,3.0
2024-04-04 18:00:00+07:00,37.3,24.2,690.0,2.0
2024-04-04 19:00:00+07:00,52.7,34.6,880.0,2.0
2024-04-04 20:00:00+07:00,53.2,35.3,920.0,1.0
2024-04-04 21:00:00+07:00,50.3,33.5,974.0,1.0
2024-04-04 22:00:00+07:00,47.8,31.8,1006.0,0.0
2024-04-04 23:00:00+07:00,45.9,30.5,996.0,0.0
2024-04-05 00:00:00+07:00,43.5,29.0,963.0,0.0
2024-04-05 01:00:00+07:00,40.3,26.7,931.0,0.0
2024-04-05 02:00:00+07:00,36.8,24.3,901.0,0.0
2024-04-05 03:00:00+07:00,34.1,22.5,872.0,0.0
2024-04-05 04:00:00+07:00,32.2,21.1,856.0,0.0
2024-04-05 05:00:00+07:00,31.3,20.2,879.0,0.0
2024-04-05 06:00:00+07:00,31.7,20.3,916.0,0.0
2024-04-05 07:00:00+07:00,41.7,26.9,781.0,0.0
2024-04-05 08:00:00+07:00,55.3,35.7,699.0,4.0
2024-04-05 09:00:00+07:00,71.0,43.7,585.0,9.0
2024-04-05 10:00:00+07:00,70.8,42.7,493.0,12.0
2024-04-05 11:00:00+07:00,61.9,37.0,447.0,12.0
2024-04-05 12:00:00+07:00,56.9,34.6,424.0,11.0
2024-04-05 13:00:00+07:00,57.6,35.6,409.0,10.0
2024-04-05 14:00:00+07:00,55.6,34.8,382.0,9.0
2024-04-05 15:00:00+07:00,52.9,33.3,363.0,7.0
2024-04-05 16:00:00+07:00,50.6,32.0,398.0,6.0
2024-04-05 17:00:00+07:00,49.4,31.4,546.0,4.0
2024-04-05 18:00:00+07:00,51.9,33.9,749.0,2.0
2024-04-05 19:00:00+07:00,77.1,51.0,1040.0,3.0
2024-04-05 20:00:00+07:00,74.0,49.2,978.0,2.0
2024-04-05 21:00:00+07:00,66.4,44.2,892.0,2.0
2024-04-05 22:00:00+07:00,60.5,40.2,821.0,1.0
2024-04-05 23:00:00+07:00,56.6,37.5,783.0,1.0
2024-04-06 00:00:00+07:00,53.2,35.2,761.0,0.0
2024-04-06 01:00:00+07:00,49.5,32.6,737.0,0.0
2024-04-06 02:00:00+07:00,46.3,30.3,700.0,0.0
2024-04-06 03:00:00+07:00,43.7,28.4,661.0,0.0
2024-04-06 04:00:00+07:00,41.7,26.8,640.0,0.0
2024-04-06 05:00:00+07:00,40.6,26.0,664.0,0.0
2024-04-06 06:00:00+07:00,40.7,25.9,705.0,0.0
2024-04-06 07:00:00+07:00,47.6,30.7,725.0,1.0
2024-04-06 08:00:00+07:00,61.0,39.1,627.0,3.0
2024-04-06 09:00:00+07:00,71.7,43.8,492.0,6.0
2024-04-06 10:00:00+07:00,68.5,41.6,393.0,8.0
2024-04-06 11:00:00+07:00,65.4,39.8,366.0,10.0
2024-04-06 12:00:00+07:00,61.7,37.1,376.0,11.0
2024-04-06 13:00:00+07:00,60.1,36.4,388.0,11.0
2024-04-06 14:00:00+07:00,58.8,36.1,381.0,10.0
2024-04-06 15:00:00+07:00,57.7,35.9,377.0,9.0
2024-04-06 16:00:00+07:00,56.7,35.5,406.0,7.0
2024-04-06 17:00:00+07:00,55.4,34.9,506.0,5.0
2024-04-06 18:00:00+07:00,54.7,35.3,639.0,3.0
2024-04-06 19:00:00+07:00,79.6,51.3,906.0,6.0
2024-04-06 20:00:00+07:00,75.9,49.7,833.0,5.0
2024-04-06 21:00:00+07:00,69.6,45.5,732.0,3.0
2024-04-06 22:00:00+07:00,65.2,42.7,662.0,1.0
2024-04-06 23:00:00+07:00,62.9,41.3,652.0,0.0
2024-04-07 00:00:00+07:00,61.7,40.5,672.0,0.0
2024-04-07 01:00:00+07:00,59.3,39.0,690.0,0.0
2024-04-07 02:00:00+07:00,55.9,36.9,691.0,0.0
2024-04-07 03:00:00+07:00,51.8,34.3,691.0,0.0
2024-04-07 04:00:00+07:00,47.7,31.8,705.0,0.0
2024-04-07 05:00:00+07:00,44.5,29.7,763.0,0.0
2024-04-07 06:00:00+07:00,42.7,28.6,836.0,0.0
2024-04-07 07:00:00+07:00,42.7,28.6,816.0,0.0
2024-04-07 08:00:00+07:00,51.2,34.2,703.0,2.0
2024-04-07 09:00:00+07:00,55.5,34.8,547.0,4.0
2024-04-07 10:00:00+07:00,61.2,37.8,435.0,6.0
2024-04-07 11:00:00+07:00,66.8,41.4,410.0,6.0
2024-04-07 12:00:00+07:00,65.0,40.5,429.0,5.0
2024-04-07 13:00:00+07:00,63.8,40.0,446.0,4.0
2024-04-07 14:00:00+07:00,60.1,38.0,436.0,4.0
2024-04-07 15:00:00+07:00,56.9,36.2,425.0,3.0
2024-04-07 16:00:00+07:00,54.7,34.9,447.0,3.0
2024-04-07 17:00:00+07:00,53.2,34.1,537.0,2.0
2024-04-07 18:00:00+07:00,53.1,34.6,659.0,2.0
2024-04-07 19:00:00+07:00,65.2,42.7,927.0,1.0
2024-04-07 20:00:00+07:00,61.7,40.5,836.0,1.0
2024-04-07 21:00:00+07:00,56.8,37.1,712.0,0.0
2024-04-07 22:00:00+07:00,51.1,33.5,626.0,0.0
2024-04-07 23:00:00+07:00,46.9,30.9,617.0,0.0
2024-04-08 00:00:00+07:00,43.3,28.5,646.0,0.0
2024-04-08 01:00:00+07:00,39.8,26.3,667.0,0.0
2024-04-08 02:00:00+07:00,36.8,24.3,658.0,0.0
2024-04-08 03:00:00+07:00,34.0,22.5,642.0,0.0
2024-04-08 04:00:00+07:00,31.5,20.8,638.0,0.0
2024-04-08 05:00:00+07:00,29.7,19.7,673.0,0.0
2024-04-08 06:00:00+07:00,29.0,19.2,721.0,0.0
2024-04-08 07:00:00+07:00,43.3,28.7,729.0,0.0
2024-04-08 08:00:00+07:00,51.9,34.2,627.0,1.0
2024-04-08 09:00:00+07:00,54.4,34.5,487.0,2.0
2024-04-08 10:00:00+07:00,54.8,34.6,384.0,3.0
2024-04-08 11:00:00+07:00,58.3,37.0,357.0,3.0
2024-04-08 12:00:00+07:00,57.6,37.0,368.0,3.0
2024-04-08 13:00:00+07:00,57.7,37.4,380.0,3.0
2024-04-08 14:00:00+07:00,57.5,37.3,367.0,3.0
2024-04-08 15:00:00+07:00,56.9,36.9,357.0,2.0
2024-04-08 16:00:00+07:00,55.5,36.0,390.0,2.0
2024-04-08 17:00:00+07:00,55.1,35.7,506.0,2.0
2024-04-08 18:00:00+07:00,54.7,35.9,667.0,1.0
2024-04-08 19:00:00+07:00,73.6,48.4,761.0,1.0
2024-04-08 20:00:00+07:00,71.9,47.8,790.0,1.0
2024-04-08 21:00:00+07:00,68.7,46.6,832.0,0.0
2024-04-08 22:00:00+07:00,67.1,45.5,875.0,0.0
2024-04-08 23:00:00+07:00,66.1,44.9,924.0,0.0
2024-04-09 00:00:00+07:00,62.2,42.3,975.0,0.0
2024-04-09 01:00:00+07:00,58.2,39.6,1001.0,0.0
2024-04-09 02:00:00+07:00,55.3,37.5,977.0,0.0
2024-04-09 03:00:00+07:00,53.6,36.2,928.0,0.0
2024-04-09 04:00:00+07:00,52.6,35.5,904.0,0.0
2024-04-09 05:00:00+07:00,51.3,34.6,949.0,0.0
2024-04-09 06:00:00+07:00,49.1,33.2,1019.0,0.0
2024-04-09 07:00:00+07:00,42.0,28.6,956.0,0.0
2024-04-09 08:00:00+07:00,53.0,35.9,849.0,0.0
2024-04-09 09:00:00+07:00,57.0,38.1,699.0,1.0
2024-04-09 10:00:00+07:00,56.1,37.0,580.0,1.0
2024-04-09 11:00:00+07:00,56.6,36.8,521.0,1.0
2024-04-09 12:00:00+07:00,54.4,35.3,492.0,2.0
2024-04-09 13:00:00+07:00,54.0,35.2,473.0,2.0
2024-04-09 14:00:00+07:00,53.6,34.9,456.0,2.0
2024-04-09 15:00:00+07:00,52.2,34.1,449.0,1.0
2024-04-09 16:00:00+07:00,49.8,32.6,456.0,1.0
2024-04-09 17:00:00+07:00,48.8,31.9,484.0,1.0
2024-04-09 18:00:00+07:00,49.2,32.5,525.0,1.0
2024-04-09 19:00:00+07:00,75.4,49.7,711.0,0.0
2024-04-09 20:00:00+07:00,71.9,47.6,835.0,0.0
2024-04-09 21:00:00+07:00,68.5,46.4,1001.0,0.0
2024-04-09 22:00:00+07:00,66.4,45.3,1094.0,0.0
2024-04-09 23:00:00+07:00,62.6,42.8,1041.0,0.0
2024-04-10 00:00:00+07:00,58.0,39.6,914.0,0.0
2024-04-10 01:00:00+07:00,52.9,36.1,813.0,0.0
2024-04-10 02:00:00+07:00,50.1,34.1,770.0,0.0
2024-04-10 03:00:00+07:00,48.1,32.9,753.0,0.0
2024-04-10 04:00:00+07:00,47.1,32.2,761.0,0.0
2024-04-10 05:00:00+07:00,44.0,30.3,824.0,0.0
2024-04-10 06:00:00+07:00,43.4,29.7,913.0,0.0
2024-04-10 07:00:00+07:00,61.7,41.9,1042.0,0.0
2024-04-10 08:00:00+07:00,66.8,45.6,903.0,0.0
2024-04-10 09:00:00+07:00,78.0,52.5,711.0,1.0
2024-04-10 10:00:00+07:00,70.8,47.7,563.0,1.0
2024-04-10 11:00:00+07:00,69.4,46.8,504.0,1.0
2024-04-10 12:00:00+07:00,65.4,44.1,490.0,1.0
2024-04-10 13:00:00+07:00,63.6,42.8,485.0,1.0
2024-04-10 14:00:00+07:00,64.0,42.8,476.0,1.0
2024-04-10 15:00:00+07:00,65.2,43.5,476.0,1.0
2024-04-10 16:00:00+07:00,65.9,43.8,491.0,1.0
2024-04-10 17:00:00+07:00,65.2,43.3,522.0,1.0
2024-04-10 18:00:00+07:00,62.4,41.7,567.0,0.0
2024-04-10 19:00:00+07:00,78.0,53.4,659.0,0.0
2024-04-10 20:00:00+07:00,73.1,50.2,652.0,0.0
2024-04-10 21:00:00+07:00,73.8,50.8,645.0,0.0
2024-04-10 22:00:00+07:00,73.1,50.3,654.0,0.0
2024-04-10 23:00:00+07:00,71.9,49.7,693.0,0.0
2024-04-11 00:00:00+07:00,71.0,49.0,749.0,0.0
2024-04-11 01:00:00+07:00,68.7,47.5,792.0,0.0
2024-04-11 02:00:00+07:00,65.9,45.6,805.0,0.0
2024-04-11 03:00:00+07:00,62.9,43.5,807.0,0.0
2024-04-11 04:00:00+07:00,60.5,41.9,824.0,0.0
2024-04-11 05:00:00+07:00,59.0,40.7,897.0,0.0
2024-04-11 06:00:00+07:00,58.2,40.3,985.0,0.0
2024-04-11 07:00:00+07:00,70.3,48.7,932.0,0.0
2024-04-11 08:00:00+07:00,76.1,52.5,827.0,0.0
2024-04-11 09:00:00+07:00,83.1,57.0,681.0,1.0
2024-04-11 10:00:00+07:00,83.1,57.0,565.0,1.0
2024-04-11 11:00:00+07:00,76.4,52.3,508.0,1.0
2024-04-11 12:00:00+07:00,67.5,46.1,481.0,1.0
2024-04-11 13:00:00+07:00,63.8,43.3,467.0,1.0
2024-04-11 14:00:00+07:00,60.8,41.2,459.0,1.0
2024-04-11 15:00:00+07:00,59.5,40.3,462.0,1.0
2024-04-11 16:00:00+07:00,58.6,39.8,480.0,1.0
2024-04-11 17:00:00+07:00,60.1,41.0,514.0,1.0
2024-04-11 18:00:00+07:00,62.2,43.0,561.0,0.0
2024-04-11 19:00:00+07:00,34.2,23.6,484.0,0.0
2024-04-11 20:00:00+07:00,36.4,25.2,587.0,0.0
2024-04-11 21:00:00+07:00,35.4,24.5,733.0,0.0
2024-04-11 22:00:00+07:00,34.5,23.9,864.0,0.0
2024-04-11 23:00:00+07:00,34.5,24.0,970.0,0.0
2024-04-12 00:00:00+07:00,34.0,23.7,1061.0,0.0
2024-04-12 01:00:00+07:00,32.6,22.8,1118.0,0.0
2024-04-12 02:00:00+07:00,31.2,21.7,1117.0,0.0
2024-04-12 03:00:00+07:00,30.2,21.0,1081.0,0.0
2024-04-12 04:00:00+07:00,29.5,20.5,1059.0,0.0
2024-04-12 05:00:00+07:00,28.9,20.1,1095.0,0.0
2024-04-12 06:00:00+07:00,29.1,20.2,1145.0,0.0
2024-04-12 07:00:00+07:00,33.2,23.1,830.0,0.0
2024-04-12 08:00:00+07:00,39.9,27.8,764.0,0.0
2024-04-12 09:00:00+07:00,48.4,33.3,672.0,0.0
2024-04-12 10:00:00+07:00,53.3,36.3,598.0,0.0
2024-04-12 11:00:00+07:00,55.2,37.4,560.0,0.0
2024-04-12 12:00:00+07:00,54.5,36.7,540.0,1.0
2024-04-12 13:00:00+07:00,52.7,35.4,522.0,1.0
2024-04-12 14:00:00+07:00,49.6,33.2,499.0,1.0
2024-04-12 15:00:00+07:00,45.1,30.3,479.0,0.0
2024-04-12 16:00:00+07:00,43.7,29.3,473.0,0.0
2024-04-12 17:00:00+07:00,43.0,29.0,489.0,0.0
2024-04-12 18:00:00+07:00,44.7,30.7,520.0,0.0
2024-04-12 19:00:00+07:00,56.5,38.2,612.0,0.0
2024-04-12 20:00:00+07:00,56.3,38.6,592.0,0.0
2024-04-12 21:00:00+07:00,56.3,38.8,566.0,0.0
2024-04-12 22:00:00+07:00,55.5,38.3,560.0,0.0
2024-04-12 23:00:00+07:00,54.7,37.7,597.0,0.0
2024-04-13 00:00:00+07:00,53.9,37.3,654.0,0.0
2024-04-13 01:00:00+07:00,53.4,36.9,688.0,0.0
2024-04-13 02:00:00+07:00,51.7,35.7,671.0,0.0
2024-04-13 03:00:00+07:00,49.7,34.3,631.0,0.0
2024-04-13 04:00:00+07:00,47.7,33.1,611.0,0.0
2024-04-13 05:00:00+07:00,46.2,32.0,642.0,0.0
2024-04-13 06:00:00+07:00,46.3,32.0,694.0,0.0
2024-04-13 07:00:00+07:00,46.0,31.9,605.0,0.0
2024-04-13 08:00:00+07:00,51.6,35.6,577.0,0.0
2024-04-13 09:00:00+07:00,54.2,37.1,538.0,0.0
2024-04-13 10:00:00+07:00,54.0,36.6,505.0,0.0
2024-04-13 11:00:00+07:00,52.6,35.3,485.0,0.0
2024-04-13 12:00:00+07:00,52.3,34.9,472.0,1.0
2024-04-13 13:00:00+07:00,51.0,34.0,459.0,1.0
2024-04-13 14:00:00+07:00,48.7,32.5,443.0,1.0
2024-04-13 15:00:00+07:00,45.4,30.3,428.0,1.0
2024-04-13 16:00:00+07:00,43.3,28.8,424.0,1.0
2024-04-13 17:00:00+07:00,111.1,73.6,435.0,1.0
2024-04-13 18:00:00+07:00,83.6,55.9,457.0,1.0
2024-04-13 19:00:00+07:00,28.6,19.4,502.0,0.0
2024-04-13 20:00:00+07:00,30.6,20.8,580.0,0.0
2024-04-13 21:00:00+07:00,31.4,21.5,690.0,0.0
2024-04-13 22:00:00+07:00,31.7,21.8,786.0,0.0
2024-04-13 23:00:00+07:00,31.1,21.5,858.0,0.0
2024-04-14 00:00:00+07:00,31.2,21.7,916.0,0.0
2024-04-14 01:00:00+07:00,30.3,21.0,945.0,0.0
2024-04-14 02:00:00+07:00,28.4,19.7,921.0,0.0
2024-04-14 03:00:00+07:00,26.7,18.6,867.0,0.0
2024-04-14 04:00:00+07:00,25.6,17.8,838.0,0.0
2024-04-14 05:00:00+07:00,25.0,17.4,874.0,0.0
2024-04-14 06:00:00+07:00,25.4,17.7,935.0,0.0
2024-04-14 07:00:00+07:00,32.4,22.5,900.0,0.0
2024-04-14 08:00:00+07:00,49.1,34.0,835.0,0.0
2024-04-14 09:00:00+07:00,53.6,36.8,744.0,0.0
2024-04-14 10:00:00+07:00,54.4,37.1,663.0,0.0
2024-04-14 11:00:00+07:00,49.6,33.5,606.0,0.0
2024-04-14 12:00:00+07:00,44.4,30.0,560.0,1.0
2024-04-14 13:00:00+07:00,41.2,27.8,524.0,1.0
2024-04-14 14:00:00+07:00,38.4,25.9,490.0,1.0
2024-04-14 15:00:00+07:00,36.1,24.3,465.0,1.0
2024-04-14 16:00:00+07:00,35.6,24.0,469.0,1.0
2024-04-14 17:00:00+07:00,39.1,26.3,519.0,1.0
2024-04-14 18:00:00+07:00,41.7,28.2,596.0,0.0
2024-04-14 19:00:00+07:00,45.6,31.1,780.0,0.0
2024-04-14 20:00:00+07:00,41.4,28.2,720.0,0.0
2024-04-14 21:00:00+07:00,39.5,26.8,640.0,0.0
2024-04-14 22:00:00+07:00,38.4,26.1,603.0,0.0
2024-04-14 23:00:00+07:00,38.3,26.0,649.0,0.0
2024-04-15 00:00:00+07:00,37.5,25.5,738.0,0.0
2024-04-15 01:00:00+07:00,35.3,24.0,805.0,0.0
2024-04-15 02:00:00+07:00,32.8,22.4,822.0,0.0
2024-04-15 03:00:00+07:00,31.3,21.2,819.0,0.0
2024-04-15 04:00:00+07:00,30.5,20.7,816.0,0.0
2024-04-15 05:00:00+07:00,29.7,20.1,835.0,0.0
2024-04-15 06:00:00+07:00,29.2,20.1,855.0,0.0
2024-04-15 07:00:00+07:00,34.9,24.2,913.0,0.0
2024-04-15 08:00:00+07:00,43.9,30.0,805.0,0.0
2024-04-15 09:00:00+07:00,47.0,31.7,655.0,1.0
2024-04-15 10:00:00+07:00,45.5,30.4,540.0,1.0
2024-04-15 11:00:00+07:00,44.1,29.3,494.0,1.0
2024-04-15 12:00:00+07:00,42.3,28.0,483.0,2.0
2024-04-15 13:00:00+07:00,40.0,26.5,479.0,2.0
2024-04-15 14:00:00+07:00,38.6,25.7,472.0,2.0
2024-04-15 15:00:00+07:00,37.8,25.2,471.0,2.0
2024-04-15 16:00:00+07:00,39.5,26.3,478.0,2.0
2024-04-15 17:00:00+07:00,40.0,27.1,496.0,2.0
2024-04-15 18:00:00+07:00,40.2,27.4,522.0,1.0
2024-04-15 19:00:00+07:00,40.2,27.5,568.0,1.0
2024-04-15 20:00:00+07:00,42.8,29.3,656.0,1.0
2024-04-15 21:00:00+07:00,45.1,30.7,780.0,1.0
2024-04-15 22:00:00+07:00,45.8,31.3,899.0,1.0
2024-04-15 23:00:00+07:00,44.8,31.0,1006.0,1.0
2024-04-16 00:00:00+07:00,43.2,30.0,1107.0,0.0
2024-04-16 01:00:00+07:00,41.1,28.5,1176.0,0.0
2024-04-16 02:00:00+07:00,38.5,26.7,1196.0,0.0
2024-04-16 03:00:00+07:00,37.0,25.7,1184.0,0.0
2024-04-16 04:00:00+07:00,36.2,25.0,1165.0,0.0
2024-04-16 05:00:00+07:00,35.3,24.4,1164.0,0.0
2024-04-16 06:00:00+07:00,35.0,24.2,1156.0,1.0
2024-04-16 07:00:00+07:00,43.1,29.7,1042.0,0.0
2024-04-16 08:00:00+07:00,56.0,38.6,892.0,1.0
2024-04-16 09:00:00+07:00,56.8,38.5,683.0,1.0
2024-04-16 10:00:00+07:00,53.4,35.0,517.0,2.0
2024-04-16 11:00:00+07:00,50.3,32.7,437.0,2.0
2024-04-16 12:00:00+07:00,45.3,29.4,400.0,2.0
2024-04-16 13:00:00+07:00,41.7,27.1,375.0,2.0
2024-04-16 14:00:00+07:00,39.7,25.8,350.0,2.0
2024-04-16 15:00:00+07:00,37.8,24.6,337.0,2.0
2024-04-16 16:00:00+07:00,35.6,23.2,346.0,2.0
2024-04-16 17:00:00+07:00,35.4,23.1,373.0,2.0
2024-04-16 18:00:00+07:00,35.2,23.2,422.0,1.0
2024-04-16 19:00:00+07:00,27.4,18.1,447.0,1.0
2024-04-16 20:00:00+07:00,28.8,19.2,476.0,1.0
2024-04-16 21:00:00+07:00,29.3,19.6,519.0,0.0
2024-04-16 22:00:00+07:00,29.9,20.1,564.0,0.0
2024-04-16 23:00:00+07:00,30.2,20.3,615.0,0.0
2024-04-17 00:00:00+07:00,29.7,20.1,669.0,0.0
2024-04-17 01:00:00+07:00,29.3,19.7,708.0,0.0
2024-04-17 02:00:00+07:00,28.1,18.9,716.0,0.0
2024-04-17 03:00:00+07:00,25.4,17.4,710.0,0.0
2024-04-17 04:00:00+07:00,23.5,16.2,719.0,0.0
2024-04-17 05:00:00+07:00,22.2,15.3,784.0,0.0
2024-04-17 06:00:00+07:00,21.8,15.1,865.0,0.0
2024-04-17 07:00:00+07:00,32.2,22.2,807.0,0.0
2024-04-17 08:00:00+07:00,42.1,28.6,683.0,1.0
2024-04-17 09:00:00+07:00,44.6,28.8,512.0,2.0
2024-04-17 10:00:00+07:00,44.1,28.2,381.0,3.0
2024-04-17 11:00:00+07:00,41.1,26.3,331.0,3.0
2024-04-17 12:00:00+07:00,35.2,22.5,322.0,2.0
2024-04-17 13:00:00+07:00,31.4,20.0,318.0,2.0
2024-04-17 14:00:00+07:00,28.9,18.4,299.0,3.0
2024-04-17 15:00:00+07:00,27.6,17.4,286.0,4.0
2024-04-17 16:00:00+07:00,27.9,17.4,309.0,4.0
2024-04-17 17:00:00+07:00,29.7,18.7,391.0,3.0
2024-04-17 18:00:00+07:00,30.6,19.8,509.0,2.0
2024-04-17 19:00:00+07:00,28.8,19.2,531.0,0.0
2024-04-17 20:00:00+07:00,32.4,21.8,594.0,0.0
2024-04-17 21:00:00+07:00,33.1,22.4,681.0,0.0
2024-04-17 22:00:00+07:00,32.2,21.8,750.0,0.0
2024-04-17 23:00:00+07:00,31.8,21.5,787.0,0.0
2024-04-18 00:00:00+07:00,31.2,21.0,805.0,0.0
2024-04-18 01:00:00+07:00,30.3,20.3,802.0,0.0
2024-04-18 02:00:00+07:00,28.8,19.3,763.0,0.0
2024-04-18 03:00:00+07:00,27.3,18.2,703.0,0.0
2024-04-18 04:00:00+07:00,26.4,17.4,659.0,0.0
2024-04-18 05:00:00+07:00,25.7,16.9,660.0,0.0
2024-04-18 06:00:00+07:00,25.7,16.8,676.0,0.0
2024-04-18 07:00:00+07:00,32.4,21.4,648.0,0.0
2024-04-18 08:00:00+07:00,42.7,28.3,569.0,1.0
2024-04-18 09:00:00+07:00,45.1,29.2,460.0,3.0
2024-04-18 10:00:00+07:00,50.1,31.3,377.0,4.0
2024-04-18 11:00:00+07:00,55.8,34.1,347.0,5.0
2024-04-18 12:00:00+07:00,54.7,33.5,343.0,6.0
2024-04-18 13:00:00+07:00,52.4,32.1,340.0,7.0
2024-04-18 14:00:00+07:00,50.4,31.1,325.0,7.0
2024-04-18 15:00:00+07:00,48.1,29.5,311.0,7.0
2024-04-18 16:00:00+07:00,48.0,29.3,316.0,7.0
2024-04-18 17:00:00+07:00,48.3,29.7,352.0,6.0
2024-04-18 18:00:00+07:00,48.1,30.2,406.0,4.0
2024-04-18 19:00:00+07:00,50.3,32.7,670.0,1.0
2024-04-18 20:00:00+07:00,54.6,35.9,724.0,1.0
2024-04-18 21:00:00+07:00,52.0,34.1,799.0,1.0
2024-04-18 22:00:00+07:00,49.8,32.7,864.0,1.0
2024-04-18 23:00:00+07:00,48.9,32.2,912.0,1.0
2024-04-19 00:00:00+07:00,47.7,31.4,949.0,0.0
2024-04-19 01:00:00+07:00,45.5,29.9,965.0,0.0
2024-04-19 02:00:00+07:00,43.4,28.4,944.0,0.0
2024-04-19 03:00:00+07:00,42.0,27.4,902.0,0.0
2024-04-19 04:00:00+07:00,40.9,26.6,873.0,0.0
2024-04-19 05:00:00+07:00,40.0,25.9,895.0,0.0
2024-04-19 06:00:00+07:00,39.7,25.7,930.0,0.0
2024-04-19 07:00:00+07:00,43.2,28.2,799.0,0.0
2024-04-19 08:00:00+07:00,55.4,36.0,669.0,2.0
2024-04-19 09:00:00+07:00,51.6,31.9,490.0,4.0
2024-04-19 10:00:00+07:00,52.5,31.9,354.0,7.0
2024-04-19 11:00:00+07:00,51.8,30.6,306.0,10.0
2024-04-19 12:00:00+07:00,50.1,29.0,301.0,12.0
2024-04-19 13:00:00+07:00,48.3,27.5,303.0,14.0
2024-04-19 14:00:00+07:00,46.2,26.3,288.0,14.0
2024-04-19 15:00:00+07:00,51.0,28.8,279.0,12.0
2024-04-19 16:00:00+07:00,49.5,29.3,307.0,10.0
2024-04-19 17:00:00+07:00,60.3,36.2,387.0,8.0
2024-04-19 18:00:00+07:00,59.5,36.7,505.0,5.0
2024-04-19 19:00:00+07:00,58.6,36.3,444.0,5.0
2024-04-19 20:00:00+07:00,57.2,36.3,521.0,4.0
2024-04-19 21:00:00+07:00,53.3,34.1,628.0,2.0
2024-04-19 22:00:00+07:00,49.6,31.8,712.0,1.0
2024-04-19 23:00:00+07:00,46.7,30.0,751.0,1.0
2024-04-20 00:00:00+07:00,44.2,28.4,767.0,1.0
2024-04-20 01:00:00+07:00,41.4,26.6,773.0,1.0
2024-04-20 02:00:00+07:00,38.5,24.7,762.0,1.0
2024-04-20 03:00:00+07:00,36.2,23.2,741.0,1.0
2024-04-20 04:00:00+07:00,34.5,22.0,740.0,1.0
2024-04-20 05:00:00+07:00,33.1,21.1,805.0,1.0
2024-04-20 06:00:00+07:00,30.6,20.3,890.0,0.0
2024-04-20 07:00:00+07:00,37.3,24.2,865.0,1.0
2024-04-20 08:00:00+07:00,47.5,30.6,702.0,3.0
2024-04-20 09:00:00+07:00,45.4,27.3,476.0,5.0
2024-04-20 10:00:00+07:00,43.7,25.9,307.0,8.0
2024-04-20 11:00:00+07:00,39.0,22.6,250.0,10.0
2024-04-20 12:00:00+07:00,36.6,20.9,249.0,12.0
2024-04-20 13:00:00+07:00,35.6,19.9,255.0,14.0
2024-04-20 14:00:00+07:00,35.0,19.2,245.0,17.0
2024-04-20 15:00:00+07:00,35.3,18.8,241.0,20.0
2024-04-20 16:00:00+07:00,35.7,18.9,260.0,20.0
2024-04-20 17:00:00+07:00,35.5,19.1,321.0,16.0
2024-04-20 18:00:00+07:00,34.7,19.8,404.0,10.0
2024-04-20 19:00:00+07:00,45.2,28.1,550.0,8.0
2024-04-20 20:00:00+07:00,49.4,32.1,603.0,7.0
2024-04-20 21:00:00+07:00,55.8,36.9,678.0,5.0
2024-04-20 22:00:00+07:00,63.3,42.4,745.0,3.0
2024-04-20 23:00:00+07:00,63.3,42.6,800.0,2.0
2024-04-21 00:00:00+07:00,57.5,38.8,847.0,1.0
2024-04-21 01:00:00+07:00,50.5,34.1,871.0,1.0
2024-04-21 02:00:00+07:00,44.0,29.6,855.0,1.0
2024-04-21 03:00:00+07:00,38.6,25.8,815.0,1.0
2024-04-21 04:00:00+07:00,34.6,23.0,790.0,1.0
2024-04-21 05:00:00+07:00,31.5,20.8,817.0,0.0
2024-04-21 06:00:00+07:00,30.0,19.7,858.0,0.0
2024-04-21 07:00:00+07:00,34.6,22.6,766.0,2.0
2024-04-21 08:00:00+07:00,45.6,29.0,640.0,8.0
2024-04-21 09:00:00+07:00,47.6,27.3,466.0,17.0
2024-04-21 10:00:00+07:00,46.4,25.1,331.0,22.0
2024-04-21 11:00:00+07:00,42.4,22.4,274.0,22.0
2024-04-21 12:00:00+07:00,32.6,17.3,257.0,18.0
2024-04-21 13:00:00+07:00,27.5,14.9,251.0,15.0
2024-04-21 14:00:00+07:00,27.1,15.0,236.0,14.0
2024-04-21 15:00:00+07:00,26.8,15.0,232.0,13.0
2024-04-21 16:00:00+07:00,26.1,15.0,268.0,12.0
2024-04-21 17:00:00+07:00,25.4,14.8,375.0,9.0
2024-04-21 18:00:00+07:00,25.6,15.7,521.0,5.0
2024-04-21 19:00:00+07:00,42.5,28.2,610.0,3.0
2024-04-21 20:00:00+07:00,43.0,28.6,632.0,3.0
2024-04-21 21:00:00+07:00,39.6,26.3,660.0,2.0
2024-04-21 22:00:00+07:00,37.6,24.8,668.0,2.0
2024-04-21 23:00:00+07:00,36.4,23.9,637.0,2.0
2024-04-22 00:00:00+07:00,34.6,22.5,586.0,1.0
2024-04-22 01:00:00+07:00,32.2,20.9,543.0,1.0
2024-04-22 02:00:00+07:00,29.8,19.3,513.0,1.0
2024-04-22 03:00:00+07:00,28.2,18.1,493.0,2.0
2024-04-22 04:00:00+07:00,27.5,17.5,496.0,2.0
2024-04-22 05:00:00+07:00,27.2,17.2,556.0,1.0
2024-04-22 06:00:00+07:00,27.8,17.6,639.0,0.0
2024-04-22 07:00:00+07:00,42.3,27.0,613.0,3.0
2024-04-22 08:00:00+07:00,54.8,34.5,536.0,11.0
2024-04-22 09:00:00+07:00,66.1,36.9,429.0,21.0
2024-04-22 10:00:00+07:00,61.2,33.3,345.0,28.0
2024-04-22 11:00:00+07:00,57.0,31.2,306.0,28.0
2024-04-22 12:00:00+07:00,51.5,28.0,289.0,25.0
2024-04-22 13:00:00+07:00,48.0,26.4,279.0,21.0
2024-04-22 14:00:00+07:00,46.1,25.8,266.0,19.0
2024-04-22 15:00:00+07:00,44.1,25.0,260.0,17.0
2024-04-22 16:00:00+07:00,42.0,24.2,277.0,14.0
2024-04-22 17:00:00+07:00,40.0,23.4,338.0,10.0
2024-04-22 18:00:00+07:00,39.8,24.4,423.0,6.0
2024-04-22 19:00:00+07:00,39.5,26.0,576.0,1.0
2024-04-22 20:00:00+07:00,41.0,27.0,587.0,1.0
2024-04-22 21:00:00+07:00,39.2,25.8,602.0,1.0
2024-04-22 22:00:00+07:00,38.2,25.0,607.0,1.0
2024-04-22 23:00:00+07:00,40.0,25.9,593.0,1.0
2024-04-23 00:00:00+07:00,39.9,25.7,569.0,0.0
2024-04-23 01:00:00+07:00,36.8,23.7,549.0,0.0
2024-04-23 02:00:00+07:00,34.3,22.1,534.0,0.0
2024-04-23 03:00:00+07:00,32.5,20.8,524.0,0.0
2024-04-23 04:00:00+07:00,31.3,20.0,529.0,0.0
2024-04-23 05:00:00+07:00,30.9,19.6,573.0,0.0
2024-04-23 06:00:00+07:00,31.3,19.9,631.0,0.0
2024-04-23 07:00:00+07:00,38.5,24.9,610.0,1.0
2024-04-23 08:00:00+07:00,52.4,32.6,534.0,3.0
2024-04-23 09:00:00+07:00,55.6,33.5,429.0,5.0
2024-04-23 10:00:00+07:00,53.7,32.7,349.0,7.0
2024-04-23 11:00:00+07:00,50.1,30.5,317.0,8.0
2024-04-23 12:00:00+07:00,47.0,28.6,310.0,7.0
2024-04-23 13:00:00+07:00,46.0,28.1,308.0,7.0
2024-04-23 14:00:00+07:00,45.3,27.8,299.0,7.0
2024-04-23 15:00:00+07:00,43.9,27.2,294.0,6.0
2024-04-23 16:00:00+07:00,42.3,26.3,312.0,5.0
2024-04-23 17:00:00+07:00,41.8,26.0,368.0,4.0
2024-04-23 18:00:00+07:00,42.0,26.7,447.0,2.0
2024-04-23 19:00:00+07:00,48.7,31.4,580.0,2.0
2024-04-23 20:00:00+07:00,50.6,33.2,643.0,2.0
2024-04-23 21:00:00+07:00,49.2,32.4,730.0,1.0
2024-04-23 22:00:00+07:00,47.0,31.1,794.0,1.0
2024-04-23 23:00:00+07:00,44.8,29.6,813.0,1.0
2024-04-24 00:00:00+07:00,42.5,28.1,809.0,0.0
2024-04-24 01:00:00+07:00,40.4,26.7,796.0,0.0
2024-04-24 02:00:00+07:00,38.6,25.6,771.0,0.0
2024-04-24 03:00:00+07:00,37.5,24.7,737.0,0.0
2024-04-24 04:00:00+07:00,36.3,23.9,716.0,0.0
2024-04-24 05:00:00+07:00,35.6,23.4,735.0,0.0
2024-04-24 06:00:00+07:00,36.0,23.6,767.0,0.0
2024-04-24 07:00:00+07:00,43.2,28.4,715.0,1.0
2024-04-24 08:00:00+07:00,50.1,32.1,604.0,3.0
2024-04-24 09:00:00+07:00,45.4,27.9,452.0,5.0
2024-04-24 10:00:00+07:00,45.5,28.0,338.0,6.0
2024-04-24 11:00:00+07:00,44.2,27.2,303.0,6.0
2024-04-24 12:00:00+07:00,42.6,26.4,306.0,5.0
2024-04-24 13:00:00+07:00,40.4,25.1,311.0,4.0
2024-04-24 14:00:00+07:00,38.4,24.0,297.0,4.0
2024-04-24 15:00:00+07:00,35.9,22.5,284.0,3.0
2024-04-24 16:00:00+07:00,33.5,21.1,293.0,3.0
2024-04-24 17:00:00+07:00,32.2,20.4,331.0,2.0
2024-04-24 18:00:00+07:00,31.9,20.4,391.0,2.0
2024-04-24 19:00:00+07:00,34.7,22.7,454.0,0.0
2024-04-24 20:00:00+07:00,36.0,23.7,469.0,0.0
2024-04-24 21:00:00+07:00,34.7,22.9,490.0,0.0
2024-04-24 22:00:00+07:00,33.4,22.1,513.0,0.0
2024-04-24 23:00:00+07:00,32.9,21.8,539.0,0.0
2024-04-25 00:00:00+07:00,32.9,21.8,565.0,0.0
2024-04-25 01:00:00+07:00,32.1,21.2,581.0,0.0
2024-04-25 02:00:00+07:00,31.3,20.6,573.0,0.0
2024-04-25 03:00:00+07:00,30.9,20.2,555.0,0.0
2024-04-25 04:00:00+07:00,30.5,19.9,549.0,0.0
2024-04-25 05:00:00+07:00,30.5,19.9,585.0,0.0
2024-04-25 06:00:00+07:00,29.7,20.2,633.0,0.0
2024-04-25 07:00:00+07:00,44.1,30.0,710.0,0.0
2024-04-25 08:00:00+07:00,60.3,39.0,589.0,1.0
2024-04-25 09:00:00+07:00,60.5,37.7,423.0,3.0
2024-04-25 10:00:00+07:00,58.3,36.3,296.0,5.0
2024-04-25 11:00:00+07:00,54.7,34.0,250.0,6.0
2024-04-25 12:00:00+07:00,48.2,29.7,244.0,6.0
2024-04-25 13:00:00+07:00,42.5,26.0,243.0,6.0
2024-04-25 14:00:00+07:00,39.8,24.4,230.0,6.0
2024-04-25 15:00:00+07:00,38.9,23.9,224.0,6.0
2024-04-25 16:00:00+07:00,38.6,23.9,241.0,5.0
2024-04-25 17:00:00+07:00,41.7,25.6,283.0,4.0
2024-04-25 18:00:00+07:00,41.4,25.8,349.0,3.0
2024-04-25 19:00:00+07:00,44.5,28.6,518.0,1.0
2024-04-25 20:00:00+07:00,47.8,31.1,659.0,1.0
2024-04-25 21:00:00+07:00,46.1,30.3,851.0,1.0
2024-04-25 22:00:00+07:00,42.6,28.0,982.0,1.0
2024-04-25 23:00:00+07:00,38.9,25.5,1000.0,1.0
2024-04-26 00:00:00+07:00,34.8,22.8,957.0,0.0
2024-04-26 01:00:00+07:00,31.2,20.4,898.0,0.0
2024-04-26 02:00:00+07:00,28.3,18.5,826.0,0.0
2024-04-26 03:00:00+07:00,26.3,17.0,740.0,0.0
2024-04-26 04:00:00+07:00,25.0,16.1,676.0,0.0
2024-04-26 05:00:00+07:00,24.4,15.7,669.0,0.0
2024-04-26 06:00:00+07:00,25.2,16.1,686.0,0.0
2024-04-26 07:00:00+07:00,33.6,21.8,668.0,1.0
2024-04-26 08:00:00+07:00,46.2,29.7,562.0,2.0
2024-04-26 09:00:00+07:00,47.8,29.4,416.0,4.0
2024-04-26 10:00:00+07:00,44.5,27.4,305.0,5.0
2024-04-26 11:00:00+07:00,41.4,25.6,265.0,5.0
2024-04-26 12:00:00+07:00,38.2,23.7,260.0,4.0
2024-04-26 13:00:00+07:00,35.5,22.2,260.0,3.0
2024-04-26 14:00:00+07:00,34.6,21.6,250.0,3.0
2024-04-26 15:00:00+07:00,32.6,20.5,246.0,3.0
2024-04-26 16:00:00+07:00,31.4,19.8,258.0,3.0
2024-04-26 17:00:00+07:00,31.8,20.0,294.0,2.0
2024-04-26 18:00:00+07:00,31.2,20.0,347.0,2.0
2024-04-26 19:00:00+07:00,42.0,27.2,443.0,1.0
2024-04-26 20:00:00+07:00,42.4,27.8,510.0,1.0
2024-04-26 21:00:00+07:00,39.5,26.0,602.0,0.0
2024-04-26 22:00:00+07:00,36.0,23.7,666.0,0.0
2024-04-26 23:00:00+07:00,33.3,22.0,678.0,0.0
2024-04-27 00:00:00+07:00,30.9,20.4,662.0,0.0
2024-04-27 01:00:00+07:00,28.8,19.0,636.0,0.0
2024-04-27 02:00:00+07:00,27.0,17.7,597.0,0.0
2024-04-27 03:00:00+07:00,25.6,16.8,548.0,0.0
2024-04-27 04:00:00+07:00,24.7,16.1,518.0,0.0
2024-04-27 05:00:00+07:00,24.2,15.8,533.0,0.0
2024-04-27 06:00:00+07:00,24.7,16.1,567.0,0.0
2024-04-27 07:00:00+07:00,39.2,25.7,588.0,0.0
2024-04-27 08:00:00+07:00,52.6,34.5,513.0,1.0
2024-04-27 09:00:00+07:00,58.3,37.1,409.0,3.0
2024-04-27 10:00:00+07:00,59.1,37.3,328.0,4.0
2024-04-27 11:00:00+07:00,59.0,36.7,294.0,6.0
2024-04-27 12:00:00+07:00,56.3,34.8,283.0,7.0
2024-04-27 13:00:00+07:00,54.1,33.3,279.0,8.0
2024-04-27 14:00:00+07:00,51.9,32.1,264.0,8.0
2024-04-27 15:00:00+07:00,50.1,31.1,256.0,7.0
2024-04-27 16:00:00+07:00,48.2,30.0,286.0,6.0
2024-04-27 17:00:00+07:00,46.6,29.0,388.0,4.0
2024-04-27 18:00:00+07:00,45.2,28.8,529.0,2.0
2024-04-27 19:00:00+07:00,71.7,46.8,789.0,1.0
2024-04-27 20:00:00+07:00,73.6,48.4,890.0,1.0
2024-04-27 21:00:00+07:00,68.7,45.3,1022.0,0.0
2024-04-27 22:00:00+07:00,59.3,39.0,1069.0,0.0
2024-04-27 23:00:00+07:00,50.6,32.9,947.0,0.0
2024-04-28 00:00:00+07:00,43.9,28.6,739.0,0.0
2024-04-28 01:00:00+07:00,38.9,25.3,578.0,0.0
2024-04-28 02:00:00+07:00,35.9,23.2,520.0,0.0
2024-04-28 03:00:00+07:00,33.5,21.7,508.0,0.0
2024-04-28 04:00:00+07:00,32.0,20.7,509.0,0.0
2024-04-28 05:00:00+07:00,31.4,20.2,524.0,0.0
2024-04-28 06:00:00+07:00,31.8,20.3,552.0,0.0
2024-04-28 07:00:00+07:00,39.5,25.6,561.0,1.0
2024-04-28 08:00:00+07:00,52.3,34.0,496.0,3.0
2024-04-28 09:00:00+07:00,59.1,36.6,405.0,7.0
2024-04-28 10:00:00+07:00,58.3,35.6,336.0,9.0
2024-04-28 11:00:00+07:00,54.2,33.1,310.0,9.0
2024-04-28 12:00:00+07:00,53.4,32.7,306.0,9.0
2024-04-28 13:00:00+07:00,55.2,34.0,304.0,8.0
2024-04-28 14:00:00+07:00,53.4,33.2,296.0,7.0
2024-04-28 15:00:00+07:00,51.7,32.2,290.0,6.0
2024-04-28 16:00:00+07:00,49.9,31.3,298.0,5.0
2024-04-28 17:00:00+07:00,48.7,30.5,321.0,4.0
2024-04-28 18:00:00+07:00,46.8,29.7,356.0,2.0
2024-04-28 19:00:00+07:00,58.8,38.1,562.0,1.0
2024-04-28 20:00:00+07:00,60.5,38.9,541.0,1.0
2024-04-28 21:00:00+07:00,59.5,38.1,515.0,1.0
2024-04-28 22:00:00+07:00,56.6,36.2,506.0,1.0
2024-04-28 23:00:00+07:00,52.5,33.8,536.0,1.0
2024-04-29 00:00:00+07:00,47.5,30.6,584.0,0.0
2024-04-29 01:00:00+07:00,43.3,27.9,615.0,0.0
2024-04-29 02:00:00+07:00,39.8,25.6,602.0,0.0
2024-04-29 03:00:00+07:00,36.7,23.5,572.0,0.0
2024-04-29 04:00:00+07:00,34.2,21.9,567.0,0.0
2024-04-29 05:00:00+07:00,32.7,20.8,632.0,0.0
2024-04-29 06:00:00+07:00,32.5,20.7,722.0,0.0
2024-04-29 07:00:00+07:00,43.4,27.9,631.0,1.0
2024-04-29 08:00:00+07:00,55.1,34.2,539.0,3.0
2024-04-29 09:00:00+07:00,54.1,32.8,411.0,5.0
2024-04-29 10:00:00+07:00,53.2,32.5,316.0,7.0
2024-04-29 11:00:00+07:00,50.1,30.5,284.0,8.0
2024-04-29 12:00:00+07:00,46.3,28.0,284.0,7.0
2024-04-29 13:00:00+07:00,43.9,26.4,287.0,7.0
2024-04-29 14:00:00+07:00,42.0,25.6,277.0,7.0
2024-04-29 15:00:00+07:00,39.6,24.2,270.0,6.0
2024-04-29 16:00:00+07:00,38.8,23.9,281.0,5.0
2024-04-29 17:00:00+07:00,37.6,23.3,325.0,4.0
2024-04-29 18:00:00+07:00,37.6,23.7,387.0,2.0
2024-04-29 19:00:00+07:00,44.8,29.1,474.0,1.0
2024-04-29 20:00:00+07:00,45.2,29.6,510.0,1.0
2024-04-29 21:00:00+07:00,42.1,27.6,558.0,0.0
2024-04-29 22:00:00+07:00,39.2,25.8,590.0,0.0
2024-04-29 23:00:00+07:00,37.1,24.3,590.0,0.0
2024-04-30 00:00:00+07:00,34.3,22.5,573.0,0.0
2024-04-30 01:00:00+07:00,31.7,20.7,554.0,0.0
2024-04-30 02:00:00+07:00,29.3,19.1,530.0,0.0
2024-04-30 03:00:00+07:00,27.8,18.0,504.0,0.0
2024-04-30 04:00:00+07:00,27.2,17.6,495.0,0.0
2024-04-30 05:00:00+07:00,27.5,17.7,532.0,0.0
2024-04-30 06:00:00+07:00,29.0,18.7,586.0,0.0
2024-04-30 07:00:00+07:00,33.9,21.9,525.0,0.0
2024-04-30 08:00:00+07:00,46.8,29.9,461.0,1.0
2024-04-30 09:00:00+07:00,51.5,32.6,371.0,2.0
2024-04-30 10:00:00+07:00,49.4,31.1,303.0,3.0
2024-04-30 11:00:00+07:00,46.8,29.3,276.0,4.0
2024-04-30 12:00:00+07:00,45.5,28.5,270.0,5.0
2024-04-30 13:00:00+07:00,44.0,27.5,267.0,5.0
2024-04-30 14:00:00+07:00,41.8,26.1,248.0,5.0
2024-04-30 15:00:00+07:00,39.8,24.8,232.0,5.0
2024-04-30 16:00:00+07:00,38.3,23.9,260.0,5.0
2024-04-30 17:00:00+07:00,37.5,23.5,368.0,4.0
2024-04-30 18:00:00+07:00,36.9,23.4,520.0,2.0
2024-04-30 19:00:00+07:00,41.7,27.8,529.0,0.0
2024-04-30 20:00:00+07:00,44.0,29.5,576.0,0.0
2024-04-30 21:00:00+07:00,41.6,27.9,639.0,0.0
2024-04-30 22:00:00+07:00,38.0,25.6,667.0,0.0
2024-04-30 23:00:00+07:00,35.7,24.0,627.0,0.0
2024-05-01 00:00:00+07:00,33.4,22.4,553.0,0.0
2024-05-01 01:00:00+07:00,31.3,21.0,495.0,0.0
2024-05-01 02:00:00+07:00,29.7,19.8,468.0,0.0
2024-05-01 03:00:00+07:00,28.4,18.9,458.0,0.0
2024-05-01 04:00:00+07:00,27.5,18.2,472.0,0.0
2024-05-01 05:00:00+07:00,27.5,18.2,542.0,0.0
2024-05-01 06:00:00+07:00,29.2,19.3,636.0,0.0
2024-05-01 07:00:00+07:00,32.5,21.5,546.0,0.0
2024-05-01 08:00:00+07:00,43.9,29.0,478.0,1.0
2024-05-01 09:00:00+07:00,47.6,30.7,385.0,2.0
2024-05-01 10:00:00+07:00,48.2,31.0,315.0,3.0
2024-05-01 11:00:00+07:00,45.9,29.5,293.0,4.0
2024-05-01 12:00:00+07:00,44.4,28.6,295.0,5.0
2024-05-01 13:00:00+07:00,43.8,28.3,299.0,5.0
2024-05-01 14:00:00+07:00,43.1,27.8,288.0,5.0
2024-05-01 15:00:00+07:00,41.9,27.0,279.0,5.0
2024-05-01 16:00:00+07:00,40.7,26.3,308.0,5.0
2024-05-01 17:00:00+07:00,40.2,25.9,412.0,4.0
2024-05-01 18:00:00+07:00,39.8,26.1,553.0,2.0
2024-05-01 19:00:00+07:00,54.6,36.7,709.0,2.0
2024-05-01 20:00:00+07:00,57.2,38.8,761.0,1.0
2024-05-01 21:00:00+07:00,53.2,36.1,829.0,1.0
2024-05-01 22:00:00+07:00,48.5,32.8,858.0,0.0
2024-05-01 23:00:00+07:00,46.1,31.0,809.0,0.0
2024-05-02 00:00:00+07:00,43.9,29.3,720.0,0.0
2024-05-02 01:00:00+07:00,41.1,27.4,650.0,0.0
2024-05-02 02:00:00+07:00,37.7,25.1,620.0,0.0
2024-05-02 03:00:00+07:00,35.3,23.3,607.0,0.0
2024-05-02 04:00:00+07:00,33.8,22.3,608.0,0.0
2024-05-02 05:00:00+07:00,33.2,21.8,640.0,0.0
2024-05-02 06:00:00+07:00,33.3,21.9,684.0,0.0
2024-05-02 07:00:00+07:00,53.2,34.8,610.0,1.0
2024-05-02 08:00:00+07:00,62.2,40.5,518.0,1.0
2024-05-02 09:00:00+07:00,59.8,37.8,390.0,2.0
2024-05-02 10:00:00+07:00,59.3,37.6,294.0,3.0
2024-05-02 11:00:00+07:00,59.4,37.8,261.0,4.0
2024-05-02 12:00:00+07:00,58.4,37.3,259.0,5.0
2024-05-02 13:00:00+07:00,57.3,36.6,261.0,6.0
2024-05-02 14:00:00+07:00,55.5,35.5,250.0,7.0
2024-05-02 15:00:00+07:00,53.8,34.5,243.0,7.0
2024-05-02 16:00:00+07:00,54.5,34.9,265.0,7.0
2024-05-02 17:00:00+07:00,93.6,59.4,348.0,6.0
2024-05-02 18:00:00+07:00,77.5,51.0,459.0,4.0
2024-05-02 19:00:00+07:00,69.6,45.6,384.0,4.0
2024-05-02 20:00:00+07:00,63.3,42.0,391.0,3.0
2024-05-02 21:00:00+07:00,57.9,38.4,401.0,2.0
2024-05-02 22:00:00+07:00,52.5,34.9,415.0,1.0
2024-05-02 23:00:00+07:00,48.8,32.5,438.0,0.0
2024-05-03 00:00:00+07:00,45.2,30.0,464.0,0.0
2024-05-03 01:00:00+07:00,41.0,27.3,477.0,0.0
2024-05-03 02:00:00+07:00,38.1,25.3,463.0,0.0
2024-05-03 03:00:00+07:00,36.2,24.0,436.0,0.0
2024-05-03 04:00:00+07:00,34.2,22.6,425.0,0.0
2024-05-03 05:00:00+07:00,32.6,21.6,458.0,0.0
2024-05-03 06:00:00+07:00,32.2,21.3,508.0,0.0
2024-05-03 07:00:00+07:00,43.2,29.0,670.0,0.0
2024-05-03 08:00:00+07:00,49.7,32.8,557.0,0.0
2024-05-03 09:00:00+07:00,46.7,30.6,401.0,1.0
2024-05-03 10:00:00+07:00,46.1,30.4,287.0,1.0
2024-05-03 11:00:00+07:00,45.6,30.0,254.0,1.0
2024-05-03 12:00:00+07:00,45.8,30.2,263.0,2.0
2024-05-03 13:00:00+07:00,44.5,29.2,280.0,2.0
2024-05-03 14:00:00+07:00,42.4,27.8,291.0,2.0
2024-05-03 15:00:00+07:00,43.7,28.7,309.0,2.0
2024-05-03 16:00:00+07:00,50.8,33.6,343.0,2.0
2024-05-03 17:00:00+07:00,54.0,36.1,401.0,1.0
2024-05-03 18:00:00+07:00,53.8,36.1,476.0,1.0
2024-05-03 19:00:00+07:00,43.2,28.6,461.0,1.0
2024-05-03 20:00:00+07:00,47.5,31.9,590.0,1.0
2024-05-03 21:00:00+07:00,46.8,31.5,768.0,0.0
2024-05-03 22:00:00+07:00,44.5,30.2,908.0,0.0
2024-05-03 23:00:00+07:00,42.7,28.9,981.0,0.0
2024-05-04 00:00:00+07:00,40.4,27.4,1016.0,0.0
2024-05-04 01:00:00+07:00,37.0,25.1,1010.0,0.0
2024-05-04 02:00:00+07:00,33.8,22.8,940.0,0.0
2024-05-04 03:00:00+07:00,31.3,21.1,828.0,0.0
2024-05-04 04:00:00+07:00,29.8,20.0,746.0,0.0
2024-05-04 05:00:00+07:00,28.8,19.4,743.0,0.0
2024-05-04 06:00:00+07:00,29.3,19.7,768.0,0.0
2024-05-04 07:00:00+07:00,48.8,32.9,737.0,1.0
2024-05-04 08:00:00+07:00,57.9,39.1,606.0,2.0
2024-05-04 09:00:00+07:00,46.2,30.5,425.0,3.0
2024-05-04 10:00:00+07:00,36.4,23.1,293.0,4.0
2024-05-04 11:00:00+07:00,36.3,22.7,257.0,5.0
2024-05-04 12:00:00+07:00,38.9,24.3,269.0,5.0
2024-05-04 13:00:00+07:00,40.4,25.4,284.0,5.0
2024-05-04 14:00:00+07:00,41.9,26.5,284.0,5.0
2024-05-04 15:00:00+07:00,41.4,26.4,286.0,4.0
2024-05-04 16:00:00+07:00,41.1,26.4,296.0,4.0
2024-05-04 17:00:00+07:00,40.3,25.9,314.0,3.0
2024-05-04 18:00:00+07:00,43.5,28.3,341.0,3.0
2024-05-04 19:00:00+07:00,47.1,30.9,462.0,2.0
2024-05-04 20:00:00+07:00,48.8,32.4,512.0,1.0
2024-05-04 21:00:00+07:00,45.5,30.4,581.0,1.0
2024-05-04 22:00:00+07:00,40.7,27.2,632.0,0.0
2024-05-04 23:00:00+07:00,37.5,25.1,647.0,0.0
2024-05-05 00:00:00+07:00,34.8,23.3,643.0,0.0
2024-05-05 01:00:00+07:00,32.1,21.6,637.0,0.0
2024-05-05 02:00:00+07:00,30.0,20.1,627.0,0.0
2024-05-05 03:00:00+07:00,28.8,19.3,615.0,0.0
2024-05-05 04:00:00+07:00,28.1,18.9,617.0,0.0
2024-05-05 05:00:00+07:00,27.9,18.7,666.0,0.0
2024-05-05 06:00:00+07:00,29.0,19.5,730.0,0.0
2024-05-05 07:00:00+07:00,37.5,25.3,677.0,0.0
2024-05-05 08:00:00+07:00,44.7,30.0,552.0,1.0
2024-05-05 09:00:00+07:00,35.5,22.9,380.0,1.0
2024-05-05 10:00:00+07:00,34.9,22.4,254.0,2.0
2024-05-05 11:00:00+07:00,33.3,21.1,220.0,2.0
2024-05-05 12:00:00+07:00,32.0,20.2,232.0,3.0
2024-05-05 13:00:00+07:00,30.6,19.4,246.0,3.0
2024-05-05 14:00:00+07:00,29.3,18.6,238.0,3.0
2024-05-05 15:00:00+07:00,28.0,17.8,232.0,3.0
2024-05-05 16:00:00+07:00,26.7,17.0,255.0,3.0
2024-05-05 17:00:00+07:00,25.9,16.4,332.0,2.0
2024-05-05 18:00:00+07:00,26.0,16.5,439.0,2.0
2024-05-05 19:00:00+07:00,40.9,25.9,464.0,3.0
2024-05-05 20:00:00+07:00,43.8,28.5,504.0,2.0
2024-05-05 21:00:00+07:00,42.3,27.6,561.0,2.0
2024-05-05 22:00:00+07:00,39.1,25.4,610.0,1.0
2024-05-05 23:00:00+07:00,37.1,24.2,645.0,1.0
2024-05-06 00:00:00+07:00,35.5,23.1,673.0,1.0
2024-05-06 01:00:00+07:00,34.5,22.5,690.0,1.0
2024-05-06 02:00:00+07:00,33.8,22.0,681.0,1.0
2024-05-06 03:00:00+07:00,32.8,21.4,661.0,1.0
2024-05-06 04:00:00+07:00,32.2,20.9,668.0,1.0
2024-05-06 05:00:00+07:00,32.6,21.1,753.0,1.0
2024-05-06 06:00:00+07:00,35.3,22.9,865.0,0.0
2024-05-06 07:00:00+07:00,37.3,23.9,603.0,1.0
2024-05-06 08:00:00+07:00,49.5,31.4,512.0,3.0
2024-05-06 09:00:00+07:00,50.6,30.5,387.0,6.0
2024-05-06 10:00:00+07:00,45.8,27.2,293.0,8.0
2024-05-06 11:00:00+07:00,41.4,24.5,261.0,9.0
2024-05-06 12:00:00+07:00,39.5,23.3,261.0,8.0
2024-05-06 13:00:00+07:00,38.6,23.0,264.0,8.0
2024-05-06 14:00:00+07:00,37.7,22.6,251.0,8.0
2024-05-06 15:00:00+07:00,36.7,22.1,242.0,8.0
2024-05-06 16:00:00+07:00,35.9,21.6,264.0,7.0
2024-05-06 17:00:00+07:00,36.1,21.8,350.0,6.0
2024-05-06 18:00:00+07:00,38.2,23.3,467.0,4.0
2024-05-06 19:00:00+07:00,56.1,35.0,671.0,7.0
2024-05-06 20:00:00+07:00,64.0,40.6,829.0,6.0
2024-05-06 21:00:00+07:00,66.1,42.6,1040.0,4.0
2024-05-06 22:00:00+07:00,61.2,39.8,1156.0,3.0
2024-05-06 23:00:00+07:00,52.2,33.8,1082.0,2.0
2024-05-07 00:00:00+07:00,46.7,30.2,913.0,1.0
2024-05-07 01:00:00+07:00,43.3,28.0,782.0,1.0
2024-05-07 02:00:00+07:00,42.0,27.1,745.0,1.0
2024-05-07 03:00:00+07:00,40.9,26.3,747.0,1.0
2024-05-07 04:00:00+07:00,40.3,25.9,751.0,1.0
2024-05-07 05:00:00+07:00,39.2,25.3,763.0,1.0
2024-05-07 06:00:00+07:00,39.2,25.3,777.0,0.0
2024-05-07 07:00:00+07:00,50.3,32.5,905.0,2.0
2024-05-07 08:00:00+07:00,58.7,37.7,752.0,4.0
2024-05-07 09:00:00+07:00,62.2,39.1,542.0,6.0
2024-05-07 10:00:00+07:00,66.6,42.0,383.0,7.0
2024-05-07 11:00:00+07:00,66.4,42.5,329.0,7.0
2024-05-07 12:00:00+07:00,65.2,42.1,328.0,6.0
2024-05-07 13:00:00+07:00,63.6,40.7,328.0,5.0
2024-05-07 14:00:00+07:00,60.1,38.1,310.0,5.0
2024-05-07 15:00:00+07:00,57.3,36.2,295.0,6.0
2024-05-07 16:00:00+07:00,55.9,35.2,293.0,6.0
2024-05-07 17:00:00+07:00,54.5,34.7,315.0,5.0
2024-05-07 18:00:00+07:00,55.8,36.1,352.0,3.0
2024-05-07 19:00:00+07:00,68.2,45.4,462.0,4.0
2024-05-07 20:00:00+07:00,66.4,44.5,493.0,4.0
2024-05-07 21:00:00+07:00,56.2,37.6,536.0,3.0
2024-05-07 22:00:00+07:00,58.7,39.9,558.0,3.0
2024-05-07 23:00:00+07:00,52.4,35.9,543.0,3.0
2024-05-08 00:00:00+07:00,53.7,36.8,508.0,2.0
2024-05-08 01:00:00+07:00,42.4,29.0,477.0,2.0
2024-05-08 02:00:00+07:00,35.9,24.6,458.0,2.0
2024-05-08 03:00:00+07:00,36.4,24.9,444.0,1.0
2024-05-08 04:00:00+07:00,36.6,25.3,437.0,1.0
2024-05-08 05:00:00+07:00,35.6,24.6,445.0,1.0
2024-05-08 06:00:00+07:00,32.7,22.5,461.0,1.0
2024-05-08 07:00:00+07:00,51.7,35.2,550.0,2.0
2024-05-08 08:00:00+07:00,56.2,38.0,507.0,3.0
2024-05-08 09:00:00+07:00,60.1,39.9,446.0,3.0
2024-05-08 10:00:00+07:00,61.9,40.6,397.0,4.0
2024-05-08 11:00:00+07:00,64.0,41.6,370.0,5.0
2024-05-08 12:00:00+07:00,63.3,40.9,355.0,6.0
2024-05-08 13:00:00+07:00,59.6,38.1,343.0,6.0
2024-05-08 14:00:00+07:00,54.4,34.6,325.0,6.0
2024-05-08 15:00:00+07:00,60.1,38.0,312.0,6.0
2024-05-08 16:00:00+07:00,60.5,38.9,323.0,5.0
2024-05-08 17:00:00+07:00,59.3,38.5,370.0,4.0
2024-05-08 18:00:00+07:00,59.4,39.2,442.0,3.0
2024-05-08 19:00:00+07:00,45.5,31.0,402.0,1.0
2024-05-08 20:00:00+07:00,46.3,31.7,483.0,1.0
2024-05-08 21:00:00+07:00,46.4,31.8,595.0,1.0
2024-05-08 22:00:00+07:00,47.8,32.8,685.0,1.0
2024-05-08 23:00:00+07:00,47.4,32.5,739.0,1.0
2024-05-09 00:00:00+07:00,46.1,31.5,770.0,1.0
2024-05-09 01:00:00+07:00,42.8,29.0,769.0,1.0
2024-05-09 02:00:00+07:00,37.4,25.4,711.0,1.0
2024-05-09 03:00:00+07:00,36.6,24.9,619.0,1.0
2024-05-09 04:00:00+07:00,34.7,23.6,555.0,1.0
2024-05-09 05:00:00+07:00,34.2,23.3,553.0,1.0
2024-05-09 06:00:00+07:00,34.8,23.7,577.0,1.0
2024-05-09 07:00:00+07:00,38.1,26.5,703.0,1.0
2024-05-09 08:00:00+07:00,51.8,34.3,615.0,2.0
2024-05-09 09:00:00+07:00,56.5,36.8,492.0,4.0
2024-05-09 10:00:00+07:00,57.7,37.4,393.0,5.0
2024-05-09 11:00:00+07:00,54.6,35.0,343.0,5.0
2024-05-09 12:00:00+07:00,48.5,31.1,317.0,5.0
2024-05-09 13:00:00+07:00,45.1,28.9,302.0,4.0
2024-05-09 14:00:00+07:00,48.4,31.0,295.0,4.0
2024-05-09 15:00:00+07:00,45.6,29.7,298.0,3.0
2024-05-09 16:00:00+07:00,45.4,29.8,309.0,3.0
2024-05-09 17:00:00+07:00,45.4,30.0,329.0,2.0
2024-05-09 18:00:00+07:00,47.7,31.9,357.0,2.0
2024-05-09 19:00:00+07:00,42.4,28.4,362.0,2.0
2024-05-09 20:00:00+07:00,42.6,28.8,389.0,2.0
2024-05-09 21:00:00+07:00,48.4,32.8,425.0,1.0
2024-05-09 22:00:00+07:00,40.7,27.6,440.0,1.0
2024-05-09 23:00:00+07:00,32.7,22.4,417.0,1.0
2024-05-10 00:00:00+07:00,31.4,21.5,375.0,1.0
2024-05-10 01:00:00+07:00,29.7,20.6,337.0,1.0
2024-05-10 02:00:00+07:00,29.0,20.0,309.0,1.0
2024-05-10 03:00:00+07:00,23.7,16.3,286.0,1.0
2024-05-10 04:00:00+07:00,22.2,15.3,279.0,1.0
2024-05-10 05:00:00+07:00,22.1,15.4,299.0,1.0
2024-05-10 06:00:00+07:00,21.0,14.6,335.0,0.0
2024-05-10 07:00:00+07:00,18.9,13.1,425.0,0.0
2024-05-10 08:00:00+07:00,25.1,17.2,412.0,0.0
2024-05-10 09:00:00+07:00,30.9,20.9,392.0,1.0
2024-05-10 10:00:00+07:00,35.9,24.2,374.0,1.0
2024-05-10 11:00:00+07:00,38.5,25.9,357.0,1.0
2024-05-10 12:00:00+07:00,38.5,25.8,342.0,1.0
2024-05-10 13:00:00+07:00,38.6,25.8,330.0,1.0
2024-05-10 14:00:00+07:00,37.5,25.1,315.0,1.0
2024-05-10 15:00:00+07:00,36.3,24.3,304.0,1.0
2024-05-10 16:00:00+07:00,38.9,26.1,325.0,1.0
2024-05-10 17:00:00+07:00,41.7,28.1,404.0,1.0
2024-05-10 18:00:00+07:00,38.8,26.5,514.0,0.0
2024-05-10 19:00:00+07:00,38.9,26.4,640.0,0.0
2024-05-10 20:00:00+07:00,36.9,25.0,585.0,0.0
2024-05-10 21:00:00+07:00,33.9,22.9,513.0,0.0
2024-05-10 22:00:00+07:00,33.6,22.8,476.0,0.0
2024-05-10 23:00:00+07:00,34.0,23.5,512.0,0.0
2024-05-11 00:00:00+07:00,33.1,22.9,585.0,0.0
2024-05-11 01:00:00+07:00,31.7,21.9,639.0,0.0
2024-05-11 02:00:00+07:00,31.3,21.7,653.0,0.0
2024-05-11 03:00:00+07:00,31.5,21.9,648.0,0.0
2024-05-11 04:00:00+07:00,31.2,21.7,636.0,0.0
2024-05-11 05:00:00+07:00,31.0,21.5,621.0,0.0
2024-05-11 06:00:00+07:00,31.1,21.7,599.0,0.0
2024-05-11 07:00:00+07:00,30.9,21.4,435.0,0.0
2024-05-11 08:00:00+07:00,34.1,23.4,407.0,0.0
2024-05-11 09:00:00+07:00,35.9,24.4,368.0,1.0
2024-05-11 10:00:00+07:00,37.1,25.0,337.0,1.0
2024-05-11 11:00:00+07:00,37.5,25.2,320.0,1.0
2024-05-11 12:00:00+07:00,36.8,24.7,311.0,1.0
2024-05-11 13:00:00+07:00,35.2,23.6,307.0,1.0
2024-05-11 14:00:00+07:00,32.4,21.7,303.0,1.0
2024-05-11 15:00:00+07:00,30.4,20.4,303.0,1.0
2024-05-11 16:00:00+07:00,32.1,21.7,319.0,1.0
2024-05-11 17:00:00+07:00,35.7,24.2,355.0,1.0
2024-05-11 18:00:00+07:00,37.3,25.6,407.0,0.0
2024-05-11 19:00:00+07:00,35.9,24.4,441.0,1.0
2024-05-11 20:00:00+07:00,32.8,22.6,474.0,1.0
2024-05-11 21:00:00+07:00,30.9,21.4,524.0,0.0
2024-05-11 22:00:00+07:00,27.4,19.0,593.0,0.0
2024-05-11 23:00:00+07:00,29.8,20.7,699.0,0.0
2024-05-12 00:00:00+07:00,30.9,21.4,824.0,0.0
2024-05-12 01:00:00+07:00,30.5,21.2,915.0,0.0
2024-05-12 02:00:00+07:00,29.3,20.4,942.0,0.0
2024-05-12 03:00:00+07:00,27.8,19.4,934.0,0.0
2024-05-12 04:00:00+07:00,26.7,18.7,928.0,0.0
2024-05-12 05:00:00+07:00,26.2,18.3,958.0,0.0
2024-05-12 06:00:00+07:00,27.1,18.9,990.0,0.0
2024-05-12 07:00:00+07:00,26.6,18.6,708.0,0.0
2024-05-12 08:00:00+07:00,28.6,19.9,613.0,0.0
2024-05-12 09:00:00+07:00,26.4,18.2,480.0,0.0
2024-05-12 10:00:00+07:00,25.1,17.2,373.0,0.0
2024-05-12 11:00:00+07:00,24.2,16.5,317.0,0.0
2024-05-12 12:00:00+07:00,23.7,16.2,287.0,0.0
2024-05-12 13:00:00+07:00,21.2,14.4,269.0,0.0
2024-05-12 14:00:00+07:00,21.5,14.6,260.0,0.0
2024-05-12 15:00:00+07:00,21.5,14.7,264.0,0.0
2024-05-12 16:00:00+07:00,21.5,14.8,281.0,0.0
2024-05-12 17:00:00+07:00,23.0,15.9,315.0,0.0
2024-05-12 18:00:00+07:00,24.2,16.8,363.0,0.0
2024-05-12 19:00:00+07:00,29.2,20.1,404.0,0.0
2024-05-12 20:00:00+07:00,28.9,20.0,472.0,0.0
2024-05-12 21:00:00+07:00,30.2,20.9,567.0,0.0
2024-05-12 22:00:00+07:00,32.4,22.5,650.0,0.0
2024-05-12 23:00:00+07:00,33.6,23.4,714.0,0.0
2024-05-13 00:00:00+07:00,31.7,22.1,767.0,0.0
2024-05-13 01:00:00+07:00,29.8,20.8,792.0,0.0
2024-05-13 02:00:00+07:00,28.5,19.8,771.0,0.0
2024-05-13 03:00:00+07:00,26.5,18.6,723.0,0.0
2024-05-13 04:00:00+07:00,24.7,17.3,690.0,0.0
2024-05-13 05:00:00+07:00,23.9,16.7,706.0,0.0
2024-05-13 06:00:00+07:00,24.4,17.1,738.0,0.0
2024-05-13 07:00:00+07:00,31.8,22.3,738.0,0.0
2024-05-13 08:00:00+07:00,40.2,28.1,628.0,1.0
2024-05-13 09:00:00+07:00,39.5,27.2,475.0,1.0
2024-05-13 10:00:00+07:00,34.7,23.3,356.0,2.0
2024-05-13 11:00:00+07:00,33.6,22.1,304.0,2.0
2024-05-13 12:00:00+07:00,33.6,22.0,287.0,3.0
2024-05-13 13:00:00+07:00,35.2,23.0,280.0,3.0
2024-05-13 14:00:00+07:00,37.6,24.8,278.0,3.0
2024-05-13 15:00:00+07:00,39.1,26.0,286.0,2.0
2024-05-13 16:00:00+07:00,38.4,25.7,302.0,2.0
2024-05-13 17:00:00+07:00,40.5,27.3,312.0,2.0
2024-05-13 18:00:00+07:00,36.7,24.9,328.0,1.0
2024-05-13 19:00:00+07:00,39.2,26.7,441.0,1.0
2024-05-13 20:00:00+07:00,39.5,27.2,535.0,1.0
2024-05-13 21:00:00+07:00,38.6,26.7,662.0,0.0
2024-05-13 22:00:00+07:00,37.4,25.9,744.0,0.0
2024-05-13 23:00:00+07:00,37.5,26.0,738.0,0.0
2024-05-14 00:00:00+07:00,34.6,23.9,686.0,0.0
2024-05-14 01:00:00+07:00,31.8,21.9,637.0,0.0
2024-05-14 02:00:00+07:00,29.9,20.7,604.0,0.0
2024-05-14 03:00:00+07:00,27.9,19.4,574.0,0.0
2024-05-14 04:00:00+07:00,26.1,18.2,554.0,0.0
2024-05-14 05:00:00+07:00,25.4,17.8,557.0,0.0
2024-05-14 06:00:00+07:00,26.0,18.2,570.0,1.0
2024-05-14 07:00:00+07:00,20.5,14.3,451.0,0.0
2024-05-14 08:00:00+07:00,22.1,15.1,410.0,1.0
2024-05-14 09:00:00+07:00,23.3,15.7,353.0,1.0
2024-05-14 10:00:00+07:00,25.1,16.6,312.0,2.0
2024-05-14 11:00:00+07:00,26.7,17.7,302.0,2.0
2024-05-14 12:00:00+07:00,28.1,18.7,308.0,2.0
2024-05-14 13:00:00+07:00,29.2,19.4,319.0,2.0
2024-05-14 14:00:00+07:00,30.2,20.2,326.0,2.0
2024-05-14 15:00:00+07:00,32.5,21.7,339.0,2.0
2024-05-14 16:00:00+07:00,34.3,23.2,376.0,2.0
2024-05-14 17:00:00+07:00,33.6,22.8,437.0,2.0
2024-05-14 18:00:00+07:00,33.8,22.9,521.0,1.0
2024-05-14 19:00:00+07:00,30.4,20.8,608.0,1.0
2024-05-14 20:00:00+07:00,30.5,21.1,638.0,1.0
2024-05-14 21:00:00+07:00,28.7,20.0,681.0,0.0
2024-05-14 22:00:00+07:00,28.8,20.1,729.0,0.0
2024-05-14 23:00:00+07:00,29.0,20.3,791.0,0.0
2024-05-15 00:00:00+07:00,28.6,20.0,857.0,0.0
2024-05-15 01:00:00+07:00,27.5,19.3,891.0,0.0
2024-05-15 02:00:00+07:00,25.7,18.0,861.0,0.0
2024-05-15 03:00:00+07:00,24.0,16.7,799.0,0.0
2024-05-15 04:00:00+07:00,22.4,15.7,760.0,0.0
2024-05-15 05:00:00+07:00,21.7,15.1,795.0,0.0
2024-05-15 06:00:00+07:00,23.0,16.0,854.0,0.0
2024-05-15 07:00:00+07:00,27.8,19.3,619.0,0.0
2024-05-15 08:00:00+07:00,29.5,20.4,538.0,0.0
2024-05-15 09:00:00+07:00,26.4,18.1,427.0,1.0
2024-05-15 10:00:00+07:00,25.3,17.4,342.0,1.0
2024-05-15 11:00:00+07:00,24.9,17.1,309.0,1.0
2024-05-15 12:00:00+07:00,22.4,15.3,302.0,1.0
2024-05-15 13:00:00+07:00,23.2,15.8,303.0,1.0
2024-05-15 14:00:00+07:00,24.6,16.8,296.0,1.0
2024-05-15 15:00:00+07:00,26.0,17.7,297.0,1.0
2024-05-15 16:00:00+07:00,27.0,18.3,330.0,1.0
2024-05-15 17:00:00+07:00,27.0,18.4,412.0,1.0
2024-05-15 18:00:00+07:00,27.1,18.5,526.0,1.0
2024-05-15 19:00:00+07:00,29.0,20.1,554.0,0.0
2024-05-15 20:00:00+07:00,34.9,24.3,747.0,0.0
2024-05-15 21:00:00+07:00,38.4,26.9,1013.0,0.0
2024-05-15 22:00:00+07:00,39.6,27.6,1211.0,0.0
2024-05-15 23:00:00+07:00,40.2,28.1,1276.0,0.0
2024-05-16 00:00:00+07:00,38.5,27.0,1273.0,0.0
2024-05-16 01:00:00+07:00,38.0,26.5,1253.0,0.0
2024-05-16 02:00:00+07:00,37.3,26.0,1233.0,0.0
2024-05-16 03:00:00+07:00,35.7,25.0,1197.0,0.0
2024-05-16 04:00:00+07:00,34.5,24.1,1149.0,0.0
2024-05-16 05:00:00+07:00,32.0,22.4,1095.0,0.0
2024-05-16 06:00:00+07:00,32.5,22.8,1030.0,0.0
2024-05-16 07:00:00+07:00,29.7,20.8,739.0,0.0
2024-05-16 08:00:00+07:00,35.9,24.9,673.0,0.0
2024-05-16 09:00:00+07:00,40.4,28.0,580.0,1.0
2024-05-16 10:00:00+07:00,40.0,27.7,504.0,1.0
2024-05-16 11:00:00+07:00,38.4,26.6,461.0,1.0
2024-05-16 12:00:00+07:00,38.5,26.7,435.0,1.0
2024-05-16 13:00:00+07:00,43.7,30.0,417.0,1.0
2024-05-16 14:00:00+07:00,40.0,27.6,404.0,1.0
2024-05-16 15:00:00+07:00,40.7,28.1,400.0,1.0
2024-05-16 16:00:00+07:00,41.0,28.2,408.0,1.0
2024-05-16 17:00:00+07:00,41.0,28.3,424.0,1.0
2024-05-16 18:00:00+07:00,39.9,27.6,452.0,0.0
2024-05-16 19:00:00+07:00,44.0,30.5,697.0,0.0
2024-05-16 20:00:00+07:00,44.8,31.3,831.0,0.0
2024-05-16 21:00:00+07:00,45.1,31.4,1009.0,0.0
2024-05-16 22:00:00+07:00,44.8,31.3,1102.0,0.0
2024-05-16 23:00:00+07:00,41.4,29.0,1028.0,0.0
2024-05-17 00:00:00+07:00,36.9,25.8,867.0,0.0
2024-05-17 01:00:00+07:00,33.2,23.2,734.0,0.0
2024-05-17 02:00:00+07:00,32.1,22.4,674.0,0.0
2024-05-17 03:00:00+07:00,30.9,21.5,641.0,0.0
2024-05-17 04:00:00+07:00,29.0,20.3,610.0,0.0
2024-05-17 05:00:00+07:00,29.4,20.5,574.0,0.0
2024-05-17 06:00:00+07:00,28.4,19.8,539.0,0.0
2024-05-17 07:00:00+07:00,24.4,17.1,579.0,0.0
2024-05-17 08:00:00+07:00,26.3,18.3,535.0,0.0
2024-05-17 09:00:00+07:00,30.5,21.2,473.0,0.0
2024-05-17 10:00:00+07:00,32.2,22.4,421.0,0.0
2024-05-17 11:00:00+07:00,35.2,24.4,389.0,0.0
2024-05-17 12:00:00+07:00,33.9,23.5,367.0,0.0
2024-05-17 13:00:00+07:00,33.3,23.1,354.0,0.0
2024-05-17 14:00:00+07:00,32.8,22.7,339.0,0.0
2024-05-17 15:00:00+07:00,32.4,22.4,332.0,0.0
2024-05-17 16:00:00+07:00,33.4,23.2,369.0,0.0
2024-05-17 17:00:00+07:00,35.0,24.3,492.0,0.0
2024-05-17 18:00:00+07:00,36.9,25.7,658.0,0.0
2024-05-17 19:00:00+07:00,36.2,25.3,681.0,0.0
2024-05-17 20:00:00+07:00,36.9,25.8,639.0,0.0
2024-05-17 21:00:00+07:00,32.9,23.1,579.0,0.0
2024-05-17 22:00:00+07:00,29.4,20.5,526.0,0.0
2024-05-17 23:00:00+07:00,23.9,16.7,487.0,0.0
2024-05-18 00:00:00+07:00,22.5,15.8,455.0,0.0
2024-05-18 01:00:00+07:00,21.4,15.0,429.0,0.0
2024-05-18 02:00:00+07:00,19.7,13.8,408.0,0.0
2024-05-18 03:00:00+07:00,18.5,13.0,394.0,0.0
2024-05-18 04:00:00+07:00,17.8,12.5,391.0,0.0
2024-05-18 05:00:00+07:00,17.5,12.3,411.0,0.0
2024-05-18 06:00:00+07:00,17.8,12.5,442.0,0.0
2024-05-18 07:00:00+07:00,16.2,11.4,445.0,0.0
2024-05-18 08:00:00+07:00,19.8,13.9,438.0,0.0
2024-05-18 09:00:00+07:00,22.7,15.8,427.0,0.0
2024-05-18 10:00:00+07:00,24.7,17.1,411.0,0.0
2024-05-18 11:00:00+07:00,27.7,19.2,385.0,0.0
2024-05-18 12:00:00+07:00,23.3,16.1,353.0,0.0
2024-05-18 13:00:00+07:00,24.4,16.8,329.0,0.0
2024-05-18 14:00:00+07:00,25.1,17.3,306.0,0.0
2024-05-18 15:00:00+07:00,25.2,17.3,290.0,0.0
2024-05-18 16:00:00+07:00,25.7,17.6,319.0,0.0
2024-05-18 17:00:00+07:00,24.4,16.8,426.0,0.0
2024-05-18 18:00:00+07:00,25.3,17.4,577.0,0.0
2024-05-18 19:00:00+07:00,35.4,24.6,843.0,0.0
2024-05-18 20:00:00+07:00,37.4,26.0,974.0,0.0
2024-05-18 21:00:00+07:00,36.2,25.3,1157.0,0.0
2024-05-18 22:00:00+07:00,35.9,25.0,1305.0,0.0
2024-05-18 23:00:00+07:00,37.4,26.1,1391.0,0.0
2024-05-19 00:00:00+07:00,37.6,26.3,1441.0,0.0
2024-05-19 01:00:00+07:00,34.2,24.0,1453.0,0.0
2024-05-19 02:00:00+07:00,30.9,21.7,1413.0,0.0
2024-05-19 03:00:00+07:00,28.5,20.0,1334.0,0.0
2024-05-19 04:00:00+07:00,26.0,18.2,1248.0,0.0
2024-05-19 05:00:00+07:00,23.9,16.8,1176.0,0.0
2024-05-19 06:00:00+07:00,25.2,17.7,1098.0,0.0
2024-05-19 07:00:00+07:00,31.7,22.2,920.0,0.0
2024-05-19 08:00:00+07:00,37.4,26.0,766.0,0.0
2024-05-19 09:00:00+07:00,34.8,24.1,554.0,0.0
2024-05-19 10:00:00+07:00,28.5,19.6,387.0,0.0
2024-05-19 11:00:00+07:00,27.1,18.6,313.0,0.0
2024-05-19 12:00:00+07:00,26.4,18.0,286.0,1.0
2024-05-19 13:00:00+07:00,25.1,17.1,271.0,1.0
2024-05-19 14:00:00+07:00,22.2,15.1,256.0,1.0
2024-05-19 15:00:00+07:00,26.5,17.9,254.0,0.0
2024-05-19 16:00:00+07:00,23.1,15.8,267.0,0.0
2024-05-19 17:00:00+07:00,24.7,17.0,309.0,0.0
2024-05-19 18:00:00+07:00,26.1,18.0,367.0,0.0
2024-05-19 19:00:00+07:00,22.9,15.7,480.0,0.0
2024-05-19 20:00:00+07:00,19.5,13.5,517.0,0.0
2024-05-19 21:00:00+07:00,20.6,14.3,569.0,0.0
2024-05-19 22:00:00+07:00,22.7,15.8,612.0,0.0
2024-05-19 23:00:00+07:00,21.2,14.7,643.0,0.0
2024-05-20 00:00:00+07:00,20.8,14.6,667.0,0.0
2024-05-20 01:00:00+07:00,20.8,14.5,671.0,0.0
2024-05-20 02:00:00+07:00,19.6,13.7,644.0,0.0
2024-05-20 03:00:00+07:00,17.3,12.1,598.0,0.0
2024-05-20 04:00:00+07:00,15.7,11.0,560.0,0.0
2024-05-20 05:00:00+07:00,15.0,10.5,550.0,0.0
2024-05-20 06:00:00+07:00,16.4,11.5,550.0,0.0
2024-05-20 07:00:00+07:00,25.0,17.5,573.0,0.0
2024-05-20 08:00:00+07:00,25.0,17.4,492.0,0.0
2024-05-20 09:00:00+07:00,23.4,16.1,379.0,1.0
2024-05-20 10:00:00+07:00,25.1,17.1,295.0,1.0
2024-05-20 11:00:00+07:00,26.5,17.9,266.0,1.0
2024-05-20 12:00:00+07:00,27.3,18.3,265.0,2.0
2024-05-20 13:00:00+07:00,27.1,18.1,269.0,2.0
2024-05-20 14:00:00+07:00,25.7,17.2,261.0,2.0
2024-05-20 15:00:00+07:00,25.3,17.0,258.0,1.0
2024-05-20 16:00:00+07:00,25.1,17.1,282.0,1.0
2024-05-20 17:00:00+07:00,25.7,17.5,366.0,1.0
2024-05-20 18:00:00+07:00,26.5,18.2,479.0,0.0
2024-05-20 19:00:00+07:00,21.8,15.0,474.0,0.0
2024-05-20 20:00:00+07:00,23.3,16.1,500.0,0.0
2024-05-20 21:00:00+07:00,19.1,13.2,535.0,0.0
2024-05-20 22:00:00+07:00,19.3,13.4,560.0,0.0
2024-05-20 23:00:00+07:00,19.4,13.4,566.0,0.0
2024-05-21 00:00:00+07:00,20.5,14.3,562.0,0.0
2024-05-21 01:00:00+07:00,17.3,12.2,553.0,0.0
2024-05-21 02:00:00+07:00,15.8,11.1,539.0,0.0
2024-05-21 03:00:00+07:00,14.5,10.2,521.0,0.0
2024-05-21 04:00:00+07:00,14.5,10.2,505.0,0.0
2024-05-21 05:00:00+07:00,14.6,10.2,496.0,0.0
2024-05-21 06:00:00+07:00,16.5,11.5,490.0,0.0
2024-05-21 07:00:00+07:00,17.1,11.9,531.0,0.0
2024-05-21 08:00:00+07:00,23.0,15.9,529.0,0.0
2024-05-21 09:00:00+07:00,25.7,17.9,524.0,0.0
2024-05-21 10:00:00+07:00,27.3,19.0,507.0,0.0
2024-05-21 11:00:00+07:00,25.3,17.6,464.0,0.0
2024-05-21 12:00:00+07:00,20.9,14.6,409.0,0.0
2024-05-21 13:00:00+07:00,18.7,13.2,373.0,0.0
2024-05-21 14:00:00+07:00,19.3,13.6,366.0,0.0
2024-05-21 15:00:00+07:00,19.0,13.4,378.0,0.0
2024-05-21 16:00:00+07:00,17.0,11.9,405.0,0.0
2024-05-21 17:00:00+07:00,17.7,12.4,454.0,0.0
2024-05-21 18:00:00+07:00,18.7,13.1,518.0,0.0
2024-05-21 19:00:00+07:00,27.8,19.4,563.0,0.0
2024-05-21 20:00:00+07:00,26.8,18.7,549.0,0.0
2024-05-21 21:00:00+07:00,21.8,15.3,528.0,0.0
2024-05-21 22:00:00+07:00,17.5,12.2,508.0,0.0
2024-05-21 23:00:00+07:00,15.7,11.0,490.0,0.0
2024-05-22 00:00:00+07:00,11.8,8.3,471.0,0.0
2024-05-22 01:00:00+07:00,10.3,7.2,453.0,0.0
2024-05-22 02:00:00+07:00,8.9,6.2,434.0,0.0
2024-05-22 03:00:00+07:00,8.7,6.1,414.0,0.0
2024-05-22 04:00:00+07:00,8.4,5.9,401.0,0.0
2024-05-22 05:00:00+07:00,8.1,5.7,399.0,0.0
2024-05-22 06:00:00+07:00,8.0,5.6,402.0,0.0
2024-05-22 07:00:00+07:00,4.7,3.3,313.0,0.0
2024-05-22 08:00:00+07:00,5.7,4.0,320.0,0.0
2024-05-22 09:00:00+07:00,9.9,6.9,328.0,0.0
2024-05-22 10:00:00+07:00,10.4,7.2,330.0,0.0
2024-05-22 11:00:00+07:00,11.8,8.3,317.0,0.0
2024-05-22 12:00:00+07:00,12.6,8.8,296.0,0.0
2024-05-22 13:00:00+07:00,11.5,8.0,284.0,0.0
2024-05-22 14:00:00+07:00,15.0,10.5,273.0,0.0
2024-05-22 15:00:00+07:00,16.5,11.6,271.0,0.0
2024-05-22 16:00:00+07:00,17.1,11.9,313.0,0.0
2024-05-22 17:00:00+07:00,18.0,12.6,418.0,0.0
2024-05-22 18:00:00+07:00,20.2,14.1,567.0,0.0
2024-05-22 19:00:00+07:00,27.5,19.3,737.0,0.0
2024-05-22 20:00:00+07:00,37.0,25.9,905.0,0.0
2024-05-22 21:00:00+07:00,41.1,28.8,1131.0,0.0
2024-05-22 22:00:00+07:00,38.8,27.2,1260.0,0.0
2024-05-22 23:00:00+07:00,29.3,20.5,1195.0,0.0
2024-05-23 00:00:00+07:00,27.2,19.0,1032.0,0.0
2024-05-23 01:00:00+07:00,27.0,18.9,908.0,0.0
2024-05-23 02:00:00+07:00,22.2,15.5,884.0,0.0
2024-05-23 03:00:00+07:00,24.4,17.1,898.0,0.0
2024-05-23 04:00:00+07:00,26.0,18.2,903.0,0.0
2024-05-23 05:00:00+07:00,27.7,19.4,887.0,0.0
2024-05-23 06:00:00+07:00,28.6,20.0,863.0,0.0
2024-05-23 07:00:00+07:00,17.7,12.4,559.0,0.0
2024-05-23 08:00:00+07:00,21.1,14.8,507.0,0.0
2024-05-23 09:00:00+07:00,20.1,14.0,436.0,0.0
2024-05-23 10:00:00+07:00,17.6,12.3,382.0,0.0
2024-05-23 11:00:00+07:00,14.4,10.1,361.0,0.0
2024-05-23 12:00:00+07:00,16.6,11.6,358.0,0.0
2024-05-23 13:00:00+07:00,17.9,12.5,360.0,0.0
2024-05-23 14:00:00+07:00,14.9,10.4,354.0,0.0
2024-05-23 15:00:00+07:00,15.4,10.8,353.0,0.0
2024-05-23 16:00:00+07:00,16.4,11.5,387.0,0.0
2024-05-23 17:00:00+07:00,19.6,13.7,464.0,0.0
2024-05-23 18:00:00+07:00,24.2,16.9,576.0,0.0
2024-05-23 19:00:00+07:00,33.9,23.7,799.0,0.0
2024-05-23 20:00:00+07:00,38.1,26.7,753.0,0.0
2024-05-23 21:00:00+07:00,32.7,22.9,687.0,0.0
2024-05-23 22:00:00+07:00,25.4,17.8,627.0,0.0
2024-05-23 23:00:00+07:00,14.6,10.2,581.0,0.0
2024-05-24 00:00:00+07:00,11.3,7.9,540.0,0.0
2024-05-24 01:00:00+07:00,12.3,8.6,502.0,0.0
2024-05-24 02:00:00+07:00,12.5,8.8,463.0,0.0
2024-05-24 03:00:00+07:00,12.6,8.8,427.0,0.0
2024-05-24 04:00:00+07:00,11.8,8.2,400.0,0.0
2024-05-24 05:00:00+07:00,11.1,7.7,386.0,0.0
2024-05-24 06:00:00+07:00,7.5,5.2,382.0,0.0
2024-05-24 07:00:00+07:00,2.9,2.0,339.0,0.0
2024-05-24 08:00:00+07:00,7.2,5.0,361.0,0.0
2024-05-24 09:00:00+07:00,7.9,5.6,390.0,0.0
2024-05-24 10:00:00+07:00,12.9,9.0,401.0,0.0
2024-05-24 11:00:00+07:00,11.8,8.2,379.0,0.0
2024-05-24 12:00:00+07:00,11.3,7.9,339.0,0.0
2024-05-24 13:00:00+07:00,13.1,9.2,304.0,0.0
2024-05-24 14:00:00+07:00,11.4,8.0,272.0,0.0
2024-05-24 15:00:00+07:00,10.4,7.3,244.0,0.0
2024-05-24 16:00:00+07:00,10.4,7.2,246.0,0.0
2024-05-24 17:00:00+07:00,12.8,9.0,306.0,0.0
2024-05-24 18:00:00+07:00,13.8,9.7,395.0,0.0
2024-05-24 19:00:00+07:00,19.9,14.0,539.0,0.0
2024-05-24 20:00:00+07:00,14.4,10.1,508.0,0.0
2024-05-24 21:00:00+07:00,12.9,9.0,465.0,0.0
2024-05-24 22:00:00+07:00,10.9,7.6,427.0,0.0
2024-05-24 23:00:00+07:00,6.0,4.2,403.0,0.0
2024-05-25 00:00:00+07:00,3.5,2.4,383.0,0.0
2024-05-25 01:00:00+07:00,3.7,2.6,360.0,0.0
2024-05-25 02:00:00+07:00,3.9,2.8,324.0,0.0
2024-05-25 03:00:00+07:00,3.3,2.3,284.0,0.0
2024-05-25 04:00:00+07:00,2.8,2.0,259.0,0.0
2024-05-25 05:00:00+07:00,2.7,1.9,260.0,0.0
2024-05-25 06:00:00+07:00,3.0,2.1,275.0,0.0
2024-05-25 07:00:00+07:00,3.4,2.4,268.0,0.0
2024-05-25 08:00:00+07:00,5.2,3.6,282.0,0.0
2024-05-25 09:00:00+07:00,4.9,3.4,301.0,0.0
2024-05-25 10:00:00+07:00,8.8,6.1,308.0,0.0
2024-05-25 11:00:00+07:00,10.9,7.6,290.0,0.0
2024-05-25 12:00:00+07:00,9.7,6.8,261.0,0.0
2024-05-25 13:00:00+07:00,9.4,6.5,247.0,0.0
2024-05-25 14:00:00+07:00,9.4,6.5,249.0,0.0
2024-05-25 15:00:00+07:00,10.7,7.5,266.0,0.0
2024-05-25 16:00:00+07:00,13.5,9.4,319.0,0.0
2024-05-25 17:00:00+07:00,15.2,10.6,451.0,0.0
2024-05-25 18:00:00+07:00,21.1,14.8,618.0,0.0
2024-05-25 19:00:00+07:00,18.2,12.6,580.0,0.0
2024-05-25 20:00:00+07:00,15.5,10.8,534.0,0.0
2024-05-25 21:00:00+07:00,11.0,7.7,471.0,0.0
2024-05-25 22:00:00+07:00,9.8,6.9,428.0,0.0
2024-05-25 23:00:00+07:00,9.9,6.9,432.0,0.0
2024-05-26 00:00:00+07:00,10.3,7.2,456.0,0.0
2024-05-26 01:00:00+07:00,9.3,6.5,459.0,0.0
2024-05-26 02:00:00+07:00,6.5,4.6,414.0,0.0
2024-05-26 03:00:00+07:00,2.8,2.0,349.0,0.0
2024-05-26 04:00:00+07:00,3.4,2.4,302.0,0.0
2024-05-26 05:00:00+07:00,3.1,2.2,296.0,0.0
2024-05-26 06:00:00+07:00,4.0,2.8,309.0,0.0
2024-05-26 07:00:00+07:00,5.0,3.5,295.0,0.0
2024-05-26 08:00:00+07:00,5.7,3.9,283.0,0.0
2024-05-26 09:00:00+07:00,6.0,4.2,266.0,0.0
2024-05-26 10:00:00+07:00,5.6,3.9,249.0,0.0
2024-05-26 11:00:00+07:00,6.4,4.5,233.0,0.0
2024-05-26 12:00:00+07:00,5.8,4.1,218.0,0.0
2024-05-26 13:00:00+07:00,5.8,4.1,208.0,0.0
2024-05-26 14:00:00+07:00,7.3,5.1,193.0,0.0
2024-05-26 15:00:00+07:00,7.1,5.0,182.0,0.0
2024-05-26 16:00:00+07:00,7.4,5.1,209.0,0.0
2024-05-26 17:00:00+07:00,8.6,6.0,305.0,0.0
2024-05-26 18:00:00+07:00,8.6,6.0,439.0,0.0
2024-05-26 19:00:00+07:00,18.4,12.7,522.0,0.0
2024-05-26 20:00:00+07:00,16.3,11.4,500.0,0.0
2024-05-26 21:00:00+07:00,14.5,10.2,468.0,0.0
2024-05-26 22:00:00+07:00,12.8,8.9,437.0,0.0
2024-05-26 23:00:00+07:00,11.5,8.0,413.0,0.0
2024-05-27 00:00:00+07:00,10.7,7.5,390.0,0.0
2024-05-27 01:00:00+07:00,9.1,6.3,363.0,0.0
2024-05-27 02:00:00+07:00,8.2,5.7,324.0,0.0
2024-05-27 03:00:00+07:00,7.5,5.2,279.0,0.0
2024-05-27 04:00:00+07:00,6.8,4.7,247.0,0.0
2024-05-27 05:00:00+07:00,6.4,4.4,237.0,0.0
2024-05-27 06:00:00+07:00,6.8,4.7,239.0,0.0
2024-05-27 07:00:00+07:00,5.1,3.5,295.0,0.0
2024-05-27 08:00:00+07:00,7.8,5.4,301.0,0.0
2024-05-27 09:00:00+07:00,9.3,6.5,308.0,0.0
2024-05-27 10:00:00+07:00,11.2,7.8,301.0,0.0
2024-05-27 11:00:00+07:00,10.4,7.2,262.0,0.0
2024-05-27 12:00:00+07:00,8.8,6.2,210.0,0.0
2024-05-27 13:00:00+07:00,7.4,5.1,181.0,0.0
2024-05-27 14:00:00+07:00,5.5,3.9,186.0,0.0
2024-05-27 15:00:00+07:00,4.5,3.1,216.0,0.0
2024-05-27 16:00:00+07:00,7.0,4.9,279.0,0.0
2024-05-27 17:00:00+07:00,11.3,7.9,403.0,0.0
2024-05-27 18:00:00+07:00,14.9,10.4,560.0,0.0
2024-05-27 19:00:00+07:00,17.9,12.4,737.0,0.0
2024-05-27 20:00:00+07:00,16.1,11.3,736.0,0.0
2024-05-27 21:00:00+07:00,15.0,10.5,732.0,0.0
2024-05-27 22:00:00+07:00,15.4,10.8,715.0,0.0
2024-05-27 23:00:00+07:00,15.6,10.9,680.0,0.0
2024-05-28 00:00:00+07:00,13.7,9.6,633.0,0.0
2024-05-28 01:00:00+07:00,12.2,8.6,579.0,0.0
2024-05-28 02:00:00+07:00,10.4,7.3,514.0,0.0
2024-05-28 03:00:00+07:00,9.8,6.8,444.0,0.0
2024-05-28 04:00:00+07:00,8.8,6.2,388.0,0.0
2024-05-28 05:00:00+07:00,8.2,5.7,362.0,0.0
2024-05-28 06:00:00+07:00,8.9,6.3,350.0,0.0
2024-05-28 07:00:00+07:00,9.1,6.4,374.0,0.0
2024-05-28 08:00:00+07:00,12.6,8.8,359.0,0.0
2024-05-28 09:00:00+07:00,15.1,10.6,337.0,0.0
2024-05-28 10:00:00+07:00,15.9,11.1,309.0,0.0
2024-05-28 11:00:00+07:00,10.2,7.1,268.0,0.0
2024-05-28 12:00:00+07:00,7.6,5.3,222.0,0.0
2024-05-28 13:00:00+07:00,6.3,4.4,188.0,0.0
2024-05-28 14:00:00+07:00,4.8,3.3,169.0,0.0
2024-05-28 15:00:00+07:00,6.5,4.4,164.0,1.0
2024-05-28 16:00:00+07:00,7.4,5.0,187.0,1.0
2024-05-28 17:00:00+07:00,8.0,5.4,251.0,1.0
2024-05-28 18:00:00+07:00,11.5,7.9,343.0,0.0
2024-05-28 19:00:00+07:00,25.0,17.2,610.0,2.0
2024-05-28 20:00:00+07:00,25.3,17.7,671.0,1.0
2024-05-28 21:00:00+07:00,23.9,16.8,754.0,1.0
2024-05-28 22:00:00+07:00,23.6,16.6,809.0,0.0
2024-05-28 23:00:00+07:00,23.5,16.5,818.0,0.0
2024-05-29 00:00:00+07:00,22.3,15.7,799.0,0.0
2024-05-29 01:00:00+07:00,20.1,14.1,757.0,0.0
2024-05-29 02:00:00+07:00,17.7,12.3,683.0,0.0
2024-05-29 03:00:00+07:00,15.3,10.7,586.0,0.0
2024-05-29 04:00:00+07:00,14.6,10.1,504.0,0.0
2024-05-29 05:00:00+07:00,13.6,9.5,456.0,0.0
2024-05-29 06:00:00+07:00,13.7,9.6,424.0,1.0
2024-05-29 07:00:00+07:00,16.3,11.4,515.0,0.0
2024-05-29 08:00:00+07:00,14.8,10.2,463.0,0.0
2024-05-29 09:00:00+07:00,15.8,11.0,389.0,0.0
2024-05-29 10:00:00+07:00,17.3,12.0,322.0,0.0
2024-05-29 11:00:00+07:00,12.7,8.8,267.0,0.0
2024-05-29 12:00:00+07:00,9.5,6.5,219.0,1.0
2024-05-29 13:00:00+07:00,9.4,6.3,188.0,1.0
2024-05-29 14:00:00+07:00,8.6,5.8,166.0,1.0
2024-05-29 15:00:00+07:00,11.1,7.5,161.0,1.0
2024-05-29 16:00:00+07:00,11.4,7.7,204.0,1.0
2024-05-29 17:00:00+07:00,11.8,8.0,312.0,1.0
2024-05-29 18:00:00+07:00,16.7,11.5,467.0,0.0
2024-05-29 19:00:00+07:00,30.4,21.0,658.0,1.0
2024-05-29 20:00:00+07:00,33.8,23.7,707.0,1.0
2024-05-29 21:00:00+07:00,33.2,23.3,776.0,0.0
2024-05-29 22:00:00+07:00,28.6,20.2,841.0,0.0
2024-05-29 23:00:00+07:00,27.7,19.6,911.0,0.0
2024-05-30 00:00:00+07:00,28.1,19.8,978.0,0.0
2024-05-30 01:00:00+07:00,25.8,18.3,991.0,0.0
2024-05-30 02:00:00+07:00,23.2,16.4,908.0,0.0
2024-05-30 03:00:00+07:00,20.8,14.6,772.0,0.0
2024-05-30 04:00:00+07:00,18.6,13.1,659.0,0.0
2024-05-30 05:00:00+07:00,17.4,12.3,606.0,0.0
2024-05-30 06:00:00+07:00,18.2,12.8,576.0,1.0
2024-05-30 07:00:00+07:00,19.8,13.8,591.0,1.0
2024-05-30 08:00:00+07:00,22.6,15.7,522.0,1.0
2024-05-30 09:00:00+07:00,19.5,13.5,425.0,1.0
2024-05-30 10:00:00+07:00,19.0,13.0,344.0,1.0
2024-05-30 11:00:00+07:00,19.5,13.0,294.0,2.0
2024-05-30 12:00:00+07:00,19.4,12.4,260.0,4.0
2024-05-30 13:00:00+07:00,19.3,11.8,236.0,5.0
2024-05-30 14:00:00+07:00,20.0,12.0,208.0,7.0
2024-05-30 15:00:00+07:00,20.4,11.9,191.0,8.0
2024-05-30 16:00:00+07:00,21.2,12.0,224.0,9.0
2024-05-30 17:00:00+07:00,22.4,12.6,354.0,7.0
2024-05-30 18:00:00+07:00,27.6,17.5,535.0,4.0
2024-05-30 19:00:00+07:00,45.5,30.3,917.0,1.0
2024-05-30 20:00:00+07:00,46.6,31.0,879.0,1.0
2024-05-30 21:00:00+07:00,39.1,25.9,825.0,1.0
2024-05-30 22:00:00+07:00,33.1,22.1,782.0,1.0
2024-05-30 23:00:00+07:00,28.7,19.6,764.0,1.0
2024-05-31 00:00:00+07:00,25.1,17.3,756.0,0.0
2024-05-31 01:00:00+07:00,21.8,15.1,737.0,0.0
2024-05-31 02:00:00+07:00,19.2,13.3,693.0,0.0
2024-05-31 03:00:00+07:00,16.5,11.6,639.0,0.0
2024-05-31 04:00:00+07:00,14.6,10.4,591.0,0.0
2024-05-31 05:00:00+07:00,13.1,9.3,564.0,0.0
2024-05-31 06:00:00+07:00,13.2,9.4,544.0,0.0
2024-05-31 07:00:00+07:00,19.0,13.4,514.0,0.0
2024-05-31 08:00:00+07:00,22.1,15.3,450.0,1.0
2024-05-31 09:00:00+07:00,22.1,14.7,360.0,3.0
2024-05-31 10:00:00+07:00,25.3,15.8,290.0,6.0
2024-05-31 11:00:00+07:00,30.0,17.3,256.0,12.0
2024-05-31 12:00:00+07:00,35.0,19.2,242.0,20.0
2024-05-31 13:00:00+07:00,38.9,20.0,238.0,25.0
2024-05-31 14:00:00+07:00,40.7,20.7,242.0,25.0
2024-05-31 15:00:00+07:00,43.5,22.2,256.0,22.0
2024-05-31 16:00:00+07:00,44.6,25.2,285.0,18.0
2024-05-31 17:00:00+07:00,43.5,25.6,332.0,14.0
2024-05-31 18:00:00+07:00,39.9,25.0,393.0,10.0
2024-05-31 19:00:00+07:00,58.9,36.6,817.0,13.0
2024-05-31 20:00:00+07:00,56.7,37.1,962.0,10.0
2024-05-31 21:00:00+07:00,53.3,35.9,1156.0,7.0
2024-05-31 22:00:00+07:00,52.5,35.4,1258.0,4.0
2024-05-31 23:00:00+07:00,51.9,34.9,1182.0,4.0
2024-06-01 00:00:00+07:00,41.2,27.4,1015.0,5.0
2024-06-01 01:00:00+07:00,34.3,22.8,875.0,5.0
2024-06-01 02:00:00+07:00,29.6,20.1,806.0,4.0
2024-06-01 03:00:00+07:00,27.0,18.4,763.0,3.0
2024-06-01 04:00:00+07:00,25.3,17.3,732.0,2.0
2024-06-01 05:00:00+07:00,25.8,17.3,724.0,2.0
2024-06-01 06:00:00+07:00,21.8,14.8,729.0,2.0
2024-06-01 07:00:00+07:00,16.6,10.9,487.0,3.0
2024-06-01 08:00:00+07:00,20.0,13.2,447.0,3.0
2024-06-01 09:00:00+07:00,21.2,13.4,391.0,4.0
2024-06-01 10:00:00+07:00,21.4,13.8,343.0,4.0
2024-06-01 11:00:00+07:00,21.5,13.7,311.0,4.0
2024-06-01 12:00:00+07:00,21.2,13.6,286.0,4.0
2024-06-01 13:00:00+07:00,20.1,12.8,267.0,4.0
2024-06-01 14:00:00+07:00,19.5,12.7,233.0,3.0
2024-06-01 15:00:00+07:00,18.2,12.1,204.0,3.0
2024-06-01 16:00:00+07:00,15.2,10.0,240.0,2.0
2024-06-01 17:00:00+07:00,15.1,10.1,419.0,2.0
2024-06-01 18:00:00+07:00,16.4,11.1,662.0,1.0
2024-06-01 19:00:00+07:00,21.6,14.8,596.0,1.0
2024-06-01 20:00:00+07:00,17.0,11.6,549.0,1.0
2024-06-01 21:00:00+07:00,15.4,10.6,483.0,0.0
2024-06-01 22:00:00+07:00,14.4,10.0,427.0,0.0
2024-06-01 23:00:00+07:00,13.4,9.4,395.0,0.0
2024-06-02 00:00:00+07:00,11.0,7.7,373.0,0.0
2024-06-02 01:00:00+07:00,8.9,6.2,349.0,0.0
2024-06-02 02:00:00+07:00,7.6,5.3,317.0,0.0
2024-06-02 03:00:00+07:00,6.6,4.6,283.0,0.0
2024-06-02 04:00:00+07:00,6.1,4.2,256.0,0.0
2024-06-02 05:00:00+07:00,5.7,4.0,242.0,0.0
2024-06-02 06:00:00+07:00,5.4,3.8,234.0,0.0
2024-06-02 07:00:00+07:00,7.4,5.1,242.0,0.0
2024-06-02 08:00:00+07:00,8.2,5.7,233.0,0.0
2024-06-02 09:00:00+07:00,8.8,6.1,219.0,0.0
2024-06-02 10:00:00+07:00,7.9,5.5,205.0,0.0
2024-06-02 11:00:00+07:00,7.9,5.5,186.0,0.0
2024-06-02 12:00:00+07:00,6.5,4.5,166.0,0.0
2024-06-02 13:00:00+07:00,7.1,5.0,162.0,0.0
2024-06-02 14:00:00+07:00,6.6,4.6,173.0,0.0
2024-06-02 15:00:00+07:00,7.7,5.4,200.0,0.0
2024-06-02 16:00:00+07:00,8.1,5.7,264.0,0.0
2024-06-02 17:00:00+07:00,13.8,9.7,391.0,0.0
2024-06-02 18:00:00+07:00,18.3,12.8,555.0,0.0
2024-06-02 19:00:00+07:00,28.2,19.7,815.0,0.0
2024-06-02 20:00:00+07:00,22.2,15.5,729.0,0.0
2024-06-02 21:00:00+07:00,18.3,12.8,611.0,0.0
2024-06-02 22:00:00+07:00,17.6,12.3,530.0,0.0
2024-06-02 23:00:00+07:00,17.1,11.9,529.0,0.0
2024-06-03 00:00:00+07:00,17.3,12.1,565.0,0.0
2024-06-03 01:00:00+07:00,16.4,11.5,580.0,0.0
2024-06-03 02:00:00+07:00,15.1,10.5,542.0,0.0
2024-06-03 03:00:00+07:00,13.6,9.5,481.0,0.0
2024-06-03 04:00:00+07:00,12.5,8.8,435.0,0.0
2024-06-03 05:00:00+07:00,12.3,8.6,423.0,0.0
2024-06-03 06:00:00+07:00,12.3,8.6,424.0,0.0
2024-06-03 07:00:00+07:00,14.2,10.0,356.0,0.0
2024-06-03 08:00:00+07:00,10.5,7.4,311.0,0.0
2024-06-03 09:00:00+07:00,8.9,6.3,248.0,0.0
2024-06-03 10:00:00+07:00,7.3,5.2,198.0,0.0
2024-06-03 11:00:00+07:00,5.7,4.1,173.0,0.0
2024-06-03 12:00:00+07:00,5.6,4.0,160.0,0.0
2024-06-03 13:00:00+07:00,5.2,3.7,158.0,0.0
2024-06-03 14:00:00+07:00,5.8,4.1,155.0,0.0
2024-06-03 15:00:00+07:00,6.4,4.5,162.0,0.0
2024-06-03 16:00:00+07:00,7.8,5.5,208.0,0.0
2024-06-03 17:00:00+07:00,10.6,7.5,319.0,0.0
2024-06-03 18:00:00+07:00,12.5,8.8,468.0,0.0
2024-06-03 19:00:00+07:00,25.8,18.2,832.0,0.0
2024-06-03 20:00:00+07:00,26.8,18.9,954.0,0.0
2024-06-03 21:00:00+07:00,27.5,19.4,1122.0,0.0
2024-06-03 22:00:00+07:00,26.9,19.0,1245.0,0.0
2024-06-03 23:00:00+07:00,24.9,17.5,1291.0,0.0
2024-06-04 00:00:00+07:00,23.3,16.5,1292.0,0.0
2024-06-04 01:00:00+07:00,21.5,15.1,1247.0,0.0
2024-06-04 02:00:00+07:00,18.7,13.2,1128.0,0.0
2024-06-04 03:00:00+07:00,16.2,11.4,963.0,0.0
2024-06-04 04:00:00+07:00,14.5,10.2,839.0,0.0
2024-06-04 05:00:00+07:00,13.5,9.5,816.0,0.0
2024-06-04 06:00:00+07:00,14.9,10.5,834.0,0.0
2024-06-04 07:00:00+07:00,17.9,12.6,704.0,0.0
2024-06-04 08:00:00+07:00,15.0,10.4,594.0,0.0
2024-06-04 09:00:00+07:00,13.4,9.3,441.0,0.0
2024-06-04 10:00:00+07:00,15.0,10.2,319.0,1.0
2024-06-04 11:00:00+07:00,16.5,11.0,261.0,2.0
2024-06-04 12:00:00+07:00,16.1,10.8,234.0,3.0
2024-06-04 13:00:00+07:00,15.8,10.2,218.0,4.0
2024-06-04 14:00:00+07:00,15.3,9.7,189.0,4.0
2024-06-04 15:00:00+07:00,15.1,9.4,170.0,4.0
2024-06-04 16:00:00+07:00,14.2,9.2,209.0,4.0
2024-06-04 17:00:00+07:00,14.8,9.4,342.0,3.0
2024-06-04 18:00:00+07:00,17.0,11.4,534.0,2.0
2024-06-04 19:00:00+07:00,31.3,21.9,622.0,2.0
2024-06-04 20:00:00+07:00,30.0,21.2,769.0,1.0
2024-06-04 21:00:00+07:00,30.4,21.6,971.0,1.0
2024-06-04 22:00:00+07:00,31.1,22.0,1119.0,0.0
2024-06-04 23:00:00+07:00,30.2,21.3,1166.0,0.0
2024-06-05 00:00:00+07:00,27.7,19.6,1158.0,0.0
2024-06-05 01:00:00+07:00,24.5,17.5,1124.0,0.0
2024-06-05 02:00:00+07:00,22.4,15.9,1061.0,0.0
2024-06-05 03:00:00+07:00,20.3,14.4,973.0,0.0
2024-06-05 04:00:00+07:00,18.2,13.0,896.0,0.0
2024-06-05 05:00:00+07:00,16.5,11.8,862.0,0.0
2024-06-05 06:00:00+07:00,17.4,12.4,840.0,0.0
2024-06-05 07:00:00+07:00,23.4,16.5,754.0,0.0
2024-06-05 08:00:00+07:00,23.3,16.4,617.0,0.0
2024-06-05 09:00:00+07:00,18.2,12.5,429.0,1.0
2024-06-05 10:00:00+07:00,18.0,12.0,287.0,2.0
2024-06-05 11:00:00+07:00,19.0,12.1,237.0,6.0
2024-06-05 12:00:00+07:00,22.8,13.5,233.0,11.0
2024-06-05 13:00:00+07:00,26.2,15.0,239.0,14.0
2024-06-05 14:00:00+07:00,22.6,13.3,233.0,13.0
2024-06-05 15:00:00+07:00,22.2,13.4,237.0,10.0
2024-06-05 16:00:00+07:00,21.9,13.7,273.0,7.0
2024-06-05 17:00:00+07:00,23.9,15.7,374.0,6.0
2024-06-05 18:00:00+07:00,24.3,16.2,508.0,5.0
2024-06-05 19:00:00+07:00,29.7,20.0,494.0,5.0
2024-06-05 20:00:00+07:00,30.5,20.9,535.0,4.0
2024-06-05 21:00:00+07:00,28.7,19.9,593.0,3.0
2024-06-05 22:00:00+07:00,27.2,19.0,644.0,2.0
2024-06-05 23:00:00+07:00,27.4,19.2,690.0,1.0
2024-06-06 00:00:00+07:00,27.5,19.3,729.0,1.0
2024-06-06 01:00:00+07:00,25.3,17.7,732.0,1.0
2024-06-06 02:00:00+07:00,20.7,14.4,676.0,1.0
2024-06-06 03:00:00+07:00,19.6,13.5,584.0,2.0
2024-06-06 04:00:00+07:00,17.6,12.1,499.0,2.0
2024-06-06 05:00:00+07:00,15.5,10.7,433.0,2.0
2024-06-06 06:00:00+07:00,14.8,10.2,375.0,1.0
2024-06-06 07:00:00+07:00,10.8,7.5,306.0,1.0
2024-06-06 08:00:00+07:00,11.0,7.6,288.0,1.0
2024-06-06 09:00:00+07:00,12.4,8.6,264.0,0.0
2024-06-06 10:00:00+07:00,10.9,7.6,242.0,0.0
2024-06-06 11:00:00+07:00,5.2,3.6,225.0,0.0
2024-06-06 12:00:00+07:00,9.5,6.6,211.0,0.0
2024-06-06 13:00:00+07:00,6.4,4.5,206.0,0.0
2024-06-06 14:00:00+07:00,6.9,4.9,203.0,0.0
2024-06-06 15:00:00+07:00,6.5,4.6,209.0,0.0
2024-06-06 16:00:00+07:00,8.1,5.7,253.0,0.0
2024-06-06 17:00:00+07:00,9.8,6.9,372.0,0.0
2024-06-06 18:00:00+07:00,13.7,9.6,529.0,0.0
2024-06-06 19:00:00+07:00,21.9,15.4,613.0,1.0
2024-06-06 20:00:00+07:00,23.2,16.4,680.0,1.0
2024-06-06 21:00:00+07:00,22.9,16.2,771.0,0.0
2024-06-06 22:00:00+07:00,24.5,17.3,822.0,0.0
2024-06-06 23:00:00+07:00,24.6,17.3,805.0,0.0
2024-06-07 00:00:00+07:00,23.7,16.8,748.0,0.0
2024-06-07 01:00:00+07:00,20.1,14.1,672.0,0.0
2024-06-07 02:00:00+07:00,14.6,10.3,566.0,0.0
2024-06-07 03:00:00+07:00,12.1,8.5,441.0,0.0
2024-06-07 04:00:00+07:00,10.8,7.6,346.0,0.0
2024-06-07 05:00:00+07:00,9.7,6.8,309.0,0.0
2024-06-07 06:00:00+07:00,8.5,6.0,302.0,0.0
2024-06-07 07:00:00+07:00,5.6,4.0,277.0,0.0
2024-06-07 08:00:00+07:00,7.9,5.5,274.0,0.0
2024-06-07 09:00:00+07:00,7.6,5.4,270.0,0.0
2024-06-07 10:00:00+07:00,8.3,5.8,265.0,0.0
2024-06-07 11:00:00+07:00,7.3,5.2,255.0,0.0
2024-06-07 12:00:00+07:00,7.7,5.4,243.0,0.0
2024-06-07 13:00:00+07:00,7.2,5.1,241.0,0.0
2024-06-07 14:00:00+07:00,7.3,5.1,242.0,0.0
2024-06-07 15:00:00+07:00,7.1,5.0,253.0,0.0
2024-06-07 16:00:00+07:00,8.6,6.1,305.0,0.0
2024-06-07 17:00:00+07:00,10.1,7.1,432.0,0.0
2024-06-07 18:00:00+07:00,15.8,11.1,601.0,0.0
2024-06-07 19:00:00+07:00,29.7,20.8,719.0,1.0
2024-06-07 20:00:00+07:00,29.2,20.7,779.0,1.0
2024-06-07 21:00:00+07:00,27.7,19.6,860.0,0.0
2024-06-07 22:00:00+07:00,27.6,19.6,909.0,0.0
2024-06-07 23:00:00+07:00,26.0,18.4,907.0,0.0
2024-06-08 00:00:00+07:00,22.2,15.7,874.0,0.0
2024-06-08 01:00:00+07:00,20.7,14.6,817.0,0.0
2024-06-08 02:00:00+07:00,18.9,13.3,723.0,0.0
2024-06-08 03:00:00+07:00,16.9,11.9,605.0,0.0
2024-06-08 04:00:00+07:00,14.0,9.9,509.0,0.0
2024-06-08 05:00:00+07:00,12.8,9.1,457.0,0.0
2024-06-08 06:00:00+07:00,13.0,9.2,427.0,0.0
2024-06-08 07:00:00+07:00,10.8,7.5,411.0,1.0
2024-06-08 08:00:00+07:00,12.6,8.8,395.0,1.0
2024-06-08 09:00:00+07:00,15.8,10.9,372.0,1.0
2024-06-08 10:00:00+07:00,15.1,10.4,346.0,1.0
2024-06-08 11:00:00+07:00,11.6,7.7,313.0,2.0
2024-06-08 12:00:00+07:00,14.0,8.8,277.0,2.0
2024-06-08 13:00:00+07:00,11.9,7.6,256.0,3.0
2024-06-08 14:00:00+07:00,12.5,8.2,249.0,3.0
2024-06-08 15:00:00+07:00,12.3,8.1,258.0,2.0
2024-06-08 16:00:00+07:00,12.7,8.6,305.0,2.0
2024-06-08 17:00:00+07:00,19.3,13.1,407.0,2.0
2024-06-08 18:00:00+07:00,20.3,13.8,548.0,1.0
2024-06-08 19:00:00+07:00,31.2,20.8,695.0,6.0
2024-06-08 20:00:00+07:00,35.7,25.0,897.0,5.0
2024-06-08 21:00:00+07:00,37.3,26.2,1174.0,2.0
2024-06-08 22:00:00+07:00,35.9,25.3,1370.0,1.0
2024-06-08 23:00:00+07:00,34.5,24.3,1416.0,1.0
2024-06-09 00:00:00+07:00,31.8,22.4,1381.0,1.0
2024-06-09 01:00:00+07:00,28.6,20.1,1321.0,1.0
2024-06-09 02:00:00+07:00,26.2,18.5,1246.0,1.0
2024-06-09 03:00:00+07:00,21.4,15.1,1145.0,0.0
2024-06-09 04:00:00+07:00,18.2,12.9,1046.0,0.0
2024-06-09 05:00:00+07:00,16.7,11.8,965.0,0.0
2024-06-09 06:00:00+07:00,17.5,12.3,885.0,1.0
2024-06-09 07:00:00+07:00,6.6,4.6,532.0,0.0
2024-06-09 08:00:00+07:00,10.4,7.2,517.0,0.0
2024-06-09 09:00:00+07:00,13.9,9.4,495.0,1.0
2024-06-09 10:00:00+07:00,18.3,12.3,461.0,3.0
2024-06-09 11:00:00+07:00,20.5,13.1,405.0,8.0
2024-06-09 12:00:00+07:00,23.6,13.7,337.0,14.0
2024-06-09 13:00:00+07:00,28.6,15.7,288.0,18.0
2024-06-09 14:00:00+07:00,28.5,15.7,262.0,19.0
2024-06-09 15:00:00+07:00,28.7,16.0,255.0,18.0
2024-06-09 16:00:00+07:00,29.1,16.3,287.0,16.0
2024-06-09 17:00:00+07:00,27.1,17.3,389.0,12.0
2024-06-09 18:00:00+07:00,26.2,17.0,528.0,8.0
2024-06-09 19:00:00+07:00,39.8,26.1,598.0,10.0
2024-06-09 20:00:00+07:00,34.7,23.3,564.0,9.0
2024-06-09 21:00:00+07:00,31.7,21.3,515.0,7.0
2024-06-09 22:00:00+07:00,30.2,20.4,470.0,6.0
2024-06-09 23:00:00+07:00,27.6,18.7,437.0,5.0
2024-06-10 00:00:00+07:00,23.6,16.2,408.0,5.0
2024-06-10 01:00:00+07:00,18.1,12.1,376.0,4.0
2024-06-10 02:00:00+07:00,15.7,10.5,333.0,3.0
2024-06-10 03:00:00+07:00,13.5,9.0,286.0,3.0
2024-06-10 04:00:00+07:00,8.7,5.7,254.0,2.0
2024-06-10 05:00:00+07:00,7.1,4.7,244.0,2.0
2024-06-10 06:00:00+07:00,6.7,4.5,249.0,1.0
2024-06-10 07:00:00+07:00,9.7,6.7,377.0,1.0
2024-06-10 08:00:00+07:00,9.9,6.8,373.0,1.0
2024-06-10 09:00:00+07:00,12.2,8.3,368.0,2.0
2024-06-10 10:00:00+07:00,14.9,10.1,359.0,2.0
2024-06-10 11:00:00+07:00,14.7,10.1,343.0,2.0
2024-06-10 12:00:00+07:00,13.6,9.4,323.0,1.0
2024-06-10 13:00:00+07:00,14.8,10.3,315.0,1.0
2024-06-10 14:00:00+07:00,16.2,11.3,320.0,1.0
2024-06-10 15:00:00+07:00,17.4,12.2,337.0,0.0
2024-06-10 16:00:00+07:00,17.7,12.4,372.0,0.0
2024-06-10 17:00:00+07:00,18.0,12.7,430.0,0.0
2024-06-10 18:00:00+07:00,19.5,13.6,506.0,0.0
2024-06-10 19:00:00+07:00,32.9,22.8,607.0,3.0
2024-06-10 20:00:00+07:00,29.8,20.8,598.0,2.0
2024-06-10 21:00:00+07:00,28.0,19.6,585.0,2.0
2024-06-10 22:00:00+07:00,27.9,19.5,574.0,1.0
2024-06-10 23:00:00+07:00,28.7,20.1,574.0,1.0
2024-06-11 00:00:00+07:00,25.2,17.7,576.0,1.0
2024-06-11 01:00:00+07:00,19.8,13.9,559.0,1.0
2024-06-11 02:00:00+07:00,15.1,10.6,505.0,1.0
2024-06-11 03:00:00+07:00,13.5,9.5,431.0,0.0
2024-06-11 04:00:00+07:00,11.4,8.1,370.0,0.0
2024-06-11 05:00:00+07:00,9.2,6.5,335.0,0.0
2024-06-11 06:00:00+07:00,7.0,5.0,312.0,0.0
2024-06-11 07:00:00+07:00,5.4,3.8,288.0,0.0
2024-06-11 08:00:00+07:00,7.5,5.3,264.0,0.0
2024-06-11 09:00:00+07:00,7.3,5.1,231.0,0.0
2024-06-11 10:00:00+07:00,5.1,3.6,204.0,0.0
2024-06-11 11:00:00+07:00,4.8,3.3,188.0,0.0
2024-06-11 12:00:00+07:00,4.7,3.3,179.0,0.0
2024-06-11 13:00:00+07:00,4.7,3.3,180.0,0.0
2024-06-11 14:00:00+07:00,5.1,3.6,188.0,0.0
2024-06-11 15:00:00+07:00,5.4,3.8,206.0,0.0
2024-06-11 16:00:00+07:00,6.8,4.8,253.0,0.0
2024-06-11 17:00:00+07:00,9.8,6.9,357.0,0.0
2024-06-11 18:00:00+07:00,12.5,8.7,489.0,0.0
2024-06-11 19:00:00+07:00,22.8,16.0,579.0,0.0
2024-06-11 20:00:00+07:00,19.7,13.9,537.0,0.0
2024-06-11 21:00:00+07:00,18.7,13.2,477.0,0.0
2024-06-11 22:00:00+07:00,17.9,12.6,427.0,0.0
2024-06-11 23:00:00+07:00,16.9,11.9,400.0,0.0
2024-06-12 00:00:00+07:00,13.6,9.6,382.0,0.0
2024-06-12 01:00:00+07:00,12.0,8.5,356.0,0.0
2024-06-12 02:00:00+07:00,9.8,6.9,306.0,0.0
2024-06-12 03:00:00+07:00,9.1,6.4,248.0,0.0
2024-06-12 04:00:00+07:00,7.8,5.5,208.0,0.0
2024-06-12 05:00:00+07:00,6.8,4.8,204.0,0.0
2024-06-12 06:00:00+07:00,6.5,4.6,219.0,0.0
2024-06-12 07:00:00+07:00,6.8,4.8,240.0,0.0
2024-06-12 08:00:00+07:00,9.2,6.5,223.0,0.0
2024-06-12 09:00:00+07:00,8.4,5.9,200.0,0.0
2024-06-12 10:00:00+07:00,5.3,3.7,182.0,0.0
2024-06-12 11:00:00+07:00,4.1,2.9,176.0,0.0
2024-06-12 12:00:00+07:00,4.4,3.1,175.0,0.0
2024-06-12 13:00:00+07:00,6.7,4.7,174.0,0.0
2024-06-12 14:00:00+07:00,7.1,5.0,154.0,0.0
2024-06-12 15:00:00+07:00,6.7,4.7,132.0,0.0
2024-06-12 16:00:00+07:00,5.9,4.1,157.0,0.0
2024-06-12 17:00:00+07:00,7.7,5.5,269.0,0.0
2024-06-12 18:00:00+07:00,10.7,7.5,427.0,0.0
2024-06-12 19:00:00+07:00,16.2,11.5,557.0,0.0
2024-06-12 20:00:00+07:00,16.4,11.6,633.0,0.0
2024-06-12 21:00:00+07:00,16.1,11.4,680.0,0.0
2024-06-12 22:00:00+07:00,15.7,11.1,701.0,0.0
2024-06-12 23:00:00+07:00,14.7,10.4,690.0,0.0
2024-06-13 00:00:00+07:00,13.4,9.5,652.0,0.0
2024-06-13 01:00:00+07:00,11.7,8.2,607.0,0.0
2024-06-13 02:00:00+07:00,10.0,7.1,558.0,0.0
2024-06-13 03:00:00+07:00,8.9,6.3,502.0,0.0
2024-06-13 04:00:00+07:00,8.2,5.8,452.0,0.0
2024-06-13 05:00:00+07:00,7.8,5.5,414.0,0.0
2024-06-13 06:00:00+07:00,8.0,5.6,381.0,0.0
2024-06-13 07:00:00+07:00,9.9,6.9,347.0,0.0
2024-06-13 08:00:00+07:00,9.9,6.9,305.0,0.0
2024-06-13 09:00:00+07:00,9.1,6.3,261.0,0.0
2024-06-13 10:00:00+07:00,8.8,6.1,226.0,0.0
2024-06-13 11:00:00+07:00,9.3,6.4,208.0,0.0
2024-06-13 12:00:00+07:00,9.7,6.8,199.0,0.0
2024-06-13 13:00:00+07:00,10.3,7.2,190.0,0.0
2024-06-13 14:00:00+07:00,8.0,5.5,167.0,0.0
2024-06-13 15:00:00+07:00,5.5,3.7,145.0,0.0
2024-06-13 16:00:00+07:00,5.6,3.8,154.0,0.0
2024-06-13 17:00:00+07:00,5.6,3.8,212.0,0.0
2024-06-13 18:00:00+07:00,8.0,5.5,301.0,0.0
2024-06-13 19:00:00+07:00,15.6,10.9,514.0,0.0
2024-06-13 20:00:00+07:00,17.7,12.4,559.0,0.0
2024-06-13 21:00:00+07:00,17.1,12.0,619.0,0.0
2024-06-13 22:00:00+07:00,15.9,11.2,644.0,0.0
2024-06-13 23:00:00+07:00,15.1,10.6,605.0,0.0
2024-06-14 00:00:00+07:00,13.2,9.2,531.0,0.0
2024-06-14 01:00:00+07:00,11.3,7.9,462.0,0.0
2024-06-14 02:00:00+07:00,9.9,6.9,408.0,0.0
2024-06-14 03:00:00+07:00,8.8,6.2,359.0,0.0
2024-06-14 04:00:00+07:00,7.9,5.5,321.0,0.0
2024-06-14 05:00:00+07:00,7.0,4.9,300.0,0.0
2024-06-14 06:00:00+07:00,6.5,4.5,291.0,0.0
2024-06-14 07:00:00+07:00,7.7,5.4,309.0,0.0
2024-06-14 08:00:00+07:00,7.9,5.5,282.0,0.0
2024-06-14 09:00:00+07:00,8.4,5.8,245.0,0.0
2024-06-14 10:00:00+07:00,7.0,4.8,212.0,0.0
2024-06-14 11:00:00+07:00,5.3,3.7,186.0,0.0
2024-06-14 12:00:00+07:00,3.9,2.7,165.0,0.0
2024-06-14 13:00:00+07:00,3.1,2.2,155.0,0.0
2024-06-14 14:00:00+07:00,5.2,3.6,154.0,0.0
2024-06-14 15:00:00+07:00,5.9,4.1,163.0,0.0
2024-06-14 16:00:00+07:00,6.5,4.6,199.0,0.0
2024-06-14 17:00:00+07:00,6.9,4.8,276.0,0.0
2024-06-14 18:00:00+07:00,7.6,5.3,379.0,0.0
2024-06-14 19:00:00+07:00,11.4,8.0,440.0,0.0
2024-06-14 20:00:00+07:00,14.2,9.9,510.0,0.0
2024-06-14 21:00:00+07:00,14.8,10.3,607.0,0.0
2024-06-14 22:00:00+07:00,14.5,10.2,675.0,0.0
2024-06-14 23:00:00+07:00,14.3,10.0,694.0,0.0
2024-06-15 00:00:00+07:00,13.8,9.7,684.0,0.0
2024-06-15 01:00:00+07:00,12.6,8.8,655.0,0.0
2024-06-15 02:00:00+07:00,11.2,7.8,604.0,0.0
2024-06-15 03:00:00+07:00,10.2,7.1,534.0,0.0
2024-06-15 04:00:00+07:00,8.9,6.2,463.0,0.0
2024-06-15 05:00:00+07:00,6.3,4.4,392.0,0.0
2024-06-15 06:00:00+07:00,6.8,4.8,321.0,0.0
2024-06-15 07:00:00+07:00,8.1,5.6,426.0,0.0
2024-06-15 08:00:00+07:00,10.8,7.5,377.0,0.0
2024-06-15 09:00:00+07:00,10.6,7.3,310.0,0.0
2024-06-15 10:00:00+07:00,10.6,7.3,258.0,0.0
2024-06-15 11:00:00+07:00,8.6,5.9,238.0,0.0
2024-06-15 12:00:00+07:00,8.6,5.8,234.0,1.0
2024-06-15 13:00:00+07:00,10.8,7.3,232.0,1.0
2024-06-15 14:00:00+07:00,13.9,9.5,213.0,1.0
2024-06-15 15:00:00+07:00,15.3,10.2,197.0,2.0
2024-06-15 16:00:00+07:00,14.1,9.3,227.0,2.0
2024-06-15 17:00:00+07:00,13.8,9.1,330.0,1.0
2024-06-15 18:00:00+07:00,14.1,9.6,479.0,1.0
2024-06-15 19:00:00+07:00,35.0,23.5,860.0,4.0
2024-06-15 20:00:00+07:00,38.3,26.5,1047.0,3.0
2024-06-15 21:00:00+07:00,38.4,27.0,1307.0,2.0
2024-06-15 22:00:00+07:00,38.4,27.0,1514.0,1.0
2024-06-15 23:00:00+07:00,38.0,26.7,1633.0,0.0
2024-06-16 00:00:00+07:00,38.0,26.7,1700.0,0.0
2024-06-16 01:00:00+07:00,34.3,24.1,1696.0,0.0
2024-06-16 02:00:00+07:00,29.5,20.7,1575.0,0.0
2024-06-16 03:00:00+07:00,25.6,18.0,1382.0,0.0
2024-06-16 04:00:00+07:00,22.2,15.6,1239.0,0.0
2024-06-16 05:00:00+07:00,20.0,14.1,1236.0,0.0
2024-06-16 06:00:00+07:00,20.1,14.1,1283.0,0.0
2024-06-16 07:00:00+07:00,28.9,20.2,1036.0,0.0
2024-06-16 08:00:00+07:00,23.9,16.5,815.0,0.0
2024-06-16 09:00:00+07:00,13.2,9.0,510.0,1.0
2024-06-16 10:00:00+07:00,12.9,8.8,281.0,1.0
2024-06-16 11:00:00+07:00,11.4,7.9,202.0,1.0
2024-06-16 12:00:00+07:00,8.6,5.9,199.0,0.0
2024-06-16 13:00:00+07:00,9.5,6.6,204.0,0.0
2024-06-16 14:00:00+07:00,9.3,6.4,177.0,0.0
2024-06-16 15:00:00+07:00,9.1,6.4,159.0,0.0
2024-06-16 16:00:00+07:00,8.7,6.1,203.0,0.0
2024-06-16 17:00:00+07:00,8.5,5.9,357.0,0.0
2024-06-16 18:00:00+07:00,10.2,7.1,573.0,0.0
2024-06-16 19:00:00+07:00,29.5,20.7,865.0,0.0
2024-06-16 20:00:00+07:00,35.9,25.1,1050.0,0.0
2024-06-16 21:00:00+07:00,36.0,25.3,1305.0,0.0
2024-06-16 22:00:00+07:00,35.5,24.9,1486.0,0.0
2024-06-16 23:00:00+07:00,34.0,23.9,1537.0,0.0
2024-06-17 00:00:00+07:00,30.5,21.5,1515.0,0.0
2024-06-17 01:00:00+07:00,26.9,19.0,1451.0,0.0
2024-06-17 02:00:00+07:00,23.0,16.2,1331.0,0.0
2024-06-17 03:00:00+07:00,19.3,13.7,1169.0,0.0
2024-06-17 04:00:00+07:00,17.2,12.2,1043.0,0.0
2024-06-17 05:00:00+07:00,15.9,11.3,1011.0,0.0
2024-06-17 06:00:00+07:00,16.6,11.7,1014.0,0.0
2024-06-17 07:00:00+07:00,22.0,15.5,874.0,0.0
2024-06-17 08:00:00+07:00,23.2,16.4,727.0,0.0
2024-06-17 09:00:00+07:00,19.8,13.9,522.0,0.0
2024-06-17 10:00:00+07:00,18.5,13.0,358.0,0.0
2024-06-17 11:00:00+07:00,14.0,9.7,275.0,0.0
2024-06-17 12:00:00+07:00,10.4,7.1,232.0,1.0
2024-06-17 13:00:00+07:00,10.2,7.0,205.0,1.0
2024-06-17 14:00:00+07:00,8.6,5.9,170.0,1.0
2024-06-17 15:00:00+07:00,10.1,6.8,151.0,0.0
2024-06-17 16:00:00+07:00,7.1,4.9,197.0,0.0
2024-06-17 17:00:00+07:00,6.5,4.5,355.0,0.0
2024-06-17 18:00:00+07:00,10.2,7.1,578.0,0.0
2024-06-17 19:00:00+07:00,21.3,14.4,591.0,2.0
2024-06-17 20:00:00+07:00,23.1,16.1,724.0,1.0
2024-06-17 21:00:00+07:00,23.8,16.6,906.0,1.0
2024-06-17 22:00:00+07:00,25.3,17.8,1029.0,0.0
2024-06-17 23:00:00+07:00,24.2,17.0,1043.0,0.0
2024-06-18 00:00:00+07:00,22.4,15.7,997.0,0.0
2024-06-18 01:00:00+07:00,20.4,14.3,932.0,0.0
2024-06-18 02:00:00+07:00,18.0,12.7,851.0,0.0
2024-06-18 03:00:00+07:00,15.5,10.9,751.0,0.0
2024-06-18 04:00:00+07:00,14.0,9.9,664.0,0.0
2024-06-18 05:00:00+07:00,13.2,9.3,607.0,0.0
2024-06-18 06:00:00+07:00,14.1,9.9,563.0,0.0
2024-06-18 07:00:00+07:00,18.7,13.1,637.0,0.0
2024-06-18 08:00:00+07:00,14.7,10.2,529.0,0.0
2024-06-18 09:00:00+07:00,13.3,9.1,380.0,1.0
2024-06-18 10:00:00+07:00,12.5,8.1,266.0,2.0
2024-06-18 11:00:00+07:00,12.3,7.7,220.0,3.0
2024-06-18 12:00:00+07:00,11.5,6.9,210.0,4.0
2024-06-18 13:00:00+07:00,11.4,6.9,208.0,5.0
2024-06-18 14:00:00+07:00,13.3,8.4,193.0,5.0
2024-06-18 15:00:00+07:00,13.8,8.8,188.0,5.0
2024-06-18 16:00:00+07:00,13.1,8.4,232.0,4.0
2024-06-18 17:00:00+07:00,11.5,7.4,351.0,3.0
2024-06-18 18:00:00+07:00,12.3,8.3,521.0,2.0
2024-06-18 19:00:00+07:00,15.6,10.7,437.0,3.0
2024-06-18 20:00:00+07:00,16.8,11.8,541.0,2.0
2024-06-18 21:00:00+07:00,16.2,11.5,686.0,1.0
2024-06-18 22:00:00+07:00,16.5,11.7,801.0,0.0
2024-06-18 23:00:00+07:00,16.8,11.9,861.0,0.0
2024-06-19 00:00:00+07:00,16.3,11.5,890.0,0.0
2024-06-19 01:00:00+07:00,14.5,10.2,897.0,0.0
2024-06-19 02:00:00+07:00,13.0,9.2,879.0,0.0
2024-06-19 03:00:00+07:00,11.9,8.4,838.0,0.0
2024-06-19 04:00:00+07:00,11.1,7.8,785.0,0.0
2024-06-19 05:00:00+07:00,10.5,7.4,723.0,0.0
2024-06-19 06:00:00+07:00,11.1,7.8,650.0,0.0
2024-06-19 07:00:00+07:00,13.6,9.5,650.0,0.0
2024-06-19 08:00:00+07:00,11.6,8.1,527.0,0.0
2024-06-19 09:00:00+07:00,8.9,6.1,356.0,1.0
2024-06-19 10:00:00+07:00,10.1,6.9,227.0,1.0
2024-06-19 11:00:00+07:00,10.9,7.5,181.0,1.0
2024-06-19 12:00:00+07:00,9.8,6.7,177.0,2.0
2024-06-19 13:00:00+07:00,9.3,6.3,177.0,2.0
2024-06-19 14:00:00+07:00,9.4,6.4,162.0,2.0
2024-06-19 15:00:00+07:00,8.1,5.6,151.0,1.0
2024-06-19 16:00:00+07:00,7.2,5.0,169.0,1.0
2024-06-19 17:00:00+07:00,6.2,4.4,220.0,1.0
2024-06-19 18:00:00+07:00,6.3,4.5,301.0,0.0
2024-06-19 19:00:00+07:00,22.6,15.5,390.0,3.0
2024-06-19 20:00:00+07:00,23.9,17.0,410.0,2.0
2024-06-19 21:00:00+07:00,22.6,16.1,440.0,2.0
2024-06-19 22:00:00+07:00,18.9,13.5,480.0,1.0
2024-06-19 23:00:00+07:00,18.3,13.2,543.0,1.0
2024-06-20 00:00:00+07:00,17.9,12.9,617.0,0.0
2024-06-20 01:00:00+07:00,16.6,11.9,666.0,0.0
2024-06-20 02:00:00+07:00,14.7,10.6,676.0,0.0
2024-06-20 03:00:00+07:00,14.0,9.9,661.0,0.0
2024-06-20 04:00:00+07:00,12.5,8.9,631.0,0.0
2024-06-20 05:00:00+07:00,11.5,8.1,585.0,0.0
2024-06-20 06:00:00+07:00,11.6,8.2,523.0,1.0
2024-06-20 07:00:00+07:00,13.3,9.3,534.0,1.0
2024-06-20 08:00:00+07:00,10.7,7.4,443.0,1.0
2024-06-20 09:00:00+07:00,7.8,5.4,318.0,0.0
2024-06-20 10:00:00+07:00,8.1,5.7,221.0,0.0
2024-06-20 11:00:00+07:00,7.7,5.4,181.0,0.0
2024-06-20 12:00:00+07:00,7.6,5.3,169.0,0.0
2024-06-20 13:00:00+07:00,7.1,4.9,163.0,0.0
2024-06-20 14:00:00+07:00,5.6,3.9,144.0,0.0
2024-06-20 15:00:00+07:00,4.3,3.0,130.0,0.0
2024-06-20 16:00:00+07:00,3.8,2.6,152.0,0.0
2024-06-20 17:00:00+07:00,3.7,2.6,226.0,0.0
2024-06-20 18:00:00+07:00,4.5,3.1,336.0,0.0
2024-06-20 19:00:00+07:00,17.2,12.0,515.0,0.0
2024-06-20 20:00:00+07:00,21.4,15.0,635.0,0.0
2024-06-20 21:00:00+07:00,20.6,14.5,798.0,0.0
2024-06-20 22:00:00+07:00,20.9,14.7,901.0,0.0
2024-06-20 23:00:00+07:00,21.1,14.8,888.0,0.0
2024-06-21 00:00:00+07:00,18.3,12.8,816.0,0.0
2024-06-21 01:00:00+07:00,15.5,10.9,750.0,0.0
2024-06-21 02:00:00+07:00,13.5,9.5,709.0,0.0
2024-06-21 03:00:00+07:00,12.0,8.4,674.0,0.0
2024-06-21 04:00:00+07:00,11.3,7.9,656.0,0.0
2024-06-21 05:00:00+07:00,11.1,7.8,684.0,0.0
2024-06-21 06:00:00+07:00,12.3,8.6,729.0,0.0
2024-06-21 07:00:00+07:00,20.7,14.5,846.0,0.0
2024-06-21 08:00:00+07:00,17.2,12.0,666.0,0.0
2024-06-21 09:00:00+07:00,10.0,7.0,418.0,0.0
2024-06-21 10:00:00+07:00,10.2,7.1,233.0,0.0
2024-06-21 11:00:00+07:00,11.1,7.7,175.0,0.0
2024-06-21 12:00:00+07:00,11.6,8.0,179.0,0.0
2024-06-21 13:00:00+07:00,12.0,8.3,189.0,0.0
2024-06-21 14:00:00+07:00,10.0,6.9,182.0,0.0
2024-06-21 15:00:00+07:00,9.4,6.5,179.0,0.0
2024-06-21 16:00:00+07:00,9.4,6.5,189.0,0.0
2024-06-21 17:00:00+07:00,9.7,6.7,195.0,0.0
2024-06-21 18:00:00+07:00,10.1,7.0,213.0,0.0
2024-06-21 19:00:00+07:00,27.1,18.6,503.0,1.0
2024-06-21 20:00:00+07:00,25.3,17.8,595.0,1.0
2024-06-21 21:00:00+07:00,24.6,17.4,720.0,0.0
2024-06-21 22:00:00+07:00,26.3,18.6,807.0,0.0
2024-06-21 23:00:00+07:00,25.3,17.9,822.0,0.0
2024-06-22 00:00:00+07:00,24.3,17.2,798.0,0.0
2024-06-22 01:00:00+07:00,22.7,16.1,762.0,0.0
2024-06-22 02:00:00+07:00,20.3,14.5,719.0,0.0
2024-06-22 03:00:00+07:00,18.2,12.9,665.0,0.0
2024-06-22 04:00:00+07:00,16.4,11.6,609.0,0.0
2024-06-22 05:00:00+07:00,14.8,10.5,558.0,0.0
2024-06-22 06:00:00+07:00,14.2,10.1,505.0,0.0
2024-06-22 07:00:00+07:00,19.2,13.4,457.0,0.0
2024-06-22 08:00:00+07:00,19.4,13.5,392.0,0.0
2024-06-22 09:00:00+07:00,16.6,11.4,302.0,1.0
2024-06-22 10:00:00+07:00,14.8,10.1,234.0,1.0
2024-06-22 11:00:00+07:00,16.0,10.9,208.0,1.0
2024-06-22 12:00:00+07:00,17.6,12.0,203.0,1.0
2024-06-22 13:00:00+07:00,19.1,13.0,206.0,1.0
2024-06-22 14:00:00+07:00,18.6,12.6,212.0,1.0
2024-06-22 15:00:00+07:00,18.0,12.3,226.0,1.0
2024-06-22 16:00:00+07:00,21.2,14.4,248.0,1.0
2024-06-22 17:00:00+07:00,21.1,14.4,277.0,1.0
2024-06-22 18:00:00+07:00,20.8,14.2,314.0,0.0
2024-06-22 19:00:00+07:00,23.9,16.6,556.0,0.0
2024-06-22 20:00:00+07:00,25.2,17.6,677.0,0.0
2024-06-22 21:00:00+07:00,27.1,19.0,842.0,0.0
2024-06-22 22:00:00+07:00,28.6,20.0,950.0,0.0
2024-06-22 23:00:00+07:00,27.3,19.0,949.0,0.0
2024-06-23 00:00:00+07:00,25.4,17.7,891.0,0.0
2024-06-23 01:00:00+07:00,24.2,16.8,837.0,0.0
2024-06-23 02:00:00+07:00,22.6,15.8,807.0,0.0
2024-06-23 03:00:00+07:00,20.8,14.6,780.0,0.0
2024-06-23 04:00:00+07:00,19.3,13.6,754.0,0.0
2024-06-23 05:00:00+07:00,17.9,12.5,741.0,0.0
2024-06-23 06:00:00+07:00,17.7,12.4,730.0,0.0
2024-06-23 07:00:00+07:00,10.0,7.0,615.0,0.0
2024-06-23 08:00:00+07:00,13.8,9.6,550.0,0.0
2024-06-23 09:00:00+07:00,15.1,10.6,459.0,0.0
2024-06-23 10:00:00+07:00,16.9,11.8,383.0,0.0
2024-06-23 11:00:00+07:00,16.3,11.4,338.0,0.0
2024-06-23 12:00:00+07:00,16.5,11.5,307.0,0.0
2024-06-23 13:00:00+07:00,16.1,11.2,286.0,0.0
2024-06-23 14:00:00+07:00,16.2,11.3,270.0,0.0
2024-06-23 15:00:00+07:00,16.0,11.2,263.0,0.0
2024-06-23 16:00:00+07:00,16.1,11.2,271.0,0.0
2024-06-23 17:00:00+07:00,16.2,11.4,305.0,0.0
2024-06-23 18:00:00+07:00,17.2,12.0,354.0,0.0
2024-06-23 19:00:00+07:00,32.0,22.4,435.0,0.0
2024-06-23 20:00:00+07:00,33.5,23.5,525.0,0.0
2024-06-23 21:00:00+07:00,35.2,24.7,645.0,0.0
2024-06-23 22:00:00+07:00,30.9,21.7,714.0,0.0
2024-06-23 23:00:00+07:00,27.6,19.5,681.0,0.0
2024-06-24 00:00:00+07:00,25.5,18.0,596.0,0.0
2024-06-24 01:00:00+07:00,23.7,16.8,527.0,0.0
2024-06-24 02:00:00+07:00,22.6,16.0,503.0,0.0
2024-06-24 03:00:00+07:00,21.5,15.2,496.0,0.0
2024-06-24 04:00:00+07:00,19.6,13.9,486.0,0.0
2024-06-24 05:00:00+07:00,15.5,11.0,467.0,0.0
2024-06-24 06:00:00+07:00,15.0,10.5,446.0,0.0
2024-06-24 07:00:00+07:00,15.3,10.8,397.0,0.0
2024-06-24 08:00:00+07:00,17.1,12.0,396.0,0.0
2024-06-24 09:00:00+07:00,18.2,12.8,393.0,0.0
2024-06-24 10:00:00+07:00,19.6,13.8,379.0,0.0
2024-06-24 11:00:00+07:00,20.4,14.3,343.0,0.0
2024-06-24 12:00:00+07:00,19.6,13.8,295.0,0.0
2024-06-24 13:00:00+07:00,16.5,11.6,258.0,0.0
2024-06-24 14:00:00+07:00,13.1,9.2,230.0,0.0
2024-06-24 15:00:00+07:00,11.9,8.4,212.0,0.0
2024-06-24 16:00:00+07:00,10.4,7.3,228.0,0.0
2024-06-24 17:00:00+07:00,10.2,7.1,295.0,0.0
2024-06-24 18:00:00+07:00,14.5,10.2,396.0,0.0
2024-06-24 19:00:00+07:00,26.3,18.5,356.0,0.0
2024-06-24 20:00:00+07:00,28.6,20.2,484.0,0.0
2024-06-24 21:00:00+07:00,29.8,21.0,657.0,0.0
2024-06-24 22:00:00+07:00,27.8,19.6,769.0,0.0
2024-06-24 23:00:00+07:00,23.8,16.8,758.0,0.0
2024-06-25 00:00:00+07:00,19.4,13.7,685.0,0.0
2024-06-25 01:00:00+07:00,16.6,11.7,624.0,0.0
2024-06-25 02:00:00+07:00,16.6,11.7,606.0,0.0
2024-06-25 03:00:00+07:00,16.6,11.6,601.0,0.0
2024-06-25 04:00:00+07:00,15.9,11.2,593.0,0.0
2024-06-25 05:00:00+07:00,15.4,10.8,583.0,0.0
2024-06-25 06:00:00+07:00,15.6,10.9,572.0,0.0
2024-06-25 07:00:00+07:00,15.3,10.7,378.0,0.0
2024-06-25 08:00:00+07:00,15.0,10.5,360.0,0.0
2024-06-25 09:00:00+07:00,15.7,11.0,334.0,0.0
2024-06-25 10:00:00+07:00,17.1,12.0,308.0,0.0
2024-06-25 11:00:00+07:00,16.2,11.4,275.0,0.0
2024-06-25 12:00:00+07:00,16.9,11.8,241.0,0.0
2024-06-25 13:00:00+07:00,15.8,11.1,235.0,0.0
2024-06-25 14:00:00+07:00,19.4,13.6,279.0,0.0
2024-06-25 15:00:00+07:00,23.6,16.5,352.0,0.0
2024-06-25 16:00:00+07:00,27.6,19.4,412.0,0.0
2024-06-25 17:00:00+07:00,25.7,18.0,440.0,0.0
2024-06-25 18:00:00+07:00,25.8,18.1,457.0,0.0
2024-06-25 19:00:00+07:00,28.5,20.1,443.0,0.0
2024-06-25 20:00:00+07:00,28.8,20.3,465.0,0.0
2024-06-25 21:00:00+07:00,27.7,19.6,494.0,0.0
2024-06-25 22:00:00+07:00,25.4,18.0,503.0,0.0
2024-06-25 23:00:00+07:00,24.0,16.9,477.0,0.0
2024-06-26 00:00:00+07:00,20.3,14.3,432.0,0.0
2024-06-26 01:00:00+07:00,17.7,12.5,390.0,0.0
2024-06-26 02:00:00+07:00,15.8,11.1,356.0,0.0
2024-06-26 03:00:00+07:00,12.6,8.9,326.0,0.0
2024-06-26 04:00:00+07:00,11.1,7.8,310.0,0.0
2024-06-26 05:00:00+07:00,10.8,7.6,318.0,0.0
2024-06-26 06:00:00+07:00,10.5,7.4,340.0,0.0
2024-06-26 07:00:00+07:00,6.7,4.7,342.0,0.0
2024-06-26 08:00:00+07:00,8.3,5.8,357.0,0.0
2024-06-26 09:00:00+07:00,10.8,7.6,378.0,0.0
2024-06-26 10:00:00+07:00,8.3,5.8,385.0,0.0
2024-06-26 11:00:00+07:00,7.6,5.3,367.0,0.0
2024-06-26 12:00:00+07:00,9.1,6.4,337.0,0.0
2024-06-26 13:00:00+07:00,9.8,6.9,312.0,0.0
2024-06-26 14:00:00+07:00,10.4,7.3,296.0,0.0
2024-06-26 15:00:00+07:00,10.1,7.1,286.0,0.0
2024-06-26 16:00:00+07:00,8.9,6.2,294.0,0.0
2024-06-26 17:00:00+07:00,7.4,5.2,319.0,0.0
2024-06-26 18:00:00+07:00,8.0,5.6,360.0,0.0
2024-06-26 19:00:00+07:00,21.4,15.0,511.0,0.0
2024-06-26 20:00:00+07:00,21.8,15.3,509.0,0.0
2024-06-26 21:00:00+07:00,19.5,13.7,505.0,0.0
2024-06-26 22:00:00+07:00,16.3,11.4,500.0,0.0
2024-06-26 23:00:00+07:00,14.4,10.1,497.0,0.0
2024-06-27 00:00:00+07:00,13.3,9.3,493.0,0.0
2024-06-27 01:00:00+07:00,12.5,8.8,472.0,0.0
2024-06-27 02:00:00+07:00,10.5,7.4,421.0,0.0
2024-06-27 03:00:00+07:00,9.3,6.5,354.0,0.0
2024-06-27 04:00:00+07:00,8.5,6.0,297.0,0.0
2024-06-27 05:00:00+07:00,7.7,5.4,260.0,0.0
2024-06-27 06:00:00+07:00,7.0,4.9,232.0,0.0
2024-06-27 07:00:00+07:00,6.1,4.3,256.0,0.0
2024-06-27 08:00:00+07:00,7.2,5.0,231.0,0.0
2024-06-27 09:00:00+07:00,8.3,5.8,197.0,0.0
2024-06-27 10:00:00+07:00,5.7,4.0,170.0,0.0
2024-06-27 11:00:00+07:00,4.8,3.3,156.0,0.0
2024-06-27 12:00:00+07:00,5.9,4.1,148.0,0.0
2024-06-27 13:00:00+07:00,5.8,4.0,145.0,0.0
2024-06-27 14:00:00+07:00,4.7,3.2,130.0,0.0
2024-06-27 15:00:00+07:00,5.0,3.4,120.0,0.0
2024-06-27 16:00:00+07:00,5.9,4.1,162.0,0.0
2024-06-27 17:00:00+07:00,6.6,4.6,310.0,0.0
2024-06-27 18:00:00+07:00,7.6,5.3,511.0,0.0
2024-06-27 19:00:00+07:00,19.3,13.5,566.0,0.0
2024-06-27 20:00:00+07:00,24.2,17.0,576.0,0.0
2024-06-27 21:00:00+07:00,21.7,15.2,592.0,0.0
2024-06-27 22:00:00+07:00,17.2,12.1,613.0,0.0
2024-06-27 23:00:00+07:00,15.0,10.5,652.0,0.0
2024-06-28 00:00:00+07:00,15.3,10.7,697.0,0.0
2024-06-28 01:00:00+07:00,15.8,11.1,715.0,0.0
2024-06-28 02:00:00+07:00,14.9,10.4,691.0,0.0
2024-06-28 03:00:00+07:00,14.3,10.0,640.0,0.0
2024-06-28 04:00:00+07:00,14.1,9.8,577.0,0.0
2024-06-28 05:00:00+07:00,13.6,9.5,498.0,0.0
2024-06-28 06:00:00+07:00,13.3,9.2,408.0,0.0
2024-06-28 07:00:00+07:00,9.0,6.2,399.0,0.0
2024-06-28 08:00:00+07:00,10.9,7.5,350.0,0.0
2024-06-28 09:00:00+07:00,12.0,8.3,282.0,0.0
2024-06-28 10:00:00+07:00,9.2,6.3,228.0,0.0
2024-06-28 11:00:00+07:00,8.9,6.2,203.0,0.0
2024-06-28 12:00:00+07:00,8.9,6.2,191.0,0.0
2024-06-28 13:00:00+07:00,9.5,6.6,186.0,0.0
2024-06-28 14:00:00+07:00,9.8,6.9,173.0,0.0
2024-06-28 15:00:00+07:00,9.8,6.9,165.0,0.0
2024-06-28 16:00:00+07:00,11.1,7.7,195.0,0.0
2024-06-28 17:00:00+07:00,11.6,8.1,286.0,0.0
2024-06-28 18:00:00+07:00,12.9,9.1,413.0,0.0
2024-06-28 19:00:00+07:00,32.4,22.6,751.0,1.0
2024-06-28 20:00:00+07:00,31.2,22.0,850.0,1.0
2024-06-28 21:00:00+07:00,30.6,21.7,984.0,0.0
2024-06-28 22:00:00+07:00,31.5,22.4,1061.0,0.0
2024-06-28 23:00:00+07:00,29.7,21.1,1035.0,0.0
2024-06-29 00:00:00+07:00,27.5,19.6,953.0,0.0
2024-06-29 01:00:00+07:00,24.6,17.5,856.0,0.0
2024-06-29 02:00:00+07:00,21.0,15.0,748.0,0.0
2024-06-29 03:00:00+07:00,17.8,12.6,627.0,0.0
2024-06-29 04:00:00+07:00,15.7,11.1,528.0,0.0
2024-06-29 05:00:00+07:00,14.5,10.3,471.0,0.0
2024-06-29 06:00:00+07:00,14.4,10.2,437.0,0.0
2024-06-29 07:00:00+07:00,8.9,6.3,333.0,0.0
2024-06-29 08:00:00+07:00,9.5,6.7,314.0,0.0
2024-06-29 09:00:00+07:00,11.7,8.2,287.0,0.0
2024-06-29 10:00:00+07:00,12.5,8.8,260.0,0.0
2024-06-29 11:00:00+07:00,13.5,9.5,232.0,0.0
2024-06-29 12:00:00+07:00,14.6,10.2,204.0,0.0
2024-06-29 13:00:00+07:00,10.3,7.2,183.0,0.0
2024-06-29 14:00:00+07:00,9.4,6.5,165.0,0.0
2024-06-29 15:00:00+07:00,9.4,6.5,154.0,0.0
2024-06-29 16:00:00+07:00,9.2,6.4,177.0,0.0
2024-06-29 17:00:00+07:00,10.7,7.4,266.0,0.0
2024-06-29 18:00:00+07:00,11.8,8.3,388.0,0.0
2024-06-29 19:00:00+07:00,20.4,14.3,453.0,1.0
2024-06-29 20:00:00+07:00,19.8,14.0,475.0,1.0
2024-06-29 21:00:00+07:00,18.9,13.6,506.0,0.0
2024-06-29 22:00:00+07:00,18.5,13.3,534.0,0.0
2024-06-29 23:00:00+07:00,18.2,13.0,561.0,0.0
2024-06-30 00:00:00+07:00,17.8,12.7,585.0,0.0
2024-06-30 01:00:00+07:00,16.0,11.4,587.0,0.0
2024-06-30 02:00:00+07:00,11.5,8.2,552.0,0.0
2024-06-30 03:00:00+07:00,10.2,7.3,495.0,0.0
2024-06-30 04:00:00+07:00,9.6,6.8,437.0,0.0
2024-06-30 05:00:00+07:00,9.1,6.5,380.0,0.0
2024-06-30 06:00:00+07:00,9.7,6.9,323.0,0.0
2024-06-30 07:00:00+07:00,7.0,5.0,260.0,0.0
2024-06-30 08:00:00+07:00,7.0,4.9,270.0,0.0
2024-06-30 09:00:00+07:00,9.7,6.7,281.0,0.0
2024-06-30 10:00:00+07:00,12.9,9.0,280.0,0.0
2024-06-30 11:00:00+07:00,11.5,8.0,251.0,0.0
2024-06-30 12:00:00+07:00,8.1,5.6,210.0,1.0
2024-06-30 13:00:00+07:00,7.3,5.0,182.0,1.0
2024-06-30 14:00:00+07:00,6.8,4.6,170.0,1.0
2024-06-30 15:00:00+07:00,10.2,6.7,172.0,2.0
2024-06-30 16:00:00+07:00,10.2,6.7,212.0,2.0
2024-06-30 17:00:00+07:00,10.8,7.2,327.0,2.0
2024-06-30 18:00:00+07:00,12.6,8.7,479.0,1.0
2024-06-30 19:00:00+07:00,25.4,17.1,588.0,4.0
2024-06-30 20:00:00+07:00,24.1,16.8,603.0,3.0
2024-06-30 21:00:00+07:00,21.7,15.3,624.0,2.0
2024-06-30 22:00:00+07:00,20.3,14.3,639.0,1.0
2024-06-30 23:00:00+07:00,19.7,13.9,650.0,0.0
2024-07-01 00:00:00+07:00,17.9,12.7,655.0,0.0
2024-07-01 01:00:00+07:00,16.1,11.4,642.0,0.0
2024-07-01 02:00:00+07:00,14.2,10.1,599.0,0.0
2024-07-01 03:00:00+07:00,12.7,9.0,538.0,0.0
2024-07-01 04:00:00+07:00,11.5,8.1,482.0,0.0
2024-07-01 05:00:00+07:00,10.8,7.6,443.0,0.0
2024-07-01 06:00:00+07:00,10.8,7.6,410.0,1.0
2024-07-01 07:00:00+07:00,10.0,7.0,414.0,0.0
2024-07-01 08:00:00+07:00,9.8,6.8,371.0,0.0
2024-07-01 09:00:00+07:00,9.8,6.7,311.0,1.0
2024-07-01 10:00:00+07:00,9.4,6.4,259.0,1.0
2024-07-01 11:00:00+07:00,8.6,5.8,224.0,1.0
2024-07-01 12:00:00+07:00,9.5,6.4,196.0,0.0
2024-07-01 13:00:00+07:00,9.3,6.3,175.0,0.0
2024-07-01 14:00:00+07:00,9.3,6.2,148.0,0.0
2024-07-01 15:00:00+07:00,8.6,5.7,128.0,1.0
2024-07-01 16:00:00+07:00,7.8,5.0,149.0,1.0
2024-07-01 17:00:00+07:00,8.0,5.3,232.0,1.0
2024-07-01 18:00:00+07:00,9.8,6.6,357.0,1.0
2024-07-01 19:00:00+07:00,16.9,11.1,432.0,2.0
2024-07-01 20:00:00+07:00,18.3,12.6,518.0,1.0
2024-07-01 21:00:00+07:00,18.6,12.9,638.0,1.0
2024-07-01 22:00:00+07:00,17.6,12.2,732.0,0.0
2024-07-01 23:00:00+07:00,17.2,11.9,779.0,0.0
2024-07-02 00:00:00+07:00,16.5,11.6,800.0,0.0
2024-07-02 01:00:00+07:00,15.3,10.7,801.0,0.0
2024-07-02 02:00:00+07:00,13.7,9.6,778.0,0.0
2024-07-02 03:00:00+07:00,12.2,8.5,734.0,0.0
2024-07-02 04:00:00+07:00,11.0,7.7,690.0,0.0
2024-07-02 05:00:00+07:00,10.2,7.1,661.0,0.0
2024-07-02 06:00:00+07:00,10.4,7.3,631.0,0.0
2024-07-02 07:00:00+07:00,14.1,9.6,677.0,1.0
2024-07-02 08:00:00+07:00,15.0,9.7,543.0,2.0
2024-07-02 09:00:00+07:00,13.0,8.1,359.0,3.0
2024-07-02 10:00:00+07:00,12.9,8.1,221.0,4.0
2024-07-02 11:00:00+07:00,13.7,8.8,175.0,4.0
2024-07-02 12:00:00+07:00,13.1,8.1,175.0,4.0
2024-07-02 13:00:00+07:00,13.0,8.3,180.0,4.0
2024-07-02 14:00:00+07:00,12.7,8.1,162.0,4.0
2024-07-02 15:00:00+07:00,12.3,8.0,149.0,4.0
2024-07-02 16:00:00+07:00,11.8,7.6,181.0,4.0
2024-07-02 17:00:00+07:00,10.3,6.8,278.0,3.0
2024-07-02 18:00:00+07:00,11.0,7.3,420.0,2.0
2024-07-02 19:00:00+07:00,22.6,14.8,608.0,5.0
2024-07-02 20:00:00+07:00,27.1,18.7,753.0,4.0
2024-07-02 21:00:00+07:00,27.4,19.1,953.0,2.0
2024-07-02 22:00:00+07:00,27.1,18.9,1102.0,1.0
2024-07-02 23:00:00+07:00,26.8,18.8,1158.0,1.0
2024-07-03 00:00:00+07:00,24.9,17.5,1163.0,1.0
2024-07-03 01:00:00+07:00,22.3,15.7,1131.0,1.0
2024-07-03 02:00:00+07:00,19.8,13.9,1051.0,1.0
2024-07-03 03:00:00+07:00,17.1,12.1,934.0,1.0
2024-07-03 04:00:00+07:00,14.9,10.5,836.0,1.0
2024-07-03 05:00:00+07:00,13.8,9.7,793.0,1.0
2024-07-03 06:00:00+07:00,14.1,9.8,769.0,1.0
2024-07-03 07:00:00+07:00,19.7,13.5,734.0,2.0
2024-07-03 08:00:00+07:00,20.3,13.4,580.0,3.0
2024-07-03 09:00:00+07:00,13.2,8.2,368.0,3.0
2024-07-03 10:00:00+07:00,13.4,8.4,210.0,4.0
2024-07-03 11:00:00+07:00,12.7,8.0,160.0,4.0
2024-07-03 12:00:00+07:00,12.1,7.7,163.0,3.0
2024-07-03 13:00:00+07:00,11.9,7.6,172.0,3.0
2024-07-03 14:00:00+07:00,11.4,7.4,162.0,3.0
2024-07-03 15:00:00+07:00,11.7,7.6,158.0,2.0
2024-07-03 16:00:00+07:00,10.9,7.2,182.0,2.0
2024-07-03 17:00:00+07:00,9.7,6.7,256.0,1.0
2024-07-03 18:00:00+07:00,10.4,7.3,360.0,1.0
2024-07-03 19:00:00+07:00,16.8,11.6,373.0,2.0
2024-07-03 20:00:00+07:00,18.1,12.6,417.0,2.0
2024-07-03 21:00:00+07:00,17.4,12.2,475.0,1.0
2024-07-03 22:00:00+07:00,16.5,11.5,509.0,1.0
2024-07-03 23:00:00+07:00,13.8,9.6,499.0,1.0
2024-07-04 00:00:00+07:00,13.1,9.2,465.0,1.0
2024-07-04 01:00:00+07:00,13.0,9.1,422.0,1.0
2024-07-04 02:00:00+07:00,10.9,7.7,367.0,1.0
2024-07-04 03:00:00+07:00,9.2,6.4,303.0,1.0
2024-07-04 04:00:00+07:00,8.6,6.1,260.0,1.0
2024-07-04 05:00:00+07:00,8.2,5.8,258.0,1.0
2024-07-04 06:00:00+07:00,8.0,5.6,277.0,1.0
2024-07-04 07:00:00+07:00,7.7,5.3,246.0,1.0
2024-07-04 08:00:00+07:00,8.9,6.2,256.0,1.0
2024-07-04 09:00:00+07:00,9.7,6.8,270.0,0.0
2024-07-04 10:00:00+07:00,11.2,7.8,278.0,0.0
2024-07-04 11:00:00+07:00,13.6,9.5,267.0,0.0
2024-07-04 12:00:00+07:00,16.3,11.4,249.0,0.0
2024-07-04 13:00:00+07:00,17.5,12.2,252.0,0.0
2024-07-04 14:00:00+07:00,17.5,12.3,300.0,0.0
2024-07-04 15:00:00+07:00,15.1,10.6,369.0,0.0
2024-07-04 16:00:00+07:00,18.3,12.9,417.0,0.0
2024-07-04 17:00:00+07:00,13.4,9.4,412.0,0.0
2024-07-04 18:00:00+07:00,15.5,10.9,386.0,0.0
2024-07-04 19:00:00+07:00,22.8,15.8,470.0,2.0
2024-07-04 20:00:00+07:00,22.2,15.5,497.0,2.0
2024-07-04 21:00:00+07:00,21.4,15.0,537.0,1.0
2024-07-04 22:00:00+07:00,21.0,14.7,583.0,1.0
2024-07-04 23:00:00+07:00,23.0,16.1,659.0,1.0
2024-07-05 00:00:00+07:00,22.9,16.0,742.0,1.0
2024-07-05 01:00:00+07:00,22.8,15.9,758.0,1.0
2024-07-05 02:00:00+07:00,19.7,13.7,649.0,1.0
2024-07-05 03:00:00+07:00,15.5,10.8,474.0,1.0
2024-07-05 04:00:00+07:00,12.7,8.8,337.0,1.0
2024-07-05 05:00:00+07:00,11.6,8.1,285.0,2.0
2024-07-05 06:00:00+07:00,12.2,8.4,272.0,4.0
2024-07-05 07:00:00+07:00,10.5,7.2,373.0,1.0
2024-07-05 08:00:00+07:00,10.5,7.0,351.0,1.0
2024-07-05 09:00:00+07:00,12.2,8.0,319.0,2.0
2024-07-05 10:00:00+07:00,12.6,8.4,289.0,2.0
2024-07-05 11:00:00+07:00,12.9,8.7,262.0,2.0
2024-07-05 12:00:00+07:00,14.1,9.4,238.0,2.0
2024-07-05 13:00:00+07:00,12.9,8.7,221.0,2.0
2024-07-05 14:00:00+07:00,15.0,10.2,211.0,2.0
2024-07-05 15:00:00+07:00,16.5,11.3,209.0,2.0
2024-07-05 16:00:00+07:00,15.8,10.9,227.0,2.0
2024-07-05 17:00:00+07:00,14.8,10.3,265.0,2.0
2024-07-05 18:00:00+07:00,16.2,11.3,322.0,1.0
2024-07-05 19:00:00+07:00,22.4,16.0,464.0,1.0
2024-07-05 20:00:00+07:00,25.4,18.1,541.0,1.0
2024-07-05 21:00:00+07:00,25.4,18.1,647.0,1.0
2024-07-05 22:00:00+07:00,26.8,19.1,721.0,1.0
2024-07-05 23:00:00+07:00,27.9,19.9,743.0,1.0
2024-07-06 00:00:00+07:00,26.7,19.0,734.0,1.0
2024-07-06 01:00:00+07:00,25.2,17.9,696.0,1.0
2024-07-06 02:00:00+07:00,22.8,16.2,610.0,1.0
2024-07-06 03:00:00+07:00,21.0,15.0,495.0,1.0
2024-07-06 04:00:00+07:00,19.1,13.6,406.0,1.0
2024-07-06 05:00:00+07:00,18.0,12.8,373.0,2.0
2024-07-06 06:00:00+07:00,17.3,12.3,366.0,3.0
2024-07-06 07:00:00+07:00,11.3,7.8,293.0,2.0
2024-07-06 08:00:00+07:00,12.0,8.2,283.0,2.0
2024-07-06 09:00:00+07:00,10.8,7.3,268.0,2.0
2024-07-06 10:00:00+07:00,9.9,6.8,256.0,2.0
2024-07-06 11:00:00+07:00,10.1,6.8,247.0,2.0
2024-07-06 12:00:00+07:00,11.1,7.5,240.0,2.0
2024-07-06 13:00:00+07:00,11.8,8.0,239.0,2.0
2024-07-06 14:00:00+07:00,14.2,9.9,237.0,2.0
2024-07-06 15:00:00+07:00,15.8,11.0,241.0,1.0
2024-07-06 16:00:00+07:00,15.3,10.7,270.0,1.0
2024-07-06 17:00:00+07:00,15.6,10.9,344.0,1.0
2024-07-06 18:00:00+07:00,16.3,11.5,443.0,0.0
2024-07-06 19:00:00+07:00,26.1,18.1,618.0,3.0
2024-07-06 20:00:00+07:00,24.2,17.1,567.0,2.0
2024-07-06 21:00:00+07:00,20.5,14.5,497.0,2.0
2024-07-06 22:00:00+07:00,17.9,12.7,448.0,1.0
2024-07-06 23:00:00+07:00,18.6,13.2,443.0,1.0
2024-07-07 00:00:00+07:00,18.2,12.9,457.0,1.0
2024-07-07 01:00:00+07:00,16.4,11.6,461.0,1.0
2024-07-07 02:00:00+07:00,15.0,10.7,441.0,1.0
2024-07-07 03:00:00+07:00,14.1,10.0,409.0,1.0
2024-07-07 04:00:00+07:00,13.3,9.4,373.0,1.0
2024-07-07 05:00:00+07:00,12.0,8.3,329.0,1.0
2024-07-07 06:00:00+07:00,10.2,7.1,281.0,2.0
2024-07-07 07:00:00+07:00,4.7,3.3,239.0,1.0
2024-07-07 08:00:00+07:00,5.4,3.8,241.0,1.0
2024-07-07 09:00:00+07:00,5.8,4.0,244.0,0.0
2024-07-07 10:00:00+07:00,7.1,5.0,243.0,0.0
2024-07-07 11:00:00+07:00,9.1,6.4,235.0,0.0
2024-07-07 12:00:00+07:00,10.6,7.4,224.0,0.0
2024-07-07 13:00:00+07:00,11.5,8.0,214.0,0.0
2024-07-07 14:00:00+07:00,10.9,7.6,192.0,0.0
2024-07-07 15:00:00+07:00,10.3,7.2,172.0,0.0
2024-07-07 16:00:00+07:00,9.1,6.3,195.0,0.0
2024-07-07 17:00:00+07:00,8.9,6.2,298.0,0.0
2024-07-07 18:00:00+07:00,9.7,6.8,445.0,0.0
2024-07-07 19:00:00+07:00,16.2,11.3,434.0,1.0
2024-07-07 20:00:00+07:00,15.5,10.9,442.0,1.0
2024-07-07 21:00:00+07:00,15.6,11.0,456.0,0.0
2024-07-07 22:00:00+07:00,16.8,11.8,482.0,0.0
2024-07-07 23:00:00+07:00,18.7,13.2,547.0,0.0
2024-07-08 00:00:00+07:00,20.4,14.4,625.0,0.0
2024-07-08 01:00:00+07:00,18.7,13.2,645.0,0.0
2024-07-08 02:00:00+07:00,15.0,10.6,552.0,0.0
2024-07-08 03:00:00+07:00,11.0,7.8,401.0,0.0
2024-07-08 04:00:00+07:00,8.1,5.7,292.0,0.0
2024-07-08 05:00:00+07:00,5.8,4.1,274.0,0.0
2024-07-08 06:00:00+07:00,5.9,4.1,297.0,0.0
2024-07-08 07:00:00+07:00,3.6,2.5,207.0,0.0
2024-07-08 08:00:00+07:00,4.1,2.9,210.0,0.0
2024-07-08 09:00:00+07:00,4.4,3.1,213.0,0.0
2024-07-08 10:00:00+07:00,4.9,3.4,213.0,0.0
2024-07-08 11:00:00+07:00,5.2,3.7,207.0,0.0
2024-07-08 12:00:00+07:00,5.3,3.7,198.0,0.0
2024-07-08 13:00:00+07:00,6.2,4.3,192.0,0.0
2024-07-08 14:00:00+07:00,7.9,5.5,185.0,0.0
2024-07-08 15:00:00+07:00,8.8,6.2,182.0,0.0
2024-07-08 16:00:00+07:00,9.0,6.3,198.0,0.0
2024-07-08 17:00:00+07:00,9.4,6.6,248.0,0.0
2024-07-08 18:00:00+07:00,9.8,6.9,318.0,0.0
2024-07-08 19:00:00+07:00,20.4,14.4,561.0,0.0
2024-07-08 20:00:00+07:00,21.8,15.4,535.0,0.0
2024-07-08 21:00:00+07:00,21.7,15.3,500.0,0.0
2024-07-08 22:00:00+07:00,17.2,12.2,479.0,0.0
2024-07-08 23:00:00+07:00,17.2,12.2,495.0,0.0
2024-07-09 00:00:00+07:00,17.4,12.3,526.0,0.0
2024-07-09 01:00:00+07:00,16.7,11.8,530.0,0.0
2024-07-09 02:00:00+07:00,16.0,11.3,478.0,0.0
2024-07-09 03:00:00+07:00,15.3,10.8,398.0,0.0
2024-07-09 04:00:00+07:00,13.6,9.6,333.0,0.0
2024-07-09 05:00:00+07:00,12.2,8.6,300.0,0.0
2024-07-09 06:00:00+07:00,10.0,7.1,282.0,1.0
2024-07-09 07:00:00+07:00,8.5,6.0,274.0,0.0
2024-07-09 08:00:00+07:00,12.5,8.7,261.0,0.0
2024-07-09 09:00:00+07:00,14.9,10.2,242.0,1.0
2024-07-09 10:00:00+07:00,13.2,9.0,225.0,1.0
2024-07-09 11:00:00+07:00,11.2,7.6,212.0,1.0
2024-07-09 12:00:00+07:00,9.8,6.7,201.0,2.0
2024-07-09 13:00:00+07:00,12.7,8.6,195.0,2.0
2024-07-09 14:00:00+07:00,14.9,10.3,183.0,2.0
2024-07-09 15:00:00+07:00,15.4,10.7,176.0,1.0
2024-07-09 16:00:00+07:00,15.2,10.6,212.0,1.0
2024-07-09 17:00:00+07:00,15.0,10.5,325.0,1.0
2024-07-09 18:00:00+07:00,15.3,10.7,480.0,0.0
2024-07-09 19:00:00+07:00,35.2,24.7,696.0,3.0
2024-07-09 20:00:00+07:00,37.8,26.9,774.0,2.0
2024-07-09 21:00:00+07:00,37.3,26.8,879.0,2.0
2024-07-09 22:00:00+07:00,34.6,24.8,950.0,1.0
2024-07-09 23:00:00+07:00,32.6,23.4,957.0,1.0
2024-07-10 00:00:00+07:00,30.9,22.1,929.0,1.0
2024-07-10 01:00:00+07:00,27.6,19.8,888.0,1.0
2024-07-10 02:00:00+07:00,25.2,18.1,836.0,1.0
2024-07-10 03:00:00+07:00,22.8,16.4,772.0,1.0
2024-07-10 04:00:00+07:00,20.7,15.0,713.0,1.0
2024-07-10 05:00:00+07:00,19.9,14.3,674.0,1.0
2024-07-10 06:00:00+07:00,20.3,14.6,640.0,1.0
2024-07-10 07:00:00+07:00,16.5,11.7,726.0,1.0
2024-07-10 08:00:00+07:00,17.3,12.2,643.0,1.0
2024-07-10 09:00:00+07:00,19.7,13.9,526.0,1.0
2024-07-10 10:00:00+07:00,21.0,14.6,425.0,1.0
2024-07-10 11:00:00+07:00,19.9,13.9,358.0,1.0
2024-07-10 12:00:00+07:00,20.5,14.2,306.0,1.0
2024-07-10 13:00:00+07:00,19.2,13.3,268.0,1.0
2024-07-10 14:00:00+07:00,17.4,12.0,221.0,1.0
2024-07-10 15:00:00+07:00,16.7,11.4,187.0,2.0
2024-07-10 16:00:00+07:00,18.0,12.3,228.0,2.0
2024-07-10 17:00:00+07:00,16.2,11.2,416.0,2.0
2024-07-10 18:00:00+07:00,22.4,15.7,679.0,1.0
2024-07-10 19:00:00+07:00,31.0,22.2,608.0,0.0
2024-07-10 20:00:00+07:00,33.2,23.7,662.0,0.0
2024-07-10 21:00:00+07:00,32.2,23.1,735.0,0.0
2024-07-10 22:00:00+07:00,32.0,22.9,788.0,0.0
2024-07-10 23:00:00+07:00,30.3,21.7,812.0,0.0
2024-07-11 00:00:00+07:00,24.6,17.6,815.0,0.0
2024-07-11 01:00:00+07:00,23.1,16.4,778.0,0.0
2024-07-11 02:00:00+07:00,17.6,12.5,673.0,0.0
2024-07-11 03:00:00+07:00,13.6,9.7,529.0,1.0
2024-07-11 04:00:00+07:00,10.4,7.4,415.0,1.0
2024-07-11 05:00:00+07:00,8.0,5.7,363.0,1.0
2024-07-11 06:00:00+07:00,7.9,5.6,340.0,1.0
2024-07-11 07:00:00+07:00,9.3,6.6,481.0,0.0
2024-07-11 08:00:00+07:00,10.5,7.3,438.0,0.0
2024-07-11 09:00:00+07:00,16.1,11.1,378.0,1.0
2024-07-11 10:00:00+07:00,15.5,10.7,322.0,1.0
2024-07-11 11:00:00+07:00,15.3,10.5,274.0,1.0
2024-07-11 12:00:00+07:00,15.5,10.7,230.0,1.0
2024-07-11 13:00:00+07:00,10.7,7.3,202.0,1.0
2024-07-11 14:00:00+07:00,11.1,7.6,192.0,1.0
2024-07-11 15:00:00+07:00,13.2,9.2,198.0,1.0
2024-07-11 16:00:00+07:00,14.0,9.7,224.0,1.0
2024-07-11 17:00:00+07:00,14.7,10.3,270.0,1.0
2024-07-11 18:00:00+07:00,13.7,9.6,336.0,0.0
2024-07-11 19:00:00+07:00,16.6,11.6,490.0,1.0
2024-07-11 20:00:00+07:00,21.4,15.0,649.0,1.0
2024-07-11 21:00:00+07:00,23.0,16.2,871.0,0.0
2024-07-11 22:00:00+07:00,24.2,17.0,1052.0,0.0
2024-07-11 23:00:00+07:00,25.1,17.6,1166.0,0.0
2024-07-12 00:00:00+07:00,25.2,17.7,1240.0,0.0
2024-07-12 01:00:00+07:00,22.4,15.7,1253.0,0.0
2024-07-12 02:00:00+07:00,20.0,14.1,1179.0,0.0
2024-07-12 03:00:00+07:00,18.1,12.7,1044.0,0.0
2024-07-12 04:00:00+07:00,16.5,11.6,908.0,0.0
2024-07-12 05:00:00+07:00,15.2,10.6,787.0,0.0
2024-07-12 06:00:00+07:00,15.3,10.7,665.0,0.0
2024-07-12 07:00:00+07:00,20.7,14.5,847.0,0.0
2024-07-12 08:00:00+07:00,15.8,11.0,670.0,0.0
2024-07-12 09:00:00+07:00,13.0,9.1,426.0,0.0
2024-07-12 10:00:00+07:00,11.0,7.6,241.0,0.0
2024-07-12 11:00:00+07:00,10.7,7.5,173.0,0.0
2024-07-12 12:00:00+07:00,9.8,6.9,165.0,0.0
2024-07-12 13:00:00+07:00,8.6,6.0,164.0,0.0
2024-07-12 14:00:00+07:00,7.6,5.4,144.0,0.0
2024-07-12 15:00:00+07:00,7.4,5.2,133.0,0.0
2024-07-12 16:00:00+07:00,6.1,4.3,160.0,0.0
2024-07-12 17:00:00+07:00,5.7,4.1,242.0,0.0
2024-07-12 18:00:00+07:00,6.7,4.7,361.0,0.0
2024-07-12 19:00:00+07:00,23.2,16.3,528.0,1.0
2024-07-12 20:00:00+07:00,28.7,20.4,709.0,1.0
2024-07-12 21:00:00+07:00,29.6,21.1,960.0,0.0
2024-07-12 22:00:00+07:00,28.5,20.4,1151.0,0.0
2024-07-12 23:00:00+07:00,27.7,19.7,1225.0,0.0
2024-07-13 00:00:00+07:00,25.8,18.4,1238.0,0.0
2024-07-13 01:00:00+07:00,22.7,16.1,1237.0,0.0
2024-07-13 02:00:00+07:00,20.0,14.2,1237.0,0.0
2024-07-13 03:00:00+07:00,18.0,12.8,1222.0,0.0
2024-07-13 04:00:00+07:00,17.5,12.4,1186.0,0.0
2024-07-13 05:00:00+07:00,16.2,11.4,1135.0,0.0
2024-07-13 06:00:00+07:00,16.5,11.6,1063.0,0.0
2024-07-13 07:00:00+07:00,18.5,13.0,805.0,0.0
2024-07-13 08:00:00+07:00,14.6,10.2,635.0,0.0
2024-07-13 09:00:00+07:00,11.9,8.3,400.0,0.0
2024-07-13 10:00:00+07:00,9.2,6.4,226.0,0.0
2024-07-13 11:00:00+07:00,7.8,5.5,172.0,0.0
2024-07-13 12:00:00+07:00,7.9,5.5,179.0,0.0
2024-07-13 13:00:00+07:00,9.1,6.4,191.0,0.0
2024-07-13 14:00:00+07:00,8.6,6.0,182.0,0.0
2024-07-13 15:00:00+07:00,8.1,5.7,179.0,0.0
2024-07-13 16:00:00+07:00,8.0,5.6,205.0,0.0
2024-07-13 17:00:00+07:00,8.0,5.6,275.0,0.0
2024-07-13 18:00:00+07:00,9.0,6.3,375.0,0.0
2024-07-13 19:00:00+07:00,23.5,16.4,403.0,2.0
2024-07-13 20:00:00+07:00,25.2,17.8,460.0,1.0
2024-07-13 21:00:00+07:00,23.2,16.5,538.0,1.0
2024-07-13 22:00:00+07:00,21.8,15.4,593.0,0.0
2024-07-13 23:00:00+07:00,21.1,14.9,607.0,0.0
2024-07-14 00:00:00+07:00,19.4,13.7,599.0,0.0
2024-07-14 01:00:00+07:00,17.5,12.4,579.0,0.0
2024-07-14 02:00:00+07:00,15.8,11.2,549.0,0.0
2024-07-14 03:00:00+07:00,14.1,10.0,508.0,0.0
2024-07-14 04:00:00+07:00,12.9,9.1,464.0,0.0
2024-07-14 05:00:00+07:00,12.5,8.8,420.0,0.0
2024-07-14 06:00:00+07:00,12.7,9.0,374.0,0.0
2024-07-14 07:00:00+07:00,13.2,9.3,389.0,0.0
2024-07-14 08:00:00+07:00,13.4,9.4,352.0,0.0
2024-07-14 09:00:00+07:00,13.3,9.4,301.0,0.0
2024-07-14 10:00:00+07:00,12.4,8.7,258.0,0.0
2024-07-14 11:00:00+07:00,10.9,7.7,231.0,0.0
2024-07-14 12:00:00+07:00,9.4,6.6,213.0,0.0
2024-07-14 13:00:00+07:00,9.5,6.7,208.0,0.0
2024-07-14 14:00:00+07:00,6.5,4.5,218.0,0.0
2024-07-14 15:00:00+07:00,7.6,5.3,241.0,0.0
2024-07-14 16:00:00+07:00,10.6,7.4,276.0,0.0
2024-07-14 17:00:00+07:00,9.7,6.8,322.0,0.0
2024-07-14 18:00:00+07:00,10.3,7.2,380.0,0.0
2024-07-14 19:00:00+07:00,20.6,14.6,662.0,0.0
2024-07-14 20:00:00+07:00,23.5,16.6,722.0,0.0
2024-07-14 21:00:00+07:00,22.9,16.2,805.0,0.0
2024-07-14 22:00:00+07:00,20.7,14.7,875.0,0.0
2024-07-14 23:00:00+07:00,20.4,14.4,920.0,0.0
2024-07-15 00:00:00+07:00,20.5,14.5,952.0,0.0
2024-07-15 01:00:00+07:00,19.8,14.0,972.0,0.0
2024-07-15 02:00:00+07:00,18.1,12.8,973.0,0.0
2024-07-15 03:00:00+07:00,17.0,12.0,963.0,0.0
2024-07-15 04:00:00+07:00,15.9,11.2,967.0,0.0
2024-07-15 05:00:00+07:00,14.9,10.5,1031.0,0.0
2024-07-15 06:00:00+07:00,14.9,10.4,1109.0,0.0
2024-07-15 07:00:00+07:00,15.0,10.5,793.0,0.0
2024-07-15 08:00:00+07:00,17.0,11.9,657.0,0.0
2024-07-15 09:00:00+07:00,19.0,13.3,469.0,0.0
2024-07-15 10:00:00+07:00,15.8,11.1,322.0,0.0
2024-07-15 11:00:00+07:00,14.3,10.0,258.0,0.0
2024-07-15 12:00:00+07:00,14.5,10.1,235.0,1.0
2024-07-15 13:00:00+07:00,15.9,11.1,222.0,1.0
2024-07-15 14:00:00+07:00,17.0,11.9,202.0,1.0
2024-07-15 15:00:00+07:00,16.4,11.5,193.0,0.0
2024-07-15 16:00:00+07:00,15.8,11.0,217.0,0.0
2024-07-15 17:00:00+07:00,16.9,11.8,293.0,0.0
2024-07-15 18:00:00+07:00,18.4,12.9,401.0,0.0
2024-07-15 19:00:00+07:00,29.7,21.0,713.0,1.0
2024-07-15 20:00:00+07:00,31.3,22.2,824.0,1.0
2024-07-15 21:00:00+07:00,31.9,22.7,975.0,0.0
2024-07-15 22:00:00+07:00,28.5,20.3,1066.0,0.0
2024-07-15 23:00:00+07:00,29.5,20.9,1052.0,0.0
2024-07-16 00:00:00+07:00,27.6,19.5,978.0,0.0
2024-07-16 01:00:00+07:00,23.3,16.5,886.0,0.0
2024-07-16 02:00:00+07:00,13.5,9.6,774.0,0.0
2024-07-16 03:00:00+07:00,10.1,7.2,643.0,0.0
2024-07-16 04:00:00+07:00,6.5,4.6,539.0,0.0
2024-07-16 05:00:00+07:00,6.7,4.7,491.0,0.0
2024-07-16 06:00:00+07:00,7.3,5.2,470.0,0.0
2024-07-16 07:00:00+07:00,7.4,5.2,407.0,0.0
2024-07-16 08:00:00+07:00,9.8,6.9,364.0,0.0
2024-07-16 09:00:00+07:00,10.5,7.4,305.0,0.0
2024-07-16 10:00:00+07:00,10.8,7.6,256.0,0.0
2024-07-16 11:00:00+07:00,10.2,7.2,227.0,0.0
2024-07-16 12:00:00+07:00,11.1,7.8,210.0,0.0
2024-07-16 13:00:00+07:00,11.9,8.3,203.0,0.0
2024-07-16 14:00:00+07:00,11.1,7.7,195.0,0.0
2024-07-16 15:00:00+07:00,10.8,7.5,199.0,0.0
2024-07-16 16:00:00+07:00,12.6,8.7,247.0,0.0
2024-07-16 17:00:00+07:00,14.2,9.9,370.0,0.0
2024-07-16 18:00:00+07:00,16.2,11.4,539.0,0.0
2024-07-16 19:00:00+07:00,28.6,20.1,533.0,0.0
2024-07-16 20:00:00+07:00,32.4,22.8,705.0,0.0
2024-07-16 21:00:00+07:00,33.4,23.5,936.0,0.0
2024-07-16 22:00:00+07:00,35.3,24.8,1059.0,0.0
2024-07-16 23:00:00+07:00,35.3,24.9,973.0,0.0
2024-07-17 00:00:00+07:00,26.4,18.6,778.0,0.0
2024-07-17 01:00:00+07:00,13.4,9.4,610.0,0.0
2024-07-17 02:00:00+07:00,8.9,6.2,515.0,0.0
2024-07-17 03:00:00+07:00,3.7,2.6,446.0,0.0
2024-07-17 04:00:00+07:00,3.5,2.4,397.0,0.0
2024-07-17 05:00:00+07:00,4.8,3.3,371.0,0.0
2024-07-17 06:00:00+07:00,6.2,4.3,365.0,0.0
2024-07-17 07:00:00+07:00,9.0,6.3,334.0,0.0
2024-07-17 08:00:00+07:00,11.1,7.8,321.0,0.0
2024-07-17 09:00:00+07:00,11.4,8.0,303.0,0.0
2024-07-17 10:00:00+07:00,13.2,9.3,288.0,0.0
2024-07-17 11:00:00+07:00,13.0,9.1,280.0,0.0
2024-07-17 12:00:00+07:00,15.3,10.7,276.0,0.0
2024-07-17 13:00:00+07:00,17.9,12.5,271.0,0.0
2024-07-17 14:00:00+07:00,18.3,12.8,256.0,0.0
2024-07-17 15:00:00+07:00,17.9,12.5,240.0,0.0
2024-07-17 16:00:00+07:00,17.2,12.0,249.0,0.0
2024-07-17 17:00:00+07:00,18.0,12.6,297.0,0.0
2024-07-17 18:00:00+07:00,21.4,15.0,370.0,0.0
2024-07-17 19:00:00+07:00,29.3,20.5,580.0,0.0
2024-07-17 20:00:00+07:00,36.2,25.3,699.0,0.0
2024-07-17 21:00:00+07:00,36.6,25.6,866.0,0.0
2024-07-17 22:00:00+07:00,35.9,25.1,1007.0,0.0
2024-07-17 23:00:00+07:00,36.4,25.6,1104.0,0.0
2024-07-18 00:00:00+07:00,36.1,25.3,1175.0,0.0
2024-07-18 01:00:00+07:00,34.9,24.4,1204.0,0.0
2024-07-18 02:00:00+07:00,32.6,22.8,1171.0,0.0
2024-07-18 03:00:00+07:00,27.0,18.9,1096.0,0.0
2024-07-18 04:00:00+07:00,20.0,14.1,1020.0,0.0
2024-07-18 05:00:00+07:00,17.1,12.0,970.0,0.0
2024-07-18 06:00:00+07:00,16.4,11.5,919.0,0.0
2024-07-18 07:00:00+07:00,17.3,12.2,424.0,0.0
2024-07-18 08:00:00+07:00,16.8,11.8,406.0,0.0
2024-07-18 09:00:00+07:00,16.1,11.3,380.0,0.0
2024-07-18 10:00:00+07:00,15.7,11.0,355.0,0.0
2024-07-18 11:00:00+07:00,15.8,11.1,333.0,0.0
2024-07-18 12:00:00+07:00,16.6,11.6,313.0,0.0
2024-07-18 13:00:00+07:00,17.7,12.4,298.0,0.0
2024-07-18 14:00:00+07:00,16.9,11.8,276.0,0.0
2024-07-18 15:00:00+07:00,15.3,10.7,260.0,0.0
2024-07-18 16:00:00+07:00,15.0,10.5,286.0,0.0
2024-07-18 17:00:00+07:00,13.2,9.3,377.0,0.0
2024-07-18 18:00:00+07:00,16.2,11.4,512.0,0.0
2024-07-18 19:00:00+07:00,23.3,16.3,553.0,0.0
2024-07-18 20:00:00+07:00,23.5,16.5,625.0,0.0
2024-07-18 21:00:00+07:00,25.0,17.5,726.0,0.0
2024-07-18 22:00:00+07:00,24.2,16.9,805.0,0.0
2024-07-18 23:00:00+07:00,23.2,16.3,857.0,0.0
2024-07-19 00:00:00+07:00,22.5,15.8,887.0,0.0
2024-07-19 01:00:00+07:00,20.8,14.6,869.0,0.0
2024-07-19 02:00:00+07:00,18.6,13.0,768.0,0.0
2024-07-19 03:00:00+07:00,15.0,10.5,618.0,0.0
2024-07-19 04:00:00+07:00,13.2,9.2,492.0,0.0
2024-07-19 05:00:00+07:00,10.0,7.0,417.0,0.0
2024-07-19 06:00:00+07:00,9.8,6.9,367.0,0.0
2024-07-19 07:00:00+07:00,10.7,7.5,328.0,0.0
2024-07-19 08:00:00+07:00,11.0,7.7,306.0,0.0
2024-07-19 09:00:00+07:00,9.3,6.5,276.0,0.0
2024-07-19 10:00:00+07:00,9.2,6.4,249.0,0.0
2024-07-19 11:00:00+07:00,9.4,6.6,228.0,0.0
2024-07-19 12:00:00+07:00,9.7,6.8,211.0,0.0
2024-07-19 13:00:00+07:00,10.2,7.1,199.0,0.0
2024-07-19 14:00:00+07:00,8.9,6.2,181.0,0.0
2024-07-19 15:00:00+07:00,8.1,5.7,169.0,0.0
2024-07-19 16:00:00+07:00,7.8,5.5,201.0,0.0
2024-07-19 17:00:00+07:00,8.8,6.2,312.0,0.0
2024-07-19 18:00:00+07:00,13.0,9.1,467.0,0.0
2024-07-19 19:00:00+07:00,25.7,18.0,714.0,0.0
2024-07-19 20:00:00+07:00,28.7,20.1,748.0,0.0
2024-07-19 21:00:00+07:00,25.8,18.2,794.0,0.0
2024-07-19 22:00:00+07:00,22.2,15.6,825.0,0.0
2024-07-19 23:00:00+07:00,20.7,14.5,830.0,0.0
2024-07-20 00:00:00+07:00,19.7,13.9,819.0,0.0
2024-07-20 01:00:00+07:00,17.8,12.5,798.0,0.0
2024-07-20 02:00:00+07:00,16.0,11.2,761.0,0.0
2024-07-20 03:00:00+07:00,14.6,10.2,714.0,0.0
2024-07-20 04:00:00+07:00,13.2,9.3,678.0,0.0
2024-07-20 05:00:00+07:00,12.3,8.6,681.0,0.0
2024-07-20 06:00:00+07:00,12.2,8.6,696.0,0.0
2024-07-20 07:00:00+07:00,13.3,9.3,497.0,0.0
2024-07-20 08:00:00+07:00,14.6,10.2,448.0,0.0
2024-07-20 09:00:00+07:00,14.9,10.4,379.0,0.0
2024-07-20 10:00:00+07:00,14.5,10.2,319.0,0.0
2024-07-20 11:00:00+07:00,15.1,10.6,278.0,0.0
2024-07-20 12:00:00+07:00,12.5,8.7,246.0,0.0
2024-07-20 13:00:00+07:00,12.0,8.4,225.0,0.0
2024-07-20 14:00:00+07:00,12.0,8.4,202.0,0.0
2024-07-20 15:00:00+07:00,10.8,7.6,190.0,0.0
2024-07-20 16:00:00+07:00,10.0,7.0,230.0,0.0
2024-07-20 17:00:00+07:00,11.3,7.9,361.0,0.0
2024-07-20 18:00:00+07:00,14.1,9.9,545.0,0.0
2024-07-20 19:00:00+07:00,15.1,10.6,470.0,0.0
2024-07-20 20:00:00+07:00,18.0,12.6,552.0,0.0
2024-07-20 21:00:00+07:00,18.9,13.3,662.0,0.0
2024-07-20 22:00:00+07:00,17.9,12.6,711.0,0.0
2024-07-20 23:00:00+07:00,16.7,11.7,643.0,0.0
2024-07-21 00:00:00+07:00,13.2,9.3,515.0,0.0
2024-07-21 01:00:00+07:00,9.8,6.9,414.0,0.0
2024-07-21 02:00:00+07:00,8.9,6.3,375.0,0.0
2024-07-21 03:00:00+07:00,8.4,5.9,363.0,0.0
2024-07-21 04:00:00+07:00,7.8,5.5,355.0,0.0
2024-07-21 05:00:00+07:00,7.2,5.1,348.0,0.0
2024-07-21 06:00:00+07:00,6.5,4.6,347.0,0.0
2024-07-21 07:00:00+07:00,2.9,2.0,335.0,0.0
2024-07-21 08:00:00+07:00,5.4,3.7,327.0,0.0
2024-07-21 09:00:00+07:00,10.2,7.1,315.0,0.0
2024-07-21 10:00:00+07:00,10.4,7.3,296.0,0.0
2024-07-21 11:00:00+07:00,10.0,7.0,259.0,0.0
2024-07-21 12:00:00+07:00,9.2,6.4,216.0,0.0
2024-07-21 13:00:00+07:00,9.1,6.3,194.0,0.0
2024-07-21 14:00:00+07:00,7.1,5.0,202.0,0.0
2024-07-21 15:00:00+07:00,8.0,5.6,233.0,0.0
2024-07-21 16:00:00+07:00,10.9,7.7,289.0,0.0
2024-07-21 17:00:00+07:00,11.0,7.7,362.0,0.0
2024-07-21 18:00:00+07:00,13.1,9.2,461.0,0.0
2024-07-21 19:00:00+07:00,17.7,12.4,530.0,0.0
2024-07-21 20:00:00+07:00,23.7,16.7,732.0,0.0
2024-07-21 21:00:00+07:00,26.4,18.5,1005.0,0.0
2024-07-21 22:00:00+07:00,20.9,14.6,1171.0,0.0
2024-07-21 23:00:00+07:00,21.5,15.1,1130.0,0.0
2024-07-22 00:00:00+07:00,19.2,13.4,982.0,0.0
2024-07-22 01:00:00+07:00,16.6,11.6,848.0,0.0
2024-07-22 02:00:00+07:00,14.6,10.2,772.0,0.0
2024-07-22 03:00:00+07:00,13.0,9.1,710.0,0.0
2024-07-22 04:00:00+07:00,12.0,8.4,651.0,0.0
2024-07-22 05:00:00+07:00,11.4,7.9,591.0,0.0
2024-07-22 06:00:00+07:00,11.4,8.0,534.0,0.0
2024-07-22 07:00:00+07:00,8.0,5.6,496.0,0.0
2024-07-22 08:00:00+07:00,7.3,5.1,445.0,0.0
2024-07-22 09:00:00+07:00,7.4,5.2,374.0,0.0
2024-07-22 10:00:00+07:00,9.7,6.8,313.0,0.0
2024-07-22 11:00:00+07:00,10.8,7.6,273.0,0.0
2024-07-22 12:00:00+07:00,11.3,7.9,243.0,0.0
2024-07-22 13:00:00+07:00,11.7,8.2,220.0,0.0
2024-07-22 14:00:00+07:00,11.0,7.7,195.0,0.0
2024-07-22 15:00:00+07:00,10.1,7.1,177.0,0.0
2024-07-22 16:00:00+07:00,8.8,6.1,196.0,0.0
2024-07-22 17:00:00+07:00,8.8,6.1,261.0,0.0
2024-07-22 18:00:00+07:00,8.2,5.8,362.0,0.0
2024-07-22 19:00:00+07:00,22.6,15.8,619.0,0.0
2024-07-22 20:00:00+07:00,27.3,19.2,795.0,0.0
2024-07-22 21:00:00+07:00,29.2,20.4,1031.0,0.0
2024-07-22 22:00:00+07:00,28.0,19.6,1158.0,0.0
2024-07-22 23:00:00+07:00,25.0,17.6,1073.0,0.0
2024-07-23 00:00:00+07:00,22.4,15.7,878.0,0.0
2024-07-23 01:00:00+07:00,20.5,14.3,712.0,0.0
2024-07-23 02:00:00+07:00,16.9,11.8,624.0,0.0
2024-07-23 03:00:00+07:00,16.7,11.7,565.0,0.0
2024-07-23 04:00:00+07:00,14.8,10.4,520.0,0.0
2024-07-23 05:00:00+07:00,13.7,9.6,496.0,0.0
2024-07-23 06:00:00+07:00,13.6,9.6,487.0,0.0
2024-07-23 07:00:00+07:00,19.7,13.8,525.0,0.0
2024-07-23 08:00:00+07:00,16.1,11.2,446.0,0.0
2024-07-23 09:00:00+07:00,13.2,9.2,337.0,0.0
2024-07-23 10:00:00+07:00,10.4,7.2,256.0,0.0
2024-07-23 11:00:00+07:00,8.2,5.7,232.0,0.0
2024-07-23 12:00:00+07:00,8.1,5.7,235.0,0.0
2024-07-23 13:00:00+07:00,9.4,6.5,238.0,0.0
2024-07-23 14:00:00+07:00,10.1,7.1,211.0,0.0
2024-07-23 15:00:00+07:00,10.4,7.2,183.0,0.0
2024-07-23 16:00:00+07:00,9.6,6.7,217.0,0.0
2024-07-23 17:00:00+07:00,8.3,5.8,365.0,0.0
2024-07-23 18:00:00+07:00,8.6,6.1,575.0,0.0
2024-07-23 19:00:00+07:00,17.5,12.0,657.0,2.0
2024-07-23 20:00:00+07:00,19.1,13.3,720.0,1.0
2024-07-23 21:00:00+07:00,18.5,13.0,808.0,1.0
2024-07-23 22:00:00+07:00,17.3,12.2,881.0,0.0
2024-07-23 23:00:00+07:00,17.1,12.0,930.0,0.0
2024-07-24 00:00:00+07:00,16.4,11.5,965.0,0.0
2024-07-24 01:00:00+07:00,14.5,10.2,977.0,0.0
2024-07-24 02:00:00+07:00,12.3,8.6,958.0,0.0
2024-07-24 03:00:00+07:00,10.8,7.5,916.0,0.0
2024-07-24 04:00:00+07:00,9.7,6.8,869.0,0.0
2024-07-24 05:00:00+07:00,9.1,6.4,832.0,0.0
2024-07-24 06:00:00+07:00,9.3,6.5,791.0,0.0
2024-07-24 07:00:00+07:00,14.1,9.8,647.0,0.0
2024-07-24 08:00:00+07:00,12.3,8.4,524.0,0.0
2024-07-24 09:00:00+07:00,8.7,5.9,356.0,1.0
2024-07-24 10:00:00+07:00,8.2,5.6,233.0,1.0
2024-07-24 11:00:00+07:00,9.6,6.6,201.0,1.0
2024-07-24 12:00:00+07:00,9.3,6.4,214.0,0.0
2024-07-24 13:00:00+07:00,11.1,7.7,231.0,0.0
2024-07-24 14:00:00+07:00,11.4,7.9,234.0,0.0
2024-07-24 15:00:00+07:00,10.7,7.5,241.0,0.0
2024-07-24 16:00:00+07:00,10.6,7.4,262.0,0.0
2024-07-24 17:00:00+07:00,11.0,7.7,299.0,0.0
2024-07-24 18:00:00+07:00,10.9,7.6,349.0,0.0
2024-07-24 19:00:00+07:00,17.9,12.3,442.0,1.0
2024-07-24 20:00:00+07:00,18.4,12.9,509.0,1.0
2024-07-24 21:00:00+07:00,17.3,12.2,602.0,0.0
2024-07-24 22:00:00+07:00,16.5,11.6,668.0,0.0
2024-07-24 23:00:00+07:00,16.1,11.3,687.0,0.0
2024-07-25 00:00:00+07:00,15.1,10.6,680.0,0.0
2024-07-25 01:00:00+07:00,13.5,9.5,654.0,0.0
2024-07-25 02:00:00+07:00,11.9,8.3,605.0,0.0
2024-07-25 03:00:00+07:00,10.6,7.4,537.0,0.0
2024-07-25 04:00:00+07:00,9.7,6.8,470.0,0.0
2024-07-25 05:00:00+07:00,8.8,6.2,405.0,0.0
2024-07-25 06:00:00+07:00,7.5,5.3,340.0,0.0
2024-07-25 07:00:00+07:00,4.8,3.3,311.0,0.0
2024-07-25 08:00:00+07:00,4.3,3.0,285.0,0.0
2024-07-25 09:00:00+07:00,5.1,3.6,249.0,0.0
2024-07-25 10:00:00+07:00,5.7,4.0,218.0,0.0
2024-07-25 11:00:00+07:00,5.1,3.5,193.0,0.0
2024-07-25 12:00:00+07:00,4.2,2.9,173.0,0.0
2024-07-25 13:00:00+07:00,4.8,3.3,166.0,0.0
2024-07-25 14:00:00+07:00,4.2,2.9,169.0,0.0
2024-07-25 15:00:00+07:00,3.8,2.6,185.0,0.0
2024-07-25 16:00:00+07:00,5.7,4.0,231.0,0.0
2024-07-25 17:00:00+07:00,6.7,4.7,332.0,0.0
2024-07-25 18:00:00+07:00,8.8,6.2,463.0,0.0
2024-07-25 19:00:00+07:00,14.8,10.3,546.0,0.0
2024-07-25 20:00:00+07:00,14.9,10.4,564.0,0.0
2024-07-25 21:00:00+07:00,13.8,9.7,586.0,0.0
2024-07-25 22:00:00+07:00,12.8,9.0,579.0,0.0
2024-07-25 23:00:00+07:00,11.7,8.2,517.0,0.0
2024-07-26 00:00:00+07:00,9.6,6.8,425.0,0.0
2024-07-26 01:00:00+07:00,7.2,5.1,348.0,0.0
2024-07-26 02:00:00+07:00,6.0,4.2,300.0,0.0
2024-07-26 03:00:00+07:00,4.6,3.3,267.0,0.0
2024-07-26 04:00:00+07:00,3.4,2.4,245.0,0.0
2024-07-26 05:00:00+07:00,2.3,1.6,238.0,0.0
2024-07-26 06:00:00+07:00,2.5,1.7,243.0,0.0
2024-07-26 07:00:00+07:00,3.9,2.7,257.0,0.0
2024-07-26 08:00:00+07:00,6.3,4.4,264.0,0.0
2024-07-26 09:00:00+07:00,8.3,5.8,273.0,0.0
2024-07-26 10:00:00+07:00,9.5,6.6,273.0,0.0
2024-07-26 11:00:00+07:00,8.7,6.1,258.0,0.0
2024-07-26 12:00:00+07:00,9.5,6.6,235.0,0.0
2024-07-26 13:00:00+07:00,11.1,7.7,215.0,0.0
2024-07-26 14:00:00+07:00,10.3,7.2,186.0,0.0
2024-07-26 15:00:00+07:00,8.6,6.1,159.0,0.0
2024-07-26 16:00:00+07:00,7.5,5.3,179.0,0.0
2024-07-26 17:00:00+07:00,6.5,4.5,286.0,0.0
2024-07-26 18:00:00+07:00,7.9,5.5,440.0,0.0
2024-07-26 19:00:00+07:00,14.9,10.4,477.0,1.0
2024-07-26 20:00:00+07:00,14.1,9.9,489.0,1.0
2024-07-26 21:00:00+07:00,13.2,9.3,505.0,0.0
2024-07-26 22:00:00+07:00,12.7,8.9,508.0,0.0
2024-07-26 23:00:00+07:00,11.6,8.1,492.0,0.0
2024-07-27 00:00:00+07:00,10.2,7.1,464.0,0.0
2024-07-27 01:00:00+07:00,8.9,6.2,430.0,0.0
2024-07-27 02:00:00+07:00,7.9,5.6,385.0,0.0
2024-07-27 03:00:00+07:00,6.5,4.6,334.0,0.0
2024-07-27 04:00:00+07:00,3.9,2.8,292.0,0.0
2024-07-27 05:00:00+07:00,3.2,2.3,265.0,0.0
2024-07-27 06:00:00+07:00,3.7,2.6,248.0,0.0
2024-07-27 07:00:00+07:00,7.7,5.4,237.0,0.0
2024-07-27 08:00:00+07:00,7.1,5.0,233.0,0.0
2024-07-27 09:00:00+07:00,9.2,6.4,228.0,0.0
2024-07-27 10:00:00+07:00,8.8,6.2,220.0,0.0
2024-07-27 11:00:00+07:00,6.5,4.5,208.0,0.0
2024-07-27 12:00:00+07:00,5.8,4.1,195.0,0.0
2024-07-27 13:00:00+07:00,6.3,4.5,183.0,0.0
2024-07-27 14:00:00+07:00,6.0,4.2,159.0,0.0
2024-07-27 15:00:00+07:00,4.9,3.4,137.0,0.0
2024-07-27 16:00:00+07:00,4.2,2.9,166.0,0.0
2024-07-27 17:00:00+07:00,5.0,3.5,281.0,0.0
2024-07-27 18:00:00+07:00,9.8,6.9,446.0,0.0
2024-07-27 19:00:00+07:00,16.7,11.6,493.0,0.0
2024-07-27 20:00:00+07:00,19.0,13.3,561.0,0.0
2024-07-27 21:00:00+07:00,17.3,12.1,651.0,0.0
2024-07-27 22:00:00+07:00,17.8,12.5,692.0,0.0
2024-07-27 23:00:00+07:00,18.3,12.8,637.0,0.0
2024-07-28 00:00:00+07:00,16.5,11.6,531.0,0.0
2024-07-28 01:00:00+07:00,11.3,7.9,443.0,0.0
2024-07-28 02:00:00+07:00,9.6,6.7,396.0,0.0
2024-07-28 03:00:00+07:00,8.7,6.1,366.0,0.0
2024-07-28 04:00:00+07:00,8.2,5.8,344.0,0.0
2024-07-28 05:00:00+07:00,8.2,5.8,331.0,0.0
2024-07-28 06:00:00+07:00,8.3,5.8,325.0,0.0
2024-07-28 07:00:00+07:00,7.9,5.5,284.0,0.0
2024-07-28 08:00:00+07:00,9.6,6.8,252.0,0.0
2024-07-28 09:00:00+07:00,6.1,4.3,210.0,0.0
2024-07-28 10:00:00+07:00,5.8,4.0,185.0,0.0
2024-07-28 11:00:00+07:00,5.0,3.5,196.0,0.0
2024-07-28 12:00:00+07:00,5.3,3.7,224.0,0.0
2024-07-28 13:00:00+07:00,9.8,6.9,244.0,0.0
2024-07-28 14:00:00+07:00,10.9,7.7,232.0,0.0
2024-07-28 15:00:00+07:00,9.6,6.8,212.0,0.0
2024-07-28 16:00:00+07:00,9.3,6.5,228.0,0.0
2024-07-28 17:00:00+07:00,8.1,5.7,310.0,0.0
2024-07-28 18:00:00+07:00,13.0,9.1,429.0,0.0
2024-07-28 19:00:00+07:00,13.4,9.3,387.0,0.0
2024-07-28 20:00:00+07:00,15.2,10.7,436.0,0.0
2024-07-28 21:00:00+07:00,14.3,10.0,503.0,0.0
2024-07-28 22:00:00+07:00,13.9,9.7,547.0,0.0
2024-07-28 23:00:00+07:00,12.8,9.0,552.0,0.0
2024-07-29 00:00:00+07:00,12.2,8.6,535.0,0.0
2024-07-29 01:00:00+07:00,11.0,7.7,500.0,0.0
2024-07-29 02:00:00+07:00,8.9,6.3,437.0,0.0
2024-07-29 03:00:00+07:00,7.8,5.5,356.0,0.0
2024-07-29 04:00:00+07:00,7.3,5.1,297.0,0.0
2024-07-29 05:00:00+07:00,7.0,4.9,282.0,0.0
2024-07-29 06:00:00+07:00,6.9,4.8,290.0,0.0
2024-07-29 07:00:00+07:00,10.7,7.5,361.0,0.0
2024-07-29 08:00:00+07:00,7.7,5.4,314.0,0.0
2024-07-29 09:00:00+07:00,6.6,4.6,250.0,0.0
2024-07-29 10:00:00+07:00,6.5,4.6,200.0,0.0
2024-07-29 11:00:00+07:00,10.7,7.5,180.0,0.0
2024-07-29 12:00:00+07:00,9.3,6.5,174.0,0.0
2024-07-29 13:00:00+07:00,7.5,5.3,174.0,0.0
2024-07-29 14:00:00+07:00,6.7,4.7,162.0,0.0
2024-07-29 15:00:00+07:00,5.7,4.0,155.0,0.0
2024-07-29 16:00:00+07:00,4.9,3.4,195.0,0.0
2024-07-29 17:00:00+07:00,6.0,4.2,327.0,0.0
2024-07-29 18:00:00+07:00,9.5,6.7,505.0,0.0
2024-07-29 19:00:00+07:00,24.9,17.4,708.0,0.0
2024-07-29 20:00:00+07:00,25.4,17.9,678.0,0.0
2024-07-29 21:00:00+07:00,22.6,15.9,635.0,0.0
2024-07-29 22:00:00+07:00,19.0,13.3,597.0,0.0
2024-07-29 23:00:00+07:00,18.0,12.7,577.0,0.0
2024-07-30 00:00:00+07:00,16.7,11.8,562.0,0.0
2024-07-30 01:00:00+07:00,14.1,9.9,529.0,0.0
2024-07-30 02:00:00+07:00,11.2,7.9,456.0,0.0
2024-07-30 03:00:00+07:00,9.1,6.3,365.0,0.0
2024-07-30 04:00:00+07:00,7.9,5.5,303.0,0.0
2024-07-30 05:00:00+07:00,7.1,5.0,300.0,0.0
2024-07-30 06:00:00+07:00,4.7,3.3,327.0,0.0
2024-07-30 07:00:00+07:00,4.8,3.3,272.0,0.0
2024-07-30 08:00:00+07:00,5.6,3.8,272.0,1.0
2024-07-30 09:00:00+07:00,7.9,5.2,272.0,1.0
2024-07-30 10:00:00+07:00,7.7,5.1,268.0,2.0
2024-07-30 11:00:00+07:00,8.3,5.6,257.0,2.0
2024-07-30 12:00:00+07:00,9.0,5.9,242.0,3.0
2024-07-30 13:00:00+07:00,10.3,6.7,234.0,3.0
2024-07-30 14:00:00+07:00,10.4,6.8,219.0,3.0
2024-07-30 15:00:00+07:00,11.6,7.7,210.0,2.0
2024-07-30 16:00:00+07:00,11.2,7.5,260.0,2.0
2024-07-30 17:00:00+07:00,13.2,9.0,420.0,1.0
2024-07-30 18:00:00+07:00,15.8,11.1,639.0,1.0
2024-07-30 19:00:00+07:00,20.3,13.9,662.0,2.0
2024-07-30 20:00:00+07:00,19.2,13.5,672.0,1.0
2024-07-30 21:00:00+07:00,17.9,12.6,682.0,1.0
2024-07-30 22:00:00+07:00,16.5,11.6,667.0,0.0
2024-07-30 23:00:00+07:00,15.5,10.9,607.0,0.0
2024-07-31 00:00:00+07:00,10.7,7.5,522.0,1.0
2024-07-31 01:00:00+07:00,8.6,6.0,441.0,1.0
2024-07-31 02:00:00+07:00,7.2,5.1,367.0,1.0
2024-07-31 03:00:00+07:00,6.4,4.5,298.0,0.0
2024-07-31 04:00:00+07:00,5.4,3.8,251.0,0.0
2024-07-31 05:00:00+07:00,4.7,3.4,241.0,0.0
2024-07-31 06:00:00+07:00,4.8,3.4,254.0,0.0
2024-07-31 07:00:00+07:00,7.2,5.1,291.0,0.0
2024-07-31 08:00:00+07:00,8.0,5.5,295.0,0.0
2024-07-31 09:00:00+07:00,11.2,7.8,298.0,1.0
2024-07-31 10:00:00+07:00,11.4,7.9,293.0,1.0
2024-07-31 11:00:00+07:00,9.4,6.5,269.0,1.0
2024-07-31 12:00:00+07:00,8.6,6.0,235.0,1.0
2024-07-31 13:00:00+07:00,7.8,5.4,212.0,1.0
2024-07-31 14:00:00+07:00,7.0,4.8,199.0,1.0
2024-07-31 15:00:00+07:00,6.9,4.8,196.0,0.0
2024-07-31 16:00:00+07:00,6.9,4.8,226.0,0.0
2024-07-31 17:00:00+07:00,10.2,7.2,318.0,0.0
2024-07-31 18:00:00+07:00,11.8,8.4,443.0,0.0
2024-07-31 19:00:00+07:00,16.2,11.5,619.0,0.0
2024-07-31 20:00:00+07:00,15.1,10.7,585.0,0.0
2024-07-31 21:00:00+07:00,12.5,8.8,535.0,0.0
2024-07-31 22:00:00+07:00,12.5,8.8,476.0,0.0
2024-07-31 23:00:00+07:00,12.1,8.6,403.0,0.0
2024-08-01 00:00:00+07:00,9.2,6.5,321.0,0.0
2024-08-01 01:00:00+07:00,6.8,4.8,258.0,0.0
2024-08-01 02:00:00+07:00,5.7,4.1,225.0,0.0
2024-08-01 03:00:00+07:00,5.2,3.7,210.0,0.0
2024-08-01 04:00:00+07:00,4.8,3.4,204.0,0.0
2024-08-01 05:00:00+07:00,4.2,3.0,210.0,0.0
2024-08-01 06:00:00+07:00,3.2,2.3,225.0,0.0
2024-08-01 07:00:00+07:00,5.2,3.7,340.0,0.0
2024-08-01 08:00:00+07:00,5.2,3.6,314.0,0.0
2024-08-01 09:00:00+07:00,5.7,4.0,279.0,0.0
2024-08-01 10:00:00+07:00,5.3,3.6,252.0,0.0
2024-08-01 11:00:00+07:00,7.4,5.2,239.0,0.0
2024-08-01 12:00:00+07:00,7.2,5.0,235.0,0.0
2024-08-01 13:00:00+07:00,6.4,4.5,240.0,0.0
2024-08-01 14:00:00+07:00,7.5,5.2,250.0,0.0
2024-08-01 15:00:00+07:00,7.4,5.2,271.0,0.0
2024-08-01 16:00:00+07:00,6.9,4.9,318.0,0.0
2024-08-01 17:00:00+07:00,8.4,5.8,414.0,0.0
2024-08-01 18:00:00+07:00,11.0,7.7,538.0,0.0
2024-08-01 19:00:00+07:00,17.5,12.3,651.0,1.0
2024-08-01 20:00:00+07:00,17.1,12.0,662.0,1.0
2024-08-01 21:00:00+07:00,16.4,11.6,675.0,0.0
2024-08-01 22:00:00+07:00,13.8,9.7,666.0,0.0
2024-08-01 23:00:00+07:00,9.5,6.7,619.0,0.0
2024-08-02 00:00:00+07:00,9.1,6.4,551.0,0.0
2024-08-02 01:00:00+07:00,6.0,4.2,486.0,0.0
2024-08-02 02:00:00+07:00,5.1,3.6,428.0,0.0
2024-08-02 03:00:00+07:00,4.9,3.4,374.0,0.0
2024-08-02 04:00:00+07:00,4.7,3.3,336.0,0.0
2024-08-02 05:00:00+07:00,3.2,2.3,326.0,0.0
2024-08-02 06:00:00+07:00,2.3,1.6,332.0,0.0
2024-08-02 07:00:00+07:00,5.1,3.6,591.0,0.0
2024-08-02 08:00:00+07:00,6.3,4.4,500.0,0.0
2024-08-02 09:00:00+07:00,7.6,5.2,374.0,0.0
2024-08-02 10:00:00+07:00,8.6,6.0,279.0,0.0
2024-08-02 11:00:00+07:00,9.6,6.7,247.0,0.0
2024-08-02 12:00:00+07:00,9.3,6.4,245.0,0.0
2024-08-02 13:00:00+07:00,9.5,6.6,248.0,0.0
2024-08-02 14:00:00+07:00,10.4,7.2,233.0,0.0
2024-08-02 15:00:00+07:00,10.8,7.5,222.0,1.0
2024-08-02 16:00:00+07:00,10.1,7.0,251.0,1.0
2024-08-02 17:00:00+07:00,10.2,7.1,352.0,1.0
2024-08-02 18:00:00+07:00,12.5,8.7,493.0,0.0
2024-08-02 19:00:00+07:00,18.0,12.7,700.0,0.0
2024-08-02 20:00:00+07:00,20.3,14.3,763.0,0.0
2024-08-02 21:00:00+07:00,19.1,13.4,849.0,0.0
2024-08-02 22:00:00+07:00,17.8,12.5,920.0,0.0
2024-08-02 23:00:00+07:00,17.2,12.1,974.0,0.0
2024-08-03 00:00:00+07:00,16.8,11.8,1012.0,0.0
2024-08-03 01:00:00+07:00,15.0,10.5,992.0,0.0
2024-08-03 02:00:00+07:00,14.7,10.3,870.0,0.0
2024-08-03 03:00:00+07:00,12.2,8.5,690.0,0.0
2024-08-03 04:00:00+07:00,10.3,7.2,542.0,0.0
2024-08-03 05:00:00+07:00,9.0,6.3,464.0,0.0
2024-08-03 06:00:00+07:00,8.3,5.8,418.0,0.0
2024-08-03 07:00:00+07:00,7.7,5.4,335.0,0.0
2024-08-03 08:00:00+07:00,9.8,6.9,345.0,0.0
2024-08-03 09:00:00+07:00,12.4,8.7,357.0,0.0
2024-08-03 10:00:00+07:00,14.3,10.0,350.0,0.0
2024-08-03 11:00:00+07:00,13.0,9.1,303.0,0.0
2024-08-03 12:00:00+07:00,9.6,6.7,237.0,1.0
2024-08-03 13:00:00+07:00,8.6,6.0,196.0,1.0
2024-08-03 14:00:00+07:00,8.5,5.8,193.0,1.0
2024-08-03 15:00:00+07:00,9.7,6.6,214.0,2.0
2024-08-03 16:00:00+07:00,13.0,8.8,263.0,2.0
2024-08-03 17:00:00+07:00,12.9,8.9,335.0,1.0
2024-08-03 18:00:00+07:00,15.5,10.9,436.0,1.0
2024-08-03 19:00:00+07:00,18.9,13.2,470.0,1.0
2024-08-03 20:00:00+07:00,19.6,13.9,548.0,1.0
2024-08-03 21:00:00+07:00,21.7,15.4,655.0,0.0
2024-08-03 22:00:00+07:00,21.7,15.4,740.0,0.0
2024-08-03 23:00:00+07:00,21.5,15.3,784.0,0.0
2024-08-04 00:00:00+07:00,20.8,14.8,805.0,0.0
2024-08-04 01:00:00+07:00,18.9,13.4,802.0,0.0
2024-08-04 02:00:00+07:00,17.3,12.3,768.0,0.0
2024-08-04 03:00:00+07:00,16.1,11.4,711.0,0.0
2024-08-04 04:00:00+07:00,14.8,10.5,652.0,0.0
2024-08-04 05:00:00+07:00,13.8,9.8,598.0,0.0
2024-08-04 06:00:00+07:00,14.0,9.9,543.0,1.0
2024-08-04 07:00:00+07:00,15.2,10.6,450.0,0.0
2024-08-04 08:00:00+07:00,15.9,11.1,400.0,0.0
2024-08-04 09:00:00+07:00,16.9,11.8,330.0,1.0
2024-08-04 10:00:00+07:00,15.0,10.4,272.0,1.0
2024-08-04 11:00:00+07:00,13.8,9.5,240.0,1.0
2024-08-04 12:00:00+07:00,14.0,9.7,221.0,1.0
2024-08-04 13:00:00+07:00,15.5,10.7,207.0,1.0
2024-08-04 14:00:00+07:00,14.1,9.8,181.0,1.0
2024-08-04 15:00:00+07:00,12.6,8.8,161.0,1.0
2024-08-04 16:00:00+07:00,11.1,7.7,193.0,1.0
2024-08-04 17:00:00+07:00,10.6,7.4,313.0,1.0
2024-08-04 18:00:00+07:00,13.8,9.7,485.0,0.0
2024-08-04 19:00:00+07:00,22.2,15.3,545.0,2.0
2024-08-04 20:00:00+07:00,21.6,15.3,603.0,1.0
2024-08-04 21:00:00+07:00,21.8,15.4,681.0,1.0
2024-08-04 22:00:00+07:00,21.1,15.0,735.0,0.0
2024-08-04 23:00:00+07:00,22.1,15.6,753.0,0.0
2024-08-05 00:00:00+07:00,20.3,14.3,746.0,0.0
2024-08-05 01:00:00+07:00,18.3,13.0,701.0,0.0
2024-08-05 02:00:00+07:00,15.9,11.2,586.0,0.0
2024-08-05 03:00:00+07:00,13.7,9.6,433.0,0.0
2024-08-05 04:00:00+07:00,6.1,4.4,323.0,0.0
2024-08-05 05:00:00+07:00,5.7,4.1,301.0,0.0
2024-08-05 06:00:00+07:00,6.1,4.3,322.0,0.0
2024-08-05 07:00:00+07:00,14.3,10.0,478.0,1.0
2024-08-05 08:00:00+07:00,15.2,10.6,448.0,1.0
2024-08-05 09:00:00+07:00,16.5,11.5,405.0,1.0
2024-08-05 10:00:00+07:00,17.3,12.1,367.0,1.0
2024-08-05 11:00:00+07:00,15.8,10.9,339.0,1.0
2024-08-05 12:00:00+07:00,12.5,8.6,315.0,1.0
2024-08-05 13:00:00+07:00,15.4,10.7,295.0,1.0
2024-08-05 14:00:00+07:00,14.1,9.8,261.0,1.0
2024-08-05 15:00:00+07:00,13.2,9.3,230.0,0.0
2024-08-05 16:00:00+07:00,12.5,8.8,257.0,0.0
2024-08-05 17:00:00+07:00,13.0,9.1,379.0,0.0
2024-08-05 18:00:00+07:00,14.5,10.2,559.0,0.0
2024-08-05 19:00:00+07:00,26.3,18.6,597.0,2.0
2024-08-05 20:00:00+07:00,27.4,19.6,579.0,2.0
2024-08-05 21:00:00+07:00,24.6,17.6,554.0,1.0
2024-08-05 22:00:00+07:00,21.2,15.2,534.0,1.0
2024-08-05 23:00:00+07:00,18.5,13.2,527.0,1.0
2024-08-06 00:00:00+07:00,18.4,13.2,526.0,0.0
2024-08-06 01:00:00+07:00,15.5,11.1,521.0,0.0
2024-08-06 02:00:00+07:00,14.3,10.2,505.0,0.0
2024-08-06 03:00:00+07:00,13.1,9.3,484.0,0.0
2024-08-06 04:00:00+07:00,12.4,8.8,468.0,0.0
2024-08-06 05:00:00+07:00,11.8,8.4,467.0,0.0
2024-08-06 06:00:00+07:00,12.1,8.6,469.0,1.0
2024-08-06 07:00:00+07:00,7.9,5.6,539.0,0.0
2024-08-06 08:00:00+07:00,11.4,8.0,487.0,0.0
2024-08-06 09:00:00+07:00,11.6,8.2,413.0,1.0
2024-08-06 10:00:00+07:00,16.4,11.6,346.0,1.0
2024-08-06 11:00:00+07:00,17.4,12.3,293.0,1.0
2024-08-06 12:00:00+07:00,15.0,10.6,246.0,1.0
2024-08-06 13:00:00+07:00,13.6,9.6,215.0,1.0
2024-08-06 14:00:00+07:00,11.9,8.4,195.0,1.0
2024-08-06 15:00:00+07:00,15.1,10.7,190.0,0.0
2024-08-06 16:00:00+07:00,11.8,8.3,223.0,0.0
2024-08-06 17:00:00+07:00,13.1,9.2,314.0,0.0
2024-08-06 18:00:00+07:00,13.4,9.5,442.0,0.0
2024-08-06 19:00:00+07:00,28.8,20.5,577.0,2.0
2024-08-06 20:00:00+07:00,29.8,21.5,682.0,2.0
2024-08-06 21:00:00+07:00,30.2,21.8,822.0,1.0
2024-08-06 22:00:00+07:00,30.2,21.8,890.0,1.0
2024-08-06 23:00:00+07:00,26.5,19.1,820.0,1.0
2024-08-07 00:00:00+07:00,23.1,16.6,677.0,1.0
2024-08-07 01:00:00+07:00,19.8,14.3,553.0,1.0
2024-08-07 02:00:00+07:00,17.5,12.7,474.0,1.0
2024-08-07 03:00:00+07:00,14.9,10.8,413.0,0.0
2024-08-07 04:00:00+07:00,13.3,9.7,377.0,0.0
2024-08-07 05:00:00+07:00,11.2,8.1,381.0,0.0
2024-08-07 06:00:00+07:00,10.3,7.4,410.0,0.0
2024-08-07 07:00:00+07:00,13.2,9.4,477.0,0.0
2024-08-07 08:00:00+07:00,13.2,9.3,409.0,0.0
2024-08-07 09:00:00+07:00,9.7,6.9,314.0,0.0
2024-08-07 10:00:00+07:00,9.0,6.3,243.0,0.0
2024-08-07 11:00:00+07:00,10.2,7.2,217.0,0.0
2024-08-07 12:00:00+07:00,10.6,7.5,214.0,0.0
2024-08-07 13:00:00+07:00,12.5,8.9,215.0,0.0
2024-08-07 14:00:00+07:00,14.5,10.4,205.0,0.0
2024-08-07 15:00:00+07:00,13.4,9.6,199.0,0.0
2024-08-07 16:00:00+07:00,13.2,9.5,226.0,0.0
2024-08-07 17:00:00+07:00,12.9,9.3,306.0,0.0
2024-08-07 18:00:00+07:00,12.9,9.3,417.0,0.0
2024-08-07 19:00:00+07:00,31.4,23.2,598.0,1.0
2024-08-07 20:00:00+07:00,33.5,24.8,710.0,1.0
2024-08-07 21:00:00+07:00,34.1,25.0,861.0,0.0
2024-08-07 22:00:00+07:00,31.5,23.0,946.0,0.0
2024-08-07 23:00:00+07:00,28.6,20.8,905.0,0.0
2024-08-08 00:00:00+07:00,27.0,19.6,798.0,0.0
2024-08-08 01:00:00+07:00,22.6,16.5,695.0,0.0
2024-08-08 02:00:00+07:00,20.0,14.6,619.0,0.0
2024-08-08 03:00:00+07:00,17.2,12.6,547.0,0.0
2024-08-08 04:00:00+07:00,15.7,11.5,480.0,0.0
2024-08-08 05:00:00+07:00,15.3,11.2,415.0,0.0
2024-08-08 06:00:00+07:00,14.6,10.6,356.0,1.0
2024-08-08 07:00:00+07:00,15.7,11.3,461.0,1.0
2024-08-08 08:00:00+07:00,15.8,11.3,421.0,1.0
2024-08-08 09:00:00+07:00,18.2,13.0,365.0,1.0
2024-08-08 10:00:00+07:00,16.3,11.6,321.0,1.0
2024-08-08 11:00:00+07:00,15.4,11.0,300.0,1.0
2024-08-08 12:00:00+07:00,15.7,11.2,290.0,1.0
2024-08-08 13:00:00+07:00,14.9,10.6,282.0,1.0
2024-08-08 14:00:00+07:00,15.3,10.9,252.0,1.0
2024-08-08 15:00:00+07:00,15.0,10.7,224.0,0.0
2024-08-08 16:00:00+07:00,14.3,10.2,257.0,0.0
2024-08-08 17:00:00+07:00,14.4,10.2,391.0,0.0
2024-08-08 18:00:00+07:00,15.5,11.0,585.0,0.0
2024-08-08 19:00:00+07:00,32.1,22.9,798.0,1.0
2024-08-08 20:00:00+07:00,37.3,26.8,1016.0,1.0
2024-08-08 21:00:00+07:00,38.4,27.6,1318.0,0.0
2024-08-08 22:00:00+07:00,38.0,27.3,1550.0,0.0
2024-08-08 23:00:00+07:00,37.0,26.6,1652.0,0.0
2024-08-09 00:00:00+07:00,35.0,25.1,1685.0,0.0
2024-08-09 01:00:00+07:00,32.7,23.5,1673.0,0.0
2024-08-09 02:00:00+07:00,29.5,21.2,1610.0,0.0
2024-08-09 03:00:00+07:00,26.2,18.9,1502.0,0.0
2024-08-09 04:00:00+07:00,23.3,16.8,1397.0,0.0
2024-08-09 05:00:00+07:00,21.1,15.3,1333.0,0.0
2024-08-09 06:00:00+07:00,20.0,14.5,1271.0,1.0
2024-08-09 07:00:00+07:00,26.3,18.9,962.0,1.0
2024-08-09 08:00:00+07:00,34.0,24.3,764.0,2.0
2024-08-09 09:00:00+07:00,31.3,21.8,492.0,2.0
2024-08-09 10:00:00+07:00,23.8,16.4,283.0,3.0
2024-08-09 11:00:00+07:00,22.1,15.1,203.0,3.0
2024-08-09 12:00:00+07:00,20.7,14.2,188.0,3.0
2024-08-09 13:00:00+07:00,18.6,12.8,184.0,3.0
2024-08-09 14:00:00+07:00,17.9,12.3,154.0,3.0
2024-08-09 15:00:00+07:00,17.3,12.0,135.0,3.0
2024-08-09 16:00:00+07:00,16.3,11.2,183.0,3.0
2024-08-09 17:00:00+07:00,16.1,11.1,350.0,2.0
2024-08-09 18:00:00+07:00,20.0,14.1,584.0,2.0
2024-08-09 19:00:00+07:00,25.1,17.8,612.0,1.0
2024-08-09 20:00:00+07:00,28.7,20.4,764.0,1.0
2024-08-09 21:00:00+07:00,29.4,20.9,972.0,0.0
2024-08-09 22:00:00+07:00,28.5,20.2,1123.0,0.0
2024-08-09 23:00:00+07:00,27.0,19.2,1167.0,0.0
2024-08-10 00:00:00+07:00,24.5,17.5,1154.0,0.0
2024-08-10 01:00:00+07:00,21.2,15.2,1116.0,0.0
2024-08-10 02:00:00+07:00,18.2,13.1,1048.0,0.0
2024-08-10 03:00:00+07:00,15.7,11.3,956.0,0.0
2024-08-10 04:00:00+07:00,13.8,10.0,893.0,0.0
2024-08-10 05:00:00+07:00,12.5,9.0,911.0,0.0
2024-08-10 06:00:00+07:00,11.7,8.4,957.0,0.0
2024-08-10 07:00:00+07:00,16.0,11.4,903.0,0.0
2024-08-10 08:00:00+07:00,21.0,14.5,712.0,1.0
2024-08-10 09:00:00+07:00,20.1,13.6,449.0,1.0
2024-08-10 10:00:00+07:00,16.4,11.1,251.0,2.0
2024-08-10 11:00:00+07:00,15.0,10.2,183.0,2.0
2024-08-10 12:00:00+07:00,13.8,9.4,179.0,1.0
2024-08-10 13:00:00+07:00,13.0,8.8,183.0,1.0
2024-08-10 14:00:00+07:00,12.0,8.0,161.0,1.0
2024-08-10 15:00:00+07:00,11.7,7.8,147.0,2.0
2024-08-10 16:00:00+07:00,11.4,7.7,183.0,2.0
2024-08-10 17:00:00+07:00,11.3,7.6,302.0,1.0
2024-08-10 18:00:00+07:00,17.6,12.3,471.0,1.0
2024-08-10 19:00:00+07:00,24.3,17.1,545.0,1.0
2024-08-10 20:00:00+07:00,26.3,18.6,653.0,1.0
2024-08-10 21:00:00+07:00,24.9,17.6,802.0,0.0
2024-08-10 22:00:00+07:00,23.6,16.6,919.0,0.0
2024-08-10 23:00:00+07:00,22.4,15.8,978.0,0.0
2024-08-11 00:00:00+07:00,20.9,14.8,1004.0,0.0
2024-08-11 01:00:00+07:00,18.9,13.4,1004.0,0.0
2024-08-11 02:00:00+07:00,16.4,11.8,961.0,0.0
2024-08-11 03:00:00+07:00,14.6,10.5,892.0,0.0
2024-08-11 04:00:00+07:00,13.3,9.6,849.0,0.0
2024-08-11 05:00:00+07:00,12.4,8.9,888.0,0.0
2024-08-11 06:00:00+07:00,12.3,8.8,954.0,0.0
2024-08-11 07:00:00+07:00,15.8,11.2,639.0,1.0
2024-08-11 08:00:00+07:00,21.0,14.6,522.0,2.0
2024-08-11 09:00:00+07:00,22.6,15.3,361.0,2.0
2024-08-11 10:00:00+07:00,19.0,12.7,238.0,3.0
2024-08-11 11:00:00+07:00,17.6,11.7,191.0,3.0
2024-08-11 12:00:00+07:00,16.5,10.8,181.0,3.0
2024-08-11 13:00:00+07:00,15.4,10.0,180.0,3.0
2024-08-11 14:00:00+07:00,14.5,9.3,155.0,3.0
2024-08-11 15:00:00+07:00,14.0,8.8,137.0,3.0
2024-08-11 16:00:00+07:00,13.8,9.0,194.0,3.0
2024-08-11 17:00:00+07:00,14.7,9.7,378.0,2.0
2024-08-11 18:00:00+07:00,17.8,12.1,637.0,2.0
2024-08-11 19:00:00+07:00,22.8,16.1,622.0,0.0
2024-08-11 20:00:00+07:00,27.2,19.0,840.0,0.0
2024-08-11 21:00:00+07:00,28.2,19.8,1141.0,0.0
2024-08-11 22:00:00+07:00,29.0,20.3,1362.0,0.0
2024-08-11 23:00:00+07:00,29.7,20.7,1440.0,0.0
2024-08-12 00:00:00+07:00,27.6,19.3,1438.0,0.0
2024-08-12 01:00:00+07:00,24.6,17.2,1386.0,0.0
2024-08-12 02:00:00+07:00,21.2,14.8,1261.0,0.0
2024-08-12 03:00:00+07:00,18.0,12.7,1086.0,0.0
2024-08-12 04:00:00+07:00,15.8,11.2,959.0,0.0
2024-08-12 05:00:00+07:00,14.2,10.1,955.0,0.0
2024-08-12 06:00:00+07:00,13.5,9.6,1000.0,0.0
2024-08-12 07:00:00+07:00,18.4,13.0,758.0,0.0
2024-08-12 08:00:00+07:00,21.2,14.9,651.0,1.0
2024-08-12 09:00:00+07:00,21.9,15.1,504.0,2.0
2024-08-12 10:00:00+07:00,21.3,14.6,398.0,3.0
2024-08-12 11:00:00+07:00,24.0,16.6,373.0,3.0
2024-08-12 12:00:00+07:00,20.9,14.5,390.0,2.0
2024-08-12 13:00:00+07:00,24.5,17.3,412.0,2.0
2024-08-12 14:00:00+07:00,23.9,16.9,423.0,2.0
2024-08-12 15:00:00+07:00,25.3,17.9,439.0,1.0
2024-08-12 16:00:00+07:00,25.6,18.2,471.0,1.0
2024-08-12 17:00:00+07:00,28.2,20.0,528.0,1.0
2024-08-12 18:00:00+07:00,29.0,20.5,602.0,0.0
2024-08-12 19:00:00+07:00,32.8,23.5,770.0,1.0
2024-08-12 20:00:00+07:00,32.7,23.4,841.0,1.0
2024-08-12 21:00:00+07:00,33.3,23.9,936.0,0.0
2024-08-12 22:00:00+07:00,32.8,23.4,988.0,0.0
2024-08-12 23:00:00+07:00,31.1,22.1,971.0,0.0
2024-08-13 00:00:00+07:00,29.8,21.2,911.0,0.0
2024-08-13 01:00:00+07:00,29.2,20.7,823.0,0.0
2024-08-13 02:00:00+07:00,24.0,17.0,683.0,0.0
2024-08-13 03:00:00+07:00,20.5,14.6,515.0,0.0
2024-08-13 04:00:00+07:00,15.2,10.8,403.0,0.0
2024-08-13 05:00:00+07:00,13.6,9.7,397.0,0.0
2024-08-13 06:00:00+07:00,13.9,9.9,447.0,0.0
2024-08-13 07:00:00+07:00,7.0,5.0,408.0,0.0
2024-08-13 08:00:00+07:00,8.9,6.3,423.0,0.0
2024-08-13 09:00:00+07:00,10.6,7.4,441.0,0.0
2024-08-13 10:00:00+07:00,11.6,8.1,435.0,0.0
2024-08-13 11:00:00+07:00,11.3,7.9,379.0,0.0
2024-08-13 12:00:00+07:00,9.6,6.7,299.0,0.0
2024-08-13 13:00:00+07:00,10.2,7.1,247.0,0.0
2024-08-13 14:00:00+07:00,10.8,7.6,238.0,0.0
2024-08-13 15:00:00+07:00,9.0,6.3,257.0,0.0
2024-08-13 16:00:00+07:00,9.8,6.9,315.0,0.0
2024-08-13 17:00:00+07:00,11.9,8.4,441.0,0.0
2024-08-13 18:00:00+07:00,13.1,9.2,607.0,0.0
2024-08-13 19:00:00+07:00,29.6,20.7,723.0,1.0
2024-08-13 20:00:00+07:00,26.8,19.0,732.0,1.0
2024-08-13 21:00:00+07:00,26.1,18.5,748.0,0.0
2024-08-13 22:00:00+07:00,25.4,17.9,774.0,0.0
2024-08-13 23:00:00+07:00,24.9,17.6,830.0,0.0
2024-08-14 00:00:00+07:00,24.8,17.5,897.0,0.0
2024-08-14 01:00:00+07:00,23.5,16.6,927.0,0.0
2024-08-14 02:00:00+07:00,21.9,15.4,895.0,0.0
2024-08-14 03:00:00+07:00,21.2,15.0,824.0,0.0
2024-08-14 04:00:00+07:00,21.2,15.0,740.0,0.0
2024-08-14 05:00:00+07:00,18.5,13.0,639.0,0.0
2024-08-14 06:00:00+07:00,15.1,10.6,524.0,0.0
2024-08-14 07:00:00+07:00,17.8,12.5,547.0,0.0
2024-08-14 08:00:00+07:00,17.5,12.2,470.0,0.0
2024-08-14 09:00:00+07:00,16.6,11.6,363.0,1.0
2024-08-14 10:00:00+07:00,14.5,10.0,277.0,1.0
2024-08-14 11:00:00+07:00,11.2,7.7,234.0,1.0
2024-08-14 12:00:00+07:00,12.8,8.8,213.0,1.0
2024-08-14 13:00:00+07:00,11.4,7.9,200.0,1.0
2024-08-14 14:00:00+07:00,10.7,7.4,168.0,1.0
2024-08-14 15:00:00+07:00,10.5,7.3,144.0,1.0
2024-08-14 16:00:00+07:00,9.3,6.5,197.0,1.0
2024-08-14 17:00:00+07:00,9.7,6.8,410.0,1.0
2024-08-14 18:00:00+07:00,15.9,11.2,700.0,0.0
2024-08-14 19:00:00+07:00,29.3,20.1,722.0,4.0
2024-08-14 20:00:00+07:00,30.0,21.1,773.0,3.0
2024-08-14 21:00:00+07:00,28.6,20.3,844.0,2.0
2024-08-14 22:00:00+07:00,25.3,17.9,905.0,1.0
2024-08-14 23:00:00+07:00,26.8,19.0,958.0,1.0
2024-08-15 00:00:00+07:00,27.0,19.0,1001.0,1.0
2024-08-15 01:00:00+07:00,24.0,17.0,999.0,1.0
2024-08-15 02:00:00+07:00,15.1,10.7,920.0,1.0
2024-08-15 03:00:00+07:00,11.4,8.1,795.0,1.0
2024-08-15 04:00:00+07:00,12.0,8.5,684.0,1.0
2024-08-15 05:00:00+07:00,13.1,9.2,609.0,1.0
2024-08-15 06:00:00+07:00,10.8,7.6,548.0,1.0
2024-08-15 07:00:00+07:00,9.2,6.5,319.0,1.0
2024-08-15 08:00:00+07:00,10.7,7.6,321.0,1.0
2024-08-15 09:00:00+07:00,11.5,8.2,322.0,0.0
2024-08-15 10:00:00+07:00,11.4,8.1,316.0,0.0
2024-08-15 11:00:00+07:00,11.4,8.1,295.0,0.0
2024-08-15 12:00:00+07:00,11.4,8.1,266.0,0.0
2024-08-15 13:00:00+07:00,10.6,7.5,243.0,0.0
2024-08-15 14:00:00+07:00,11.3,8.0,202.0,0.0
2024-08-15 15:00:00+07:00,11.2,8.0,168.0,0.0
2024-08-15 16:00:00+07:00,10.1,7.2,225.0,0.0
2024-08-15 17:00:00+07:00,11.3,8.0,433.0,0.0
2024-08-15 18:00:00+07:00,20.0,14.1,732.0,0.0
2024-08-15 19:00:00+07:00,23.6,16.8,501.0,1.0
2024-08-15 20:00:00+07:00,25.6,18.4,637.0,1.0
2024-08-15 21:00:00+07:00,26.7,19.2,823.0,0.0
2024-08-15 22:00:00+07:00,28.1,20.1,960.0,0.0
2024-08-15 23:00:00+07:00,28.5,20.3,1005.0,0.0
2024-08-16 00:00:00+07:00,26.5,18.9,1000.0,0.0
2024-08-16 01:00:00+07:00,25.1,17.9,972.0,0.0
2024-08-16 02:00:00+07:00,23.9,17.0,921.0,0.0
2024-08-16 03:00:00+07:00,22.1,15.8,846.0,0.0
2024-08-16 04:00:00+07:00,20.5,14.7,772.0,0.0
2024-08-16 05:00:00+07:00,19.7,14.0,710.0,0.0
2024-08-16 06:00:00+07:00,18.0,12.8,649.0,0.0
2024-08-16 07:00:00+07:00,13.9,9.8,523.0,0.0
2024-08-16 08:00:00+07:00,14.4,10.2,483.0,0.0
2024-08-16 09:00:00+07:00,16.8,11.8,425.0,0.0
2024-08-16 10:00:00+07:00,19.4,13.7,371.0,0.0
2024-08-16 11:00:00+07:00,18.4,13.0,324.0,0.0
2024-08-16 12:00:00+07:00,16.2,11.4,280.0,0.0
2024-08-16 13:00:00+07:00,14.8,10.4,247.0,0.0
2024-08-16 14:00:00+07:00,15.8,11.1,211.0,0.0
2024-08-16 15:00:00+07:00,15.6,10.9,186.0,0.0
2024-08-16 16:00:00+07:00,13.2,9.3,226.0,0.0
2024-08-16 17:00:00+07:00,12.7,8.9,375.0,0.0
2024-08-16 18:00:00+07:00,16.9,11.9,589.0,0.0
2024-08-16 19:00:00+07:00,31.3,22.1,813.0,0.0
2024-08-16 20:00:00+07:00,26.8,18.9,833.0,0.0
2024-08-16 21:00:00+07:00,27.2,19.2,859.0,0.0
2024-08-16 22:00:00+07:00,27.0,19.0,866.0,0.0
2024-08-16 23:00:00+07:00,25.1,17.7,844.0,0.0
2024-08-17 00:00:00+07:00,22.6,15.9,802.0,0.0
2024-08-17 01:00:00+07:00,16.2,11.4,743.0,0.0
2024-08-17 02:00:00+07:00,13.9,9.8,647.0,0.0
2024-08-17 03:00:00+07:00,11.7,8.3,533.0,0.0
2024-08-17 04:00:00+07:00,10.2,7.2,461.0,0.0
2024-08-17 05:00:00+07:00,9.7,6.8,477.0,0.0
2024-08-17 06:00:00+07:00,9.3,6.6,535.0,0.0
2024-08-17 07:00:00+07:00,8.7,6.1,559.0,0.0
2024-08-17 08:00:00+07:00,11.0,7.7,535.0,0.0
2024-08-17 09:00:00+07:00,13.3,9.4,499.0,0.0
2024-08-17 10:00:00+07:00,16.5,11.6,451.0,0.0
2024-08-17 11:00:00+07:00,14.7,10.4,376.0,0.0
2024-08-17 12:00:00+07:00,14.3,10.0,288.0,0.0
2024-08-17 13:00:00+07:00,13.3,9.3,229.0,0.0
2024-08-17 14:00:00+07:00,13.8,9.6,211.0,0.0
2024-08-17 15:00:00+07:00,13.6,9.5,223.0,0.0
2024-08-17 16:00:00+07:00,14.8,10.4,273.0,0.0
2024-08-17 17:00:00+07:00,16.7,11.7,375.0,0.0
2024-08-17 18:00:00+07:00,18.4,12.9,516.0,0.0
2024-08-17 19:00:00+07:00,30.3,21.3,686.0,0.0
2024-08-17 20:00:00+07:00,24.3,17.2,643.0,0.0
2024-08-17 21:00:00+07:00,22.9,16.2,585.0,0.0
2024-08-17 22:00:00+07:00,22.1,15.7,556.0,0.0
2024-08-17 23:00:00+07:00,21.4,15.1,588.0,0.0
2024-08-18 00:00:00+07:00,20.1,14.2,648.0,0.0
2024-08-18 01:00:00+07:00,19.3,13.6,687.0,0.0
2024-08-18 02:00:00+07:00,17.9,12.7,682.0,0.0
2024-08-18 03:00:00+07:00,16.4,11.6,655.0,0.0
2024-08-18 04:00:00+07:00,13.4,9.4,620.0,0.0
2024-08-18 05:00:00+07:00,10.1,7.1,585.0,0.0
2024-08-18 06:00:00+07:00,10.4,7.3,543.0,0.0
2024-08-18 07:00:00+07:00,4.6,3.2,509.0,0.0
2024-08-18 08:00:00+07:00,7.2,5.0,431.0,0.0
2024-08-18 09:00:00+07:00,7.4,5.2,324.0,0.0
2024-08-18 10:00:00+07:00,6.3,4.4,245.0,0.0
2024-08-18 11:00:00+07:00,6.0,4.2,222.0,0.0
2024-08-18 12:00:00+07:00,6.4,4.5,229.0,0.0
2024-08-18 13:00:00+07:00,12.7,8.8,238.0,0.0
2024-08-18 14:00:00+07:00,13.0,9.1,229.0,0.0
2024-08-18 15:00:00+07:00,17.8,12.4,223.0,0.0
2024-08-18 16:00:00+07:00,14.8,10.3,262.0,0.0
2024-08-18 17:00:00+07:00,15.1,10.5,374.0,0.0
2024-08-18 18:00:00+07:00,16.7,11.7,530.0,0.0
2024-08-18 19:00:00+07:00,22.7,15.9,547.0,0.0
2024-08-18 20:00:00+07:00,20.4,14.3,566.0,0.0
2024-08-18 21:00:00+07:00,21.1,14.8,595.0,0.0
2024-08-18 22:00:00+07:00,19.6,13.8,631.0,0.0
2024-08-18 23:00:00+07:00,18.9,13.2,685.0,0.0
2024-08-19 00:00:00+07:00,18.8,13.2,746.0,0.0
2024-08-19 01:00:00+07:00,18.3,12.9,778.0,0.0
2024-08-19 02:00:00+07:00,18.3,12.8,761.0,0.0
2024-08-19 03:00:00+07:00,17.0,11.9,715.0,0.0
2024-08-19 04:00:00+07:00,14.0,9.8,662.0,0.0
2024-08-19 05:00:00+07:00,12.1,8.5,610.0,0.0
2024-08-19 06:00:00+07:00,11.0,7.7,552.0,0.0
2024-08-19 07:00:00+07:00,7.3,5.1,599.0,0.0
2024-08-19 08:00:00+07:00,12.0,8.4,532.0,0.0
2024-08-19 09:00:00+07:00,14.0,9.7,437.0,0.0
2024-08-19 10:00:00+07:00,17.2,12.0,357.0,0.0
2024-08-19 11:00:00+07:00,18.6,13.0,304.0,0.0
2024-08-19 12:00:00+07:00,19.4,13.6,264.0,0.0
2024-08-19 13:00:00+07:00,18.7,13.1,242.0,0.0
2024-08-19 14:00:00+07:00,19.0,13.3,231.0,0.0
2024-08-19 15:00:00+07:00,18.7,13.1,237.0,0.0
2024-08-19 16:00:00+07:00,20.8,14.6,278.0,0.0
2024-08-19 17:00:00+07:00,21.5,15.1,368.0,0.0
2024-08-19 18:00:00+07:00,20.8,14.6,494.0,0.0
2024-08-19 19:00:00+07:00,30.2,21.2,836.0,0.0
2024-08-19 20:00:00+07:00,32.9,23.2,868.0,0.0
2024-08-19 21:00:00+07:00,30.2,21.2,913.0,0.0
2024-08-19 22:00:00+07:00,27.3,19.3,958.0,0.0
2024-08-19 23:00:00+07:00,26.8,18.9,1013.0,0.0
2024-08-20 00:00:00+07:00,25.7,18.0,1067.0,0.0
2024-08-20 01:00:00+07:00,23.1,16.2,1075.0,0.0
2024-08-20 02:00:00+07:00,17.2,12.1,1005.0,0.0
2024-08-20 03:00:00+07:00,13.9,9.7,889.0,0.0
2024-08-20 04:00:00+07:00,12.6,8.8,775.0,0.0
2024-08-20 05:00:00+07:00,12.3,8.6,680.0,0.0
2024-08-20 06:00:00+07:00,11.6,8.1,587.0,0.0
2024-08-20 07:00:00+07:00,13.7,9.5,674.0,0.0
2024-08-20 08:00:00+07:00,12.6,8.8,618.0,0.0
2024-08-20 09:00:00+07:00,15.8,11.1,539.0,0.0
2024-08-20 10:00:00+07:00,18.3,12.8,469.0,0.0
2024-08-20 11:00:00+07:00,21.7,15.1,417.0,0.0
2024-08-20 12:00:00+07:00,27.3,19.1,374.0,0.0
2024-08-20 13:00:00+07:00,26.4,18.5,347.0,0.0
2024-08-20 14:00:00+07:00,24.9,17.5,325.0,0.0
2024-08-20 15:00:00+07:00,23.9,16.8,319.0,0.0
2024-08-20 16:00:00+07:00,22.1,15.5,366.0,0.0
2024-08-20 17:00:00+07:00,24.5,17.2,504.0,0.0
2024-08-20 18:00:00+07:00,28.3,19.8,695.0,0.0
2024-08-20 19:00:00+07:00,36.2,25.6,901.0,0.0
2024-08-20 20:00:00+07:00,40.7,28.7,997.0,0.0
2024-08-20 21:00:00+07:00,39.7,28.0,1124.0,0.0
2024-08-20 22:00:00+07:00,36.9,26.0,1185.0,0.0
2024-08-20 23:00:00+07:00,34.7,24.4,1121.0,0.0
2024-08-21 00:00:00+07:00,32.0,22.5,990.0,0.0
2024-08-21 01:00:00+07:00,26.6,18.7,875.0,0.0
2024-08-21 02:00:00+07:00,16.5,11.6,808.0,0.0
2024-08-21 03:00:00+07:00,16.1,11.3,755.0,0.0
2024-08-21 04:00:00+07:00,11.2,7.9,702.0,0.0
2024-08-21 05:00:00+07:00,6.0,4.2,636.0,0.0
2024-08-21 06:00:00+07:00,5.3,3.7,569.0,0.0
2024-08-21 07:00:00+07:00,5.9,4.1,747.0,0.0
2024-08-21 08:00:00+07:00,10.4,7.3,710.0,0.0
2024-08-21 09:00:00+07:00,15.7,11.0,657.0,0.0
2024-08-21 10:00:00+07:00,16.2,11.3,596.0,0.0
2024-08-21 11:00:00+07:00,15.9,11.1,519.0,0.0
2024-08-21 12:00:00+07:00,14.0,9.8,434.0,0.0
2024-08-21 13:00:00+07:00,16.0,11.2,378.0,0.0
2024-08-21 14:00:00+07:00,12.9,9.1,353.0,0.0
2024-08-21 15:00:00+07:00,18.4,12.9,356.0,0.0
2024-08-21 16:00:00+07:00,17.5,12.3,412.0,0.0
2024-08-21 17:00:00+07:00,20.6,14.5,552.0,0.0
2024-08-21 18:00:00+07:00,21.7,15.3,746.0,0.0
2024-08-21 19:00:00+07:00,26.5,18.6,953.0,0.0
2024-08-21 20:00:00+07:00,30.6,21.4,1115.0,0.0
2024-08-21 21:00:00+07:00,31.0,21.7,1333.0,0.0
2024-08-21 22:00:00+07:00,29.9,21.0,1456.0,0.0
2024-08-21 23:00:00+07:00,28.6,20.0,1402.0,0.0
2024-08-22 00:00:00+07:00,25.6,17.9,1252.0,0.0
2024-08-22 01:00:00+07:00,22.1,15.5,1099.0,0.0
2024-08-22 02:00:00+07:00,16.7,11.7,962.0,0.0
2024-08-22 03:00:00+07:00,9.1,6.4,821.0,0.0
2024-08-22 04:00:00+07:00,8.1,5.7,708.0,0.0
2024-08-22 05:00:00+07:00,5.9,4.1,648.0,0.0
2024-08-22 06:00:00+07:00,3.7,2.6,616.0,0.0
2024-08-22 07:00:00+07:00,14.0,9.8,609.0,0.0
2024-08-22 08:00:00+07:00,17.9,12.5,530.0,0.0
2024-08-22 09:00:00+07:00,16.5,11.5,419.0,0.0
2024-08-22 10:00:00+07:00,15.2,10.7,324.0,0.0
2024-08-22 11:00:00+07:00,10.0,7.0,262.0,0.0
2024-08-22 12:00:00+07:00,9.3,6.5,215.0,0.0
2024-08-22 13:00:00+07:00,7.6,5.3,184.0,0.0
2024-08-22 14:00:00+07:00,8.6,6.0,155.0,0.0
2024-08-22 15:00:00+07:00,7.8,5.5,142.0,0.0
2024-08-22 16:00:00+07:00,6.8,4.8,178.0,0.0
2024-08-22 17:00:00+07:00,7.8,5.5,301.0,0.0
2024-08-22 18:00:00+07:00,14.5,10.2,474.0,0.0
2024-08-22 19:00:00+07:00,21.6,15.2,562.0,0.0
2024-08-22 20:00:00+07:00,22.6,15.9,596.0,0.0
2024-08-22 21:00:00+07:00,22.5,15.9,643.0,0.0
2024-08-22 22:00:00+07:00,20.5,14.4,676.0,0.0
2024-08-22 23:00:00+07:00,20.2,14.2,694.0,0.0
2024-08-23 00:00:00+07:00,20.1,14.2,698.0,0.0
2024-08-23 01:00:00+07:00,17.3,12.2,663.0,0.0
2024-08-23 02:00:00+07:00,13.2,9.3,555.0,0.0
2024-08-23 03:00:00+07:00,9.8,6.9,408.0,0.0
2024-08-23 04:00:00+07:00,8.5,6.0,302.0,0.0
2024-08-23 05:00:00+07:00,7.6,5.4,277.0,0.0
2024-08-23 06:00:00+07:00,6.8,4.8,292.0,0.0
2024-08-23 07:00:00+07:00,7.4,5.2,346.0,0.0
2024-08-23 08:00:00+07:00,6.9,4.8,321.0,0.0
2024-08-23 09:00:00+07:00,7.3,5.1,286.0,0.0
2024-08-23 10:00:00+07:00,6.5,4.6,257.0,0.0
2024-08-23 11:00:00+07:00,9.1,6.3,237.0,0.0
2024-08-23 12:00:00+07:00,8.5,6.0,223.0,0.0
2024-08-23 13:00:00+07:00,8.1,5.7,215.0,0.0
2024-08-23 14:00:00+07:00,7.7,5.4,202.0,0.0
2024-08-23 15:00:00+07:00,8.1,5.6,196.0,0.0
2024-08-23 16:00:00+07:00,8.6,6.0,230.0,0.0
2024-08-23 17:00:00+07:00,9.0,6.3,318.0,0.0
2024-08-23 18:00:00+07:00,11.3,7.9,446.0,0.0
2024-08-23 19:00:00+07:00,20.2,14.2,612.0,0.0
2024-08-23 20:00:00+07:00,21.8,15.3,674.0,0.0
2024-08-23 21:00:00+07:00,22.2,15.6,759.0,0.0
2024-08-23 22:00:00+07:00,21.2,14.9,824.0,0.0
2024-08-23 23:00:00+07:00,20.4,14.3,856.0,0.0
2024-08-24 00:00:00+07:00,20.0,14.1,868.0,0.0
2024-08-24 01:00:00+07:00,18.8,13.2,851.0,0.0
2024-08-24 02:00:00+07:00,17.0,11.9,790.0,0.0
2024-08-24 03:00:00+07:00,14.8,10.4,700.0,0.0
2024-08-24 04:00:00+07:00,14.3,10.0,617.0,0.0
2024-08-24 05:00:00+07:00,14.0,9.8,556.0,0.0
2024-08-24 06:00:00+07:00,12.7,8.9,503.0,0.0
2024-08-24 07:00:00+07:00,7.2,5.0,443.0,0.0
2024-08-24 08:00:00+07:00,8.7,6.1,386.0,0.0
2024-08-24 09:00:00+07:00,9.5,6.6,306.0,0.0
2024-08-24 10:00:00+07:00,10.1,7.0,246.0,0.0
2024-08-24 11:00:00+07:00,10.2,7.1,223.0,0.0
2024-08-24 12:00:00+07:00,9.9,6.9,219.0,0.0
2024-08-24 13:00:00+07:00,11.7,8.2,220.0,0.0
2024-08-24 14:00:00+07:00,10.9,7.6,203.0,0.0
2024-08-24 15:00:00+07:00,10.7,7.5,191.0,0.0
2024-08-24 16:00:00+07:00,12.2,8.6,240.0,0.0
2024-08-24 17:00:00+07:00,13.4,9.4,391.0,0.0
2024-08-24 18:00:00+07:00,16.6,11.7,604.0,0.0
2024-08-24 19:00:00+07:00,26.3,18.5,773.0,0.0
2024-08-24 20:00:00+07:00,24.7,17.3,833.0,0.0
2024-08-24 21:00:00+07:00,25.2,17.8,915.0,0.0
2024-08-24 22:00:00+07:00,24.3,17.1,966.0,0.0
2024-08-24 23:00:00+07:00,24.6,17.3,969.0,0.0
2024-08-25 00:00:00+07:00,23.5,16.5,942.0,0.0
2024-08-25 01:00:00+07:00,20.8,14.6,885.0,0.0
2024-08-25 02:00:00+07:00,18.9,13.2,785.0,0.0
2024-08-25 03:00:00+07:00,15.4,10.8,656.0,0.0
2024-08-25 04:00:00+07:00,12.3,8.6,540.0,0.0
2024-08-25 05:00:00+07:00,11.4,8.0,447.0,0.0
2024-08-25 06:00:00+07:00,11.4,8.0,366.0,0.0
2024-08-25 07:00:00+07:00,11.6,8.1,371.0,0.0
2024-08-25 08:00:00+07:00,12.0,8.4,343.0,0.0
2024-08-25 09:00:00+07:00,12.6,8.8,305.0,0.0
2024-08-25 10:00:00+07:00,11.1,7.8,274.0,0.0
2024-08-25 11:00:00+07:00,11.7,8.2,259.0,0.0
2024-08-25 12:00:00+07:00,10.9,7.6,253.0,0.0
2024-08-25 13:00:00+07:00,11.8,8.3,250.0,0.0
2024-08-25 14:00:00+07:00,14.3,10.0,232.0,0.0
2024-08-25 15:00:00+07:00,16.2,11.3,218.0,0.0
2024-08-25 16:00:00+07:00,15.0,10.5,262.0,0.0
2024-08-25 17:00:00+07:00,15.1,10.6,405.0,0.0
2024-08-25 18:00:00+07:00,15.8,11.1,606.0,0.0
2024-08-25 19:00:00+07:00,32.4,22.6,788.0,0.0
2024-08-25 20:00:00+07:00,33.9,23.8,931.0,0.0
2024-08-25 21:00:00+07:00,36.3,25.6,1130.0,0.0
2024-08-25 22:00:00+07:00,36.9,26.0,1294.0,0.0
2024-08-25 23:00:00+07:00,34.5,24.2,1399.0,0.0
2024-08-26 00:00:00+07:00,34.5,24.2,1469.0,0.0
2024-08-26 01:00:00+07:00,31.9,22.4,1480.0,0.0
2024-08-26 02:00:00+07:00,27.5,19.2,1408.0,0.0
2024-08-26 03:00:00+07:00,22.8,15.9,1276.0,0.0
2024-08-26 04:00:00+07:00,19.0,13.2,1137.0,0.0
2024-08-26 05:00:00+07:00,14.9,10.4,1001.0,0.0
2024-08-26 06:00:00+07:00,11.6,8.1,858.0,0.0
2024-08-26 07:00:00+07:00,7.0,4.9,415.0,0.0
2024-08-26 08:00:00+07:00,9.5,6.7,376.0,0.0
2024-08-26 09:00:00+07:00,10.0,7.0,321.0,0.0
2024-08-26 10:00:00+07:00,6.6,4.6,277.0,0.0
2024-08-26 11:00:00+07:00,6.9,4.9,253.0,0.0
2024-08-26 12:00:00+07:00,8.8,6.2,240.0,0.0
2024-08-26 13:00:00+07:00,12.3,8.7,236.0,0.0
2024-08-26 14:00:00+07:00,11.5,8.1,233.0,0.0
2024-08-26 15:00:00+07:00,13.0,9.2,240.0,0.0
2024-08-26 16:00:00+07:00,13.4,9.5,282.0,0.0
2024-08-26 17:00:00+07:00,13.8,9.7,373.0,0.0
2024-08-26 18:00:00+07:00,15.7,11.0,500.0,0.0
2024-08-26 19:00:00+07:00,36.3,25.7,1138.0,0.0
2024-08-26 20:00:00+07:00,34.0,24.2,1255.0,0.0
2024-08-26 21:00:00+07:00,37.4,26.4,1411.0,0.0
2024-08-26 22:00:00+07:00,38.5,27.2,1485.0,0.0
2024-08-26 23:00:00+07:00,40.4,28.5,1414.0,0.0
2024-08-27 00:00:00+07:00,37.1,26.2,1261.0,0.0
2024-08-27 01:00:00+07:00,32.1,22.6,1101.0,0.0
2024-08-27 02:00:00+07:00,28.8,20.3,943.0,0.0
2024-08-27 03:00:00+07:00,24.8,17.6,777.0,0.0
2024-08-27 04:00:00+07:00,21.5,15.2,647.0,0.0
2024-08-27 05:00:00+07:00,18.0,12.8,582.0,0.0
2024-08-27 06:00:00+07:00,15.8,11.2,554.0,0.0
2024-08-27 07:00:00+07:00,10.5,7.3,759.0,0.0
2024-08-27 08:00:00+07:00,11.2,7.8,666.0,0.0
2024-08-27 09:00:00+07:00,14.0,9.8,537.0,0.0
2024-08-27 10:00:00+07:00,16.1,11.4,435.0,0.0
2024-08-27 11:00:00+07:00,19.3,13.6,387.0,0.0
2024-08-27 12:00:00+07:00,23.3,16.4,366.0,0.0
2024-08-27 13:00:00+07:00,23.5,16.6,352.0,0.0
2024-08-27 14:00:00+07:00,24.4,17.2,324.0,0.0
2024-08-27 15:00:00+07:00,21.1,14.9,303.0,0.0
2024-08-27 16:00:00+07:00,18.0,12.7,338.0,0.0
2024-08-27 17:00:00+07:00,18.3,12.9,456.0,0.0
2024-08-27 18:00:00+07:00,19.8,13.9,630.0,0.0
2024-08-27 19:00:00+07:00,34.1,24.2,807.0,0.0
2024-08-27 20:00:00+07:00,38.0,26.8,890.0,0.0
2024-08-27 21:00:00+07:00,38.9,27.4,997.0,0.0
2024-08-27 22:00:00+07:00,36.3,25.6,1018.0,0.0
2024-08-27 23:00:00+07:00,27.8,19.6,870.0,0.0
2024-08-28 00:00:00+07:00,22.6,15.9,637.0,0.0
2024-08-28 01:00:00+07:00,20.0,14.1,464.0,0.0
2024-08-28 02:00:00+07:00,17.6,12.5,409.0,0.0
2024-08-28 03:00:00+07:00,16.8,11.8,414.0,0.0
2024-08-28 04:00:00+07:00,16.0,11.3,445.0,0.0
2024-08-28 05:00:00+07:00,15.0,10.5,521.0,0.0
2024-08-28 06:00:00+07:00,15.5,10.9,623.0,0.0
2024-08-28 07:00:00+07:00,9.7,6.8,329.0,0.0
2024-08-28 08:00:00+07:00,11.1,7.8,347.0,0.0
2024-08-28 09:00:00+07:00,11.2,7.9,370.0,0.0
2024-08-28 10:00:00+07:00,12.4,8.7,374.0,0.0
2024-08-28 11:00:00+07:00,11.5,8.1,341.0,0.0
2024-08-28 12:00:00+07:00,13.7,9.7,290.0,0.0
2024-08-28 13:00:00+07:00,13.9,9.7,254.0,0.0
2024-08-28 14:00:00+07:00,14.5,10.2,233.0,0.0
2024-08-28 15:00:00+07:00,14.7,10.4,226.0,0.0
2024-08-28 16:00:00+07:00,13.9,9.8,266.0,0.0
2024-08-28 17:00:00+07:00,13.1,9.2,397.0,0.0
2024-08-28 18:00:00+07:00,17.6,12.4,575.0,0.0
2024-08-28 19:00:00+07:00,37.5,26.4,965.0,0.0
2024-08-28 20:00:00+07:00,36.4,25.7,964.0,0.0
2024-08-28 21:00:00+07:00,36.4,25.7,957.0,0.0
2024-08-28 22:00:00+07:00,34.6,24.4,910.0,0.0
2024-08-28 23:00:00+07:00,19.1,13.5,789.0,0.0
2024-08-29 00:00:00+07:00,16.8,11.9,628.0,0.0
2024-08-29 01:00:00+07:00,11.1,7.8,499.0,0.0
2024-08-29 02:00:00+07:00,9.1,6.4,430.0,0.0
2024-08-29 03:00:00+07:00,8.7,6.1,393.0,0.0
2024-08-29 04:00:00+07:00,9.5,6.7,369.0,0.0
2024-08-29 05:00:00+07:00,9.9,7.0,359.0,0.0
2024-08-29 06:00:00+07:00,9.3,6.5,363.0,0.0
2024-08-29 07:00:00+07:00,7.1,5.0,389.0,0.0
2024-08-29 08:00:00+07:00,7.4,5.2,365.0,0.0
2024-08-29 09:00:00+07:00,9.1,6.4,332.0,0.0
2024-08-29 10:00:00+07:00,10.0,7.0,299.0,0.0
2024-08-29 11:00:00+07:00,8.8,6.2,267.0,0.0
2024-08-29 12:00:00+07:00,8.3,5.8,237.0,0.0
2024-08-29 13:00:00+07:00,8.5,6.0,217.0,0.0
2024-08-29 14:00:00+07:00,7.7,5.4,198.0,0.0
2024-08-29 15:00:00+07:00,7.3,5.2,190.0,0.0
2024-08-29 16:00:00+07:00,7.4,5.2,234.0,0.0
2024-08-29 17:00:00+07:00,12.9,9.1,360.0,0.0
2024-08-29 18:00:00+07:00,13.6,9.6,539.0,0.0
2024-08-29 19:00:00+07:00,30.4,21.4,733.0,0.0
2024-08-29 20:00:00+07:00,32.5,22.9,753.0,0.0
2024-08-29 21:00:00+07:00,29.3,20.7,777.0,0.0
2024-08-29 22:00:00+07:00,26.5,18.7,774.0,0.0
2024-08-29 23:00:00+07:00,25.6,18.0,722.0,0.0
2024-08-30 00:00:00+07:00,23.3,16.5,643.0,0.0
2024-08-30 01:00:00+07:00,20.8,14.6,563.0,0.0
2024-08-30 02:00:00+07:00,19.3,13.6,483.0,0.0
2024-08-30 03:00:00+07:00,17.2,12.1,404.0,0.0
2024-08-30 04:00:00+07:00,16.1,11.3,349.0,0.0
2024-08-30 05:00:00+07:00,15.5,10.9,342.0,0.0
2024-08-30 06:00:00+07:00,13.4,9.4,360.0,0.0
2024-08-30 07:00:00+07:00,20.0,13.9,654.0,0.0
2024-08-30 08:00:00+07:00,21.2,14.8,533.0,0.0
2024-08-30 09:00:00+07:00,13.4,9.4,365.0,0.0
2024-08-30 10:00:00+07:00,10.3,7.1,240.0,0.0
2024-08-30 11:00:00+07:00,9.7,6.7,195.0,0.0
2024-08-30 12:00:00+07:00,10.2,7.0,191.0,0.0
2024-08-30 13:00:00+07:00,11.6,8.0,204.0,0.0
2024-08-30 14:00:00+07:00,12.9,8.9,225.0,0.0
2024-08-30 15:00:00+07:00,13.7,9.5,263.0,0.0
2024-08-30 16:00:00+07:00,16.3,11.4,314.0,0.0
2024-08-30 17:00:00+07:00,19.3,13.4,372.0,0.0
2024-08-30 18:00:00+07:00,20.6,14.4,444.0,0.0
2024-08-30 19:00:00+07:00,17.7,12.4,566.0,0.0
2024-08-30 20:00:00+07:00,18.0,12.6,683.0,0.0
2024-08-30 21:00:00+07:00,21.0,14.8,843.0,0.0
2024-08-30 22:00:00+07:00,24.5,17.2,949.0,0.0
2024-08-30 23:00:00+07:00,24.7,17.3,955.0,0.0
2024-08-31 00:00:00+07:00,23.5,16.5,908.0,0.0
2024-08-31 01:00:00+07:00,22.2,15.5,852.0,0.0
2024-08-31 02:00:00+07:00,20.1,14.1,798.0,0.0
2024-08-31 03:00:00+07:00,18.0,12.6,734.0,0.0
2024-08-31 04:00:00+07:00,16.2,11.4,670.0,0.0
2024-08-31 05:00:00+07:00,15.0,10.4,609.0,0.0
2024-08-31 06:00:00+07:00,14.1,9.8,548.0,0.0
2024-08-31 07:00:00+07:00,14.7,10.2,481.0,0.0
2024-08-31 08:00:00+07:00,15.7,10.9,434.0,0.0
2024-08-31 09:00:00+07:00,14.7,10.2,367.0,0.0
2024-08-31 10:00:00+07:00,16.5,11.5,310.0,0.0
2024-08-31 11:00:00+07:00,16.1,11.2,270.0,0.0
2024-08-31 12:00:00+07:00,15.0,10.4,238.0,0.0
2024-08-31 13:00:00+07:00,15.2,10.5,219.0,0.0
2024-08-31 14:00:00+07:00,16.5,11.4,198.0,0.0
2024-08-31 15:00:00+07:00,17.9,12.4,190.0,0.0
2024-08-31 16:00:00+07:00,16.0,11.1,237.0,0.0
2024-08-31 17:00:00+07:00,15.2,10.6,371.0,0.0
2024-08-31 18:00:00+07:00,16.5,11.5,560.0,0.0
2024-08-31 19:00:00+07:00,25.7,18.0,887.0,0.0
2024-08-31 20:00:00+07:00,27.6,19.3,1055.0,0.0
2024-08-31 21:00:00+07:00,31.8,22.3,1277.0,0.0
2024-08-31 22:00:00+07:00,33.8,23.7,1369.0,0.0
2024-08-31 23:00:00+07:00,36.2,25.4,1205.0,0.0
2024-09-01 00:00:00+07:00,24.7,17.3,911.0,0.0
2024-09-01 01:00:00+07:00,17.6,12.3,677.0,0.0
2024-09-01 02:00:00+07:00,13.0,9.0,579.0,0.0
2024-09-01 03:00:00+07:00,12.6,8.8,542.0,0.0
2024-09-01 04:00:00+07:00,12.4,8.7,532.0,0.0
2024-09-01 05:00:00+07:00,13.3,9.3,564.0,0.0
2024-09-01 06:00:00+07:00,14.0,9.8,624.0,0.0
2024-09-01 07:00:00+07:00,11.9,8.3,405.0,0.0
2024-09-01 08:00:00+07:00,12.3,8.6,372.0,0.0
2024-09-01 09:00:00+07:00,14.2,10.0,325.0,0.0
2024-09-01 10:00:00+07:00,14.3,10.0,291.0,0.0
2024-09-01 11:00:00+07:00,14.7,10.3,275.0,0.0
2024-09-01 12:00:00+07:00,16.4,11.4,272.0,0.0
2024-09-01 13:00:00+07:00,19.7,13.8,283.0,0.0
2024-09-01 14:00:00+07:00,21.0,14.7,298.0,0.0
2024-09-01 15:00:00+07:00,19.7,13.8,329.0,0.0
2024-09-01 16:00:00+07:00,22.0,15.4,411.0,0.0
2024-09-01 17:00:00+07:00,25.7,18.0,578.0,0.0
2024-09-01 18:00:00+07:00,29.5,20.7,796.0,0.0
2024-09-01 19:00:00+07:00,35.7,25.1,914.0,0.0
2024-09-01 20:00:00+07:00,34.9,24.4,954.0,0.0
2024-09-01 21:00:00+07:00,36.3,25.4,1009.0,0.0
2024-09-01 22:00:00+07:00,38.4,27.0,1040.0,0.0
2024-09-01 23:00:00+07:00,38.1,26.7,1031.0,0.0
2024-09-02 00:00:00+07:00,35.3,24.7,999.0,0.0
2024-09-02 01:00:00+07:00,32.4,22.7,960.0,0.0
2024-09-02 02:00:00+07:00,26.5,18.6,914.0,0.0
2024-09-02 03:00:00+07:00,19.8,13.9,861.0,0.0
2024-09-02 04:00:00+07:00,16.8,11.8,812.0,0.0
2024-09-02 05:00:00+07:00,14.6,10.3,783.0,0.0
2024-09-02 06:00:00+07:00,15.5,10.9,760.0,0.0
2024-09-02 07:00:00+07:00,10.1,7.1,417.0,0.0
2024-09-02 08:00:00+07:00,10.2,7.2,399.0,0.0
2024-09-02 09:00:00+07:00,12.9,9.1,373.0,0.0
2024-09-02 10:00:00+07:00,12.8,9.0,352.0,0.0
2024-09-02 11:00:00+07:00,13.4,9.4,339.0,0.0
2024-09-02 12:00:00+07:00,14.7,10.3,330.0,0.0
2024-09-02 13:00:00+07:00,16.6,11.6,322.0,0.0
2024-09-02 14:00:00+07:00,17.9,12.5,290.0,0.0
2024-09-02 15:00:00+07:00,20.2,14.1,259.0,0.0
2024-09-02 16:00:00+07:00,16.6,11.6,307.0,0.0
2024-09-02 17:00:00+07:00,18.5,12.9,496.0,0.0
2024-09-02 18:00:00+07:00,20.6,14.4,764.0,0.0
2024-09-02 19:00:00+07:00,38.6,27.1,825.0,0.0
2024-09-02 20:00:00+07:00,43.0,30.0,953.0,0.0
2024-09-02 21:00:00+07:00,43.9,30.7,1130.0,0.0
2024-09-02 22:00:00+07:00,45.1,31.5,1264.0,0.0
2024-09-02 23:00:00+07:00,47.4,33.2,1325.0,0.0
2024-09-03 00:00:00+07:00,48.1,33.6,1343.0,0.0
2024-09-03 01:00:00+07:00,45.8,32.0,1313.0,0.0
2024-09-03 02:00:00+07:00,42.6,29.8,1211.0,0.0
2024-09-03 03:00:00+07:00,40.3,28.2,1062.0,0.0
2024-09-03 04:00:00+07:00,39.2,27.5,937.0,0.0
2024-09-03 05:00:00+07:00,40.4,28.3,869.0,0.0
2024-09-03 06:00:00+07:00,40.3,28.2,825.0,0.0
2024-09-03 07:00:00+07:00,10.7,7.5,631.0,0.0
2024-09-03 08:00:00+07:00,9.9,6.9,567.0,0.0
2024-09-03 09:00:00+07:00,13.0,9.1,480.0,0.0
2024-09-03 10:00:00+07:00,12.5,8.7,412.0,0.0
2024-09-03 11:00:00+07:00,14.4,10.0,384.0,0.0
2024-09-03 12:00:00+07:00,16.0,11.1,377.0,0.0
2024-09-03 13:00:00+07:00,17.2,12.0,375.0,0.0
2024-09-03 14:00:00+07:00,21.9,15.3,355.0,0.0
2024-09-03 15:00:00+07:00,24.8,17.3,340.0,0.0
2024-09-03 16:00:00+07:00,24.3,17.0,384.0,0.0
2024-09-03 17:00:00+07:00,23.4,16.4,535.0,0.0
2024-09-03 18:00:00+07:00,29.2,20.4,746.0,0.0
2024-09-03 19:00:00+07:00,47.3,32.9,1084.0,0.0
2024-09-03 20:00:00+07:00,45.9,32.0,1033.0,0.0
2024-09-03 21:00:00+07:00,43.8,30.6,964.0,0.0
2024-09-03 22:00:00+07:00,43.3,30.3,930.0,0.0
2024-09-03 23:00:00+07:00,43.5,30.4,977.0,0.0
2024-09-04 00:00:00+07:00,44.0,30.9,1059.0,0.0
2024-09-04 01:00:00+07:00,44.9,31.4,1083.0,0.0
2024-09-04 02:00:00+07:00,43.3,30.3,995.0,0.0
2024-09-04 03:00:00+07:00,41.2,28.8,851.0,0.0
2024-09-04 04:00:00+07:00,32.2,22.5,722.0,0.0
2024-09-04 05:00:00+07:00,31.2,21.8,635.0,0.0
2024-09-04 06:00:00+07:00,29.2,20.4,564.0,0.0
2024-09-04 07:00:00+07:00,23.0,16.1,537.0,0.0
2024-09-04 08:00:00+07:00,15.6,10.9,505.0,0.0
2024-09-04 09:00:00+07:00,15.7,10.9,459.0,0.0
2024-09-04 10:00:00+07:00,17.0,11.8,417.0,0.0
2024-09-04 11:00:00+07:00,20.3,14.1,383.0,0.0
2024-09-04 12:00:00+07:00,22.1,15.4,353.0,0.0
2024-09-04 13:00:00+07:00,20.0,13.9,328.0,0.0
2024-09-04 14:00:00+07:00,17.8,12.4,285.0,0.0
2024-09-04 15:00:00+07:00,17.6,12.2,248.0,0.0
2024-09-04 16:00:00+07:00,17.5,12.2,283.0,0.0
2024-09-04 17:00:00+07:00,17.1,11.9,446.0,0.0
2024-09-04 18:00:00+07:00,19.4,13.5,682.0,0.0
2024-09-04 19:00:00+07:00,36.0,25.1,963.0,0.0
2024-09-04 20:00:00+07:00,39.3,27.5,1084.0,0.0
2024-09-04 21:00:00+07:00,38.6,27.0,1247.0,0.0
2024-09-04 22:00:00+07:00,35.0,24.5,1337.0,0.0
2024-09-04 23:00:00+07:00,29.2,20.4,1287.0,0.0
2024-09-05 00:00:00+07:00,26.4,18.5,1165.0,0.0
2024-09-05 01:00:00+07:00,24.9,17.5,1051.0,0.0
2024-09-05 02:00:00+07:00,22.2,15.6,968.0,0.0
2024-09-05 03:00:00+07:00,19.5,13.6,893.0,0.0
2024-09-05 04:00:00+07:00,17.6,12.4,849.0,0.0
2024-09-05 05:00:00+07:00,16.4,11.5,874.0,0.0
2024-09-05 06:00:00+07:00,15.6,10.9,929.0,0.0
2024-09-05 07:00:00+07:00,13.7,9.6,571.0,0.0
2024-09-05 08:00:00+07:00,14.0,9.8,499.0,0.0
2024-09-05 09:00:00+07:00,13.4,9.3,399.0,0.0
2024-09-05 10:00:00+07:00,14.6,10.2,317.0,0.0
2024-09-05 11:00:00+07:00,16.5,11.6,271.0,0.0
2024-09-05 12:00:00+07:00,16.0,11.2,243.0,0.0
2024-09-05 13:00:00+07:00,14.5,10.1,230.0,0.0
2024-09-05 14:00:00+07:00,15.8,11.0,216.0,0.0
2024-09-05 15:00:00+07:00,17.3,12.1,218.0,0.0
2024-09-05 16:00:00+07:00,15.1,10.5,275.0,0.0
2024-09-05 17:00:00+07:00,18.5,12.9,430.0,0.0
2024-09-05 18:00:00+07:00,20.7,14.5,640.0,0.0
2024-09-05 19:00:00+07:00,25.2,17.6,814.0,0.0
2024-09-05 20:00:00+07:00,23.6,16.5,808.0,0.0
2024-09-05 21:00:00+07:00,23.2,16.3,799.0,0.0
2024-09-05 22:00:00+07:00,21.5,15.1,791.0,0.0
2024-09-05 23:00:00+07:00,21.9,15.4,790.0,0.0
2024-09-06 00:00:00+07:00,20.6,14.5,790.0,0.0
2024-09-06 01:00:00+07:00,17.6,12.3,779.0,0.0
2024-09-06 02:00:00+07:00,15.2,10.7,748.0,0.0
2024-09-06 03:00:00+07:00,12.2,8.6,705.0,0.0
2024-09-06 04:00:00+07:00,10.6,7.5,661.0,0.0
2024-09-06 05:00:00+07:00,10.0,7.0,624.0,0.0
2024-09-06 06:00:00+07:00,10.2,7.1,587.0,0.0
2024-09-06 07:00:00+07:00,12.1,8.5,662.0,0.0
2024-09-06 08:00:00+07:00,15.7,10.9,570.0,0.0
2024-09-06 09:00:00+07:00,19.4,13.5,442.0,0.0
2024-09-06 10:00:00+07:00,17.3,12.0,336.0,0.0
2024-09-06 11:00:00+07:00,15.8,11.0,272.0,0.0
2024-09-06 12:00:00+07:00,13.5,9.4,229.0,0.0
2024-09-06 13:00:00+07:00,12.8,8.9,203.0,0.0
2024-09-06 14:00:00+07:00,13.5,9.5,178.0,0.0
2024-09-06 15:00:00+07:00,13.5,9.4,169.0,0.0
2024-09-06 16:00:00+07:00,13.6,9.5,218.0,0.0
2024-09-06 17:00:00+07:00,13.4,9.4,353.0,0.0
2024-09-06 18:00:00+07:00,15.5,10.9,546.0,0.0
2024-09-06 19:00:00+07:00,28.8,20.2,622.0,1.0
2024-09-06 20:00:00+07:00,32.4,22.8,756.0,1.0
2024-09-06 21:00:00+07:00,32.6,23.1,939.0,0.0
2024-09-06 22:00:00+07:00,29.8,21.1,1058.0,0.0
2024-09-06 23:00:00+07:00,27.0,19.1,1060.0,0.0
2024-09-07 00:00:00+07:00,23.9,17.0,998.0,0.0
2024-09-07 01:00:00+07:00,20.1,14.3,919.0,0.0
2024-09-07 02:00:00+07:00,16.3,11.6,820.0,0.0
2024-09-07 03:00:00+07:00,13.5,9.6,704.0,0.0
2024-09-07 04:00:00+07:00,11.8,8.4,624.0,0.0
2024-09-07 05:00:00+07:00,10.5,7.5,624.0,0.0
2024-09-07 06:00:00+07:00,10.0,7.0,660.0,0.0
2024-09-07 07:00:00+07:00,14.2,10.0,537.0,0.0
2024-09-07 08:00:00+07:00,18.8,13.1,455.0,0.0
2024-09-07 09:00:00+07:00,14.4,10.0,341.0,1.0
2024-09-07 10:00:00+07:00,13.0,9.0,252.0,1.0
2024-09-07 11:00:00+07:00,12.0,8.3,214.0,1.0
2024-09-07 12:00:00+07:00,12.2,8.4,201.0,0.0
2024-09-07 13:00:00+07:00,12.6,8.7,193.0,0.0
2024-09-07 14:00:00+07:00,12.8,8.9,171.0,0.0
2024-09-07 15:00:00+07:00,11.5,8.0,155.0,0.0
2024-09-07 16:00:00+07:00,9.8,6.8,184.0,0.0
2024-09-07 17:00:00+07:00,8.7,6.0,304.0,0.0
2024-09-07 18:00:00+07:00,12.0,8.4,470.0,0.0
2024-09-07 19:00:00+07:00,26.9,18.7,853.0,1.0
2024-09-07 20:00:00+07:00,25.6,17.9,705.0,1.0
2024-09-07 21:00:00+07:00,13.9,9.8,504.0,0.0
2024-09-07 22:00:00+07:00,8.3,5.8,374.0,0.0
2024-09-07 23:00:00+07:00,8.9,6.3,388.0,0.0
2024-09-08 00:00:00+07:00,9.0,6.3,473.0,0.0
2024-09-08 01:00:00+07:00,8.1,5.7,535.0,0.0
2024-09-08 02:00:00+07:00,7.1,5.0,523.0,0.0
2024-09-08 03:00:00+07:00,6.3,4.4,488.0,0.0
2024-09-08 04:00:00+07:00,5.7,4.0,489.0,0.0
2024-09-08 05:00:00+07:00,5.4,3.8,589.0,0.0
2024-09-08 06:00:00+07:00,5.7,4.0,725.0,0.0
2024-09-08 07:00:00+07:00,10.0,7.0,522.0,0.0
2024-09-08 08:00:00+07:00,8.6,6.0,435.0,0.0
2024-09-08 09:00:00+07:00,8.8,6.1,315.0,0.0
2024-09-08 10:00:00+07:00,7.4,5.1,223.0,0.0
2024-09-08 11:00:00+07:00,8.5,5.9,187.0,0.0
2024-09-08 12:00:00+07:00,8.8,6.2,179.0,0.0
2024-09-08 13:00:00+07:00,8.0,5.6,179.0,0.0
2024-09-08 14:00:00+07:00,7.9,5.5,165.0,0.0
2024-09-08 15:00:00+07:00,7.8,5.4,158.0,0.0
2024-09-08 16:00:00+07:00,7.3,5.1,201.0,0.0
2024-09-08 17:00:00+07:00,7.4,5.2,329.0,0.0
2024-09-08 18:00:00+07:00,10.5,7.4,506.0,0.0
2024-09-08 19:00:00+07:00,18.0,12.7,695.0,0.0
2024-09-08 20:00:00+07:00,22.3,15.7,758.0,0.0
2024-09-08 21:00:00+07:00,23.1,16.2,843.0,0.0
2024-09-08 22:00:00+07:00,18.4,12.9,885.0,0.0
2024-09-08 23:00:00+07:00,15.7,11.0,850.0,0.0
2024-09-09 00:00:00+07:00,14.0,9.8,773.0,0.0
2024-09-09 01:00:00+07:00,12.4,8.7,696.0,0.0
2024-09-09 02:00:00+07:00,11.2,7.9,626.0,0.0
2024-09-09 03:00:00+07:00,9.7,6.8,556.0,0.0
2024-09-09 04:00:00+07:00,8.7,6.1,501.0,0.0
2024-09-09 05:00:00+07:00,8.3,5.8,473.0,0.0
2024-09-09 06:00:00+07:00,8.2,5.7,460.0,0.0
2024-09-09 07:00:00+07:00,9.1,6.3,481.0,0.0
2024-09-09 08:00:00+07:00,11.4,7.9,448.0,0.0
2024-09-09 09:00:00+07:00,10.7,7.5,401.0,0.0
2024-09-09 10:00:00+07:00,9.3,6.5,362.0,0.0
2024-09-09 11:00:00+07:00,10.9,7.7,337.0,0.0
2024-09-09 12:00:00+07:00,12.5,8.8,319.0,0.0
2024-09-09 13:00:00+07:00,13.4,9.4,308.0,0.0
2024-09-09 14:00:00+07:00,12.5,8.8,290.0,0.0
2024-09-09 15:00:00+07:00,12.2,8.5,278.0,0.0
2024-09-09 16:00:00+07:00,11.3,7.9,320.0,0.0
2024-09-09 17:00:00+07:00,12.2,8.6,466.0,0.0
2024-09-09 18:00:00+07:00,15.5,10.9,666.0,0.0
2024-09-09 19:00:00+07:00,22.9,15.9,835.0,1.0
2024-09-09 20:00:00+07:00,22.4,15.7,797.0,1.0
2024-09-09 21:00:00+07:00,20.3,14.3,743.0,0.0
2024-09-09 22:00:00+07:00,17.9,12.6,683.0,0.0
2024-09-09 23:00:00+07:00,15.5,10.9,617.0,0.0
2024-09-10 00:00:00+07:00,13.5,9.5,545.0,0.0
2024-09-10 01:00:00+07:00,11.8,8.3,482.0,0.0
2024-09-10 02:00:00+07:00,8.7,6.1,429.0,0.0
2024-09-10 03:00:00+07:00,5.0,3.5,384.0,0.0
2024-09-10 04:00:00+07:00,3.3,2.3,353.0,0.0
2024-09-10 05:00:00+07:00,3.5,2.5,344.0,0.0
2024-09-10 06:00:00+07:00,3.9,2.7,350.0,0.0
2024-09-10 07:00:00+07:00,6.5,4.6,346.0,0.0
2024-09-10 08:00:00+07:00,7.3,5.1,344.0,0.0
2024-09-10 09:00:00+07:00,7.0,4.9,340.0,0.0
2024-09-10 10:00:00+07:00,8.2,5.7,335.0,0.0
2024-09-10 11:00:00+07:00,7.0,4.9,326.0,0.0
2024-09-10 12:00:00+07:00,6.9,4.8,315.0,0.0
2024-09-10 13:00:00+07:00,7.4,5.2,311.0,0.0
2024-09-10 14:00:00+07:00,8.3,5.8,308.0,0.0
2024-09-10 15:00:00+07:00,8.1,5.7,310.0,0.0
2024-09-10 16:00:00+07:00,8.6,6.0,343.0,0.0
2024-09-10 17:00:00+07:00,10.9,7.6,438.0,0.0
2024-09-10 18:00:00+07:00,12.3,8.6,564.0,0.0
2024-09-10 19:00:00+07:00,14.4,10.1,569.0,0.0
2024-09-10 20:00:00+07:00,13.7,9.6,564.0,0.0
2024-09-10 21:00:00+07:00,12.3,8.6,556.0,0.0
2024-09-10 22:00:00+07:00,10.8,7.6,537.0,0.0
2024-09-10 23:00:00+07:00,8.4,5.9,503.0,0.0
2024-09-11 00:00:00+07:00,5.6,3.9,459.0,0.0
2024-09-11 01:00:00+07:00,3.4,2.4,412.0,0.0
2024-09-11 02:00:00+07:00,3.1,2.2,361.0,0.0
2024-09-11 03:00:00+07:00,3.0,2.1,307.0,0.0
2024-09-11 04:00:00+07:00,3.5,2.4,268.0,0.0
2024-09-11 05:00:00+07:00,2.9,2.0,255.0,0.0
2024-09-11 06:00:00+07:00,3.4,2.4,256.0,0.0
2024-09-11 07:00:00+07:00,6.8,4.7,261.0,0.0
2024-09-11 08:00:00+07:00,7.3,5.2,278.0,0.0
2024-09-11 09:00:00+07:00,9.8,6.9,301.0,0.0
2024-09-11 10:00:00+07:00,10.4,7.3,306.0,0.0
2024-09-11 11:00:00+07:00,11.3,7.9,271.0,0.0
2024-09-11 12:00:00+07:00,9.7,6.8,219.0,0.0
2024-09-11 13:00:00+07:00,6.0,4.2,194.0,0.0
2024-09-11 14:00:00+07:00,4.0,2.8,216.0,0.0
2024-09-11 15:00:00+07:00,4.7,3.3,265.0,0.0
2024-09-11 16:00:00+07:00,7.5,5.3,321.0,0.0
2024-09-11 17:00:00+07:00,9.5,6.7,384.0,0.0
2024-09-11 18:00:00+07:00,10.3,7.2,455.0,0.0
2024-09-11 19:00:00+07:00,16.9,11.9,641.0,0.0
2024-09-11 20:00:00+07:00,17.0,11.9,646.0,0.0
2024-09-11 21:00:00+07:00,16.5,11.6,650.0,0.0
2024-09-11 22:00:00+07:00,15.2,10.7,635.0,0.0
2024-09-11 23:00:00+07:00,13.1,9.2,582.0,0.0
2024-09-12 00:00:00+07:00,11.4,8.0,510.0,0.0
2024-09-12 01:00:00+07:00,10.3,7.2,453.0,0.0
2024-09-12 02:00:00+07:00,9.5,6.7,424.0,0.0
2024-09-12 03:00:00+07:00,9.2,6.4,410.0,0.0
2024-09-12 04:00:00+07:00,9.1,6.3,406.0,0.0
2024-09-12 05:00:00+07:00,9.3,6.5,421.0,0.0
2024-09-12 06:00:00+07:00,10.3,7.2,445.0,0.0
2024-09-12 07:00:00+07:00,11.1,7.7,385.0,0.0
2024-09-12 08:00:00+07:00,10.0,7.0,367.0,0.0
2024-09-12 09:00:00+07:00,12.0,8.4,341.0,0.0
2024-09-12 10:00:00+07:00,13.3,9.2,311.0,0.0
2024-09-12 11:00:00+07:00,12.5,8.6,271.0,0.0
2024-09-12 12:00:00+07:00,11.8,8.2,228.0,0.0
2024-09-12 13:00:00+07:00,11.0,7.6,207.0,0.0
2024-09-12 14:00:00+07:00,10.5,7.2,210.0,0.0
2024-09-12 15:00:00+07:00,9.5,6.5,235.0,0.0
2024-09-12 16:00:00+07:00,10.7,7.4,299.0,0.0
2024-09-12 17:00:00+07:00,15.3,10.7,439.0,0.0
2024-09-12 18:00:00+07:00,17.2,12.0,618.0,0.0
2024-09-12 19:00:00+07:00,27.4,19.1,980.0,0.0
2024-09-12 20:00:00+07:00,21.5,15.0,905.0,0.0
2024-09-12 21:00:00+07:00,22.8,15.9,803.0,0.0
2024-09-12 22:00:00+07:00,21.1,14.7,728.0,0.0
2024-09-12 23:00:00+07:00,19.2,13.4,715.0,0.0
2024-09-13 00:00:00+07:00,17.2,12.0,730.0,0.0
2024-09-13 01:00:00+07:00,15.9,11.1,727.0,0.0
2024-09-13 02:00:00+07:00,15.4,10.7,675.0,0.0
2024-09-13 03:00:00+07:00,14.6,10.2,606.0,0.0
2024-09-13 04:00:00+07:00,13.4,9.3,571.0,0.0
2024-09-13 05:00:00+07:00,12.8,9.0,618.0,0.0
2024-09-13 06:00:00+07:00,13.1,9.1,699.0,0.0
2024-09-13 07:00:00+07:00,12.7,8.9,669.0,0.0
2024-09-13 08:00:00+07:00,11.4,7.9,565.0,0.0
2024-09-13 09:00:00+07:00,11.8,8.1,421.0,0.0
2024-09-13 10:00:00+07:00,13.8,9.3,307.0,1.0
2024-09-13 11:00:00+07:00,14.3,9.5,251.0,2.0
2024-09-13 12:00:00+07:00,15.5,10.1,227.0,3.0
2024-09-13 13:00:00+07:00,16.4,10.5,221.0,4.0
2024-09-13 14:00:00+07:00,15.9,10.0,218.0,4.0
2024-09-13 15:00:00+07:00,15.1,9.7,234.0,3.0
2024-09-13 16:00:00+07:00,17.2,11.7,309.0,2.0
2024-09-13 17:00:00+07:00,15.3,10.4,477.0,1.0
2024-09-13 18:00:00+07:00,17.6,12.2,704.0,1.0
2024-09-13 19:00:00+07:00,26.1,17.8,784.0,2.0
2024-09-13 20:00:00+07:00,28.7,20.0,932.0,2.0
2024-09-13 21:00:00+07:00,29.4,20.6,1135.0,1.0
2024-09-13 22:00:00+07:00,29.9,21.0,1273.0,1.0
2024-09-13 23:00:00+07:00,29.6,20.8,1289.0,1.0
2024-09-14 00:00:00+07:00,27.0,18.9,1241.0,1.0
2024-09-14 01:00:00+07:00,24.2,16.9,1179.0,1.0
2024-09-14 02:00:00+07:00,22.0,15.4,1124.0,1.0
2024-09-14 03:00:00+07:00,20.3,14.2,1056.0,0.0
2024-09-14 04:00:00+07:00,19.5,13.6,967.0,0.0
2024-09-14 05:00:00+07:00,14.2,9.9,842.0,0.0
2024-09-14 06:00:00+07:00,8.8,6.1,698.0,0.0
2024-09-14 07:00:00+07:00,7.5,5.2,465.0,0.0
2024-09-14 08:00:00+07:00,9.1,6.3,422.0,0.0
2024-09-14 09:00:00+07:00,9.5,6.6,361.0,0.0
2024-09-14 10:00:00+07:00,10.0,6.9,308.0,0.0
2024-09-14 11:00:00+07:00,12.0,8.4,269.0,0.0
2024-09-14 12:00:00+07:00,11.6,8.1,237.0,0.0
2024-09-14 13:00:00+07:00,11.6,8.0,219.0,0.0
2024-09-14 14:00:00+07:00,11.8,8.0,204.0,1.0
2024-09-14 15:00:00+07:00,14.8,10.0,203.0,2.0
2024-09-14 16:00:00+07:00,17.2,11.5,249.0,2.0
2024-09-14 17:00:00+07:00,19.6,13.2,388.0,2.0
2024-09-14 18:00:00+07:00,25.0,17.2,574.0,1.0
2024-09-14 19:00:00+07:00,47.6,32.4,1179.0,3.0
2024-09-14 20:00:00+07:00,41.3,28.9,1200.0,2.0
2024-09-14 21:00:00+07:00,39.9,28.0,1229.0,2.0
2024-09-14 22:00:00+07:00,41.4,29.0,1242.0,1.0
2024-09-14 23:00:00+07:00,42.3,29.6,1235.0,1.0
2024-09-15 00:00:00+07:00,39.9,28.2,1212.0,1.0
2024-09-15 01:00:00+07:00,37.0,26.0,1172.0,1.0
2024-09-15 02:00:00+07:00,33.8,23.7,1103.0,1.0
2024-09-15 03:00:00+07:00,30.6,21.6,1016.0,1.0
2024-09-15 04:00:00+07:00,27.8,19.7,937.0,1.0
2024-09-15 05:00:00+07:00,25.7,18.2,885.0,1.0
2024-09-15 06:00:00+07:00,23.9,16.9,840.0,1.0
2024-09-15 07:00:00+07:00,26.1,18.5,785.0,1.0
2024-09-15 08:00:00+07:00,29.5,20.4,660.0,1.0
2024-09-15 09:00:00+07:00,29.5,20.1,486.0,1.0
2024-09-15 10:00:00+07:00,22.9,15.5,347.0,1.0
2024-09-15 11:00:00+07:00,19.1,12.9,276.0,1.0
2024-09-15 12:00:00+07:00,17.8,12.2,240.0,1.0
2024-09-15 13:00:00+07:00,17.6,12.0,225.0,1.0
2024-09-15 14:00:00+07:00,19.2,12.9,227.0,1.0
2024-09-15 15:00:00+07:00,16.5,11.2,250.0,1.0
2024-09-15 16:00:00+07:00,17.9,12.2,290.0,1.0
2024-09-15 17:00:00+07:00,23.1,16.1,351.0,1.0
2024-09-15 18:00:00+07:00,17.3,12.1,428.0,0.0
2024-09-15 19:00:00+07:00,30.9,21.6,815.0,0.0
2024-09-15 20:00:00+07:00,33.3,23.5,982.0,0.0
2024-09-15 21:00:00+07:00,33.8,23.9,1211.0,0.0
2024-09-15 22:00:00+07:00,33.9,23.9,1373.0,0.0
2024-09-15 23:00:00+07:00,33.9,24.0,1417.0,0.0
2024-09-16 00:00:00+07:00,32.7,23.2,1395.0,1.0
2024-09-16 01:00:00+07:00,29.2,20.7,1332.0,1.0
2024-09-16 02:00:00+07:00,25.8,18.3,1211.0,1.0
2024-09-16 03:00:00+07:00,24.1,17.1,1049.0,1.0
2024-09-16 04:00:00+07:00,22.6,16.0,920.0,1.0
2024-09-16 05:00:00+07:00,21.6,15.2,869.0,1.0
2024-09-16 06:00:00+07:00,21.1,14.8,851.0,1.0
2024-09-16 07:00:00+07:00,26.7,18.5,953.0,3.0
2024-09-16 08:00:00+07:00,39.0,26.1,782.0,5.0
2024-09-16 09:00:00+07:00,39.7,25.4,544.0,7.0
2024-09-16 10:00:00+07:00,29.1,18.5,359.0,8.0
2024-09-16 11:00:00+07:00,24.6,16.0,277.0,7.0
2024-09-16 12:00:00+07:00,21.3,14.0,248.0,5.0
2024-09-16 13:00:00+07:00,20.7,13.8,233.0,3.0
2024-09-16 14:00:00+07:00,24.3,16.3,216.0,2.0
2024-09-16 15:00:00+07:00,21.1,14.3,214.0,1.0
2024-09-16 16:00:00+07:00,20.1,13.9,239.0,1.0
2024-09-16 17:00:00+07:00,19.5,13.6,308.0,1.0
2024-09-16 18:00:00+07:00,19.4,13.8,405.0,0.0
2024-09-16 19:00:00+07:00,39.9,27.9,1199.0,1.0
2024-09-16 20:00:00+07:00,38.5,27.1,1282.0,1.0
2024-09-16 21:00:00+07:00,38.2,26.8,1391.0,0.0
2024-09-16 22:00:00+07:00,37.5,26.4,1444.0,0.0
2024-09-16 23:00:00+07:00,33.6,23.7,1395.0,0.0
2024-09-17 00:00:00+07:00,30.5,21.6,1288.0,0.0
2024-09-17 01:00:00+07:00,27.4,19.3,1174.0,0.0
2024-09-17 02:00:00+07:00,23.9,16.9,1060.0,0.0
2024-09-17 03:00:00+07:00,20.8,14.8,938.0,0.0
2024-09-17 04:00:00+07:00,19.4,13.8,832.0,0.0
2024-09-17 05:00:00+07:00,15.3,10.9,759.0,0.0
2024-09-17 06:00:00+07:00,11.8,8.4,703.0,0.0
2024-09-17 07:00:00+07:00,18.2,12.9,530.0,1.0
2024-09-17 08:00:00+07:00,22.8,16.0,473.0,1.0
2024-09-17 09:00:00+07:00,24.7,17.2,395.0,1.0
2024-09-17 10:00:00+07:00,24.7,17.2,332.0,1.0
2024-09-17 11:00:00+07:00,24.7,17.2,299.0,1.0
2024-09-17 12:00:00+07:00,22.5,15.7,282.0,0.0
2024-09-17 13:00:00+07:00,19.8,13.9,276.0,0.0
2024-09-17 14:00:00+07:00,18.6,13.0,262.0,0.0
2024-09-17 15:00:00+07:00,23.0,16.1,258.0,0.0
2024-09-17 16:00:00+07:00,23.2,16.2,316.0,0.0
2024-09-17 17:00:00+07:00,25.6,17.9,483.0,0.0
2024-09-17 18:00:00+07:00,30.5,21.3,712.0,0.0
2024-09-17 19:00:00+07:00,37.4,26.1,1131.0,0.0
2024-09-17 20:00:00+07:00,42.0,29.5,1259.0,0.0
2024-09-17 21:00:00+07:00,42.5,29.7,1432.0,0.0
2024-09-17 22:00:00+07:00,42.1,29.5,1539.0,0.0
2024-09-17 23:00:00+07:00,40.3,28.2,1534.0,0.0
2024-09-18 00:00:00+07:00,36.6,25.6,1462.0,0.0
2024-09-18 01:00:00+07:00,31.4,22.0,1353.0,0.0
2024-09-18 02:00:00+07:00,28.1,19.7,1187.0,0.0
2024-09-18 03:00:00+07:00,23.8,16.6,983.0,0.0
2024-09-18 04:00:00+07:00,20.7,14.5,829.0,0.0
2024-09-18 05:00:00+07:00,15.6,10.9,777.0,0.0
2024-09-18 06:00:00+07:00,13.9,9.7,776.0,0.0
2024-09-18 07:00:00+07:00,20.2,14.1,742.0,0.0
2024-09-18 08:00:00+07:00,24.2,16.9,646.0,0.0
2024-09-18 09:00:00+07:00,25.8,18.0,512.0,0.0
2024-09-18 10:00:00+07:00,23.3,16.2,403.0,0.0
2024-09-18 11:00:00+07:00,20.6,14.3,342.0,0.0
2024-09-18 12:00:00+07:00,19.8,13.8,306.0,0.0
2024-09-18 13:00:00+07:00,17.1,11.8,293.0,0.0
2024-09-18 14:00:00+07:00,21.2,14.7,298.0,0.0
2024-09-18 15:00:00+07:00,21.5,14.9,324.0,0.0
2024-09-18 16:00:00+07:00,23.2,16.1,382.0,0.0
2024-09-18 17:00:00+07:00,24.9,17.3,484.0,0.0
2024-09-18 18:00:00+07:00,27.2,18.9,617.0,0.0
2024-09-18 19:00:00+07:00,46.1,32.1,1177.0,0.0
2024-09-18 20:00:00+07:00,52.3,36.6,1333.0,0.0
2024-09-18 21:00:00+07:00,53.7,37.5,1544.0,0.0
2024-09-18 22:00:00+07:00,53.1,37.1,1680.0,0.0
2024-09-18 23:00:00+07:00,50.2,35.0,1681.0,0.0
2024-09-19 00:00:00+07:00,46.2,32.4,1606.0,0.0
2024-09-19 01:00:00+07:00,44.7,31.2,1503.0,0.0
2024-09-19 02:00:00+07:00,42.3,29.5,1374.0,0.0
2024-09-19 03:00:00+07:00,40.5,28.2,1218.0,0.0
2024-09-19 04:00:00+07:00,32.8,22.9,1077.0,0.0
2024-09-19 05:00:00+07:00,22.2,15.5,973.0,0.0
2024-09-19 06:00:00+07:00,15.2,10.6,884.0,0.0
2024-09-19 07:00:00+07:00,28.4,19.8,982.0,0.0
2024-09-19 08:00:00+07:00,36.0,25.0,835.0,0.0
2024-09-19 09:00:00+07:00,38.6,26.8,632.0,0.0
2024-09-19 10:00:00+07:00,32.1,22.2,468.0,0.0
2024-09-19 11:00:00+07:00,27.7,19.1,386.0,0.0
2024-09-19 12:00:00+07:00,25.3,17.4,345.0,0.0
2024-09-19 13:00:00+07:00,25.1,17.3,316.0,0.0
2024-09-19 14:00:00+07:00,23.3,16.0,260.0,0.0
2024-09-19 15:00:00+07:00,21.7,14.9,216.0,0.0
2024-09-19 16:00:00+07:00,21.0,14.3,279.0,0.0
2024-09-19 17:00:00+07:00,21.1,14.5,541.0,0.0
2024-09-19 18:00:00+07:00,34.5,23.9,909.0,0.0
2024-09-19 19:00:00+07:00,39.1,27.1,1131.0,0.0
2024-09-19 20:00:00+07:00,40.7,28.3,1259.0,0.0
2024-09-19 21:00:00+07:00,42.3,29.4,1430.0,0.0
2024-09-19 22:00:00+07:00,42.6,29.7,1522.0,0.0
2024-09-19 23:00:00+07:00,38.2,26.6,1464.0,0.0
2024-09-20 00:00:00+07:00,32.2,22.4,1327.0,0.0
2024-09-20 01:00:00+07:00,29.9,20.9,1205.0,0.0
2024-09-20 02:00:00+07:00,28.0,19.5,1129.0,0.0
2024-09-20 03:00:00+07:00,26.0,18.1,1068.0,0.0
2024-09-20 04:00:00+07:00,23.6,16.5,1016.0,0.0
2024-09-20 05:00:00+07:00,21.4,15.0,986.0,0.0
2024-09-20 06:00:00+07:00,20.1,14.1,965.0,0.0
2024-09-20 07:00:00+07:00,24.8,17.3,772.0,0.0
2024-09-20 08:00:00+07:00,31.4,21.9,696.0,0.0
2024-09-20 09:00:00+07:00,34.2,23.8,590.0,0.0
2024-09-20 10:00:00+07:00,31.1,21.5,498.0,0.0
2024-09-20 11:00:00+07:00,28.8,19.9,425.0,0.0
2024-09-20 12:00:00+07:00,26.5,18.3,366.0,0.0
2024-09-20 13:00:00+07:00,25.3,17.5,347.0,0.0
2024-09-20 14:00:00+07:00,32.8,22.7,376.0,0.0
2024-09-20 15:00:00+07:00,46.4,32.2,446.0,0.0
2024-09-20 16:00:00+07:00,39.3,27.4,554.0,0.0
2024-09-20 17:00:00+07:00,32.8,22.8,715.0,0.0
2024-09-20 18:00:00+07:00,36.2,25.1,915.0,0.0
2024-09-20 19:00:00+07:00,52.5,36.4,1420.0,0.0
2024-09-20 20:00:00+07:00,55.8,38.8,1598.0,0.0
2024-09-20 21:00:00+07:00,55.5,38.6,1838.0,0.0
2024-09-20 22:00:00+07:00,55.4,38.6,1978.0,0.0
2024-09-20 23:00:00+07:00,54.8,38.2,1951.0,0.0
2024-09-21 00:00:00+07:00,53.3,37.1,1823.0,0.0
2024-09-21 01:00:00+07:00,48.2,33.5,1636.0,0.0
2024-09-21 02:00:00+07:00,43.9,30.6,1354.0,0.0
2024-09-21 03:00:00+07:00,38.0,26.5,1011.0,0.0
2024-09-21 04:00:00+07:00,32.2,22.5,755.0,0.0
2024-09-21 05:00:00+07:00,28.0,19.5,663.0,0.0
2024-09-21 06:00:00+07:00,25.3,17.7,658.0,0.0
2024-09-21 07:00:00+07:00,26.8,18.7,647.0,0.0
2024-09-21 08:00:00+07:00,28.9,20.1,587.0,0.0
2024-09-21 09:00:00+07:00,29.7,20.7,504.0,0.0
2024-09-21 10:00:00+07:00,31.4,21.8,434.0,0.0
2024-09-21 11:00:00+07:00,32.9,22.7,388.0,0.0
2024-09-21 12:00:00+07:00,30.2,20.8,356.0,0.0
2024-09-21 13:00:00+07:00,27.5,19.0,343.0,0.0
2024-09-21 14:00:00+07:00,25.4,17.5,350.0,0.0
2024-09-21 15:00:00+07:00,27.0,18.7,376.0,0.0
2024-09-21 16:00:00+07:00,29.3,20.3,427.0,0.0
2024-09-21 17:00:00+07:00,30.5,21.2,522.0,0.0
2024-09-21 18:00:00+07:00,33.1,23.1,642.0,0.0
2024-09-21 19:00:00+07:00,35.4,24.7,830.0,0.0
2024-09-21 20:00:00+07:00,27.3,19.0,815.0,0.0
2024-09-21 21:00:00+07:00,25.2,17.6,791.0,0.0
2024-09-21 22:00:00+07:00,25.1,17.5,755.0,0.0
2024-09-21 23:00:00+07:00,25.5,17.8,700.0,0.0
2024-09-22 00:00:00+07:00,22.0,15.4,634.0,0.0
2024-09-22 01:00:00+07:00,18.7,13.0,573.0,0.0
2024-09-22 02:00:00+07:00,16.9,11.8,520.0,0.0
2024-09-22 03:00:00+07:00,13.5,9.4,472.0,0.0
2024-09-22 04:00:00+07:00,9.1,6.3,439.0,0.0
2024-09-22 05:00:00+07:00,8.2,5.7,431.0,0.0
2024-09-22 06:00:00+07:00,8.7,6.1,439.0,0.0
2024-09-22 07:00:00+07:00,11.0,7.7,344.0,0.0
2024-09-22 08:00:00+07:00,13.1,9.1,361.0,0.0
2024-09-22 09:00:00+07:00,16.4,11.4,385.0,0.0
2024-09-22 10:00:00+07:00,17.1,12.0,400.0,0.0
2024-09-22 11:00:00+07:00,19.5,13.6,396.0,0.0
2024-09-22 12:00:00+07:00,23.6,16.5,384.0,0.0
2024-09-22 13:00:00+07:00,24.5,17.2,382.0,0.0
2024-09-22 14:00:00+07:00,21.2,14.8,383.0,0.0
2024-09-22 15:00:00+07:00,22.9,16.0,394.0,0.0
2024-09-22 16:00:00+07:00,26.0,18.2,457.0,0.0
2024-09-22 17:00:00+07:00,25.3,17.7,633.0,0.0
2024-09-22 18:00:00+07:00,29.7,20.8,860.0,0.0
2024-09-22 19:00:00+07:00,38.0,26.5,973.0,0.0
2024-09-22 20:00:00+07:00,37.4,26.2,952.0,0.0
2024-09-22 21:00:00+07:00,34.9,24.4,919.0,0.0
2024-09-22 22:00:00+07:00,34.7,24.3,871.0,0.0
2024-09-22 23:00:00+07:00,32.2,22.5,799.0,0.0
2024-09-23 00:00:00+07:00,22.2,15.5,712.0,0.0
2024-09-23 01:00:00+07:00,18.2,12.7,634.0,0.0
2024-09-23 02:00:00+07:00,15.2,10.7,570.0,0.0
2024-09-23 03:00:00+07:00,14.1,9.9,515.0,0.0
2024-09-23 04:00:00+07:00,12.9,9.0,483.0,0.0
2024-09-23 05:00:00+07:00,12.5,8.8,490.0,0.0
2024-09-23 06:00:00+07:00,11.1,7.8,520.0,0.0
2024-09-23 07:00:00+07:00,10.8,7.6,437.0,0.0
2024-09-23 08:00:00+07:00,13.4,9.4,419.0,0.0
2024-09-23 09:00:00+07:00,12.2,8.5,393.0,0.0
2024-09-23 10:00:00+07:00,9.5,6.7,373.0,0.0
2024-09-23 11:00:00+07:00,9.7,6.8,358.0,0.0
2024-09-23 12:00:00+07:00,10.2,7.1,349.0,0.0
2024-09-23 13:00:00+07:00,11.0,7.7,356.0,0.0
2024-09-23 14:00:00+07:00,12.0,8.4,372.0,0.0
2024-09-23 15:00:00+07:00,12.0,8.4,405.0,0.0
2024-09-23 16:00:00+07:00,14.4,10.1,492.0,0.0
2024-09-23 17:00:00+07:00,16.5,11.6,676.0,0.0
2024-09-23 18:00:00+07:00,22.1,15.5,914.0,0.0
2024-09-23 19:00:00+07:00,34.5,24.2,1165.0,0.0
2024-09-23 20:00:00+07:00,33.2,23.3,1170.0,0.0
2024-09-23 21:00:00+07:00,34.5,24.1,1172.0,0.0
2024-09-23 22:00:00+07:00,32.4,22.6,1128.0,0.0
2024-09-23 23:00:00+07:00,26.9,18.8,1000.0,0.0
2024-09-24 00:00:00+07:00,24.0,16.8,827.0,0.0
2024-09-24 01:00:00+07:00,20.8,14.6,688.0,0.0
2024-09-24 02:00:00+07:00,20.3,14.2,613.0,0.0
2024-09-24 03:00:00+07:00,18.7,13.1,572.0,0.0
2024-09-24 04:00:00+07:00,17.8,12.4,551.0,0.0
2024-09-24 05:00:00+07:00,17.5,12.2,558.0,0.0
2024-09-24 06:00:00+07:00,17.3,12.1,584.0,0.0
2024-09-24 07:00:00+07:00,17.3,12.1,596.0,0.0
2024-09-24 08:00:00+07:00,14.5,10.1,572.0,0.0
2024-09-24 09:00:00+07:00,15.0,10.5,536.0,0.0
2024-09-24 10:00:00+07:00,16.6,11.6,488.0,0.0
2024-09-24 11:00:00+07:00,20.6,14.4,411.0,0.0
2024-09-24 12:00:00+07:00,17.5,12.2,322.0,0.0
2024-09-24 13:00:00+07:00,14.6,10.2,274.0,0.0
2024-09-24 14:00:00+07:00,14.9,10.4,290.0,0.0
2024-09-24 15:00:00+07:00,15.3,10.7,346.0,0.0
2024-09-24 16:00:00+07:00,17.9,12.5,425.0,0.0
2024-09-24 17:00:00+07:00,17.6,12.3,542.0,0.0
2024-09-24 18:00:00+07:00,20.0,14.0,683.0,0.0
2024-09-24 19:00:00+07:00,26.8,18.9,763.0,0.0
2024-09-24 20:00:00+07:00,25.3,17.8,695.0,0.0
2024-09-24 21:00:00+07:00,24.1,16.9,599.0,0.0
2024-09-24 22:00:00+07:00,18.7,13.1,521.0,0.0
2024-09-24 23:00:00+07:00,16.9,11.8,480.0,0.0
2024-09-25 00:00:00+07:00,15.9,11.1,457.0,0.0
2024-09-25 01:00:00+07:00,13.2,9.2,433.0,0.0
2024-09-25 02:00:00+07:00,11.3,7.9,397.0,0.0
2024-09-25 03:00:00+07:00,10.6,7.4,362.0,0.0
2024-09-25 04:00:00+07:00,10.0,7.0,344.0,0.0
2024-09-25 05:00:00+07:00,9.5,6.7,361.0,0.0
2024-09-25 06:00:00+07:00,10.1,7.0,397.0,0.0
2024-09-25 07:00:00+07:00,17.1,11.9,637.0,0.0
2024-09-25 08:00:00+07:00,15.5,10.7,632.0,0.0
2024-09-25 09:00:00+07:00,15.6,10.8,622.0,0.0
2024-09-25 10:00:00+07:00,17.6,12.3,590.0,0.0
2024-09-25 11:00:00+07:00,17.6,12.3,511.0,0.0
2024-09-25 12:00:00+07:00,17.8,12.3,409.0,0.0
2024-09-25 13:00:00+07:00,15.9,11.1,340.0,0.0
2024-09-25 14:00:00+07:00,14.7,10.3,319.0,0.0
2024-09-25 15:00:00+07:00,15.0,10.6,331.0,0.0
2024-09-25 16:00:00+07:00,15.5,11.0,382.0,0.0
2024-09-25 17:00:00+07:00,15.7,11.2,497.0,0.0
2024-09-25 18:00:00+07:00,17.5,12.4,651.0,0.0
2024-09-25 19:00:00+07:00,26.0,18.2,797.0,1.0
2024-09-25 20:00:00+07:00,21.6,15.1,785.0,1.0
2024-09-25 21:00:00+07:00,21.8,15.3,764.0,1.0
2024-09-25 22:00:00+07:00,22.5,15.8,722.0,1.0
2024-09-25 23:00:00+07:00,19.3,13.5,642.0,1.0
2024-09-26 00:00:00+07:00,16.5,11.6,540.0,0.0
2024-09-26 01:00:00+07:00,14.3,10.0,452.0,0.0
2024-09-26 02:00:00+07:00,12.5,8.6,388.0,0.0
2024-09-26 03:00:00+07:00,12.7,8.9,339.0,0.0
2024-09-26 04:00:00+07:00,10.0,7.0,308.0,0.0
2024-09-26 05:00:00+07:00,10.5,7.3,303.0,0.0
2024-09-26 06:00:00+07:00,11.1,7.7,316.0,1.0
2024-09-26 07:00:00+07:00,9.5,6.7,308.0,1.0
2024-09-26 08:00:00+07:00,9.7,6.8,297.0,1.0
2024-09-26 09:00:00+07:00,12.0,8.4,282.0,1.0
2024-09-26 10:00:00+07:00,9.5,6.7,267.0,1.0
2024-09-26 11:00:00+07:00,7.8,5.4,250.0,1.0
2024-09-26 12:00:00+07:00,8.5,5.9,232.0,1.0
2024-09-26 13:00:00+07:00,10.6,7.4,228.0,1.0
2024-09-26 14:00:00+07:00,14.5,10.2,228.0,1.0
2024-09-26 15:00:00+07:00,17.5,12.3,241.0,0.0
2024-09-26 16:00:00+07:00,19.3,13.6,304.0,0.0
2024-09-26 17:00:00+07:00,19.8,13.9,458.0,0.0
2024-09-26 18:00:00+07:00,24.3,17.1,661.0,0.0
2024-09-26 19:00:00+07:00,20.4,14.3,634.0,1.0
2024-09-26 20:00:00+07:00,18.9,13.3,631.0,1.0
2024-09-26 21:00:00+07:00,21.2,15.0,626.0,0.0
2024-09-26 22:00:00+07:00,22.4,15.7,623.0,0.0
2024-09-26 23:00:00+07:00,22.3,15.7,624.0,0.0
2024-09-27 00:00:00+07:00,22.9,16.1,626.0,0.0
2024-09-27 01:00:00+07:00,22.0,15.5,624.0,0.0
2024-09-27 02:00:00+07:00,20.3,14.3,618.0,0.0
2024-09-27 03:00:00+07:00,18.1,12.7,608.0,0.0
2024-09-27 04:00:00+07:00,17.1,12.0,581.0,0.0
2024-09-27 05:00:00+07:00,16.8,11.8,522.0,0.0
2024-09-27 06:00:00+07:00,15.8,11.1,448.0,1.0
2024-09-27 07:00:00+07:00,19.6,13.7,533.0,0.0
2024-09-27 08:00:00+07:00,20.3,14.2,491.0,0.0
2024-09-27 09:00:00+07:00,20.7,14.4,432.0,1.0
2024-09-27 10:00:00+07:00,23.5,16.4,377.0,1.0
2024-09-27 11:00:00+07:00,24.3,16.9,329.0,1.0
2024-09-27 12:00:00+07:00,21.9,15.2,285.0,1.0
2024-09-27 13:00:00+07:00,21.1,14.6,255.0,1.0
2024-09-27 14:00:00+07:00,22.5,15.7,223.0,1.0
2024-09-27 15:00:00+07:00,21.2,14.8,206.0,1.0
2024-09-27 16:00:00+07:00,22.4,15.6,260.0,1.0
2024-09-27 17:00:00+07:00,24.7,17.2,441.0,1.0
2024-09-27 18:00:00+07:00,30.3,21.2,694.0,0.0
2024-09-27 19:00:00+07:00,42.5,29.7,1283.0,0.0
2024-09-27 20:00:00+07:00,48.1,33.6,1449.0,0.0
2024-09-27 21:00:00+07:00,50.5,35.4,1679.0,0.0
2024-09-27 22:00:00+07:00,55.6,39.0,1864.0,0.0
2024-09-27 23:00:00+07:00,55.1,38.5,1976.0,0.0
2024-09-28 00:00:00+07:00,52.2,36.6,2042.0,0.0
2024-09-28 01:00:00+07:00,48.5,34.1,2031.0,0.0
2024-09-28 02:00:00+07:00,47.3,33.2,1895.0,0.0
2024-09-28 03:00:00+07:00,43.3,30.4,1682.0,0.0
2024-09-28 04:00:00+07:00,40.6,28.5,1503.0,0.0
2024-09-28 05:00:00+07:00,37.5,26.3,1422.0,0.0
2024-09-28 06:00:00+07:00,34.5,24.2,1376.0,0.0
2024-09-28 07:00:00+07:00,32.7,23.0,1026.0,0.0
2024-09-28 08:00:00+07:00,39.1,27.5,893.0,0.0
2024-09-28 09:00:00+07:00,43.2,30.3,707.0,0.0
2024-09-28 10:00:00+07:00,39.5,27.6,545.0,0.0
2024-09-28 11:00:00+07:00,32.2,22.6,433.0,0.0
2024-09-28 12:00:00+07:00,28.4,19.8,345.0,0.0
2024-09-28 13:00:00+07:00,27.8,19.4,288.0,0.0
2024-09-28 14:00:00+07:00,28.2,19.7,255.0,0.0
2024-09-28 15:00:00+07:00,27.4,19.2,252.0,0.0
2024-09-28 16:00:00+07:00,25.6,17.9,307.0,0.0
2024-09-28 17:00:00+07:00,27.1,18.9,449.0,0.0
2024-09-28 18:00:00+07:00,28.2,19.7,648.0,0.0
2024-09-28 19:00:00+07:00,44.5,31.1,1276.0,0.0
2024-09-28 20:00:00+07:00,49.6,34.8,1377.0,0.0
2024-09-28 21:00:00+07:00,48.7,34.1,1513.0,0.0
2024-09-28 22:00:00+07:00,46.0,32.2,1600.0,0.0
2024-09-28 23:00:00+07:00,44.9,31.4,1596.0,0.0
2024-09-29 00:00:00+07:00,42.1,29.6,1542.0,0.0
2024-09-29 01:00:00+07:00,37.6,26.4,1476.0,0.0
2024-09-29 02:00:00+07:00,38.4,27.0,1406.0,0.0
2024-09-29 03:00:00+07:00,36.4,25.6,1325.0,0.0
2024-09-29 04:00:00+07:00,35.6,25.0,1247.0,0.0
2024-09-29 05:00:00+07:00,35.3,24.7,1193.0,0.0
2024-09-29 06:00:00+07:00,34.6,24.3,1143.0,0.0
2024-09-29 07:00:00+07:00,35.7,25.1,1123.0,0.0
2024-09-29 08:00:00+07:00,42.4,29.7,952.0,0.0
2024-09-29 09:00:00+07:00,44.5,31.2,713.0,0.0
2024-09-29 10:00:00+07:00,37.0,26.0,521.0,0.0
2024-09-29 11:00:00+07:00,33.9,23.7,416.0,0.0
2024-09-29 12:00:00+07:00,31.7,22.1,358.0,0.0
2024-09-29 13:00:00+07:00,31.3,21.9,332.0,0.0
2024-09-29 14:00:00+07:00,29.9,21.0,337.0,0.0
2024-09-29 15:00:00+07:00,27.4,19.2,376.0,0.0
2024-09-29 16:00:00+07:00,27.4,19.3,441.0,0.0
2024-09-29 17:00:00+07:00,24.0,16.9,530.0,0.0
2024-09-29 18:00:00+07:00,27.0,19.0,647.0,0.0
2024-09-29 19:00:00+07:00,34.9,24.5,856.0,0.0
2024-09-29 20:00:00+07:00,34.1,24.0,936.0,0.0
2024-09-29 21:00:00+07:00,34.1,24.0,1049.0,0.0
2024-09-29 22:00:00+07:00,34.7,24.3,1153.0,0.0
2024-09-29 23:00:00+07:00,37.0,26.0,1261.0,0.0
2024-09-30 00:00:00+07:00,36.9,26.0,1361.0,0.0
2024-09-30 01:00:00+07:00,34.1,24.0,1373.0,0.0
2024-09-30 02:00:00+07:00,30.4,21.3,1227.0,0.0
2024-09-30 03:00:00+07:00,27.1,19.0,994.0,0.0
2024-09-30 04:00:00+07:00,25.1,17.6,808.0,0.0
2024-09-30 05:00:00+07:00,23.3,16.4,737.0,0.0
2024-09-30 06:00:00+07:00,21.9,15.4,713.0,0.0
2024-09-30 07:00:00+07:00,23.5,16.6,676.0,0.0
2024-09-30 08:00:00+07:00,24.9,17.6,601.0,0.0
2024-09-30 09:00:00+07:00,25.0,17.5,495.0,1.0
2024-09-30 10:00:00+07:00,23.9,16.7,404.0,1.0
2024-09-30 11:00:00+07:00,23.1,16.1,341.0,1.0
2024-09-30 12:00:00+07:00,21.7,15.1,292.0,0.0
2024-09-30 13:00:00+07:00,19.7,13.7,258.0,0.0
2024-09-30 14:00:00+07:00,17.9,12.5,219.0,0.0
2024-09-30 15:00:00+07:00,17.8,12.4,196.0,0.0
2024-09-30 16:00:00+07:00,16.9,11.8,253.0,0.0
2024-09-30 17:00:00+07:00,20.1,14.1,446.0,0.0
2024-09-30 18:00:00+07:00,22.5,15.8,719.0,0.0
2024-09-30 19:00:00+07:00,34.9,24.6,944.0,0.0
2024-09-30 20:00:00+07:00,39.7,28.0,984.0,0.0
2024-09-30 21:00:00+07:00,36.0,25.4,1038.0,0.0
2024-09-30 22:00:00+07:00,33.4,23.6,1073.0,0.0
2024-09-30 23:00:00+07:00,30.6,21.7,1072.0,0.0
2024-10-01 00:00:00+07:00,28.3,20.1,1050.0,0.0
2024-10-01 01:00:00+07:00,27.0,19.1,1023.0,0.0
2024-10-01 02:00:00+07:00,27.1,19.2,990.0,0.0
2024-10-01 03:00:00+07:00,26.4,18.6,951.0,0.0
2024-10-01 04:00:00+07:00,24.3,17.2,921.0,0.0
2024-10-01 05:00:00+07:00,16.0,11.3,924.0,0.0
2024-10-01 06:00:00+07:00,12.5,8.8,936.0,0.0
2024-10-01 07:00:00+07:00,5.5,3.8,695.0,0.0
2024-10-01 08:00:00+07:00,8.2,5.7,625.0,0.0
2024-10-01 09:00:00+07:00,12.5,8.8,528.0,0.0
2024-10-01 10:00:00+07:00,14.5,10.2,443.0,0.0
2024-10-01 11:00:00+07:00,15.4,10.8,385.0,0.0
2024-10-01 12:00:00+07:00,17.8,12.5,340.0,0.0
2024-10-01 13:00:00+07:00,17.4,12.2,310.0,0.0
2024-10-01 14:00:00+07:00,16.1,11.4,288.0,0.0
2024-10-01 15:00:00+07:00,17.3,12.2,282.0,0.0
2024-10-01 16:00:00+07:00,16.6,11.7,317.0,0.0
2024-10-01 17:00:00+07:00,16.6,11.7,424.0,0.0
2024-10-01 18:00:00+07:00,21.2,14.9,572.0,0.0
2024-10-01 19:00:00+07:00,31.9,22.5,579.0,0.0
2024-10-01 20:00:00+07:00,29.2,20.5,580.0,0.0
2024-10-01 21:00:00+07:00,28.9,20.4,581.0,0.0
2024-10-01 22:00:00+07:00,24.1,17.0,585.0,0.0
2024-10-01 23:00:00+07:00,22.3,15.7,600.0,0.0
2024-10-02 00:00:00+07:00,21.1,14.9,617.0,0.0
2024-10-02 01:00:00+07:00,20.2,14.3,615.0,0.0
2024-10-02 02:00:00+07:00,16.6,11.7,575.0,0.0
2024-10-02 03:00:00+07:00,14.9,10.5,514.0,0.0
2024-10-02 04:00:00+07:00,14.2,10.0,466.0,0.0
2024-10-02 05:00:00+07:00,12.9,9.1,444.0,0.0
2024-10-02 06:00:00+07:00,10.7,7.5,434.0,0.0
2024-10-02 07:00:00+07:00,12.7,9.0,427.0,0.0
2024-10-02 08:00:00+07:00,9.5,6.7,405.0,0.0
2024-10-02 09:00:00+07:00,8.3,5.9,374.0,0.0
2024-10-02 10:00:00+07:00,9.2,6.4,350.0,0.0
2024-10-02 11:00:00+07:00,12.2,8.5,341.0,0.0
2024-10-02 12:00:00+07:00,13.8,9.7,340.0,0.0
2024-10-02 13:00:00+07:00,14.7,10.3,340.0,0.0
2024-10-02 14:00:00+07:00,16.6,11.6,326.0,0.0
2024-10-02 15:00:00+07:00,17.6,12.3,313.0,0.0
2024-10-02 16:00:00+07:00,17.6,12.3,343.0,0.0
2024-10-02 17:00:00+07:00,18.7,13.1,454.0,0.0
2024-10-02 18:00:00+07:00,20.0,14.0,609.0,0.0
2024-10-02 19:00:00+07:00,29.2,20.4,775.0,0.0
2024-10-02 20:00:00+07:00,26.4,18.5,752.0,0.0
2024-10-02 21:00:00+07:00,26.0,18.3,721.0,0.0
2024-10-02 22:00:00+07:00,25.1,17.6,693.0,0.0
2024-10-02 23:00:00+07:00,21.2,14.8,680.0,0.0
2024-10-03 00:00:00+07:00,18.1,12.7,670.0,0.0
2024-10-03 01:00:00+07:00,18.0,12.7,646.0,0.0
2024-10-03 02:00:00+07:00,15.7,11.0,589.0,0.0
2024-10-03 03:00:00+07:00,16.5,11.6,517.0,0.0
2024-10-03 04:00:00+07:00,15.8,11.1,466.0,0.0
2024-10-03 05:00:00+07:00,15.5,10.9,456.0,0.0
2024-10-03 06:00:00+07:00,12.2,8.6,467.0,0.0
2024-10-03 07:00:00+07:00,9.9,6.9,439.0,0.0
2024-10-03 08:00:00+07:00,11.8,8.3,439.0,0.0
2024-10-03 09:00:00+07:00,12.8,9.0,436.0,0.0
2024-10-03 10:00:00+07:00,13.3,9.3,424.0,0.0
2024-10-03 11:00:00+07:00,13.6,9.5,388.0,0.0
2024-10-03 12:00:00+07:00,13.0,9.1,341.0,0.0
2024-10-03 13:00:00+07:00,12.2,8.6,316.0,0.0
2024-10-03 14:00:00+07:00,12.6,8.8,313.0,0.0
2024-10-03 15:00:00+07:00,14.1,9.9,331.0,0.0
2024-10-03 16:00:00+07:00,13.5,9.4,403.0,0.0
2024-10-03 17:00:00+07:00,14.7,10.3,578.0,0.0
2024-10-03 18:00:00+07:00,20.1,14.1,806.0,0.0
2024-10-03 19:00:00+07:00,23.6,16.5,723.0,0.0
2024-10-03 20:00:00+07:00,15.4,10.8,635.0,0.0
2024-10-03 21:00:00+07:00,11.0,7.7,514.0,0.0
2024-10-03 22:00:00+07:00,9.2,6.5,428.0,0.0
2024-10-03 23:00:00+07:00,9.4,6.6,418.0,0.0
2024-10-04 00:00:00+07:00,9.1,6.4,442.0,0.0
2024-10-04 01:00:00+07:00,8.5,5.9,448.0,0.0
2024-10-04 02:00:00+07:00,7.7,5.4,401.0,0.0
2024-10-04 03:00:00+07:00,7.2,5.0,336.0,0.0
2024-10-04 04:00:00+07:00,6.9,4.8,300.0,0.0
2024-10-04 05:00:00+07:00,6.5,4.6,325.0,0.0
2024-10-04 06:00:00+07:00,6.7,4.7,380.0,0.0
2024-10-04 07:00:00+07:00,3.4,2.4,288.0,0.0
2024-10-04 08:00:00+07:00,2.9,2.0,301.0,0.0
2024-10-04 09:00:00+07:00,3.4,2.4,318.0,0.0
2024-10-04 10:00:00+07:00,3.9,2.8,330.0,0.0
2024-10-04 11:00:00+07:00,5.5,3.9,329.0,0.0
2024-10-04 12:00:00+07:00,7.9,5.5,323.0,0.0
2024-10-04 13:00:00+07:00,8.6,6.0,318.0,0.0
2024-10-04 14:00:00+07:00,9.7,6.8,290.0,0.0
2024-10-04 15:00:00+07:00,11.5,8.1,263.0,0.0
2024-10-04 16:00:00+07:00,12.0,8.4,321.0,0.0
2024-10-04 17:00:00+07:00,14.5,10.1,543.0,0.0
2024-10-04 18:00:00+07:00,21.9,15.3,850.0,0.0
2024-10-04 19:00:00+07:00,35.7,25.0,1077.0,0.0
2024-10-04 20:00:00+07:00,39.3,27.5,1271.0,0.0
2024-10-04 21:00:00+07:00,42.4,29.6,1533.0,0.0
2024-10-04 22:00:00+07:00,41.7,29.2,1685.0,0.0
2024-10-04 23:00:00+07:00,43.2,30.3,1640.0,0.0
2024-10-05 00:00:00+07:00,40.0,28.0,1486.0,0.0
2024-10-05 01:00:00+07:00,30.3,21.2,1305.0,0.0
2024-10-05 02:00:00+07:00,27.1,19.0,1096.0,0.0
2024-10-05 03:00:00+07:00,23.9,16.6,861.0,0.0
2024-10-05 04:00:00+07:00,15.5,10.8,691.0,0.0
2024-10-05 05:00:00+07:00,14.3,10.0,644.0,0.0
2024-10-05 06:00:00+07:00,15.3,10.7,661.0,0.0
2024-10-05 07:00:00+07:00,5.1,3.6,382.0,0.0
2024-10-05 08:00:00+07:00,6.8,4.7,361.0,0.0
2024-10-05 09:00:00+07:00,7.4,5.2,332.0,0.0
2024-10-05 10:00:00+07:00,9.7,6.8,308.0,0.0
2024-10-05 11:00:00+07:00,11.5,8.0,292.0,0.0
2024-10-05 12:00:00+07:00,12.7,8.8,280.0,0.0
2024-10-05 13:00:00+07:00,13.6,9.4,275.0,0.0
2024-10-05 14:00:00+07:00,15.2,10.5,250.0,0.0
2024-10-05 15:00:00+07:00,21.0,14.5,230.0,0.0
2024-10-05 16:00:00+07:00,18.5,12.8,296.0,0.0
2024-10-05 17:00:00+07:00,20.6,14.3,512.0,0.0
2024-10-05 18:00:00+07:00,30.6,21.4,813.0,0.0
2024-10-05 19:00:00+07:00,37.6,26.3,1077.0,0.0
2024-10-05 20:00:00+07:00,44.2,30.9,1241.0,0.0
2024-10-05 21:00:00+07:00,47.6,33.3,1463.0,0.0
2024-10-05 22:00:00+07:00,47.0,32.9,1593.0,0.0
2024-10-05 23:00:00+07:00,46.0,32.2,1553.0,0.0
2024-10-06 00:00:00+07:00,44.9,31.4,1421.0,0.0
2024-10-06 01:00:00+07:00,38.5,27.0,1286.0,0.0
2024-10-06 02:00:00+07:00,35.4,24.7,1165.0,0.0
2024-10-06 03:00:00+07:00,32.6,22.8,1040.0,0.0
2024-10-06 04:00:00+07:00,30.6,21.4,944.0,0.0
2024-10-06 05:00:00+07:00,30.4,21.2,911.0,0.0
2024-10-06 06:00:00+07:00,30.7,21.5,907.0,0.0
2024-10-06 07:00:00+07:00,34.9,24.4,932.0,0.0
2024-10-06 08:00:00+07:00,43.0,30.0,830.0,0.0
2024-10-06 09:00:00+07:00,45.2,31.5,688.0,0.0
2024-10-06 10:00:00+07:00,40.0,27.8,566.0,0.0
2024-10-06 11:00:00+07:00,37.5,26.0,485.0,0.0
2024-10-06 12:00:00+07:00,36.0,25.0,424.0,0.0
2024-10-06 13:00:00+07:00,34.6,24.0,381.0,0.0
2024-10-06 14:00:00+07:00,33.3,23.1,333.0,0.0
2024-10-06 15:00:00+07:00,32.0,22.2,305.0,0.0
2024-10-06 16:00:00+07:00,32.5,22.6,364.0,0.0
2024-10-06 17:00:00+07:00,35.2,24.4,574.0,0.0
2024-10-06 18:00:00+07:00,43.0,29.9,872.0,0.0
2024-10-06 19:00:00+07:00,51.3,35.9,1112.0,0.0
2024-10-06 20:00:00+07:00,56.6,39.5,1267.0,0.0
2024-10-06 21:00:00+07:00,58.1,40.5,1469.0,0.0
2024-10-06 22:00:00+07:00,59.3,41.3,1544.0,0.0
2024-10-06 23:00:00+07:00,57.0,39.8,1372.0,0.0
2024-10-07 00:00:00+07:00,48.9,34.1,1071.0,0.0
2024-10-07 01:00:00+07:00,37.6,26.3,822.0,0.0
2024-10-07 02:00:00+07:00,30.6,21.4,694.0,0.0
2024-10-07 03:00:00+07:00,28.2,19.7,617.0,0.0
2024-10-07 04:00:00+07:00,25.2,17.6,563.0,0.0
2024-10-07 05:00:00+07:00,19.8,13.9,534.0,0.0
2024-10-07 06:00:00+07:00,18.1,12.7,529.0,0.0
2024-10-07 07:00:00+07:00,47.7,33.3,1091.0,0.0
2024-10-07 08:00:00+07:00,53.7,37.5,920.0,0.0
2024-10-07 09:00:00+07:00,44.4,30.9,684.0,0.0
2024-10-07 10:00:00+07:00,37.8,26.2,501.0,0.0
2024-10-07 11:00:00+07:00,34.1,23.4,425.0,0.0
2024-10-07 12:00:00+07:00,39.2,27.0,402.0,0.0
2024-10-07 13:00:00+07:00,45.5,31.3,394.0,0.0
2024-10-07 14:00:00+07:00,46.7,32.2,363.0,0.0
2024-10-07 15:00:00+07:00,46.4,32.1,346.0,0.0
2024-10-07 16:00:00+07:00,45.2,31.3,417.0,0.0
2024-10-07 17:00:00+07:00,45.5,31.5,647.0,0.0
2024-10-07 18:00:00+07:00,53.7,37.3,964.0,0.0
2024-10-07 19:00:00+07:00,46.6,32.5,841.0,0.0
2024-10-07 20:00:00+07:00,50.8,35.4,975.0,0.0
2024-10-07 21:00:00+07:00,55.1,38.4,1154.0,0.0
2024-10-07 22:00:00+07:00,56.5,39.5,1256.0,0.0
2024-10-07 23:00:00+07:00,50.6,35.4,1211.0,0.0
2024-10-08 00:00:00+07:00,46.1,32.2,1088.0,0.0
2024-10-08 01:00:00+07:00,43.8,30.6,967.0,0.0
2024-10-08 02:00:00+07:00,42.0,29.4,867.0,0.0
2024-10-08 03:00:00+07:00,41.3,28.9,768.0,0.0
2024-10-08 04:00:00+07:00,39.6,27.7,697.0,0.0
2024-10-08 05:00:00+07:00,37.5,26.2,675.0,0.0
2024-10-08 06:00:00+07:00,34.0,23.8,680.0,0.0
2024-10-08 07:00:00+07:00,27.9,19.6,591.0,0.0
2024-10-08 08:00:00+07:00,28.1,19.7,550.0,0.0
2024-10-08 09:00:00+07:00,28.0,19.6,493.0,0.0
2024-10-08 10:00:00+07:00,24.0,16.8,442.0,0.0
2024-10-08 11:00:00+07:00,22.8,15.9,403.0,0.0
2024-10-08 12:00:00+07:00,24.0,16.7,370.0,0.0
2024-10-08 13:00:00+07:00,24.9,17.3,349.0,0.0
2024-10-08 14:00:00+07:00,26.7,18.6,311.0,0.0
2024-10-08 15:00:00+07:00,26.7,18.5,285.0,0.0
2024-10-08 16:00:00+07:00,27.2,18.9,357.0,0.0
2024-10-08 17:00:00+07:00,30.3,21.1,605.0,0.0
2024-10-08 18:00:00+07:00,40.7,28.3,951.0,0.0
2024-10-08 19:00:00+07:00,52.6,36.8,1377.0,0.0
2024-10-08 20:00:00+07:00,58.1,40.6,1539.0,0.0
2024-10-08 21:00:00+07:00,59.6,41.7,1762.0,0.0
2024-10-08 22:00:00+07:00,59.8,41.9,1922.0,0.0
2024-10-08 23:00:00+07:00,59.0,41.3,1978.0,0.0
2024-10-09 00:00:00+07:00,57.4,40.2,1972.0,0.0
2024-10-09 01:00:00+07:00,54.9,38.4,1899.0,0.0
2024-10-09 02:00:00+07:00,46.8,32.7,1720.0,0.0
2024-10-09 03:00:00+07:00,42.5,29.7,1474.0,0.0
2024-10-09 04:00:00+07:00,36.1,25.2,1282.0,0.0
2024-10-09 05:00:00+07:00,31.9,22.3,1219.0,0.0
2024-10-09 06:00:00+07:00,34.5,24.0,1210.0,0.0
2024-10-09 07:00:00+07:00,41.1,28.7,1104.0,0.0
2024-10-09 08:00:00+07:00,43.7,30.5,944.0,0.0
2024-10-09 09:00:00+07:00,35.9,25.0,722.0,0.0
2024-10-09 10:00:00+07:00,33.6,23.3,546.0,0.0
2024-10-09 11:00:00+07:00,34.3,23.8,461.0,0.0
2024-10-09 12:00:00+07:00,35.2,24.4,421.0,0.0
2024-10-09 13:00:00+07:00,35.7,24.8,403.0,0.0
2024-10-09 14:00:00+07:00,40.2,27.8,379.0,0.0
2024-10-09 15:00:00+07:00,40.9,28.3,376.0,0.0
2024-10-09 16:00:00+07:00,41.8,29.0,449.0,0.0
2024-10-09 17:00:00+07:00,43.4,30.2,652.0,0.0
2024-10-09 18:00:00+07:00,50.6,35.3,931.0,0.0
2024-10-09 19:00:00+07:00,57.3,39.9,1334.0,0.0
2024-10-09 20:00:00+07:00,51.7,36.1,1351.0,0.0
2024-10-09 21:00:00+07:00,51.5,36.0,1366.0,0.0
2024-10-09 22:00:00+07:00,54.2,37.8,1325.0,0.0
2024-10-09 23:00:00+07:00,53.3,37.3,1184.0,0.0
2024-10-10 00:00:00+07:00,32.9,23.0,985.0,0.0
2024-10-10 01:00:00+07:00,20.6,14.4,805.0,0.0
2024-10-10 02:00:00+07:00,23.5,16.4,660.0,0.0
2024-10-10 03:00:00+07:00,20.9,14.6,533.0,0.0
2024-10-10 04:00:00+07:00,18.4,12.8,445.0,0.0
2024-10-10 05:00:00+07:00,18.1,12.6,415.0,0.0
2024-10-10 06:00:00+07:00,19.2,13.4,423.0,0.0
2024-10-10 07:00:00+07:00,22.6,15.7,542.0,0.0
2024-10-10 08:00:00+07:00,24.4,17.1,550.0,0.0
2024-10-10 09:00:00+07:00,27.0,18.8,558.0,0.0
2024-10-10 10:00:00+07:00,28.7,20.0,554.0,0.0
2024-10-10 11:00:00+07:00,31.8,22.0,521.0,0.0
2024-10-10 12:00:00+07:00,33.8,23.5,475.0,0.0
2024-10-10 13:00:00+07:00,34.9,24.2,447.0,0.0
2024-10-10 14:00:00+07:00,36.0,25.0,428.0,0.0
2024-10-10 15:00:00+07:00,39.1,27.1,428.0,0.0
2024-10-10 16:00:00+07:00,41.1,28.5,508.0,0.0
2024-10-10 17:00:00+07:00,40.9,28.4,719.0,0.0
2024-10-10 18:00:00+07:00,46.9,32.7,1009.0,0.0
2024-10-10 19:00:00+07:00,47.1,32.9,1143.0,0.0
2024-10-10 20:00:00+07:00,51.7,36.1,1223.0,0.0
2024-10-10 21:00:00+07:00,52.5,36.8,1327.0,0.0
2024-10-10 22:00:00+07:00,48.9,34.2,1358.0,0.0
2024-10-10 23:00:00+07:00,41.8,29.2,1252.0,0.0
2024-10-11 00:00:00+07:00,38.1,26.6,1074.0,0.0
2024-10-11 01:00:00+07:00,31.3,21.9,915.0,0.0
2024-10-11 02:00:00+07:00,29.5,20.5,804.0,0.0
2024-10-11 03:00:00+07:00,27.5,19.2,714.0,0.0
2024-10-11 04:00:00+07:00,25.0,17.5,651.0,0.0
2024-10-11 05:00:00+07:00,24.1,16.8,633.0,0.0
2024-10-11 06:00:00+07:00,23.9,16.7,644.0,0.0
2024-10-11 07:00:00+07:00,14.8,10.4,613.0,0.0
2024-10-11 08:00:00+07:00,17.6,12.3,580.0,0.0
2024-10-11 09:00:00+07:00,21.1,14.7,534.0,0.0
2024-10-11 10:00:00+07:00,24.1,16.7,493.0,0.0
2024-10-11 11:00:00+07:00,27.7,19.2,460.0,0.0
2024-10-11 12:00:00+07:00,29.3,20.3,432.0,0.0
2024-10-11 13:00:00+07:00,29.3,20.1,416.0,0.0
2024-10-11 14:00:00+07:00,30.0,20.6,387.0,0.0
2024-10-11 15:00:00+07:00,31.4,21.6,370.0,0.0
2024-10-11 16:00:00+07:00,34.2,23.5,447.0,0.0
2024-10-11 17:00:00+07:00,38.0,26.2,702.0,0.0
2024-10-11 18:00:00+07:00,48.3,33.5,1050.0,0.0
2024-10-11 19:00:00+07:00,44.9,31.3,1222.0,0.0
2024-10-11 20:00:00+07:00,36.3,25.3,1107.0,0.0
2024-10-11 21:00:00+07:00,34.1,23.7,948.0,0.0
2024-10-11 22:00:00+07:00,36.9,25.7,830.0,0.0
2024-10-11 23:00:00+07:00,35.7,25.0,797.0,0.0
2024-10-12 00:00:00+07:00,33.5,23.4,805.0,0.0
2024-10-12 01:00:00+07:00,32.7,22.9,804.0,0.0
2024-10-12 02:00:00+07:00,32.5,22.7,774.0,0.0
2024-10-12 03:00:00+07:00,32.2,22.5,736.0,0.0
2024-10-12 04:00:00+07:00,31.1,21.7,705.0,0.0
2024-10-12 05:00:00+07:00,29.8,20.8,691.0,0.0
2024-10-12 06:00:00+07:00,29.6,20.7,685.0,0.0
2024-10-12 07:00:00+07:00,28.6,20.0,679.0,0.0
2024-10-12 08:00:00+07:00,33.8,23.5,650.0,0.0
2024-10-12 09:00:00+07:00,39.2,27.3,608.0,0.0
2024-10-12 10:00:00+07:00,42.7,29.7,565.0,0.0
2024-10-12 11:00:00+07:00,43.7,30.2,521.0,0.0
2024-10-12 12:00:00+07:00,42.3,29.1,476.0,0.0
2024-10-12 13:00:00+07:00,41.9,28.9,443.0,0.0
2024-10-12 14:00:00+07:00,42.0,29.0,395.0,0.0
2024-10-12 15:00:00+07:00,41.8,28.8,359.0,0.0
2024-10-12 16:00:00+07:00,40.9,28.2,435.0,0.0
2024-10-12 17:00:00+07:00,41.4,28.5,717.0,0.0
2024-10-12 18:00:00+07:00,53.4,37.0,1110.0,0.0
2024-10-12 19:00:00+07:00,67.5,46.8,1458.0,0.0
2024-10-12 20:00:00+07:00,71.9,50.1,1500.0,0.0
2024-10-12 21:00:00+07:00,68.0,47.4,1558.0,0.0
2024-10-12 22:00:00+07:00,63.6,44.4,1603.0,0.0
2024-10-12 23:00:00+07:00,61.2,42.7,1630.0,0.0
2024-10-13 00:00:00+07:00,59.6,41.7,1644.0,0.0
2024-10-13 01:00:00+07:00,58.2,40.6,1628.0,0.0
2024-10-13 02:00:00+07:00,54.5,38.1,1562.0,0.0
2024-10-13 03:00:00+07:00,54.7,38.2,1466.0,0.0
2024-10-13 04:00:00+07:00,53.6,37.4,1379.0,0.0
2024-10-13 05:00:00+07:00,54.8,38.3,1330.0,0.0
2024-10-13 06:00:00+07:00,57.6,40.2,1291.0,0.0
2024-10-13 07:00:00+07:00,55.6,38.9,1154.0,0.0
2024-10-13 08:00:00+07:00,63.3,44.2,1011.0,0.0
2024-10-13 09:00:00+07:00,67.1,46.7,811.0,0.0
2024-10-13 10:00:00+07:00,49.4,34.0,642.0,0.0
2024-10-13 11:00:00+07:00,37.7,25.7,537.0,0.0
2024-10-13 12:00:00+07:00,35.0,23.7,463.0,0.0
2024-10-13 13:00:00+07:00,34.5,23.4,415.0,0.0
2024-10-13 14:00:00+07:00,35.2,23.9,361.0,0.0
2024-10-13 15:00:00+07:00,36.1,24.5,333.0,0.0
2024-10-13 16:00:00+07:00,36.9,25.1,419.0,0.0
2024-10-13 17:00:00+07:00,39.9,27.2,708.0,0.0
2024-10-13 18:00:00+07:00,53.0,36.3,1110.0,0.0
2024-10-13 19:00:00+07:00,47.3,32.7,1072.0,0.0
2024-10-13 20:00:00+07:00,51.9,36.1,1128.0,0.0
2024-10-13 21:00:00+07:00,48.9,34.1,1202.0,0.0
2024-10-13 22:00:00+07:00,46.6,32.5,1244.0,0.0
2024-10-13 23:00:00+07:00,42.7,29.8,1229.0,0.0
2024-10-14 00:00:00+07:00,40.7,28.4,1181.0,0.0
2024-10-14 01:00:00+07:00,39.0,27.2,1117.0,0.0
2024-10-14 02:00:00+07:00,36.8,25.6,1035.0,0.0
2024-10-14 03:00:00+07:00,35.2,24.4,937.0,0.0
2024-10-14 04:00:00+07:00,33.1,23.1,849.0,0.0
2024-10-14 05:00:00+07:00,30.6,21.4,782.0,0.0
2024-10-14 06:00:00+07:00,28.6,20.0,725.0,0.0
2024-10-14 07:00:00+07:00,30.6,21.4,768.0,0.0
2024-10-14 08:00:00+07:00,32.2,22.5,712.0,0.0
2024-10-14 09:00:00+07:00,32.4,22.4,633.0,0.0
2024-10-14 10:00:00+07:00,31.5,21.8,558.0,0.0
2024-10-14 11:00:00+07:00,29.0,20.0,489.0,0.0
2024-10-14 12:00:00+07:00,28.6,19.6,423.0,0.0
2024-10-14 13:00:00+07:00,24.2,16.6,383.0,0.0
2024-10-14 14:00:00+07:00,24.6,17.0,358.0,0.0
2024-10-14 15:00:00+07:00,26.4,18.2,358.0,0.0
2024-10-14 16:00:00+07:00,26.1,18.1,434.0,0.0
2024-10-14 17:00:00+07:00,26.6,18.5,657.0,0.0
2024-10-14 18:00:00+07:00,31.1,21.7,957.0,0.0
2024-10-14 19:00:00+07:00,32.5,22.6,929.0,0.0
2024-10-14 20:00:00+07:00,27.7,19.3,903.0,0.0
2024-10-14 21:00:00+07:00,25.7,17.9,868.0,0.0
2024-10-14 22:00:00+07:00,26.3,18.4,854.0,0.0
2024-10-14 23:00:00+07:00,28.6,20.0,889.0,0.0
2024-10-15 00:00:00+07:00,30.4,21.2,946.0,0.0
2024-10-15 01:00:00+07:00,29.9,21.0,968.0,0.0
2024-10-15 02:00:00+07:00,29.5,20.6,925.0,0.0
2024-10-15 03:00:00+07:00,27.5,19.2,849.0,0.0
2024-10-15 04:00:00+07:00,25.6,17.9,775.0,0.0
2024-10-15 05:00:00+07:00,24.0,16.8,713.0,0.0
2024-10-15 06:00:00+07:00,23.5,16.4,653.0,0.0
2024-10-15 07:00:00+07:00,21.7,15.1,667.0,0.0
2024-10-15 08:00:00+07:00,25.2,17.6,642.0,0.0
2024-10-15 09:00:00+07:00,29.2,20.4,607.0,0.0
2024-10-15 10:00:00+07:00,35.3,24.6,568.0,0.0
2024-10-15 11:00:00+07:00,34.3,23.9,523.0,0.0
2024-10-15 12:00:00+07:00,31.8,22.1,475.0,0.0
2024-10-15 13:00:00+07:00,31.5,21.8,442.0,0.0
2024-10-15 14:00:00+07:00,32.8,22.8,397.0,0.0
2024-10-15 15:00:00+07:00,34.3,23.8,367.0,0.0
2024-10-15 16:00:00+07:00,34.5,23.9,451.0,0.0
2024-10-15 17:00:00+07:00,39.5,27.4,746.0,0.0
2024-10-15 18:00:00+07:00,50.4,35.2,1155.0,0.0
2024-10-15 19:00:00+07:00,47.1,32.9,1236.0,0.0
2024-10-15 20:00:00+07:00,44.7,31.2,1215.0,0.0
2024-10-15 21:00:00+07:00,39.1,27.3,1185.0,0.0
2024-10-15 22:00:00+07:00,37.1,25.9,1158.0,0.0
2024-10-15 23:00:00+07:00,36.6,25.6,1146.0,0.0
2024-10-16 00:00:00+07:00,34.3,24.0,1138.0,0.0
2024-10-16 01:00:00+07:00,31.9,22.2,1110.0,0.0
2024-10-16 02:00:00+07:00,30.0,21.0,1048.0,0.0
2024-10-16 03:00:00+07:00,28.9,20.1,966.0,0.0
2024-10-16 04:00:00+07:00,28.1,19.6,889.0,0.0
2024-10-16 05:00:00+07:00,26.5,18.5,824.0,0.0
2024-10-16 06:00:00+07:00,24.8,17.3,764.0,0.0
2024-10-16 07:00:00+07:00,25.4,17.7,679.0,0.0
2024-10-16 08:00:00+07:00,30.0,20.9,651.0,0.0
2024-10-16 09:00:00+07:00,35.9,24.9,611.0,0.0
2024-10-16 10:00:00+07:00,44.1,30.5,573.0,0.0
2024-10-16 11:00:00+07:00,45.3,31.3,540.0,0.0
2024-10-16 12:00:00+07:00,43.9,30.4,510.0,0.0
2024-10-16 13:00:00+07:00,44.4,30.6,488.0,0.0
2024-10-16 14:00:00+07:00,44.0,30.4,460.0,0.0
2024-10-16 15:00:00+07:00,42.8,29.6,440.0,0.0
2024-10-16 16:00:00+07:00,43.7,30.2,479.0,0.0
2024-10-16 17:00:00+07:00,45.2,31.3,637.0,0.0
2024-10-16 18:00:00+07:00,49.6,34.5,854.0,0.0
2024-10-16 19:00:00+07:00,32.1,22.5,672.0,0.0
2024-10-16 20:00:00+07:00,26.4,18.5,625.0,0.0
2024-10-16 21:00:00+07:00,22.3,15.5,560.0,0.0
2024-10-16 22:00:00+07:00,20.2,14.1,510.0,0.0
2024-10-16 23:00:00+07:00,19.1,13.4,493.0,0.0
2024-10-17 00:00:00+07:00,16.4,11.4,491.0,0.0
2024-10-17 01:00:00+07:00,13.8,9.7,483.0,0.0
2024-10-17 02:00:00+07:00,12.7,8.9,457.0,0.0
2024-10-17 03:00:00+07:00,12.2,8.5,425.0,0.0
2024-10-17 04:00:00+07:00,10.8,7.5,398.0,0.0
2024-10-17 05:00:00+07:00,10.4,7.2,381.0,0.0
2024-10-17 06:00:00+07:00,10.0,6.9,368.0,0.0
2024-10-17 07:00:00+07:00,7.2,5.0,329.0,0.0
2024-10-17 08:00:00+07:00,9.3,6.5,336.0,0.0
2024-10-17 09:00:00+07:00,12.3,8.6,347.0,0.0
2024-10-17 10:00:00+07:00,16.2,11.2,355.0,0.0
2024-10-17 11:00:00+07:00,16.2,11.3,358.0,0.0
2024-10-17 12:00:00+07:00,19.4,13.5,359.0,0.0
2024-10-17 13:00:00+07:00,22.1,15.4,361.0,0.0
2024-10-17 14:00:00+07:00,22.0,15.3,330.0,0.0
2024-10-17 15:00:00+07:00,24.1,16.8,299.0,0.0
2024-10-17 16:00:00+07:00,24.9,17.3,376.0,0.0
2024-10-17 17:00:00+07:00,30.9,21.5,652.0,0.0
2024-10-17 18:00:00+07:00,37.8,26.4,1035.0,0.0
2024-10-17 19:00:00+07:00,38.6,27.0,1124.0,0.0
2024-10-17 20:00:00+07:00,42.5,29.7,1286.0,0.0
2024-10-17 21:00:00+07:00,43.5,30.5,1510.0,0.0
2024-10-17 22:00:00+07:00,44.9,31.4,1681.0,0.0
2024-10-17 23:00:00+07:00,45.5,31.9,1753.0,0.0
2024-10-18 00:00:00+07:00,45.1,31.5,1772.0,0.0
2024-10-18 01:00:00+07:00,42.6,29.8,1756.0,0.0
2024-10-18 02:00:00+07:00,40.0,28.0,1703.0,0.0
2024-10-18 03:00:00+07:00,39.8,27.9,1614.0,0.0
2024-10-18 04:00:00+07:00,36.8,25.7,1516.0,0.0
2024-10-18 05:00:00+07:00,34.5,24.1,1421.0,0.0
2024-10-18 06:00:00+07:00,32.4,22.6,1317.0,0.0
2024-10-18 07:00:00+07:00,13.9,9.7,681.0,0.0
2024-10-18 08:00:00+07:00,15.8,11.0,606.0,0.0
2024-10-18 09:00:00+07:00,19.0,13.3,502.0,0.0
2024-10-18 10:00:00+07:00,20.6,14.4,419.0,0.0
2024-10-18 11:00:00+07:00,21.7,15.1,376.0,0.0
2024-10-18 12:00:00+07:00,20.6,14.4,354.0,0.0
2024-10-18 13:00:00+07:00,20.7,14.5,343.0,0.0
2024-10-18 14:00:00+07:00,22.2,15.5,313.0,0.0
2024-10-18 15:00:00+07:00,23.7,16.5,294.0,0.0
2024-10-18 16:00:00+07:00,24.0,16.8,373.0,0.0
2024-10-18 17:00:00+07:00,29.9,20.9,635.0,0.0
2024-10-18 18:00:00+07:00,43.9,30.7,994.0,0.0
2024-10-18 19:00:00+07:00,56.6,39.6,1600.0,0.0
2024-10-18 20:00:00+07:00,58.6,41.0,1729.0,0.0
2024-10-18 21:00:00+07:00,57.7,40.4,1900.0,0.0
2024-10-18 22:00:00+07:00,56.7,39.7,1984.0,0.0
2024-10-18 23:00:00+07:00,51.3,36.0,1929.0,0.0
2024-10-19 00:00:00+07:00,43.8,30.6,1787.0,0.0
2024-10-19 01:00:00+07:00,37.8,26.4,1577.0,0.0
2024-10-19 02:00:00+07:00,29.0,20.3,1247.0,0.0
2024-10-19 03:00:00+07:00,18.3,12.7,850.0,0.0
2024-10-19 04:00:00+07:00,11.1,7.7,563.0,0.0
2024-10-19 05:00:00+07:00,12.2,8.5,484.0,0.0
2024-10-19 06:00:00+07:00,13.1,9.2,514.0,0.0
2024-10-19 07:00:00+07:00,29.3,20.5,1065.0,0.0
2024-10-19 08:00:00+07:00,36.8,25.8,988.0,0.0
2024-10-19 09:00:00+07:00,43.5,30.4,878.0,0.0
2024-10-19 10:00:00+07:00,44.6,31.1,760.0,0.0
2024-10-19 11:00:00+07:00,42.3,29.5,625.0,0.0
2024-10-19 12:00:00+07:00,31.9,22.2,484.0,0.0
2024-10-19 13:00:00+07:00,27.4,19.0,388.0,0.0
2024-10-19 14:00:00+07:00,30.5,21.2,343.0,0.0
2024-10-19 15:00:00+07:00,34.5,24.0,345.0,0.0
2024-10-19 16:00:00+07:00,35.0,24.4,434.0,0.0
2024-10-19 17:00:00+07:00,37.4,26.1,697.0,0.0
2024-10-19 18:00:00+07:00,41.1,28.7,1046.0,0.0
2024-10-19 19:00:00+07:00,35.9,25.0,848.0,0.0
2024-10-19 20:00:00+07:00,38.0,26.5,969.0,0.0
2024-10-19 21:00:00+07:00,40.9,28.5,1139.0,0.0
2024-10-19 22:00:00+07:00,42.7,29.9,1291.0,0.0
2024-10-19 23:00:00+07:00,43.9,30.7,1425.0,0.0
2024-10-20 00:00:00+07:00,45.3,31.7,1542.0,0.0
2024-10-20 01:00:00+07:00,45.3,31.8,1570.0,0.0
2024-10-20 02:00:00+07:00,41.7,29.2,1450.0,0.0
2024-10-20 03:00:00+07:00,36.3,25.4,1243.0,0.0
2024-10-20 04:00:00+07:00,27.7,19.4,1058.0,0.0
2024-10-20 05:00:00+07:00,22.3,15.6,938.0,0.0
2024-10-20 06:00:00+07:00,20.0,14.0,840.0,0.0
2024-10-20 07:00:00+07:00,22.1,15.4,929.0,0.0
2024-10-20 08:00:00+07:00,22.3,15.5,844.0,0.0
2024-10-20 09:00:00+07:00,18.6,13.0,722.0,0.0
2024-10-20 10:00:00+07:00,23.9,16.8,600.0,0.0
2024-10-20 11:00:00+07:00,19.4,13.6,474.0,0.0
2024-10-20 12:00:00+07:00,13.8,9.6,348.0,0.0
2024-10-20 13:00:00+07:00,13.5,9.4,265.0,0.0
2024-10-20 14:00:00+07:00,16.7,11.6,243.0,0.0
2024-10-20 15:00:00+07:00,18.9,13.1,263.0,0.0
2024-10-20 16:00:00+07:00,19.8,13.8,320.0,0.0
2024-10-20 17:00:00+07:00,20.7,14.4,426.0,0.0
2024-10-20 18:00:00+07:00,23.2,16.2,568.0,0.0
2024-10-20 19:00:00+07:00,24.0,16.7,660.0,0.0
2024-10-20 20:00:00+07:00,21.4,14.9,695.0,0.0
2024-10-20 21:00:00+07:00,23.1,16.1,744.0,0.0
2024-10-20 22:00:00+07:00,24.4,17.1,780.0,0.0
2024-10-20 23:00:00+07:00,25.1,17.6,795.0,0.0
2024-10-21 00:00:00+07:00,24.9,17.4,797.0,0.0
2024-10-21 01:00:00+07:00,23.0,16.1,783.0,0.0
2024-10-21 02:00:00+07:00,14.5,10.1,747.0,0.0
2024-10-21 03:00:00+07:00,13.7,9.6,694.0,0.0
2024-10-21 04:00:00+07:00,14.3,10.0,644.0,0.0
2024-10-21 05:00:00+07:00,13.4,9.3,602.0,0.0
2024-10-21 06:00:00+07:00,14.3,9.9,561.0,0.0
2024-10-21 07:00:00+07:00,8.6,6.0,508.0,0.0
2024-10-21 08:00:00+07:00,6.7,4.7,470.0,0.0
2024-10-21 09:00:00+07:00,6.4,4.5,416.0,0.0
2024-10-21 10:00:00+07:00,7.8,5.4,371.0,0.0
2024-10-21 11:00:00+07:00,9.8,6.7,340.0,0.0
2024-10-21 12:00:00+07:00,13.0,8.9,318.0,0.0
2024-10-21 13:00:00+07:00,16.9,11.5,308.0,0.0
2024-10-21 14:00:00+07:00,19.8,13.5,288.0,0.0
2024-10-21 15:00:00+07:00,22.6,15.4,281.0,0.0
2024-10-21 16:00:00+07:00,24.8,16.9,355.0,0.0
2024-10-21 17:00:00+07:00,25.6,17.5,587.0,0.0
2024-10-21 18:00:00+07:00,30.6,21.2,900.0,0.0
2024-10-21 19:00:00+07:00,38.5,26.8,968.0,0.0
2024-10-21 20:00:00+07:00,38.2,26.5,894.0,0.0
2024-10-21 21:00:00+07:00,35.0,24.2,796.0,0.0
2024-10-21 22:00:00+07:00,26.8,18.6,763.0,0.0
2024-10-21 23:00:00+07:00,30.0,20.9,869.0,0.0
2024-10-22 00:00:00+07:00,32.2,22.5,1039.0,0.0
2024-10-22 01:00:00+07:00,33.1,23.1,1134.0,0.0
2024-10-22 02:00:00+07:00,33.1,23.0,1079.0,0.0
2024-10-22 03:00:00+07:00,31.4,21.9,949.0,0.0
2024-10-22 04:00:00+07:00,29.9,20.8,825.0,0.0
2024-10-22 05:00:00+07:00,28.8,20.0,730.0,0.0
2024-10-22 06:00:00+07:00,24.6,17.1,641.0,0.0
2024-10-22 07:00:00+07:00,11.3,7.8,459.0,0.0
2024-10-22 08:00:00+07:00,11.8,8.2,425.0,0.0
2024-10-22 09:00:00+07:00,13.4,9.3,377.0,0.0
2024-10-22 10:00:00+07:00,13.7,9.5,334.0,0.0
2024-10-22 11:00:00+07:00,11.1,7.7,300.0,0.0
2024-10-22 12:00:00+07:00,10.9,7.5,271.0,0.0
2024-10-22 13:00:00+07:00,11.8,8.2,255.0,0.0
2024-10-22 14:00:00+07:00,11.9,8.3,247.0,0.0
2024-10-22 15:00:00+07:00,14.0,9.7,252.0,0.0
2024-10-22 16:00:00+07:00,15.1,10.5,288.0,0.0
2024-10-22 17:00:00+07:00,19.0,13.2,376.0,0.0
2024-10-22 18:00:00+07:00,21.5,15.0,495.0,0.0
2024-10-22 19:00:00+07:00,41.1,28.6,1158.0,0.0
2024-10-22 20:00:00+07:00,41.2,28.8,1200.0,0.0
2024-10-22 21:00:00+07:00,41.4,28.9,1250.0,0.0
2024-10-22 22:00:00+07:00,36.9,25.7,1227.0,0.0
2024-10-22 23:00:00+07:00,34.0,23.7,1058.0,0.0
2024-10-23 00:00:00+07:00,25.7,17.9,815.0,0.0
2024-10-23 01:00:00+07:00,19.8,13.8,635.0,0.0
2024-10-23 02:00:00+07:00,12.3,8.6,581.0,0.0
2024-10-23 03:00:00+07:00,9.0,6.3,590.0,0.0
2024-10-23 04:00:00+07:00,8.4,5.8,601.0,0.0
2024-10-23 05:00:00+07:00,7.2,5.0,606.0,0.0
2024-10-23 06:00:00+07:00,7.8,5.4,614.0,0.0
2024-10-23 07:00:00+07:00,14.0,9.7,632.0,0.0
2024-10-23 08:00:00+07:00,16.5,11.5,564.0,0.0
2024-10-23 09:00:00+07:00,16.1,11.1,469.0,0.0
2024-10-23 10:00:00+07:00,18.8,13.0,390.0,0.0
2024-10-23 11:00:00+07:00,20.8,14.3,343.0,0.0
2024-10-23 12:00:00+07:00,19.7,13.5,312.0,0.0
2024-10-23 13:00:00+07:00,19.4,13.2,290.0,0.0
2024-10-23 14:00:00+07:00,18.9,12.7,242.0,0.0
2024-10-23 15:00:00+07:00,18.0,12.2,204.0,0.0
2024-10-23 16:00:00+07:00,17.8,12.1,274.0,0.0
2024-10-23 17:00:00+07:00,21.2,14.5,539.0,0.0
2024-10-23 18:00:00+07:00,28.9,19.9,913.0,0.0
2024-10-23 19:00:00+07:00,39.0,26.8,1284.0,0.0
2024-10-23 20:00:00+07:00,43.8,30.3,1437.0,0.0
2024-10-23 21:00:00+07:00,44.9,31.2,1643.0,0.0
2024-10-23 22:00:00+07:00,44.6,31.1,1771.0,0.0
2024-10-23 23:00:00+07:00,44.1,30.7,1751.0,0.0
2024-10-24 00:00:00+07:00,40.9,28.5,1652.0,0.0
2024-10-24 01:00:00+07:00,37.3,26.0,1546.0,0.0
2024-10-24 02:00:00+07:00,36.6,25.5,1450.0,0.0
2024-10-24 03:00:00+07:00,35.3,24.6,1347.0,0.0
2024-10-24 04:00:00+07:00,32.6,22.7,1262.0,0.0
2024-10-24 05:00:00+07:00,33.9,23.5,1229.0,0.0
2024-10-24 06:00:00+07:00,32.4,22.5,1213.0,0.0
2024-10-24 07:00:00+07:00,29.3,20.4,1130.0,0.0
2024-10-24 08:00:00+07:00,36.3,25.3,929.0,0.0
2024-10-24 09:00:00+07:00,31.8,21.9,652.0,0.0
2024-10-24 10:00:00+07:00,27.8,19.0,440.0,0.0
2024-10-24 11:00:00+07:00,24.3,16.6,359.0,0.0
2024-10-24 12:00:00+07:00,23.5,16.1,344.0,0.0
2024-10-24 13:00:00+07:00,25.0,17.1,342.0,0.0
2024-10-24 14:00:00+07:00,26.5,18.2,307.0,0.0
2024-10-24 15:00:00+07:00,27.1,18.5,284.0,0.0
2024-10-24 16:00:00+07:00,29.4,20.0,356.0,0.0
2024-10-24 17:00:00+07:00,35.7,24.6,601.0,0.0
2024-10-24 18:00:00+07:00,44.1,30.6,942.0,0.0
2024-10-24 19:00:00+07:00,49.2,34.1,1288.0,0.0
2024-10-24 20:00:00+07:00,50.4,35.0,1386.0,0.0
2024-10-24 21:00:00+07:00,48.9,34.0,1523.0,0.0
2024-10-24 22:00:00+07:00,47.5,33.1,1629.0,0.0
2024-10-24 23:00:00+07:00,47.1,32.8,1686.0,0.0
2024-10-25 00:00:00+07:00,45.8,31.9,1713.0,0.0
2024-10-25 01:00:00+07:00,41.7,29.1,1699.0,0.0
2024-10-25 02:00:00+07:00,36.8,25.7,1622.0,0.0
2024-10-25 03:00:00+07:00,33.5,23.4,1504.0,0.0
2024-10-25 04:00:00+07:00,33.4,23.3,1399.0,0.0
2024-10-25 05:00:00+07:00,30.9,21.5,1341.0,0.0
2024-10-25 06:00:00+07:00,29.7,20.8,1295.0,0.0
2024-10-25 07:00:00+07:00,16.1,11.2,886.0,0.0
2024-10-25 08:00:00+07:00,20.3,14.2,793.0,0.0
2024-10-25 09:00:00+07:00,22.1,15.4,661.0,0.0
2024-10-25 10:00:00+07:00,23.8,16.6,543.0,0.0
2024-10-25 11:00:00+07:00,21.8,15.1,452.0,0.0
2024-10-25 12:00:00+07:00,19.3,13.3,375.0,0.0
2024-10-25 13:00:00+07:00,17.8,12.3,323.0,0.0
2024-10-25 14:00:00+07:00,17.7,12.3,263.0,0.0
2024-10-25 15:00:00+07:00,17.9,12.4,228.0,0.0
2024-10-25 16:00:00+07:00,18.3,12.7,325.0,0.0
2024-10-25 17:00:00+07:00,26.7,18.5,674.0,0.0
2024-10-25 18:00:00+07:00,43.9,30.6,1156.0,0.0
2024-10-25 19:00:00+07:00,48.0,33.4,1467.0,0.0
2024-10-25 20:00:00+07:00,47.8,33.4,1539.0,0.0
2024-10-25 21:00:00+07:00,44.6,31.1,1632.0,0.0
2024-10-25 22:00:00+07:00,40.6,28.4,1654.0,0.0
2024-10-25 23:00:00+07:00,35.9,25.0,1548.0,0.0
2024-10-26 00:00:00+07:00,31.0,21.7,1370.0,0.0
2024-10-26 01:00:00+07:00,26.7,18.6,1200.0,0.0
2024-10-26 02:00:00+07:00,22.9,16.0,1052.0,0.0
2024-10-26 03:00:00+07:00,20.0,14.0,912.0,0.0
2024-10-26 04:00:00+07:00,17.9,12.5,808.0,0.0
2024-10-26 05:00:00+07:00,16.5,11.5,774.0,0.0
2024-10-26 06:00:00+07:00,15.9,11.1,777.0,0.0
2024-10-26 07:00:00+07:00,21.7,15.1,1613.0,0.0
2024-10-26 08:00:00+07:00,31.2,21.7,1338.0,0.0
2024-10-26 09:00:00+07:00,31.4,21.6,956.0,0.0
2024-10-26 10:00:00+07:00,26.9,18.3,646.0,0.0
2024-10-26 11:00:00+07:00,23.3,15.7,470.0,0.0
2024-10-26 12:00:00+07:00,20.8,13.9,366.0,0.0
2024-10-26 13:00:00+07:00,19.0,12.7,326.0,0.0
2024-10-26 14:00:00+07:00,17.8,11.8,239.0,0.0
2024-10-26 15:00:00+07:00,16.9,11.2,215.0,0.0
2024-10-26 16:00:00+07:00,16.8,11.2,579.0,0.0
2024-10-26 17:00:00+07:00,21.4,14.4,1708.0,0.0
2024-10-26 18:00:00+07:00,29.5,20.1,3224.0,0.0
2024-10-26 19:00:00+07:00,27.4,19.1,4322.0,0.0
2024-10-26 20:00:00+07:00,30.0,21.0,4671.0,0.0
2024-10-26 21:00:00+07:00,29.5,20.6,4601.0,0.0
2024-10-26 22:00:00+07:00,28.1,19.6,4295.0,0.0
2024-10-26 23:00:00+07:00,26.2,18.3,3705.0,0.0
2024-10-27 00:00:00+07:00,23.5,16.4,2879.0,0.0
2024-10-27 01:00:00+07:00,20.7,14.4,2142.0,0.0
2024-10-27 02:00:00+07:00,18.6,13.0,1551.0,0.0
2024-10-27 03:00:00+07:00,16.9,11.8,1050.0,0.0
2024-10-27 04:00:00+07:00,15.6,10.9,789.0,0.0
2024-10-27 05:00:00+07:00,14.8,10.4,956.0,0.0
2024-10-27 06:00:00+07:00,14.8,10.3,1363.0,0.0
2024-10-27 07:00:00+07:00,18.9,13.2,1605.0,0.0
2024-10-27 08:00:00+07:00,31.5,22.1,1487.0,0.0
2024-10-27 09:00:00+07:00,31.4,21.8,1204.0,0.0
2024-10-27 10:00:00+07:00,23.6,16.4,928.0,0.0
2024-10-27 11:00:00+07:00,17.0,11.8,687.0,0.0
2024-10-27 12:00:00+07:00,14.3,9.9,453.0,0.0
2024-10-27 13:00:00+07:00,12.9,8.9,323.0,0.0
2024-10-27 14:00:00+07:00,12.8,8.8,248.0,0.0
2024-10-27 15:00:00+07:00,12.6,8.7,276.0,0.0
2024-10-27 16:00:00+07:00,13.4,9.3,648.0,0.0
2024-10-27 17:00:00+07:00,19.5,13.5,1696.0,0.0
2024-10-27 18:00:00+07:00,21.1,14.8,3088.0,0.0
2024-10-27 19:00:00+07:00,27.0,18.7,4069.0,0.0
2024-10-27 20:00:00+07:00,28.5,19.9,4283.0,0.0
2024-10-27 21:00:00+07:00,27.2,19.0,4085.0,0.0
2024-10-27 22:00:00+07:00,26.1,18.2,3785.0,0.0
2024-10-27 23:00:00+07:00,24.5,17.1,3465.0,0.0
2024-10-28 00:00:00+07:00,20.7,14.4,3043.0,0.0
2024-10-28 01:00:00+07:00,16.8,11.8,2583.0,0.0
2024-10-28 02:00:00+07:00,14.5,10.1,2030.0,0.0
2024-10-28 03:00:00+07:00,13.0,9.1,1440.0,0.0
2024-10-28 04:00:00+07:00,12.1,8.5,1043.0,0.0
2024-10-28 05:00:00+07:00,11.9,8.3,1020.0,0.0
2024-10-28 06:00:00+07:00,12.3,8.6,1190.0,0.0
2024-10-28 07:00:00+07:00,16.7,11.7,1247.0,0.0
2024-10-28 08:00:00+07:00,21.7,15.2,1024.0,0.0
2024-10-28 09:00:00+07:00,25.2,17.5,687.0,0.0
2024-10-28 10:00:00+07:00,20.6,14.2,428.0,0.0
2024-10-28 11:00:00+07:00,18.2,12.5,329.0,0.0
2024-10-28 12:00:00+07:00,16.6,11.4,308.0,0.0
2024-10-28 13:00:00+07:00,15.6,10.7,314.0,0.0
2024-10-28 14:00:00+07:00,15.0,10.3,315.0,0.0
2024-10-28 15:00:00+07:00,14.6,10.1,343.0,0.0
2024-10-28 16:00:00+07:00,15.0,10.3,446.0,0.0
2024-10-28 17:00:00+07:00,22.6,15.7,670.0,0.0
2024-10-28 18:00:00+07:00,31.9,22.2,970.0,0.0
2024-10-28 19:00:00+07:00,33.6,23.5,1253.0,0.0
2024-10-28 20:00:00+07:00,36.1,25.2,1531.0,0.0
2024-10-28 21:00:00+07:00,34.1,23.8,1793.0,0.0
2024-10-28 22:00:00+07:00,32.4,22.6,1915.0,0.0
2024-10-28 23:00:00+07:00,29.9,20.9,1818.0,0.0
2024-10-29 00:00:00+07:00,26.5,18.5,1582.0,0.0
2024-10-29 01:00:00+07:00,23.4,16.3,1322.0,0.0
2024-10-29 02:00:00+07:00,20.5,14.3,1003.0,0.0
2024-10-29 03:00:00+07:00,17.9,12.5,659.0,0.0
2024-10-29 04:00:00+07:00,15.7,10.9,512.0,0.0
2024-10-29 05:00:00+07:00,14.2,9.9,769.0,0.0
2024-10-29 06:00:00+07:00,13.6,9.5,1223.0,0.0
2024-10-29 07:00:00+07:00,19.1,13.4,1470.0,0.0
2024-10-29 08:00:00+07:00,25.1,17.5,1283.0,0.0
2024-10-29 09:00:00+07:00,26.0,18.0,890.0,0.0
2024-10-29 10:00:00+07:00,20.3,14.0,571.0,0.0
2024-10-29 11:00:00+07:00,18.5,12.7,426.0,0.0
2024-10-29 12:00:00+07:00,17.8,12.2,355.0,0.0
2024-10-29 13:00:00+07:00,17.1,11.8,339.0,0.0
2024-10-29 14:00:00+07:00,16.4,11.2,225.0,0.0
2024-10-29 15:00:00+07:00,16.1,11.1,165.0,0.0
2024-10-29 16:00:00+07:00,16.4,11.3,595.0,0.0
2024-10-29 17:00:00+07:00,25.6,17.7,2034.0,0.0
2024-10-29 18:00:00+07:00,39.2,27.3,3963.0,0.0
2024-10-29 19:00:00+07:00,43.7,30.4,5257.0,0.0
2024-10-29 20:00:00+07:00,43.2,30.2,5353.0,0.0
2024-10-29 21:00:00+07:00,41.2,28.8,4815.0,0.0
2024-10-29 22:00:00+07:00,41.0,28.6,4211.0,0.0
2024-10-29 23:00:00+07:00,40.2,28.1,3714.0,0.0
2024-10-30 00:00:00+07:00,38.3,26.8,3151.0,0.0
2024-10-30 01:00:00+07:00,35.9,25.1,2567.0,0.0
2024-10-30 02:00:00+07:00,32.5,22.8,1869.0,0.0
2024-10-30 03:00:00+07:00,29.5,20.6,1149.0,0.0
2024-10-30 04:00:00+07:00,27.1,19.0,734.0,0.0
2024-10-30 05:00:00+07:00,24.9,17.5,890.0,0.0
2024-10-30 06:00:00+07:00,23.7,16.6,1350.0,0.0
2024-10-30 07:00:00+07:00,27.2,19.0,1638.0,0.0
2024-10-30 08:00:00+07:00,40.7,28.5,1530.0,0.0
2024-10-30 09:00:00+07:00,49.0,34.2,1249.0,0.0
2024-10-30 10:00:00+07:00,38.0,26.4,991.0,0.0
2024-10-30 11:00:00+07:00,28.5,19.8,812.0,0.0
2024-10-30 12:00:00+07:00,26.4,18.4,655.0,0.0
2024-10-30 13:00:00+07:00,27.2,18.9,552.0,0.0
2024-10-30 14:00:00+07:00,27.9,19.4,376.0,0.0
2024-10-30 15:00:00+07:00,29.0,20.2,252.0,0.0
2024-10-30 16:00:00+07:00,31.1,21.6,592.0,0.0
2024-10-30 17:00:00+07:00,35.9,25.0,1855.0,0.0
2024-10-30 18:00:00+07:00,40.5,28.2,3580.0,0.0
2024-10-30 19:00:00+07:00,46.2,32.2,4796.0,0.0
2024-10-30 20:00:00+07:00,46.4,32.4,5037.0,0.0
2024-10-30 21:00:00+07:00,45.4,31.7,4769.0,0.0
2024-10-30 22:00:00+07:00,46.2,32.2,4414.0,0.0
2024-10-30 23:00:00+07:00,46.4,32.5,4115.0,0.0
2024-10-31 00:00:00+07:00,46.1,32.2,3729.0,0.0
2024-10-31 01:00:00+07:00,42.6,29.8,3258.0,0.0
2024-10-31 02:00:00+07:00,39.2,27.4,2587.0,0.0
2024-10-31 03:00:00+07:00,36.8,25.7,1830.0,0.0
2024-10-31 04:00:00+07:00,33.5,23.5,1329.0,0.0
2024-10-31 05:00:00+07:00,32.1,22.5,1310.0,0.0
2024-10-31 06:00:00+07:00,33.1,23.1,1546.0,0.0
2024-10-31 07:00:00+07:00,30.9,21.6,1700.0,0.0
2024-10-31 08:00:00+07:00,36.0,25.1,1626.0,0.0
2024-10-31 09:00:00+07:00,37.3,26.0,1471.0,0.0
2024-10-31 10:00:00+07:00,38.6,26.9,1334.0,0.0
2024-10-31 11:00:00+07:00,35.5,24.7,1249.0,0.0
2024-10-31 12:00:00+07:00,31.4,21.8,1183.0,1.0
2024-10-31 13:00:00+07:00,28.2,19.5,1133.0,1.0
2024-10-31 14:00:00+07:00,25.8,17.8,958.0,1.0
2024-10-31 15:00:00+07:00,23.8,16.4,799.0,1.0
2024-10-31 16:00:00+07:00,23.2,15.9,1080.0,1.0
2024-10-31 17:00:00+07:00,30.5,21.0,2255.0,1.0
2024-10-31 18:00:00+07:00,42.6,29.6,3869.0,0.0
2024-10-31 19:00:00+07:00,42.8,29.8,4980.0,0.0
2024-10-31 20:00:00+07:00,44.2,31.0,5138.0,0.0
2024-10-31 21:00:00+07:00,44.4,31.0,4794.0,0.0
2024-10-31 22:00:00+07:00,44.1,30.9,4355.0,0.0
2024-10-31 23:00:00+07:00,43.2,30.2,3930.0,0.0
2024-11-01 00:00:00+07:00,40.6,28.3,3410.0,0.0
2024-11-01 01:00:00+07:00,37.7,26.4,2876.0,0.0
2024-11-01 02:00:00+07:00,36.3,25.4,2274.0,0.0
2024-11-01 03:00:00+07:00,33.1,23.1,1658.0,0.0
2024-11-01 04:00:00+07:00,28.7,20.1,1276.0,0.0
2024-11-01 05:00:00+07:00,24.7,17.2,1318.0,0.0
2024-11-01 06:00:00+07:00,23.2,16.2,1593.0,0.0
2024-11-01 07:00:00+07:00,30.4,21.2,1776.0,0.0
2024-11-01 08:00:00+07:00,47.5,33.2,1728.0,0.0
2024-11-01 09:00:00+07:00,45.4,31.5,1588.0,0.0
2024-11-01 10:00:00+07:00,33.5,23.2,1441.0,0.0
2024-11-01 11:00:00+07:00,26.1,18.0,1311.0,0.0
2024-11-01 12:00:00+07:00,23.3,15.9,1175.0,1.0
2024-11-01 13:00:00+07:00,23.1,15.7,1052.0,1.0
2024-11-01 14:00:00+07:00,23.9,16.3,812.0,1.0
2024-11-01 15:00:00+07:00,25.8,17.6,586.0,1.0
2024-11-01 16:00:00+07:00,28.6,19.6,785.0,1.0
2024-11-01 17:00:00+07:00,33.3,23.0,1853.0,1.0
2024-11-01 18:00:00+07:00,37.1,25.7,3347.0,0.0
2024-11-01 19:00:00+07:00,46.1,32.1,4351.0,0.0
2024-11-01 20:00:00+07:00,48.0,33.4,4421.0,0.0
2024-11-01 21:00:00+07:00,47.4,33.1,4001.0,0.0
2024-11-01 22:00:00+07:00,37.7,26.3,3502.0,0.0
2024-11-01 23:00:00+07:00,35.6,24.9,3035.0,0.0
2024-11-02 00:00:00+07:00,36.6,25.4,2490.0,0.0
2024-11-02 01:00:00+07:00,36.4,25.4,1944.0,0.0
2024-11-02 02:00:00+07:00,35.7,25.0,1346.0,0.0
2024-11-02 03:00:00+07:00,32.0,22.4,747.0,0.0
2024-11-02 04:00:00+07:00,28.3,19.8,386.0,0.0
2024-11-02 05:00:00+07:00,26.4,18.4,446.0,0.0
2024-11-02 06:00:00+07:00,24.6,17.1,743.0,0.0
2024-11-02 07:00:00+07:00,28.8,20.1,965.0,0.0
2024-11-02 08:00:00+07:00,39.2,27.4,994.0,0.0
2024-11-02 09:00:00+07:00,34.1,23.7,948.0,0.0
2024-11-02 10:00:00+07:00,27.6,19.2,869.0,0.0
2024-11-02 11:00:00+07:00,24.9,17.3,737.0,0.0
2024-11-02 12:00:00+07:00,20.1,13.9,573.0,0.0
2024-11-02 13:00:00+07:00,20.5,14.2,477.0,0.0
2024-11-02 14:00:00+07:00,24.9,17.2,354.0,0.0
2024-11-02 15:00:00+07:00,26.7,18.5,300.0,0.0
2024-11-02 16:00:00+07:00,26.7,18.5,704.0,0.0
2024-11-02 17:00:00+07:00,29.0,20.1,2092.0,0.0
2024-11-02 18:00:00+07:00,28.9,20.1,3939.0,0.0
2024-11-02 19:00:00+07:00,29.5,20.5,5060.0,0.0
2024-11-02 20:00:00+07:00,27.8,19.4,4790.0,0.0
2024-11-02 21:00:00+07:00,26.4,18.5,3795.0,0.0
2024-11-02 22:00:00+07:00,25.5,17.8,2878.0,0.0
2024-11-02 23:00:00+07:00,24.5,17.1,2314.0,0.0
2024-11-03 00:00:00+07:00,25.7,18.0,1830.0,0.0
2024-11-03 01:00:00+07:00,26.3,18.5,1411.0,0.0
2024-11-03 02:00:00+07:00,26.1,18.3,1004.0,0.0
2024-11-03 03:00:00+07:00,27.5,19.3,661.0,0.0
2024-11-03 04:00:00+07:00,28.7,20.0,532.0,0.0
2024-11-03 05:00:00+07:00,28.8,20.1,808.0,0.0
2024-11-03 06:00:00+07:00,28.5,20.0,1296.0,0.0
2024-11-03 07:00:00+07:00,28.1,19.6,1567.0,0.0
2024-11-03 08:00:00+07:00,31.1,21.8,1377.0,0.0
2024-11-03 09:00:00+07:00,33.1,23.1,968.0,0.0
2024-11-03 10:00:00+07:00,32.9,22.9,640.0,0.0
2024-11-03 11:00:00+07:00,29.7,20.5,504.0,0.0
2024-11-03 12:00:00+07:00,28.1,19.4,447.0,0.0
2024-11-03 13:00:00+07:00,27.0,18.6,431.0,0.0
2024-11-03 14:00:00+07:00,26.1,18.0,300.0,0.0
2024-11-03 15:00:00+07:00,25.1,17.3,209.0,0.0
2024-11-03 16:00:00+07:00,24.6,17.0,586.0,0.0
2024-11-03 17:00:00+07:00,30.6,21.2,1972.0,0.0
2024-11-03 18:00:00+07:00,41.0,28.5,3825.0,0.0
2024-11-03 19:00:00+07:00,55.3,38.5,4946.0,0.0
2024-11-03 20:00:00+07:00,57.9,40.3,4688.0,0.0
2024-11-03 21:00:00+07:00,55.6,38.8,3697.0,0.0
2024-11-03 22:00:00+07:00,50.9,35.5,2720.0,0.0
2024-11-03 23:00:00+07:00,44.9,31.3,1939.0,0.0
2024-11-04 00:00:00+07:00,38.8,27.0,1172.0,0.0
2024-11-04 01:00:00+07:00,32.8,22.9,609.0,0.0
2024-11-04 02:00:00+07:00,27.3,19.1,354.0,0.0
2024-11-04 03:00:00+07:00,22.6,15.8,304.0,0.0
2024-11-04 04:00:00+07:00,18.8,13.1,346.0,0.0
2024-11-04 05:00:00+07:00,15.8,11.1,493.0,0.0
2024-11-04 06:00:00+07:00,14.1,9.8,733.0,0.0
2024-11-04 07:00:00+07:00,16.2,11.3,912.0,0.0
2024-11-04 08:00:00+07:00,22.4,15.6,981.0,0.0
2024-11-04 09:00:00+07:00,27.0,18.9,989.0,0.0
2024-11-04 10:00:00+07:00,22.8,15.8,936.0,0.0
2024-11-04 11:00:00+07:00,19.2,13.2,771.0,0.0
2024-11-04 12:00:00+07:00,18.2,12.6,544.0,0.0
2024-11-04 13:00:00+07:00,18.3,12.6,404.0,0.0
2024-11-04 14:00:00+07:00,17.3,12.0,266.0,0.0
2024-11-04 15:00:00+07:00,15.9,10.9,216.0,0.0
2024-11-04 16:00:00+07:00,15.3,10.5,657.0,0.0
2024-11-04 17:00:00+07:00,20.8,14.4,2161.0,0.0
2024-11-04 18:00:00+07:00,30.4,21.1,4157.0,0.0
2024-11-04 19:00:00+07:00,42.1,29.2,5337.0,0.0
2024-11-04 20:00:00+07:00,45.4,31.5,4962.0,0.0
2024-11-04 21:00:00+07:00,42.1,29.3,3771.0,0.0
2024-11-04 22:00:00+07:00,39.2,27.2,2679.0,0.0
2024-11-04 23:00:00+07:00,39.3,27.3,1976.0,0.0
2024-11-05 00:00:00+07:00,38.5,26.7,1372.0,0.0
2024-11-05 01:00:00+07:00,36.2,25.0,911.0,0.0
2024-11-05 02:00:00+07:00,33.3,22.9,611.0,0.0
2024-11-05 03:00:00+07:00,29.9,20.6,454.0,0.0
2024-11-05 04:00:00+07:00,27.3,18.7,436.0,0.0
2024-11-05 05:00:00+07:00,25.5,17.5,659.0,0.0
2024-11-05 06:00:00+07:00,24.6,16.8,1021.0,0.0
2024-11-05 07:00:00+07:00,26.7,18.3,1213.0,0.0
2024-11-05 08:00:00+07:00,32.0,21.9,1052.0,0.0
2024-11-05 09:00:00+07:00,29.0,19.8,721.0,0.0
2024-11-05 10:00:00+07:00,24.8,16.9,465.0,0.0
2024-11-05 11:00:00+07:00,20.7,14.2,380.0,0.0
2024-11-05 12:00:00+07:00,18.8,12.9,369.0,0.0
2024-11-05 13:00:00+07:00,16.8,11.6,393.0,0.0
2024-11-05 14:00:00+07:00,18.1,12.5,429.0,0.0
2024-11-05 15:00:00+07:00,18.5,12.8,498.0,0.0
2024-11-05 16:00:00+07:00,19.1,13.2,626.0,0.0
2024-11-05 17:00:00+07:00,20.7,14.4,839.0,0.0
2024-11-05 18:00:00+07:00,30.0,21.0,1110.0,0.0
2024-11-05 19:00:00+07:00,29.0,20.2,1383.0,0.0
2024-11-05 20:00:00+07:00,28.3,19.7,1699.0,0.0
2024-11-05 21:00:00+07:00,25.4,17.8,2018.0,0.0
2024-11-05 22:00:00+07:00,24.3,17.0,2156.0,0.0
2024-11-05 23:00:00+07:00,22.6,15.8,1966.0,0.0
2024-11-06 00:00:00+07:00,21.1,14.8,1596.0,0.0
2024-11-06 01:00:00+07:00,20.7,14.5,1309.0,0.0
2024-11-06 02:00:00+07:00,19.6,13.7,1220.0,0.0
2024-11-06 03:00:00+07:00,18.3,12.8,1214.0,0.0
2024-11-06 04:00:00+07:00,17.5,12.2,1211.0,0.0
2024-11-06 05:00:00+07:00,16.7,11.7,1208.0,0.0
2024-11-06 06:00:00+07:00,16.4,11.5,1208.0,0.0
2024-11-06 07:00:00+07:00,10.3,7.2,1141.0,0.0
2024-11-06 08:00:00+07:00,10.0,7.0,934.0,0.0
2024-11-06 09:00:00+07:00,11.4,7.9,660.0,0.0
2024-11-06 10:00:00+07:00,10.9,7.6,472.0,0.0
2024-11-06 11:00:00+07:00,9.4,6.5,455.0,0.0
2024-11-06 12:00:00+07:00,9.9,6.8,523.0,0.0
2024-11-06 13:00:00+07:00,12.1,8.4,572.0,0.0
2024-11-06 14:00:00+07:00,13.0,8.9,499.0,0.0
2024-11-06 15:00:00+07:00,11.2,7.7,407.0,0.0
2024-11-06 16:00:00+07:00,11.7,8.0,499.0,0.0
2024-11-06 17:00:00+07:00,13.9,9.6,1002.0,0.0
2024-11-06 18:00:00+07:00,18.2,12.6,1689.0,0.0
2024-11-06 19:00:00+07:00,30.3,21.2,2077.0,0.0
2024-11-06 20:00:00+07:00,26.5,18.5,1877.0,0.0
2024-11-06 21:00:00+07:00,23.3,16.2,1379.0,0.0
2024-11-06 22:00:00+07:00,22.2,15.5,969.0,0.0
2024-11-06 23:00:00+07:00,20.1,14.0,798.0,0.0
2024-11-07 00:00:00+07:00,19.6,13.7,714.0,0.0
2024-11-07 01:00:00+07:00,18.0,12.6,649.0,0.0
2024-11-07 02:00:00+07:00,11.8,8.2,558.0,0.0
2024-11-07 03:00:00+07:00,8.7,6.1,485.0,0.0
2024-11-07 04:00:00+07:00,8.6,6.0,497.0,0.0
2024-11-07 05:00:00+07:00,9.5,6.7,679.0,0.0
2024-11-07 06:00:00+07:00,11.1,7.7,947.0,0.0
2024-11-07 07:00:00+07:00,8.7,6.1,1111.0,0.0
2024-11-07 08:00:00+07:00,12.8,8.8,1069.0,0.0
2024-11-07 09:00:00+07:00,17.3,12.0,923.0,0.0
2024-11-07 10:00:00+07:00,21.7,14.8,792.0,0.0
2024-11-07 11:00:00+07:00,25.2,17.1,691.0,0.0
2024-11-07 12:00:00+07:00,26.3,17.8,603.0,0.0
2024-11-07 13:00:00+07:00,26.0,17.5,600.0,0.0
2024-11-07 14:00:00+07:00,27.5,18.5,729.0,0.0
2024-11-07 15:00:00+07:00,27.8,18.7,942.0,0.0
2024-11-07 16:00:00+07:00,28.1,19.0,1164.0,0.0
2024-11-07 17:00:00+07:00,31.9,21.7,1419.0,0.0
2024-11-07 18:00:00+07:00,39.8,27.4,1683.0,0.0
2024-11-07 19:00:00+07:00,33.3,23.3,1807.0,0.0
2024-11-07 20:00:00+07:00,27.2,19.0,1693.0,0.0
2024-11-07 21:00:00+07:00,24.6,17.1,1439.0,0.0
2024-11-07 22:00:00+07:00,21.3,14.8,1190.0,0.0
2024-11-07 23:00:00+07:00,17.1,11.9,985.0,0.0
2024-11-08 00:00:00+07:00,17.1,11.9,785.0,0.0
2024-11-08 01:00:00+07:00,17.1,12.0,622.0,0.0
2024-11-08 02:00:00+07:00,16.6,11.6,486.0,0.0
2024-11-08 03:00:00+07:00,16.4,11.5,386.0,0.0
2024-11-08 04:00:00+07:00,16.8,11.7,387.0,0.0
2024-11-08 05:00:00+07:00,15.9,11.1,576.0,0.0
2024-11-08 06:00:00+07:00,17.5,12.2,866.0,0.0
2024-11-08 07:00:00+07:00,9.1,6.4,1054.0,0.0
2024-11-08 08:00:00+07:00,12.3,8.6,1037.0,0.0
2024-11-08 09:00:00+07:00,14.5,10.1,919.0,0.0
2024-11-08 10:00:00+07:00,16.3,11.4,808.0,0.0
2024-11-08 11:00:00+07:00,18.5,12.8,734.0,0.0
2024-11-08 12:00:00+07:00,22.1,15.1,668.0,0.0
2024-11-08 13:00:00+07:00,25.1,17.1,629.0,0.0
2024-11-08 14:00:00+07:00,27.1,18.5,603.0,0.0
2024-11-08 15:00:00+07:00,28.5,19.4,604.0,0.0
2024-11-08 16:00:00+07:00,30.3,20.7,694.0,0.0
2024-11-08 17:00:00+07:00,32.7,22.6,965.0,0.0
2024-11-08 18:00:00+07:00,35.2,24.3,1324.0,0.0
2024-11-08 19:00:00+07:00,35.5,24.7,1557.0,0.0
2024-11-08 20:00:00+07:00,34.3,23.9,1560.0,0.0
2024-11-08 21:00:00+07:00,29.0,20.3,1436.0,0.0
2024-11-08 22:00:00+07:00,28.8,20.1,1286.0,0.0
2024-11-08 23:00:00+07:00,27.9,19.5,1123.0,0.0
2024-11-09 00:00:00+07:00,26.8,18.7,932.0,0.0
2024-11-09 01:00:00+07:00,26.4,18.4,770.0,0.0
2024-11-09 02:00:00+07:00,25.7,17.9,621.0,0.0
2024-11-09 03:00:00+07:00,25.8,18.0,500.0,0.0
2024-11-09 04:00:00+07:00,25.8,18.0,509.0,0.0
2024-11-09 05:00:00+07:00,25.3,17.6,783.0,0.0
2024-11-09 06:00:00+07:00,25.3,17.6,1186.0,0.0
2024-11-09 07:00:00+07:00,23.7,16.5,1415.0,0.0
2024-11-09 08:00:00+07:00,28.5,19.7,1292.0,0.0
2024-11-09 09:00:00+07:00,32.7,22.6,995.0,0.0
2024-11-09 10:00:00+07:00,35.7,24.4,746.0,0.0
2024-11-09 11:00:00+07:00,37.0,25.1,622.0,0.0
2024-11-09 12:00:00+07:00,37.0,25.0,547.0,0.0
2024-11-09 13:00:00+07:00,36.3,24.4,518.0,0.0
2024-11-09 14:00:00+07:00,36.7,24.7,392.0,0.0
2024-11-09 15:00:00+07:00,35.9,24.1,312.0,0.0
2024-11-09 16:00:00+07:00,36.1,24.2,700.0,0.0
2024-11-09 17:00:00+07:00,37.6,25.4,2083.0,0.0
2024-11-09 18:00:00+07:00,41.1,27.9,3934.0,0.0
2024-11-09 19:00:00+07:00,40.2,27.6,5096.0,0.0
2024-11-09 20:00:00+07:00,40.3,27.8,4960.0,0.0
2024-11-09 21:00:00+07:00,37.0,25.6,4135.0,0.0
2024-11-09 22:00:00+07:00,34.6,24.0,3296.0,0.0
2024-11-09 23:00:00+07:00,32.1,22.4,2622.0,0.0
2024-11-10 00:00:00+07:00,28.8,20.1,1933.0,0.0
2024-11-10 01:00:00+07:00,26.0,18.1,1365.0,0.0
2024-11-10 02:00:00+07:00,23.4,16.4,932.0,0.0
2024-11-10 03:00:00+07:00,21.5,15.0,620.0,0.0
2024-11-10 04:00:00+07:00,20.0,13.9,524.0,0.0
2024-11-10 05:00:00+07:00,19.1,13.3,811.0,0.0
2024-11-10 06:00:00+07:00,19.0,13.2,1313.0,0.0
2024-11-10 07:00:00+07:00,24.4,17.1,1627.0,0.0
2024-11-10 08:00:00+07:00,29.3,20.4,1543.0,0.0
2024-11-10 09:00:00+07:00,33.1,22.8,1270.0,0.0
2024-11-10 10:00:00+07:00,34.0,23.3,1031.0,0.0
2024-11-10 11:00:00+07:00,32.8,22.3,902.0,0.0
2024-11-10 12:00:00+07:00,31.3,21.2,807.0,0.0
2024-11-10 13:00:00+07:00,28.8,19.4,746.0,0.0
2024-11-10 14:00:00+07:00,27.0,18.2,560.0,0.0
2024-11-10 15:00:00+07:00,25.8,17.4,407.0,0.0
2024-11-10 16:00:00+07:00,25.4,17.2,759.0,0.0
2024-11-10 17:00:00+07:00,41.7,28.6,2180.0,0.0
2024-11-10 18:00:00+07:00,57.5,39.7,4106.0,0.0
2024-11-10 19:00:00+07:00,53.7,37.3,5310.0,0.0
2024-11-10 20:00:00+07:00,57.7,40.0,5121.0,0.0
2024-11-10 21:00:00+07:00,58.0,40.2,4209.0,0.0
2024-11-10 22:00:00+07:00,55.4,38.4,3366.0,0.0
2024-11-10 23:00:00+07:00,50.6,35.0,2867.0,0.0
2024-11-11 00:00:00+07:00,44.8,31.1,2435.0,0.0
2024-11-11 01:00:00+07:00,39.3,27.2,2031.0,0.0
2024-11-11 02:00:00+07:00,34.0,23.5,1584.0,0.0
2024-11-11 03:00:00+07:00,29.0,20.3,1164.0,0.0
2024-11-11 04:00:00+07:00,25.4,17.8,948.0,0.0
2024-11-11 05:00:00+07:00,22.8,15.9,1109.0,0.0
2024-11-11 06:00:00+07:00,21.2,14.8,1473.0,0.0
2024-11-11 07:00:00+07:00,21.9,15.4,1692.0,0.0
2024-11-11 08:00:00+07:00,31.4,21.9,1602.0,0.0
2024-11-11 09:00:00+07:00,36.2,25.1,1367.0,0.0
2024-11-11 10:00:00+07:00,30.0,20.8,1131.0,0.0
2024-11-11 11:00:00+07:00,26.0,17.8,915.0,0.0
2024-11-11 12:00:00+07:00,25.5,17.5,698.0,0.0
2024-11-11 13:00:00+07:00,26.0,17.9,560.0,0.0
2024-11-11 14:00:00+07:00,26.4,18.2,414.0,0.0
2024-11-11 15:00:00+07:00,26.9,18.5,347.0,0.0
2024-11-11 16:00:00+07:00,27.6,19.1,701.0,0.0
2024-11-11 17:00:00+07:00,33.5,23.2,1934.0,0.0
2024-11-11 18:00:00+07:00,42.1,29.3,3587.0,0.0
2024-11-11 19:00:00+07:00,46.4,32.4,4632.0,0.0
2024-11-11 20:00:00+07:00,50.2,34.9,4511.0,0.0
2024-11-11 21:00:00+07:00,51.3,35.7,3780.0,0.0
2024-11-11 22:00:00+07:00,51.8,36.1,3080.0,0.0
2024-11-11 23:00:00+07:00,51.2,35.7,2608.0,0.0
2024-11-12 00:00:00+07:00,48.9,34.1,2167.0,0.0
2024-11-12 01:00:00+07:00,45.3,31.5,1798.0,0.0
2024-11-12 02:00:00+07:00,41.3,28.9,1501.0,0.0
2024-11-12 03:00:00+07:00,37.5,26.1,1277.0,0.0
2024-11-12 04:00:00+07:00,33.4,23.3,1174.0,0.0
2024-11-12 05:00:00+07:00,29.9,20.9,1275.0,0.0
2024-11-12 06:00:00+07:00,28.0,19.6,1497.0,0.0
2024-11-12 07:00:00+07:00,30.6,21.4,1642.0,0.0
2024-11-12 08:00:00+07:00,38.3,26.8,1630.0,0.0
2024-11-12 09:00:00+07:00,44.2,30.7,1539.0,0.0
2024-11-12 10:00:00+07:00,39.0,27.0,1411.0,0.0
2024-11-12 11:00:00+07:00,31.1,21.5,1225.0,0.0
2024-11-12 12:00:00+07:00,28.2,19.5,1000.0,0.0
2024-11-12 13:00:00+07:00,26.9,18.6,836.0,0.0
2024-11-12 14:00:00+07:00,26.8,18.6,640.0,0.0
2024-11-12 15:00:00+07:00,26.3,18.2,504.0,0.0
2024-11-12 16:00:00+07:00,26.5,18.3,801.0,0.0
2024-11-12 17:00:00+07:00,34.9,24.2,2004.0,0.0
2024-11-12 18:00:00+07:00,46.1,32.0,3640.0,0.0
2024-11-12 19:00:00+07:00,39.8,39.8,4662.0,0.0
2024-11-12 20:00:00+07:00,39.1,39.1,4508.0,0.0
2024-11-12 21:00:00+07:00,41.7,41.6,3740.0,0.0
2024-11-12 22:00:00+07:00,43.9,43.9,3003.0,0.0
2024-11-12 23:00:00+07:00,44.4,44.4,2496.0,0.0
2024-11-13 00:00:00+07:00,42.1,42.1,2020.0,0.0
2024-11-13 01:00:00+07:00,38.9,38.8,1620.0,0.0
2024-11-13 02:00:00+07:00,35.9,35.7,1279.0,0.0
2024-11-13 03:00:00+07:00,33.4,33.3,1013.0,0.0
2024-11-13 04:00:00+07:00,31.1,31.0,919.0,0.0
2024-11-13 05:00:00+07:00,29.5,29.4,1138.0,0.0
2024-11-13 06:00:00+07:00,32.8,32.8,1528.0,0.0
2024-11-13 07:00:00+07:00,34.0,33.9,1758.0,0.0
2024-11-13 08:00:00+07:00,39.9,39.8,1653.0,0.0
2024-11-13 09:00:00+07:00,37.1,37.0,1388.0,0.0
2024-11-13 10:00:00+07:00,27.8,27.6,1156.0,0.0
2024-11-13 11:00:00+07:00,22.1,22.0,1024.0,0.0
2024-11-13 12:00:00+07:00,18.9,18.7,925.0,0.0
2024-11-13 13:00:00+07:00,18.0,17.9,850.0,0.0
2024-11-13 14:00:00+07:00,17.8,17.7,652.0,0.0
2024-11-13 15:00:00+07:00,18.2,18.0,476.0,0.0
2024-11-13 16:00:00+07:00,18.8,18.6,755.0,0.0
2024-11-13 17:00:00+07:00,24.6,24.5,1998.0,0.0
2024-11-13 18:00:00+07:00,37.4,37.1,3695.0,0.0
2024-11-13 19:00:00+07:00,44.2,44.1,4742.0,0.0
2024-11-13 20:00:00+07:00,46.0,45.9,4534.0,0.0
2024-11-13 21:00:00+07:00,44.1,44.1,3676.0,0.0
2024-11-13 22:00:00+07:00,40.7,40.6,2886.0,0.0
2024-11-13 23:00:00+07:00,38.1,38.0,2412.0,0.0
2024-11-14 00:00:00+07:00,35.7,35.6,2005.0,0.0
2024-11-14 01:00:00+07:00,32.5,32.4,1638.0,0.0
2024-11-14 02:00:00+07:00,28.8,28.7,1250.0,0.0
2024-11-14 03:00:00+07:00,25.2,25.1,902.0,0.0
2024-11-14 04:00:00+07:00,22.2,22.1,744.0,0.0
2024-11-14 05:00:00+07:00,19.7,19.6,937.0,0.0
2024-11-14 06:00:00+07:00,18.0,18.0,1320.0,0.0
2024-11-14 07:00:00+07:00,17.7,17.6,1559.0,0.0
2024-11-14 08:00:00+07:00,21.2,21.1,1493.0,0.0
2024-11-14 09:00:00+07:00,19.6,19.4,1283.0,0.0
2024-11-14 10:00:00+07:00,20.1,20.0,1079.0,0.0
2024-11-14 11:00:00+07:00,17.5,17.3,913.0,0.0
2024-11-14 12:00:00+07:00,14.8,14.7,752.0,0.0
2024-11-14 13:00:00+07:00,14.1,14.0,653.0,0.0
2024-11-14 14:00:00+07:00,13.9,13.8,555.0,0.0
2024-11-14 15:00:00+07:00,13.6,13.6,517.0,0.0
2024-11-14 16:00:00+07:00,13.8,13.7,775.0,0.0
2024-11-14 17:00:00+07:00,16.3,16.2,1616.0,0.0
2024-11-14 18:00:00+07:00,29.0,28.9,2753.0,0.0
2024-11-14 19:00:00+07:00,29.8,29.8,3554.0,0.0
2024-11-14 20:00:00+07:00,36.6,36.6,3746.0,0.0
2024-11-14 21:00:00+07:00,39.7,39.6,3603.0,0.0
2024-11-14 22:00:00+07:00,39.7,39.7,3312.0,0.0
2024-11-14 23:00:00+07:00,37.7,37.7,2863.0,0.0
2024-11-15 00:00:00+07:00,34.6,34.6,2266.0,0.0
2024-11-15 01:00:00+07:00,31.5,31.5,1741.0,0.0
2024-11-15 02:00:00+07:00,28.5,28.5,1320.0,0.0
2024-11-15 03:00:00+07:00,25.3,25.3,971.0,0.0
2024-11-15 04:00:00+07:00,22.1,22.1,823.0,0.0
2024-11-15 05:00:00+07:00,19.4,19.4,1064.0,0.0
2024-11-15 06:00:00+07:00,18.0,18.0,1505.0,0.0
2024-11-15 07:00:00+07:00,18.0,18.0,1714.0,0.0
2024-11-15 08:00:00+07:00,18.9,18.9,1431.0,0.0
2024-11-15 09:00:00+07:00,13.7,13.7,915.0,0.0
2024-11-15 10:00:00+07:00,8.9,8.9,509.0,0.0
2024-11-15 11:00:00+07:00,5.4,5.4,346.0,0.0
2024-11-15 12:00:00+07:00,4.1,4.1,293.0,0.0
2024-11-15 13:00:00+07:00,3.6,3.6,287.0,0.0
2024-11-15 14:00:00+07:00,3.5,3.5,225.0,0.0
2024-11-15 15:00:00+07:00,3.5,3.5,211.0,0.0
2024-11-15 16:00:00+07:00,3.7,3.7,493.0,0.0
2024-11-15 17:00:00+07:00,9.5,9.5,1384.0,0.0
2024-11-15 18:00:00+07:00,23.3,23.2,2572.0,0.0
2024-11-15 19:00:00+07:00,33.2,32.6,3367.0,0.0
2024-11-15 20:00:00+07:00,36.1,35.4,3442.0,0.0
2024-11-15 21:00:00+07:00,36.9,36.1,3124.0,0.0
2024-11-15 22:00:00+07:00,37.1,36.3,2705.0,0.0
2024-11-15 23:00:00+07:00,35.5,34.6,2211.0,0.0
2024-11-16 00:00:00+07:00,32.2,31.3,1615.0,0.0
2024-11-16 01:00:00+07:00,28.1,27.4,1131.0,0.0
2024-11-16 02:00:00+07:00,24.3,23.7,811.0,0.0
2024-11-16 03:00:00+07:00,20.9,20.3,603.0,0.0
2024-11-16 04:00:00+07:00,18.0,17.6,560.0,0.0
2024-11-16 05:00:00+07:00,15.9,15.5,817.0,0.0
2024-11-16 06:00:00+07:00,14.5,14.1,1240.0,0.0
2024-11-16 07:00:00+07:00,22.4,22.0,1480.0,0.0
2024-11-16 08:00:00+07:00,24.5,24.2,1345.0,0.0
2024-11-16 09:00:00+07:00,18.9,18.6,1027.0,0.0
2024-11-16 10:00:00+07:00,14.6,14.4,754.0,0.0
2024-11-16 11:00:00+07:00,10.9,10.9,598.0,0.0
2024-11-16 12:00:00+07:00,9.7,9.7,485.0,0.0
2024-11-16 13:00:00+07:00,9.7,9.7,426.0,0.0
2024-11-16 14:00:00+07:00,9.9,9.9,347.0,0.0
2024-11-16 15:00:00+07:00,10.4,10.3,322.0,0.0
2024-11-16 16:00:00+07:00,11.1,11.1,575.0,0.0
2024-11-16 17:00:00+07:00,16.7,16.7,1397.0,0.0
2024-11-16 18:00:00+07:00,27.1,27.1,2498.0,0.0
2024-11-16 19:00:00+07:00,34.2,34.2,3234.0,0.0
2024-11-16 20:00:00+07:00,37.6,37.5,3300.0,0.0
2024-11-16 21:00:00+07:00,38.4,38.1,3002.0,0.0
2024-11-16 22:00:00+07:00,38.1,37.5,2611.0,0.0
2024-11-16 23:00:00+07:00,36.6,35.9,2156.0,0.0
2024-11-17 00:00:00+07:00,33.6,32.9,1609.0,0.0
2024-11-17 01:00:00+07:00,29.9,29.3,1158.0,0.0
2024-11-17 02:00:00+07:00,26.1,25.6,839.0,0.0
2024-11-17 03:00:00+07:00,22.5,22.1,616.0,0.0
2024-11-17 04:00:00+07:00,19.5,19.2,564.0,0.0
2024-11-17 05:00:00+07:00,17.3,16.9,837.0,0.0
2024-11-17 06:00:00+07:00,15.8,15.5,1282.0,0.0
2024-11-17 07:00:00+07:00,14.2,14.0,1516.0,0.0
2024-11-17 08:00:00+07:00,18.0,17.8,1313.0,0.0
2024-11-17 09:00:00+07:00,14.2,14.0,899.0,0.0
2024-11-17 10:00:00+07:00,11.0,11.0,566.0,0.0
2024-11-17 11:00:00+07:00,7.5,7.4,421.0,0.0
2024-11-17 12:00:00+07:00,6.4,6.4,357.0,0.0
2024-11-17 13:00:00+07:00,6.6,6.5,344.0,0.0
2024-11-17 14:00:00+07:00,6.5,6.4,315.0,0.0
2024-11-17 15:00:00+07:00,6.7,6.6,338.0,0.0
2024-11-17 16:00:00+07:00,7.1,7.1,588.0,0.0
2024-11-17 17:00:00+07:00,10.7,10.6,1273.0,0.0
2024-11-17 18:00:00+07:00,17.9,17.9,2185.0,0.0
2024-11-17 19:00:00+07:00,34.8,34.7,2872.0,0.0
2024-11-17 20:00:00+07:00,38.8,38.6,3167.0,0.0
2024-11-17 21:00:00+07:00,36.1,36.0,3237.0,0.0
2024-11-17 22:00:00+07:00,32.4,32.2,3129.0,0.0
2024-11-17 23:00:00+07:00,32.2,32.1,2781.0,0.0
2024-11-18 00:00:00+07:00,34.5,34.3,2255.0,0.0
2024-11-18 01:00:00+07:00,37.0,36.8,1789.0,0.0
2024-11-18 02:00:00+07:00,37.3,37.1,1435.0,0.0
2024-11-18 03:00:00+07:00,35.5,35.4,1140.0,0.0
2024-11-18 04:00:00+07:00,32.7,32.6,981.0,0.0
2024-11-18 05:00:00+07:00,28.3,28.2,1061.0,0.0
2024-11-18 06:00:00+07:00,24.7,24.6,1278.0,0.0
2024-11-18 07:00:00+07:00,24.2,24.1,1397.0,0.0
2024-11-18 08:00:00+07:00,27.0,26.9,1309.0,0.0
2024-11-18 09:00:00+07:00,21.4,21.2,1124.0,0.0
2024-11-18 10:00:00+07:00,18.6,18.4,938.0,0.0
2024-11-18 11:00:00+07:00,17.2,17.0,764.0,0.0
2024-11-18 12:00:00+07:00,15.7,15.4,589.0,0.0
2024-11-18 13:00:00+07:00,14.1,13.9,474.0,0.0
2024-11-18 14:00:00+07:00,12.5,12.3,384.0,0.0
2024-11-18 15:00:00+07:00,11.1,11.0,353.0,0.0
2024-11-18 16:00:00+07:00,10.7,10.6,547.0,0.0
2024-11-18 17:00:00+07:00,12.7,12.5,1197.0,0.0
2024-11-18 18:00:00+07:00,22.8,22.7,2070.0,0.0
2024-11-18 19:00:00+07:00,36.1,36.0,2636.0,0.0
2024-11-18 20:00:00+07:00,35.2,35.0,2609.0,0.0
2024-11-18 21:00:00+07:00,30.7,30.6,2274.0,0.0
2024-11-18 22:00:00+07:00,28.1,27.9,1951.0,0.0
2024-11-18 23:00:00+07:00,26.5,26.4,1761.0,0.0
2024-11-19 00:00:00+07:00,25.3,25.1,1583.0,0.0
2024-11-19 01:00:00+07:00,23.8,23.7,1379.0,0.0
2024-11-19 02:00:00+07:00,22.1,21.9,1078.0,0.0
2024-11-19 03:00:00+07:00,20.5,20.4,750.0,0.0
2024-11-19 04:00:00+07:00,19.3,19.1,568.0,0.0
2024-11-19 05:00:00+07:00,18.5,18.3,675.0,0.0
2024-11-19 06:00:00+07:00,18.2,18.0,928.0,0.0
2024-11-19 07:00:00+07:00,20.8,20.7,1075.0,0.0
2024-11-19 08:00:00+07:00,25.1,25.0,989.0,0.0
2024-11-19 09:00:00+07:00,21.1,20.9,797.0,0.0
2024-11-19 10:00:00+07:00,16.5,16.3,625.0,0.0
2024-11-19 11:00:00+07:00,13.1,12.9,506.0,0.0
2024-11-19 12:00:00+07:00,12.5,12.3,406.0,0.0
2024-11-19 13:00:00+07:00,12.3,12.1,356.0,0.0
2024-11-19 14:00:00+07:00,12.4,12.3,296.0,0.0
2024-11-19 15:00:00+07:00,12.2,12.1,285.0,0.0
2024-11-19 16:00:00+07:00,12.0,11.8,529.0,0.0
2024-11-19 17:00:00+07:00,15.1,15.0,1296.0,0.0
2024-11-19 18:00:00+07:00,26.6,26.5,2319.0,0.0
2024-11-19 19:00:00+07:00,44.5,44.2,2998.0,0.0
2024-11-19 20:00:00+07:00,50.8,50.5,3032.0,0.0
2024-11-19 21:00:00+07:00,50.4,50.2,2723.0,0.0
2024-11-19 22:00:00+07:00,46.2,46.0,2375.0,0.0
2024-11-19 23:00:00+07:00,42.6,42.4,2075.0,0.0
2024-11-20 00:00:00+07:00,39.6,39.3,1736.0,0.0
2024-11-20 01:00:00+07:00,35.5,35.3,1405.0,0.0
2024-11-20 02:00:00+07:00,31.1,31.0,1043.0,0.0
2024-11-20 03:00:00+07:00,27.6,27.5,689.0,0.0
2024-11-20 04:00:00+07:00,25.1,24.9,506.0,0.0
2024-11-20 05:00:00+07:00,23.2,23.0,649.0,0.0
2024-11-20 06:00:00+07:00,22.1,21.9,964.0,0.0
2024-11-20 07:00:00+07:00,25.8,25.7,1152.0,0.0
2024-11-20 08:00:00+07:00,29.1,29.0,1061.0,0.0
2024-11-20 09:00:00+07:00,20.1,20.0,842.0,0.0
2024-11-20 10:00:00+07:00,16.1,15.9,651.0,0.0
2024-11-20 11:00:00+07:00,14.8,14.6,534.0,0.0
2024-11-20 12:00:00+07:00,13.9,13.7,445.0,0.0
2024-11-20 13:00:00+07:00,13.8,13.6,401.0,0.0
2024-11-20 14:00:00+07:00,14.2,14.0,292.0,0.0
2024-11-20 15:00:00+07:00,13.9,13.7,229.0,0.0
2024-11-20 16:00:00+07:00,14.3,14.1,563.0,0.0
2024-11-20 17:00:00+07:00,17.3,17.2,1731.0,0.0
2024-11-20 18:00:00+07:00,24.4,24.3,3296.0,0.0
2024-11-20 19:00:00+07:00,43.2,43.1,4303.0,0.0
2024-11-20 20:00:00+07:00,49.0,48.8,4246.0,0.0
2024-11-20 21:00:00+07:00,48.4,48.3,3631.0,0.0
2024-11-20 22:00:00+07:00,45.1,44.9,3013.0,0.0
2024-11-20 23:00:00+07:00,41.6,41.4,2567.0,0.0
2024-11-21 00:00:00+07:00,37.7,37.6,2120.0,0.0
2024-11-21 01:00:00+07:00,32.7,32.6,1704.0,0.0
2024-11-21 02:00:00+07:00,28.3,28.2,1285.0,0.0
2024-11-21 03:00:00+07:00,25.5,25.4,899.0,0.0
2024-11-21 04:00:00+07:00,24.1,24.0,685.0,0.0
2024-11-21 05:00:00+07:00,23.1,22.9,783.0,0.0
2024-11-21 06:00:00+07:00,22.6,22.5,1052.0,0.0
2024-11-21 07:00:00+07:00,27.0,27.0,1216.0,0.0
2024-11-21 08:00:00+07:00,34.6,34.5,1142.0,0.0
2024-11-21 09:00:00+07:00,22.5,22.4,961.0,0.0
2024-11-21 10:00:00+07:00,16.0,15.9,793.0,0.0
2024-11-21 11:00:00+07:00,15.0,14.9,666.0,0.0
2024-11-21 12:00:00+07:00,15.2,15.1,552.0,0.0
2024-11-21 13:00:00+07:00,14.6,14.4,482.0,0.0
2024-11-21 14:00:00+07:00,14.3,14.2,364.0,0.0
2024-11-21 15:00:00+07:00,14.5,14.4,290.0,0.0
2024-11-21 16:00:00+07:00,15.0,14.9,575.0,0.0
2024-11-21 17:00:00+07:00,18.2,18.0,1612.0,0.0
2024-11-21 18:00:00+07:00,29.1,29.0,3008.0,0.0
2024-11-21 19:00:00+07:00,44.2,44.1,3894.0,0.0
2024-11-21 20:00:00+07:00,50.9,50.6,3809.0,0.0
2024-11-21 21:00:00+07:00,49.6,49.5,3215.0,0.0
2024-11-21 22:00:00+07:00,44.2,44.1,2627.0,0.0
2024-11-21 23:00:00+07:00,39.8,39.7,2207.0,0.0
2024-11-22 00:00:00+07:00,35.6,35.5,1794.0,0.0
2024-11-22 01:00:00+07:00,32.1,32.0,1420.0,0.0
2024-11-22 02:00:00+07:00,29.0,28.9,1047.0,0.0
2024-11-22 03:00:00+07:00,26.3,26.1,714.0,0.0
2024-11-22 04:00:00+07:00,23.9,23.9,570.0,0.0
2024-11-22 05:00:00+07:00,22.5,22.4,785.0,0.0
2024-11-22 06:00:00+07:00,22.2,22.1,1188.0,0.0
2024-11-22 07:00:00+07:00,34.5,34.3,1418.0,0.0
2024-11-22 08:00:00+07:00,34.9,34.9,1279.0,0.0
2024-11-22 09:00:00+07:00,27.6,27.6,967.0,0.0
2024-11-22 10:00:00+07:00,22.2,22.1,709.0,0.0
2024-11-22 11:00:00+07:00,19.3,19.2,589.0,0.0
2024-11-22 12:00:00+07:00,18.2,18.1,523.0,0.0
2024-11-22 13:00:00+07:00,17.6,17.6,491.0,0.0
2024-11-22 14:00:00+07:00,17.2,17.1,395.0,0.0
2024-11-22 15:00:00+07:00,16.9,16.8,333.0,0.0
2024-11-22 16:00:00+07:00,17.0,16.9,576.0,0.0
2024-11-22 17:00:00+07:00,19.3,19.2,1458.0,0.0
2024-11-22 18:00:00+07:00,29.1,29.0,2645.0,0.0
2024-11-22 19:00:00+07:00,44.2,44.1,3402.0,0.0
2024-11-22 20:00:00+07:00,46.1,46.0,3344.0,0.0
2024-11-22 21:00:00+07:00,37.7,37.6,2857.0,0.0
2024-11-22 22:00:00+07:00,32.0,31.9,2361.0,0.0
2024-11-22 23:00:00+07:00,30.0,29.9,1980.0,0.0
2024-11-23 00:00:00+07:00,28.8,28.7,1590.0,0.0
2024-11-23 01:00:00+07:00,27.1,27.0,1241.0,0.0
2024-11-23 02:00:00+07:00,25.0,25.0,904.0,0.0
2024-11-23 03:00:00+07:00,23.1,23.0,609.0,0.0
2024-11-23 04:00:00+07:00,21.2,21.2,495.0,0.0
2024-11-23 05:00:00+07:00,19.9,19.8,729.0,0.0
2024-11-23 06:00:00+07:00,19.3,19.3,1144.0,0.0
2024-11-23 07:00:00+07:00,18.1,18.0,1378.0,0.0
2024-11-23 08:00:00+07:00,21.4,21.4,1229.0,0.0
2024-11-23 09:00:00+07:00,13.3,13.3,898.0,0.0
2024-11-23 10:00:00+07:00,11.3,11.3,628.0,0.0
2024-11-23 11:00:00+07:00,10.8,10.7,510.0,0.0
2024-11-23 12:00:00+07:00,11.2,11.2,453.0,0.0
2024-11-23 13:00:00+07:00,11.8,11.7,428.0,0.0
2024-11-23 14:00:00+07:00,12.5,12.4,324.0,0.0
2024-11-23 15:00:00+07:00,12.7,12.6,252.0,0.0
2024-11-23 16:00:00+07:00,13.3,13.2,518.0,0.0
2024-11-23 17:00:00+07:00,15.2,15.1,1484.0,0.0
2024-11-23 18:00:00+07:00,25.6,25.5,2789.0,0.0
2024-11-23 19:00:00+07:00,44.0,43.7,3649.0,0.0
2024-11-23 20:00:00+07:00,43.2,43.1,3671.0,0.0
2024-11-23 21:00:00+07:00,38.2,38.1,3249.0,0.0
2024-11-23 22:00:00+07:00,34.8,34.7,2785.0,0.0
2024-11-23 23:00:00+07:00,32.5,32.4,2385.0,0.0
2024-11-24 00:00:00+07:00,29.3,29.2,1943.0,0.0
2024-11-24 01:00:00+07:00,26.8,26.7,1539.0,0.0
2024-11-24 02:00:00+07:00,24.9,24.7,1159.0,0.0
2024-11-24 03:00:00+07:00,23.5,23.3,816.0,0.0
2024-11-24 04:00:00+07:00,22.2,22.1,633.0,0.0
2024-11-24 05:00:00+07:00,21.2,21.2,733.0,0.0
2024-11-24 06:00:00+07:00,21.3,21.2,992.0,0.0
2024-11-24 07:00:00+07:00,23.8,23.7,1160.0,0.0
2024-11-24 08:00:00+07:00,27.0,26.9,1123.0,0.0
2024-11-24 09:00:00+07:00,28.7,28.6,995.0,0.0
2024-11-24 10:00:00+07:00,27.0,26.8,862.0,0.0
2024-11-24 11:00:00+07:00,20.4,20.2,739.0,0.0
2024-11-24 12:00:00+07:00,17.5,17.3,611.0,0.0
2024-11-24 13:00:00+07:00,16.1,15.9,525.0,0.0
2024-11-24 14:00:00+07:00,16.1,15.9,396.0,0.0
2024-11-24 15:00:00+07:00,16.4,16.2,309.0,0.0
2024-11-24 16:00:00+07:00,16.9,16.7,557.0,0.0
2024-11-24 17:00:00+07:00,21.1,21.0,1507.0,0.0
2024-11-24 18:00:00+07:00,34.9,34.8,2794.0,0.0
2024-11-24 19:00:00+07:00,47.7,47.4,3611.0,0.0
2024-11-24 20:00:00+07:00,57.2,56.8,3538.0,0.0
2024-11-24 21:00:00+07:00,60.5,60.1,2996.0,0.0
2024-11-24 22:00:00+07:00,58.2,57.9,2444.0,0.0
2024-11-24 23:00:00+07:00,54.4,54.0,2009.0,0.0
2024-11-25 00:00:00+07:00,50.9,50.5,1563.0,0.0
2024-11-25 01:00:00+07:00,48.2,48.0,1187.0,0.0
2024-11-25 02:00:00+07:00,45.3,45.1,882.0,0.0
2024-11-25 03:00:00+07:00,42.4,42.0,647.0,0.0
2024-11-25 04:00:00+07:00,39.3,39.0,551.0,0.0
2024-11-25 05:00:00+07:00,36.7,36.4,703.0,0.0
2024-11-25 06:00:00+07:00,34.8,34.5,995.0,0.0
2024-11-25 07:00:00+07:00,33.2,32.9,1174.0,0.0
2024-11-25 08:00:00+07:00,36.3,36.2,1116.0,0.0
2024-11-25 09:00:00+07:00,32.5,32.2,946.0,0.0
2024-11-25 10:00:00+07:00,22.8,22.6,786.0,0.0
2024-11-25 11:00:00+07:00,17.2,17.0,668.0,0.0
2024-11-25 12:00:00+07:00,15.3,15.0,560.0,0.0
2024-11-25 13:00:00+07:00,14.3,14.1,492.0,0.0
2024-11-25 14:00:00+07:00,14.3,14.1,375.0,0.0
2024-11-25 15:00:00+07:00,14.4,14.2,297.0,0.0
2024-11-25 16:00:00+07:00,14.5,14.3,554.0,0.0
2024-11-25 17:00:00+07:00,18.8,18.6,1498.0,0.0
2024-11-25 18:00:00+07:00,31.9,31.7,2777.0,0.0
2024-11-25 19:00:00+07:00,42.7,42.5,3634.0,0.0
2024-11-25 20:00:00+07:00,49.9,49.7,3696.0,0.0
2024-11-25 21:00:00+07:00,50.9,50.6,3336.0,0.0
2024-11-25 22:00:00+07:00,48.4,48.2,2918.0,0.0
2024-11-25 23:00:00+07:00,45.4,45.2,2536.0,0.0
2024-11-26 00:00:00+07:00,41.3,41.1,2097.0,0.0
2024-11-26 01:00:00+07:00,37.3,37.0,1683.0,0.0
2024-11-26 02:00:00+07:00,33.9,33.6,1281.0,0.0
2024-11-26 03:00:00+07:00,30.9,30.6,904.0,0.0
2024-11-26 04:00:00+07:00,28.1,27.9,678.0,0.0
2024-11-26 05:00:00+07:00,26.0,25.8,726.0,0.0
2024-11-26 06:00:00+07:00,24.8,24.6,925.0,0.0
2024-11-26 07:00:00+07:00,29.0,28.8,1035.0,0.0
2024-11-26 08:00:00+07:00,32.1,32.0,929.0,0.0
2024-11-26 09:00:00+07:00,26.0,25.6,734.0,0.0
2024-11-26 10:00:00+07:00,23.2,22.7,589.0,0.0
2024-11-26 11:00:00+07:00,21.2,20.8,562.0,0.0
2024-11-26 12:00:00+07:00,19.8,19.4,585.0,0.0
2024-11-26 13:00:00+07:00,18.6,18.2,599.0,0.0
2024-11-26 14:00:00+07:00,17.3,16.9,486.0,0.0
2024-11-26 15:00:00+07:00,16.5,16.1,364.0,0.0
2024-11-26 16:00:00+07:00,16.9,16.5,524.0,0.0
2024-11-26 17:00:00+07:00,19.7,19.2,1268.0,0.0
2024-11-26 18:00:00+07:00,31.1,30.6,2294.0,0.0
2024-11-26 19:00:00+07:00,42.3,41.8,2987.0,0.0
2024-11-26 20:00:00+07:00,49.8,49.4,3049.0,0.0
2024-11-26 21:00:00+07:00,54.0,53.6,2778.0,0.0
2024-11-26 22:00:00+07:00,55.4,54.9,2448.0,0.0
2024-11-26 23:00:00+07:00,53.2,52.7,2128.0,0.0
2024-11-27 00:00:00+07:00,47.5,47.1,1751.0,0.0
2024-11-27 01:00:00+07:00,42.5,42.0,1387.0,0.0
2024-11-27 02:00:00+07:00,39.9,39.6,1015.0,0.0
2024-11-27 03:00:00+07:00,38.3,38.0,657.0,0.0
2024-11-27 04:00:00+07:00,36.4,36.1,454.0,0.0
2024-11-27 05:00:00+07:00,35.9,35.5,534.0,0.0
2024-11-27 06:00:00+07:00,35.7,35.4,769.0,0.0
2024-11-27 07:00:00+07:00,22.5,22.1,912.0,0.0
2024-11-27 08:00:00+07:00,27.0,26.7,839.0,0.0
2024-11-27 09:00:00+07:00,23.9,23.5,675.0,0.0
2024-11-27 10:00:00+07:00,18.7,18.3,550.0,0.0
2024-11-27 11:00:00+07:00,16.2,15.8,518.0,0.0
2024-11-27 12:00:00+07:00,16.5,16.0,525.0,0.0
2024-11-27 13:00:00+07:00,16.2,15.8,545.0,0.0
2024-11-27 14:00:00+07:00,14.2,13.8,478.0,0.0
2024-11-27 15:00:00+07:00,12.9,12.5,423.0,0.0
2024-11-27 16:00:00+07:00,13.4,13.0,656.0,0.0
2024-11-27 17:00:00+07:00,15.0,14.6,1510.0,0.0
2024-11-27 18:00:00+07:00,26.8,26.5,2652.0,0.0
2024-11-27 19:00:00+07:00,39.6,39.1,3356.0,0.0
2024-11-27 20:00:00+07:00,46.1,45.8,3208.0,0.0
2024-11-27 21:00:00+07:00,47.1,46.7,2622.0,0.0
2024-11-27 22:00:00+07:00,47.8,47.5,2110.0,0.0
2024-11-27 23:00:00+07:00,44.9,44.6,1875.0,0.0
2024-11-28 00:00:00+07:00,44.1,43.7,1713.0,0.0
2024-11-28 01:00:00+07:00,33.5,33.2,1526.0,0.0
2024-11-28 02:00:00+07:00,26.9,26.6,1233.0,0.0
2024-11-28 03:00:00+07:00,20.3,20.0,915.0,0.0
2024-11-28 04:00:00+07:00,13.2,13.1,716.0,0.0
2024-11-28 05:00:00+07:00,12.0,11.9,736.0,0.0
2024-11-28 06:00:00+07:00,12.0,11.8,873.0,0.0
2024-11-28 07:00:00+07:00,9.1,9.1,971.0,0.0
2024-11-28 08:00:00+07:00,10.9,10.9,969.0,0.0
2024-11-28 09:00:00+07:00,9.9,9.9,928.0,0.0
2024-11-28 10:00:00+07:00,9.8,9.8,864.0,0.0
2024-11-28 11:00:00+07:00,9.1,9.0,765.0,0.0
2024-11-28 12:00:00+07:00,9.0,8.9,644.0,0.0
2024-11-28 13:00:00+07:00,8.9,8.8,562.0,0.0
2024-11-28 14:00:00+07:00,8.9,8.8,479.0,0.0
2024-11-28 15:00:00+07:00,9.1,9.1,434.0,0.0
2024-11-28 16:00:00+07:00,9.8,9.7,603.0,0.0
2024-11-28 17:00:00+07:00,14.9,14.8,1230.0,0.0
2024-11-28 18:00:00+07:00,27.5,27.4,2071.0,0.0
2024-11-28 19:00:00+07:00,38.8,38.6,2570.0,0.0
2024-11-28 20:00:00+07:00,40.4,40.3,2415.0,0.0
2024-11-28 21:00:00+07:00,36.6,36.4,1918.0,0.0
2024-11-28 22:00:00+07:00,32.5,32.4,1460.0,0.0
2024-11-28 23:00:00+07:00,30.0,29.9,1163.0,0.0
2024-11-29 00:00:00+07:00,28.1,28.0,906.0,0.0
2024-11-29 01:00:00+07:00,26.6,26.5,699.0,0.0
2024-11-29 02:00:00+07:00,26.1,26.1,508.0,0.0
2024-11-29 03:00:00+07:00,26.2,26.1,369.0,0.0
2024-11-29 04:00:00+07:00,26.1,26.1,398.0,0.0
2024-11-29 05:00:00+07:00,26.4,26.3,772.0,0.0
2024-11-29 06:00:00+07:00,28.6,28.6,1316.0,0.0
2024-11-29 07:00:00+07:00,28.2,28.1,1616.0,0.0
2024-11-29 08:00:00+07:00,27.2,27.2,1429.0,0.0
2024-11-29 09:00:00+07:00,19.1,19.0,999.0,0.0
2024-11-29 10:00:00+07:00,17.6,17.5,650.0,0.0
2024-11-29 11:00:00+07:00,18.0,17.9,505.0,0.0
2024-11-29 12:00:00+07:00,18.2,18.1,440.0,0.0
2024-11-29 13:00:00+07:00,18.0,17.9,413.0,0.0
2024-11-29 14:00:00+07:00,19.0,18.9,355.0,0.0
2024-11-29 15:00:00+07:00,20.0,19.8,334.0,0.0
2024-11-29 16:00:00+07:00,22.3,22.2,510.0,0.0
2024-11-29 17:00:00+07:00,25.7,25.6,1084.0,0.0
2024-11-29 18:00:00+07:00,32.8,32.7,1854.0,0.0
2024-11-29 19:00:00+07:00,38.0,37.8,2374.0,0.0
2024-11-29 20:00:00+07:00,41.3,41.2,2427.0,0.0
2024-11-29 21:00:00+07:00,44.1,44.0,2229.0,0.0
2024-11-29 22:00:00+07:00,45.6,45.5,1985.0,0.0
2024-11-29 23:00:00+07:00,46.3,46.3,1738.0,0.0
2024-11-30 00:00:00+07:00,45.3,45.2,1445.0,0.0
2024-11-30 01:00:00+07:00,43.3,43.2,1177.0,0.0
2024-11-30 02:00:00+07:00,41.6,41.4,922.0,0.0
2024-11-30 03:00:00+07:00,39.3,39.2,692.0,0.0
2024-11-30 04:00:00+07:00,36.7,36.6,597.0,0.0
2024-11-30 05:00:00+07:00,34.3,34.2,764.0,0.0
2024-11-30 06:00:00+07:00,32.8,32.8,1065.0,0.0
2024-11-30 07:00:00+07:00,36.9,36.8,1230.0,0.0
2024-11-30 08:00:00+07:00,36.3,36.2,1105.0,0.0
2024-11-30 09:00:00+07:00,25.9,25.8,843.0,0.0
2024-11-30 10:00:00+07:00,20.6,20.5,631.0,0.0
2024-11-30 11:00:00+07:00,19.0,18.9,540.0,0.0
2024-11-30 12:00:00+07:00,18.0,17.9,500.0,0.0
2024-11-30 13:00:00+07:00,17.6,17.5,486.0,0.0
2024-11-30 14:00:00+07:00,17.4,17.3,410.0,0.0
2024-11-30 15:00:00+07:00,16.5,16.4,361.0,0.0
2024-11-30 16:00:00+07:00,15.9,15.8,584.0,0.0
2024-11-30 17:00:00+07:00,17.9,17.9,1353.0,0.0
2024-11-30 18:00:00+07:00,25.3,25.2,2394.0,0.0
2024-11-30 19:00:00+07:00,35.5,35.4,3128.0,0.0
2024-11-30 20:00:00+07:00,40.5,40.4,3293.0,0.0
2024-11-30 21:00:00+07:00,41.8,41.7,3152.0,0.0
2024-11-30 22:00:00+07:00,40.7,40.6,2916.0,0.0
2024-11-30 23:00:00+07:00,38.0,37.8,2618.0,0.0
2024-12-01 00:00:00+07:00,34.6,34.6,2225.0,0.0
2024-12-01 01:00:00+07:00,31.8,31.7,1853.0,0.0
2024-12-01 02:00:00+07:00,29.3,29.2,1497.0,0.0
2024-12-01 03:00:00+07:00,27.0,26.8,1162.0,0.0
2024-12-01 04:00:00+07:00,24.9,24.8,971.0,0.0
2024-12-01 05:00:00+07:00,23.3,23.3,1038.0,0.0
2024-12-01 06:00:00+07:00,22.7,22.6,1250.0,0.0
2024-12-01 07:00:00+07:00,25.2,25.1,1395.0,0.0
2024-12-01 08:00:00+07:00,31.7,31.5,1398.0,0.0
2024-12-01 09:00:00+07:00,25.3,25.1,1334.0,0.0
2024-12-01 10:00:00+07:00,19.4,19.2,1218.0,0.0
2024-12-01 11:00:00+07:00,17.6,17.3,1016.0,0.0
2024-12-01 12:00:00+07:00,16.5,16.2,761.0,1.0
2024-12-01 13:00:00+07:00,15.9,15.5,574.0,1.0
2024-12-01 14:00:00+07:00,15.7,15.2,404.0,1.0
2024-12-01 15:00:00+07:00,15.6,15.1,301.0,1.0
2024-12-01 16:00:00+07:00,15.8,15.3,531.0,1.0
2024-12-01 17:00:00+07:00,19.3,18.9,1441.0,1.0
2024-12-01 18:00:00+07:00,30.4,29.9,2684.0,1.0
2024-12-01 19:00:00+07:00,38.4,38.0,3488.0,1.0
2024-12-01 20:00:00+07:00,44.9,44.5,3437.0,1.0
2024-12-01 21:00:00+07:00,46.9,46.4,2946.0,1.0
2024-12-01 22:00:00+07:00,46.9,46.4,2490.0,1.0
2024-12-01 23:00:00+07:00,47.3,46.8,2243.0,1.0
2024-12-02 00:00:00+07:00,46.0,45.5,2032.0,1.0
2024-12-02 01:00:00+07:00,42.6,42.1,1807.0,1.0
2024-12-02 02:00:00+07:00,39.0,38.5,1504.0,1.0
2024-12-02 03:00:00+07:00,36.1,35.6,1187.0,1.0
2024-12-02 04:00:00+07:00,33.8,33.3,1009.0,1.0
2024-12-02 05:00:00+07:00,31.9,31.4,1089.0,1.0
2024-12-02 06:00:00+07:00,30.9,30.4,1308.0,1.0
2024-12-02 07:00:00+07:00,37.0,36.6,1450.0,1.0
2024-12-02 08:00:00+07:00,41.7,41.3,1428.0,1.0
2024-12-02 09:00:00+07:00,35.9,35.4,1330.0,1.0
2024-12-02 10:00:00+07:00,28.4,27.9,1210.0,1.0
2024-12-02 11:00:00+07:00,25.6,25.1,1069.0,1.0
2024-12-02 12:00:00+07:00,23.8,23.3,906.0,1.0
2024-12-02 13:00:00+07:00,21.9,21.5,767.0,1.0
2024-12-02 14:00:00+07:00,20.4,20.0,540.0,1.0
2024-12-02 15:00:00+07:00,20.3,19.9,338.0,1.0
2024-12-02 16:00:00+07:00,20.8,20.4,542.0,1.0
2024-12-02 17:00:00+07:00,25.3,25.0,1589.0,1.0
2024-12-02 18:00:00+07:00,34.8,34.3,3043.0,1.0
2024-12-02 19:00:00+07:00,33.4,33.3,3973.0,0.0
2024-12-02 20:00:00+07:00,37.0,36.9,3874.0,0.0
2024-12-02 21:00:00+07:00,38.6,38.5,3252.0,0.0
2024-12-02 22:00:00+07:00,40.5,40.4,2695.0,0.0
2024-12-02 23:00:00+07:00,41.4,41.3,2437.0,0.0
2024-12-03 00:00:00+07:00,41.1,41.0,2244.0,0.0
2024-12-03 01:00:00+07:00,39.9,39.8,2002.0,0.0
2024-12-03 02:00:00+07:00,37.8,37.7,1599.0,0.0
2024-12-03 03:00:00+07:00,34.7,34.6,1148.0,0.0
2024-12-03 04:00:00+07:00,31.8,31.7,871.0,0.0
2024-12-03 05:00:00+07:00,29.4,29.3,933.0,0.0
2024-12-03 06:00:00+07:00,27.9,27.8,1170.0,0.0
2024-12-03 07:00:00+07:00,25.7,25.6,1314.0,0.0
2024-12-03 08:00:00+07:00,31.2,31.2,1241.0,0.0
2024-12-03 09:00:00+07:00,24.7,24.7,1076.0,0.0
2024-12-03 10:00:00+07:00,19.3,19.2,925.0,0.0
2024-12-03 11:00:00+07:00,15.5,15.4,813.0,0.0
2024-12-03 12:00:00+07:00,13.3,13.2,714.0,0.0
2024-12-03 13:00:00+07:00,12.0,11.9,660.0,0.0
2024-12-03 14:00:00+07:00,12.3,12.1,583.0,0.0
2024-12-03 15:00:00+07:00,11.7,11.6,551.0,0.0
2024-12-03 16:00:00+07:00,11.8,11.6,794.0,0.0
2024-12-03 17:00:00+07:00,18.0,17.9,1605.0,0.0
2024-12-03 18:00:00+07:00,29.4,29.3,2691.0,0.0
2024-12-03 19:00:00+07:00,39.6,39.5,3409.0,0.0
2024-12-03 20:00:00+07:00,43.5,43.4,3422.0,0.0
2024-12-03 21:00:00+07:00,45.2,44.9,3066.0,0.0
2024-12-03 22:00:00+07:00,45.5,45.3,2704.0,0.0
2024-12-03 23:00:00+07:00,44.7,44.6,2468.0,0.0
2024-12-04 00:00:00+07:00,42.6,42.4,2227.0,0.0
2024-12-04 01:00:00+07:00,39.3,39.2,1951.0,0.0
2024-12-04 02:00:00+07:00,36.1,36.0,1559.0,0.0
2024-12-04 03:00:00+07:00,32.8,32.7,1132.0,0.0
2024-12-04 04:00:00+07:00,29.8,29.7,887.0,0.0
2024-12-04 05:00:00+07:00,27.6,27.5,990.0,0.0
2024-12-04 06:00:00+07:00,26.5,26.4,1273.0,0.0
2024-12-04 07:00:00+07:00,26.7,26.6,1455.0,0.0
2024-12-04 08:00:00+07:00,34.2,34.1,1416.0,0.0
2024-12-04 09:00:00+07:00,26.5,26.4,1274.0,0.0
2024-12-04 10:00:00+07:00,22.8,22.6,1102.0,0.0
2024-12-04 11:00:00+07:00,20.1,20.0,890.0,0.0
2024-12-04 12:00:00+07:00,18.5,18.3,648.0,0.0
2024-12-04 13:00:00+07:00,17.5,17.3,479.0,0.0
2024-12-04 14:00:00+07:00,19.4,19.3,321.0,0.0
2024-12-04 15:00:00+07:00,18.4,18.2,237.0,0.0
2024-12-04 16:00:00+07:00,18.8,18.7,513.0,0.0
2024-12-04 17:00:00+07:00,24.7,24.6,1536.0,0.0
2024-12-04 18:00:00+07:00,37.7,37.6,2919.0,0.0
2024-12-04 19:00:00+07:00,41.3,41.2,3796.0,0.0
2024-12-04 20:00:00+07:00,45.3,45.2,3689.0,0.0
2024-12-04 21:00:00+07:00,48.9,48.8,3076.0,0.0
2024-12-04 22:00:00+07:00,51.2,51.1,2518.0,0.0
2024-12-04 23:00:00+07:00,52.7,52.6,2224.0,0.0
2024-12-05 00:00:00+07:00,53.3,53.2,1986.0,0.0
2024-12-05 01:00:00+07:00,51.9,51.8,1745.0,0.0
2024-12-05 02:00:00+07:00,48.1,48.0,1428.0,0.0
2024-12-05 03:00:00+07:00,44.5,44.4,1107.0,0.0
2024-12-05 04:00:00+07:00,41.4,41.3,940.0,0.0
2024-12-05 05:00:00+07:00,38.8,38.8,1076.0,0.0
2024-12-05 06:00:00+07:00,37.6,37.5,1364.0,0.0
2024-12-05 07:00:00+07:00,31.5,31.4,1514.0,0.0
2024-12-05 08:00:00+07:00,31.3,31.3,1367.0,0.0
2024-12-05 09:00:00+07:00,26.4,26.3,1080.0,0.0
2024-12-05 10:00:00+07:00,22.8,22.6,836.0,0.0
2024-12-05 11:00:00+07:00,19.4,19.3,700.0,0.0
2024-12-05 12:00:00+07:00,17.8,17.6,605.0,0.0
2024-12-05 13:00:00+07:00,16.8,16.6,538.0,0.0
2024-12-05 14:00:00+07:00,16.2,16.1,417.0,0.0
2024-12-05 15:00:00+07:00,15.5,15.3,324.0,0.0
2024-12-05 16:00:00+07:00,15.5,15.3,483.0,0.0
2024-12-05 17:00:00+07:00,16.8,16.7,1208.0,0.0
2024-12-05 18:00:00+07:00,24.4,24.3,2186.0,0.0
2024-12-05 19:00:00+07:00,32.5,32.2,2707.0,0.0
2024-12-05 20:00:00+07:00,33.3,33.2,2308.0,0.0
2024-12-05 21:00:00+07:00,38.0,37.8,1453.0,0.0
2024-12-05 22:00:00+07:00,40.0,39.8,820.0,0.0
2024-12-05 23:00:00+07:00,39.1,39.0,723.0,0.0
2024-12-06 00:00:00+07:00,36.8,36.7,850.0,0.0
2024-12-06 01:00:00+07:00,34.6,34.5,938.0,0.0
2024-12-06 02:00:00+07:00,31.8,31.7,869.0,0.0
2024-12-06 03:00:00+07:00,29.7,29.6,762.0,0.0
2024-12-06 04:00:00+07:00,31.4,31.3,714.0,0.0
2024-12-06 05:00:00+07:00,31.2,31.0,799.0,0.0
2024-12-06 06:00:00+07:00,31.4,31.3,944.0,0.0
2024-12-06 07:00:00+07:00,29.4,29.3,1024.0,0.0
2024-12-06 08:00:00+07:00,30.7,30.6,980.0,0.0
2024-12-06 09:00:00+07:00,29.3,29.2,872.0,0.0
2024-12-06 10:00:00+07:00,20.3,20.1,753.0,0.0
2024-12-06 11:00:00+07:00,14.3,14.2,622.0,0.0
2024-12-06 12:00:00+07:00,11.7,11.6,480.0,0.0
2024-12-06 13:00:00+07:00,9.7,9.6,383.0,0.0
2024-12-06 14:00:00+07:00,8.5,8.4,323.0,0.0
2024-12-06 15:00:00+07:00,7.9,7.8,308.0,0.0
2024-12-06 16:00:00+07:00,7.6,7.5,417.0,0.0
2024-12-06 17:00:00+07:00,8.5,8.4,760.0,0.0
2024-12-06 18:00:00+07:00,16.8,16.7,1227.0,0.0
2024-12-06 19:00:00+07:00,25.2,25.0,1573.0,0.0
2024-12-06 20:00:00+07:00,28.1,27.9,1666.0,0.0
2024-12-06 21:00:00+07:00,27.7,27.5,1636.0,0.0
2024-12-06 22:00:00+07:00,26.3,26.1,1632.0,0.0
2024-12-06 23:00:00+07:00,25.7,25.5,1764.0,0.0
2024-12-07 00:00:00+07:00,25.3,25.1,1921.0,0.0
2024-12-07 01:00:00+07:00,24.2,23.9,1916.0,0.0
2024-12-07 02:00:00+07:00,22.6,22.5,1583.0,0.0
2024-12-07 03:00:00+07:00,21.9,21.7,1088.0,0.0
2024-12-07 04:00:00+07:00,21.4,21.2,746.0,0.0
2024-12-07 05:00:00+07:00,21.4,21.2,728.0,0.0
2024-12-07 06:00:00+07:00,22.8,22.5,862.0,0.0
2024-12-07 07:00:00+07:00,33.5,33.2,949.0,0.0
2024-12-07 08:00:00+07:00,35.6,35.4,910.0,0.0
2024-12-07 09:00:00+07:00,25.4,25.2,823.0,0.0
2024-12-07 10:00:00+07:00,18.3,18.2,725.0,0.0
2024-12-07 11:00:00+07:00,16.1,15.9,612.0,0.0
2024-12-07 12:00:00+07:00,15.4,15.3,487.0,0.0
2024-12-07 13:00:00+07:00,15.3,15.1,400.0,0.0
2024-12-07 14:00:00+07:00,14.9,14.7,289.0,0.0
2024-12-07 15:00:00+07:00,14.7,14.5,216.0,0.0
2024-12-07 16:00:00+07:00,14.6,14.4,411.0,0.0
2024-12-07 17:00:00+07:00,17.5,17.3,1160.0,0.0
2024-12-07 18:00:00+07:00,25.4,25.2,2178.0,0.0
2024-12-07 19:00:00+07:00,37.8,37.5,2839.0,0.0
2024-12-07 20:00:00+07:00,42.5,42.1,2815.0,0.0
2024-12-07 21:00:00+07:00,44.6,44.2,2435.0,0.0
2024-12-07 22:00:00+07:00,45.4,45.1,2061.0,0.0
2024-12-07 23:00:00+07:00,46.8,46.4,1820.0,0.0
2024-12-08 00:00:00+07:00,47.3,46.9,1585.0,0.0
2024-12-08 01:00:00+07:00,46.4,46.1,1344.0,0.0
2024-12-08 02:00:00+07:00,44.9,44.6,1041.0,0.0
2024-12-08 03:00:00+07:00,42.8,42.5,731.0,0.0
2024-12-08 04:00:00+07:00,40.6,40.3,563.0,0.0
2024-12-08 05:00:00+07:00,39.2,38.9,668.0,0.0
2024-12-08 06:00:00+07:00,38.6,38.3,914.0,0.0
2024-12-08 07:00:00+07:00,40.4,40.0,1061.0,0.0
2024-12-08 08:00:00+07:00,43.5,43.2,987.0,0.0
2024-12-08 09:00:00+07:00,35.6,35.3,812.0,0.0
2024-12-08 10:00:00+07:00,27.2,26.8,657.0,0.0
2024-12-08 11:00:00+07:00,21.4,20.9,557.0,0.0
2024-12-08 12:00:00+07:00,20.3,19.8,476.0,0.0
2024-12-08 13:00:00+07:00,18.7,18.3,427.0,0.0
2024-12-08 14:00:00+07:00,17.2,16.8,315.0,0.0
2024-12-08 15:00:00+07:00,15.7,15.4,234.0,0.0
2024-12-08 16:00:00+07:00,14.6,14.3,478.0,0.0
2024-12-08 17:00:00+07:00,15.0,14.7,1393.0,0.0
2024-12-08 18:00:00+07:00,22.6,22.4,2633.0,0.0
2024-12-08 19:00:00+07:00,37.8,37.4,3458.0,0.0
2024-12-08 20:00:00+07:00,43.2,42.7,3466.0,0.0
2024-12-08 21:00:00+07:00,44.7,44.2,3059.0,0.0
2024-12-08 22:00:00+07:00,45.8,45.3,2698.0,0.0
2024-12-08 23:00:00+07:00,46.8,46.3,2573.0,0.0
2024-12-09 00:00:00+07:00,46.9,46.4,2494.0,0.0
2024-12-09 01:00:00+07:00,46.3,45.9,2356.0,0.0
2024-12-09 02:00:00+07:00,44.7,44.2,2068.0,0.0
2024-12-09 03:00:00+07:00,42.1,41.8,1721.0,0.0
2024-12-09 04:00:00+07:00,39.8,39.3,1487.0,0.0
2024-12-09 05:00:00+07:00,38.1,37.6,1497.0,0.0
2024-12-09 06:00:00+07:00,37.4,36.9,1621.0,0.0
2024-12-09 07:00:00+07:00,42.1,41.7,1639.0,0.0
2024-12-09 08:00:00+07:00,47.7,47.4,1431.0,0.0
2024-12-09 09:00:00+07:00,34.7,34.2,1118.0,0.0
2024-12-09 10:00:00+07:00,25.7,25.2,845.0,0.0
2024-12-09 11:00:00+07:00,22.7,22.4,657.0,0.0
2024-12-09 12:00:00+07:00,21.0,20.7,510.0,0.0
2024-12-09 13:00:00+07:00,19.9,19.7,415.0,0.0
2024-12-09 14:00:00+07:00,19.4,19.2,305.0,0.0
2024-12-09 15:00:00+07:00,18.9,18.7,249.0,0.0
2024-12-09 16:00:00+07:00,19.2,18.9,461.0,0.0
2024-12-09 17:00:00+07:00,20.8,20.5,1216.0,0.0
2024-12-09 18:00:00+07:00,30.6,30.4,2240.0,0.0
2024-12-09 19:00:00+07:00,40.9,40.7,2929.0,0.0
2024-12-09 20:00:00+07:00,46.0,45.9,2978.0,0.0
2024-12-09 21:00:00+07:00,49.0,48.8,2693.0,0.0
2024-12-09 22:00:00+07:00,50.8,50.5,2382.0,0.0
2024-12-09 23:00:00+07:00,52.0,51.8,2134.0,0.0
2024-12-10 00:00:00+07:00,52.0,51.9,1861.0,0.0
2024-12-10 01:00:00+07:00,51.1,50.9,1611.0,0.0
2024-12-10 02:00:00+07:00,49.1,49.0,1372.0,0.0
2024-12-10 03:00:00+07:00,46.8,46.6,1157.0,0.0
2024-12-10 04:00:00+07:00,44.0,43.9,1053.0,0.0
2024-12-10 05:00:00+07:00,42.1,42.0,1164.0,0.0
2024-12-10 06:00:00+07:00,41.2,41.0,1387.0,0.0
2024-12-10 07:00:00+07:00,33.8,33.8,1494.0,0.0
2024-12-10 08:00:00+07:00,34.5,34.3,1362.0,0.0
2024-12-10 09:00:00+07:00,33.6,33.5,1115.0,0.0
2024-12-10 10:00:00+07:00,27.9,27.8,899.0,0.0
2024-12-10 11:00:00+07:00,17.1,17.0,762.0,0.0
2024-12-10 12:00:00+07:00,14.0,14.0,656.0,0.0
2024-12-10 13:00:00+07:00,12.6,12.5,587.0,0.0
2024-12-10 14:00:00+07:00,12.0,12.0,466.0,0.0
2024-12-10 15:00:00+07:00,11.7,11.6,381.0,0.0
2024-12-10 16:00:00+07:00,11.8,11.7,610.0,0.0
2024-12-10 17:00:00+07:00,13.0,12.8,1488.0,0.0
2024-12-10 18:00:00+07:00,22.4,22.3,2680.0,0.0
2024-12-10 19:00:00+07:00,34.1,34.0,3450.0,0.0
2024-12-10 20:00:00+07:00,40.2,40.0,3433.0,0.0
2024-12-10 21:00:00+07:00,44.4,44.2,2995.0,0.0
2024-12-10 22:00:00+07:00,46.4,46.2,2501.0,0.0
2024-12-10 23:00:00+07:00,45.4,45.3,2018.0,0.0
2024-12-11 00:00:00+07:00,42.0,41.9,1479.0,0.0
2024-12-11 01:00:00+07:00,38.6,38.5,1048.0,0.0
2024-12-11 02:00:00+07:00,35.6,35.5,775.0,0.0
2024-12-11 03:00:00+07:00,32.7,32.7,610.0,0.0
2024-12-11 04:00:00+07:00,30.2,30.0,571.0,0.0
2024-12-11 05:00:00+07:00,27.9,27.8,741.0,0.0
2024-12-11 06:00:00+07:00,26.6,26.5,1036.0,0.0
2024-12-11 07:00:00+07:00,24.2,24.2,1223.0,0.0
2024-12-11 08:00:00+07:00,28.8,28.8,1192.0,0.0
2024-12-11 09:00:00+07:00,24.4,24.4,1053.0,0.0
2024-12-11 10:00:00+07:00,20.8,20.7,898.0,0.0
2024-12-11 11:00:00+07:00,16.7,16.5,733.0,0.0
2024-12-11 12:00:00+07:00,15.4,15.3,551.0,0.0
2024-12-11 13:00:00+07:00,15.3,15.1,428.0,0.0
2024-12-11 14:00:00+07:00,14.8,14.7,296.0,0.0
2024-12-11 15:00:00+07:00,14.6,14.4,222.0,0.0
2024-12-11 16:00:00+07:00,14.8,14.7,484.0,0.0
2024-12-11 17:00:00+07:00,20.7,20.5,1440.0,0.0
2024-12-11 18:00:00+07:00,32.2,32.1,2732.0,0.0
2024-12-11 19:00:00+07:00,38.1,38.0,3559.0,0.0
2024-12-11 20:00:00+07:00,44.0,43.8,3505.0,0.0
2024-12-11 21:00:00+07:00,47.8,47.7,2986.0,0.0
2024-12-11 22:00:00+07:00,48.7,48.4,2452.0,0.0
2024-12-11 23:00:00+07:00,46.2,46.1,2026.0,0.0
2024-12-12 00:00:00+07:00,40.6,40.5,1585.0,0.0
2024-12-12 01:00:00+07:00,34.6,34.5,1213.0,0.0
2024-12-12 02:00:00+07:00,30.3,30.2,914.0,0.0
2024-12-12 03:00:00+07:00,27.5,27.3,683.0,0.0
2024-12-12 04:00:00+07:00,25.8,25.7,594.0,0.0
2024-12-12 05:00:00+07:00,24.7,24.6,756.0,0.0
2024-12-12 06:00:00+07:00,24.3,24.2,1060.0,0.0
2024-12-12 07:00:00+07:00,26.6,26.4,1244.0,0.0
2024-12-12 08:00:00+07:00,33.1,32.9,1183.0,0.0
2024-12-12 09:00:00+07:00,27.1,27.0,1003.0,0.0
2024-12-12 10:00:00+07:00,22.1,21.9,825.0,0.0
2024-12-12 11:00:00+07:00,18.7,18.4,672.0,0.0
2024-12-12 12:00:00+07:00,16.4,16.1,520.0,0.0
2024-12-12 13:00:00+07:00,15.4,15.1,419.0,0.0
2024-12-12 14:00:00+07:00,15.1,14.8,297.0,0.0
2024-12-12 15:00:00+07:00,14.9,14.6,226.0,0.0
2024-12-12 16:00:00+07:00,14.7,14.5,474.0,0.0
2024-12-12 17:00:00+07:00,18.3,18.1,1399.0,0.0
2024-12-12 18:00:00+07:00,29.7,29.5,2642.0,0.0
2024-12-12 19:00:00+07:00,37.0,36.9,3393.0,0.0
2024-12-12 20:00:00+07:00,40.5,40.3,3195.0,0.0
2024-12-12 21:00:00+07:00,40.0,39.9,2505.0,0.0
2024-12-12 22:00:00+07:00,38.8,38.6,1888.0,0.0
2024-12-12 23:00:00+07:00,37.8,37.7,1543.0,0.0
2024-12-13 00:00:00+07:00,35.9,35.7,1270.0,0.0
2024-12-13 01:00:00+07:00,32.5,32.4,1032.0,0.0
2024-12-13 02:00:00+07:00,29.2,29.1,784.0,0.0
2024-12-13 03:00:00+07:00,26.0,25.8,569.0,0.0
2024-12-13 04:00:00+07:00,23.2,23.1,484.0,0.0
2024-12-13 05:00:00+07:00,21.3,21.1,637.0,0.0
2024-12-13 06:00:00+07:00,20.4,20.3,919.0,0.0
2024-12-13 07:00:00+07:00,11.3,11.2,1096.0,0.0
2024-12-13 08:00:00+07:00,14.4,14.4,1054.0,0.0
2024-12-13 09:00:00+07:00,14.7,14.6,906.0,0.0
2024-12-13 10:00:00+07:00,10.2,10.2,758.0,0.0
2024-12-13 11:00:00+07:00,8.3,8.2,631.0,0.0
2024-12-13 12:00:00+07:00,8.0,8.0,505.0,0.0
2024-12-13 13:00:00+07:00,7.8,7.7,422.0,0.0
2024-12-13 14:00:00+07:00,7.9,7.9,320.0,0.0
2024-12-13 15:00:00+07:00,9.1,9.1,260.0,0.0
2024-12-13 16:00:00+07:00,8.9,8.8,477.0,0.0
2024-12-13 17:00:00+07:00,11.5,11.4,1284.0,0.0
2024-12-13 18:00:00+07:00,21.4,21.3,2366.0,0.0
2024-12-13 19:00:00+07:00,34.3,34.2,3012.0,0.0
2024-12-13 20:00:00+07:00,40.9,40.9,2786.0,0.0
2024-12-13 21:00:00+07:00,45.3,45.3,2123.0,0.0
2024-12-13 22:00:00+07:00,46.6,46.4,1619.0,0.0
2024-12-13 23:00:00+07:00,46.6,46.6,1539.0,0.0
2024-12-14 00:00:00+07:00,44.7,44.7,1617.0,0.0
2024-12-14 01:00:00+07:00,41.4,41.3,1653.0,0.0
2024-12-14 02:00:00+07:00,38.4,38.3,1561.0,0.0
2024-12-14 03:00:00+07:00,36.1,36.1,1426.0,0.0
2024-12-14 04:00:00+07:00,35.0,35.0,1306.0,0.0
2024-12-14 05:00:00+07:00,34.3,34.2,1231.0,0.0
2024-12-14 06:00:00+07:00,34.8,34.8,1170.0,0.0
2024-12-14 07:00:00+07:00,29.2,29.1,1086.0,0.0
2024-12-14 08:00:00+07:00,32.1,32.0,949.0,0.0
2024-12-14 09:00:00+07:00,22.2,22.1,790.0,0.0
2024-12-14 10:00:00+07:00,19.7,19.7,663.0,0.0
2024-12-14 11:00:00+07:00,17.5,17.5,581.0,0.0
2024-12-14 12:00:00+07:00,16.6,16.6,532.0,0.0
2024-12-14 13:00:00+07:00,17.6,17.6,535.0,0.0
2024-12-14 14:00:00+07:00,17.8,17.7,521.0,0.0
2024-12-14 15:00:00+07:00,19.5,19.4,559.0,0.0
2024-12-14 16:00:00+07:00,17.1,17.1,872.0,0.0
2024-12-14 17:00:00+07:00,16.8,16.8,1803.0,0.0
2024-12-14 18:00:00+07:00,20.3,20.3,3009.0,0.0
2024-12-14 19:00:00+07:00,31.5,31.5,3680.0,0.0
2024-12-14 20:00:00+07:00,36.1,36.1,3324.0,0.0
2024-12-14 21:00:00+07:00,35.4,35.3,2433.0,0.0
2024-12-14 22:00:00+07:00,31.0,31.0,1670.0,0.0
2024-12-14 23:00:00+07:00,27.2,27.2,1282.0,0.0
2024-12-15 00:00:00+07:00,26.1,26.1,1023.0,0.0
2024-12-15 01:00:00+07:00,17.3,17.3,817.0,0.0
2024-12-15 02:00:00+07:00,11.7,11.7,625.0,0.0
2024-12-15 03:00:00+07:00,10.6,10.6,486.0,0.0
2024-12-15 04:00:00+07:00,9.5,9.5,446.0,0.0
2024-12-15 05:00:00+07:00,8.8,8.8,582.0,0.0
2024-12-15 06:00:00+07:00,8.9,8.9,816.0,0.0
2024-12-15 07:00:00+07:00,16.5,16.5,960.0,0.0
2024-12-15 08:00:00+07:00,14.7,14.7,916.0,0.0
2024-12-15 09:00:00+07:00,11.3,11.3,782.0,0.0
2024-12-15 10:00:00+07:00,10.5,10.4,668.0,0.0
2024-12-15 11:00:00+07:00,11.1,11.1,611.0,0.0
2024-12-15 12:00:00+07:00,11.8,11.7,574.0,0.0
2024-12-15 13:00:00+07:00,12.1,12.0,550.0,0.0
2024-12-15 14:00:00+07:00,12.9,12.9,457.0,0.0
2024-12-15 15:00:00+07:00,14.4,14.3,378.0,0.0
2024-12-15 16:00:00+07:00,16.2,16.1,548.0,0.0
2024-12-15 17:00:00+07:00,16.8,16.8,1277.0,0.0
2024-12-15 18:00:00+07:00,19.7,19.7,2257.0,0.0
2024-12-15 19:00:00+07:00,25.1,25.0,2798.0,0.0
2024-12-15 20:00:00+07:00,23.7,23.7,2488.0,0.0
2024-12-15 21:00:00+07:00,21.9,21.9,1740.0,0.0
2024-12-15 22:00:00+07:00,19.9,19.9,1107.0,0.0
2024-12-15 23:00:00+07:00,19.3,19.3,791.0,0.0
2024-12-16 00:00:00+07:00,19.0,19.0,590.0,0.0
2024-12-16 01:00:00+07:00,18.2,18.2,456.0,0.0
2024-12-16 02:00:00+07:00,17.2,17.2,383.0,0.0
2024-12-16 03:00:00+07:00,16.4,16.4,377.0,0.0
2024-12-16 04:00:00+07:00,15.7,15.7,411.0,0.0
2024-12-16 05:00:00+07:00,15.2,15.1,506.0,0.0
2024-12-16 06:00:00+07:00,15.4,15.4,642.0,0.0
2024-12-16 07:00:00+07:00,16.2,16.2,723.0,0.0
2024-12-16 08:00:00+07:00,16.8,16.8,696.0,0.0
2024-12-16 09:00:00+07:00,17.8,17.8,615.0,0.0
2024-12-16 10:00:00+07:00,17.9,17.9,552.0,0.0
2024-12-16 11:00:00+07:00,16.6,16.6,538.0,0.0
2024-12-16 12:00:00+07:00,15.9,15.8,542.0,0.0
2024-12-16 13:00:00+07:00,16.1,16.0,547.0,0.0
2024-12-16 14:00:00+07:00,16.1,16.0,445.0,0.0
2024-12-16 15:00:00+07:00,15.6,15.5,344.0,0.0
2024-12-16 16:00:00+07:00,14.8,14.8,553.0,0.0
2024-12-16 17:00:00+07:00,15.5,15.5,1459.0,0.0
2024-12-16 18:00:00+07:00,22.2,22.2,2674.0,0.0
2024-12-16 19:00:00+07:00,25.1,25.1,3347.0,0.0
2024-12-16 20:00:00+07:00,27.1,27.0,2945.0,0.0
2024-12-16 21:00:00+07:00,31.5,31.5,2000.0,0.0
2024-12-16 22:00:00+07:00,32.7,32.7,1254.0,0.0
2024-12-16 23:00:00+07:00,35.4,35.4,1024.0,0.0
2024-12-17 00:00:00+07:00,36.3,36.3,993.0,0.0
2024-12-17 01:00:00+07:00,35.0,34.9,948.0,0.0
2024-12-17 02:00:00+07:00,32.8,32.7,776.0,0.0
2024-12-17 03:00:00+07:00,30.0,29.9,590.0,0.0
2024-12-17 04:00:00+07:00,27.1,27.1,522.0,0.0
2024-12-17 05:00:00+07:00,25.4,25.3,701.0,0.0
2024-12-17 06:00:00+07:00,24.7,24.7,998.0,0.0
2024-12-17 07:00:00+07:00,27.2,27.2,1158.0,0.0
2024-12-17 08:00:00+07:00,30.2,30.2,1033.0,0.0
2024-12-17 09:00:00+07:00,25.4,25.4,772.0,0.0
2024-12-17 10:00:00+07:00,17.5,17.5,566.0,0.0
2024-12-17 11:00:00+07:00,15.0,15.0,487.0,0.0
2024-12-17 12:00:00+07:00,13.2,13.2,464.0,0.0
2024-12-17 13:00:00+07:00,12.1,12.1,472.0,0.0
2024-12-17 14:00:00+07:00,11.5,11.5,472.0,0.0
2024-12-17 15:00:00+07:00,11.9,11.9,505.0,0.0
2024-12-17 16:00:00+07:00,12.6,12.5,663.0,0.0
2024-12-17 17:00:00+07:00,14.7,14.7,1081.0,0.0
2024-12-17 18:00:00+07:00,22.8,22.7,1625.0,0.0
2024-12-17 19:00:00+07:00,28.3,28.3,1991.0,0.0
2024-12-17 20:00:00+07:00,33.2,33.1,2010.0,0.0
2024-12-17 21:00:00+07:00,36.7,36.7,1850.0,0.0
2024-12-17 22:00:00+07:00,38.9,38.9,1717.0,0.0
2024-12-17 23:00:00+07:00,39.7,39.7,1723.0,0.0
2024-12-18 00:00:00+07:00,38.8,38.6,1755.0,0.0
2024-12-18 01:00:00+07:00,36.0,36.0,1680.0,0.0
2024-12-18 02:00:00+07:00,32.9,32.9,1362.0,0.0
2024-12-18 03:00:00+07:00,30.5,30.5,937.0,0.0
2024-12-18 04:00:00+07:00,28.3,28.3,677.0,0.0
2024-12-18 05:00:00+07:00,26.4,26.3,763.0,0.0
2024-12-18 06:00:00+07:00,25.6,25.6,1015.0,0.0
2024-12-18 07:00:00+07:00,28.4,28.4,1167.0,0.0
2024-12-18 08:00:00+07:00,35.6,35.6,1092.0,0.0
2024-12-18 09:00:00+07:00,27.1,27.1,917.0,0.0
2024-12-18 10:00:00+07:00,17.5,17.5,757.0,0.0
2024-12-18 11:00:00+07:00,14.4,14.4,643.0,0.0
2024-12-18 12:00:00+07:00,13.4,13.4,544.0,0.0
2024-12-18 13:00:00+07:00,12.4,12.4,480.0,0.0
2024-12-18 14:00:00+07:00,11.8,11.8,375.0,0.0
2024-12-18 15:00:00+07:00,11.8,11.8,305.0,0.0
2024-12-18 16:00:00+07:00,11.9,11.9,516.0,0.0
2024-12-18 17:00:00+07:00,14.2,14.2,1309.0,0.0
2024-12-18 18:00:00+07:00,22.1,22.1,2383.0,0.0
2024-12-18 19:00:00+07:00,28.9,28.9,3082.0,0.0
2024-12-18 20:00:00+07:00,34.3,34.3,3044.0,0.0
2024-12-18 21:00:00+07:00,36.1,36.1,2630.0,0.0
2024-12-18 22:00:00+07:00,37.3,37.3,2271.0,0.0
2024-12-18 23:00:00+07:00,37.7,37.7,2138.0,0.0
2024-12-19 00:00:00+07:00,37.5,37.5,2060.0,0.0
2024-12-19 01:00:00+07:00,36.2,36.2,1952.0,0.0
2024-12-19 02:00:00+07:00,34.3,34.3,1755.0,0.0
2024-12-19 03:00:00+07:00,32.8,32.8,1528.0,0.0
2024-12-19 04:00:00+07:00,32.1,32.1,1360.0,0.0
2024-12-19 05:00:00+07:00,32.0,32.0,1316.0,0.0
2024-12-19 06:00:00+07:00,32.8,32.8,1332.0,0.0
2024-12-19 07:00:00+07:00,41.4,41.4,1301.0,0.0
2024-12-19 08:00:00+07:00,52.9,52.9,1166.0,0.0
2024-12-19 09:00:00+07:00,37.7,37.6,984.0,0.0
2024-12-19 10:00:00+07:00,21.1,21.1,821.0,0.0
2024-12-19 11:00:00+07:00,18.1,18.0,693.0,0.0
2024-12-19 12:00:00+07:00,17.5,17.5,585.0,0.0
2024-12-19 13:00:00+07:00,17.4,17.3,512.0,0.0
2024-12-19 14:00:00+07:00,17.5,17.5,404.0,0.0
2024-12-19 15:00:00+07:00,18.6,18.6,332.0,0.0
2024-12-19 16:00:00+07:00,20.5,20.5,527.0,0.0
2024-12-19 17:00:00+07:00,22.7,22.6,1265.0,0.0
2024-12-19 18:00:00+07:00,30.5,30.5,2269.0,0.0
2024-12-19 19:00:00+07:00,33.9,33.8,2948.0,0.0
2024-12-19 20:00:00+07:00,38.2,38.2,2994.0,0.0
2024-12-19 21:00:00+07:00,40.5,40.5,2714.0,0.0
2024-12-19 22:00:00+07:00,43.1,43.1,2433.0,0.0
2024-12-19 23:00:00+07:00,44.9,44.8,2261.0,0.0
2024-12-20 00:00:00+07:00,45.8,45.6,2089.0,0.0
2024-12-20 01:00:00+07:00,45.5,45.5,1910.0,0.0
2024-12-20 02:00:00+07:00,44.6,44.5,1702.0,0.0
2024-12-20 03:00:00+07:00,42.8,42.7,1488.0,0.0
2024-12-20 04:00:00+07:00,41.1,41.1,1334.0,0.0
2024-12-20 05:00:00+07:00,39.8,39.8,1292.0,0.0
2024-12-20 06:00:00+07:00,39.8,39.8,1310.0,0.0
2024-12-20 07:00:00+07:00,42.5,42.4,1295.0,0.0
2024-12-20 08:00:00+07:00,51.3,51.3,1213.0,0.0
2024-12-20 09:00:00+07:00,38.8,38.8,1098.0,0.0
2024-12-20 10:00:00+07:00,26.0,25.9,962.0,0.0
2024-12-20 11:00:00+07:00,23.3,23.2,781.0,0.0
2024-12-20 12:00:00+07:00,22.7,22.6,578.0,0.0
2024-12-20 13:00:00+07:00,23.0,22.9,438.0,0.0
2024-12-20 14:00:00+07:00,22.8,22.8,345.0,0.0
2024-12-20 15:00:00+07:00,22.5,22.5,313.0,0.0
2024-12-20 16:00:00+07:00,22.1,22.1,473.0,0.0
2024-12-20 17:00:00+07:00,23.4,23.3,1009.0,0.0
2024-12-20 18:00:00+07:00,30.3,30.3,1736.0,0.0
2024-12-20 19:00:00+07:00,32.6,32.6,2229.0,0.0
2024-12-20 20:00:00+07:00,37.1,37.1,2248.0,0.0
2024-12-20 21:00:00+07:00,40.2,40.2,2034.0,0.0
2024-12-20 22:00:00+07:00,42.8,42.8,1881.0,0.0
2024-12-20 23:00:00+07:00,44.4,44.2,1945.0,0.0
2024-12-21 00:00:00+07:00,44.1,44.1,2070.0,0.0
2024-12-21 01:00:00+07:00,43.0,42.8,2084.0,0.0
2024-12-21 02:00:00+07:00,41.7,41.6,1871.0,0.0
2024-12-21 03:00:00+07:00,40.6,40.6,1546.0,0.0
2024-12-21 04:00:00+07:00,39.9,39.8,1283.0,0.0
2024-12-21 05:00:00+07:00,38.9,38.8,1157.0,0.0
2024-12-21 06:00:00+07:00,38.2,38.1,1094.0,0.0
2024-12-21 07:00:00+07:00,39.6,39.6,1043.0,0.0
2024-12-21 08:00:00+07:00,47.5,47.4,1005.0,0.0
2024-12-21 09:00:00+07:00,34.1,34.1,981.0,0.0
2024-12-21 10:00:00+07:00,24.7,24.6,916.0,0.0
2024-12-21 11:00:00+07:00,20.5,20.4,760.0,0.0
2024-12-21 12:00:00+07:00,19.2,19.1,565.0,0.0
2024-12-21 13:00:00+07:00,18.6,18.5,433.0,0.0
2024-12-21 14:00:00+07:00,18.5,18.4,311.0,0.0
2024-12-21 15:00:00+07:00,19.1,19.0,252.0,0.0
2024-12-21 16:00:00+07:00,19.8,19.7,514.0,0.0
2024-12-21 17:00:00+07:00,22.4,22.3,1431.0,0.0
2024-12-21 18:00:00+07:00,30.5,30.5,2669.0,0.0
2024-12-21 19:00:00+07:00,37.7,37.7,3485.0,0.0
2024-12-21 20:00:00+07:00,41.6,41.4,3478.0,0.0
2024-12-21 21:00:00+07:00,43.5,43.4,3049.0,0.0
2024-12-21 22:00:00+07:00,44.7,44.6,2658.0,0.0
2024-12-21 23:00:00+07:00,45.9,45.8,2502.0,0.0
2024-12-22 00:00:00+07:00,45.9,45.8,2384.0,0.0
2024-12-22 01:00:00+07:00,44.7,44.6,2168.0,0.0
2024-12-22 02:00:00+07:00,43.9,43.8,1705.0,0.0
2024-12-22 03:00:00+07:00,42.7,42.6,1144.0,0.0
2024-12-22 04:00:00+07:00,41.4,41.3,800.0,0.0
2024-12-22 05:00:00+07:00,40.5,40.4,898.0,0.0
2024-12-22 06:00:00+07:00,40.9,40.7,1213.0,0.0
2024-12-22 07:00:00+07:00,44.8,44.7,1386.0,0.0
2024-12-22 08:00:00+07:00,53.1,53.1,1237.0,0.0
2024-12-22 09:00:00+07:00,41.0,40.9,947.0,0.0
2024-12-22 10:00:00+07:00,27.4,27.2,700.0,0.0
2024-12-22 11:00:00+07:00,23.3,23.2,556.0,0.0
2024-12-22 12:00:00+07:00,21.9,21.8,456.0,0.0
2024-12-22 13:00:00+07:00,22.6,22.4,404.0,0.0
2024-12-22 14:00:00+07:00,23.6,23.5,324.0,0.0
2024-12-22 15:00:00+07:00,25.6,25.4,291.0,0.0
2024-12-22 16:00:00+07:00,26.7,26.5,539.0,0.0
2024-12-22 17:00:00+07:00,28.9,28.7,1324.0,0.0
2024-12-22 18:00:00+07:00,34.8,34.7,2389.0,0.0
2024-12-22 19:00:00+07:00,45.9,45.6,3195.0,0.0
2024-12-22 20:00:00+07:00,51.2,51.0,3513.0,0.0
2024-12-22 21:00:00+07:00,53.6,53.3,3572.0,0.0
2024-12-22 22:00:00+07:00,54.7,54.5,3517.0,0.0
2024-12-22 23:00:00+07:00,56.1,55.9,3397.0,0.0
2024-12-23 00:00:00+07:00,56.6,56.5,3163.0,0.0
2024-12-23 01:00:00+07:00,56.1,55.9,2815.0,0.0
2024-12-23 02:00:00+07:00,54.6,54.4,2250.0,0.0
2024-12-23 03:00:00+07:00,52.2,51.9,1572.0,0.0
2024-12-23 04:00:00+07:00,49.1,48.9,1089.0,0.0
2024-12-23 05:00:00+07:00,46.8,46.6,977.0,0.0
2024-12-23 06:00:00+07:00,45.6,45.5,1061.0,0.0
2024-12-23 07:00:00+07:00,41.9,41.8,1128.0,0.0
2024-12-23 08:00:00+07:00,50.6,50.5,1105.0,0.0
2024-12-23 09:00:00+07:00,41.8,41.7,1064.0,0.0
2024-12-23 10:00:00+07:00,31.7,31.5,1007.0,0.0
2024-12-23 11:00:00+07:00,28.2,28.0,921.0,0.0
2024-12-23 12:00:00+07:00,27.7,27.6,819.0,0.0
2024-12-23 13:00:00+07:00,25.4,25.2,739.0,0.0
2024-12-23 14:00:00+07:00,22.9,22.8,618.0,0.0
2024-12-23 15:00:00+07:00,21.3,21.1,518.0,0.0
2024-12-23 16:00:00+07:00,20.3,20.2,672.0,0.0
2024-12-23 17:00:00+07:00,22.1,21.9,1344.0,0.0
2024-12-23 18:00:00+07:00,32.5,32.4,2269.0,0.0
2024-12-23 19:00:00+07:00,46.6,46.3,2880.0,0.0
2024-12-23 20:00:00+07:00,53.3,53.1,2893.0,0.0
2024-12-23 21:00:00+07:00,58.3,58.1,2592.0,0.0
2024-12-23 22:00:00+07:00,58.1,57.7,2266.0,0.0
2024-12-23 23:00:00+07:00,56.2,56.0,1993.0,0.0
2024-12-24 00:00:00+07:00,53.8,53.6,1695.0,0.0
2024-12-24 01:00:00+07:00,50.3,49.9,1428.0,0.0
2024-12-24 02:00:00+07:00,46.2,45.9,1191.0,0.0
2024-12-24 03:00:00+07:00,42.7,42.4,984.0,0.0
2024-12-24 04:00:00+07:00,39.9,39.6,867.0,0.0
2024-12-24 05:00:00+07:00,37.7,37.5,903.0,0.0
2024-12-24 06:00:00+07:00,36.4,36.2,1028.0,0.0
2024-12-24 07:00:00+07:00,38.8,38.4,1110.0,0.0
2024-12-24 08:00:00+07:00,44.7,44.5,1104.0,0.0
2024-12-24 09:00:00+07:00,39.9,39.7,1056.0,0.0
2024-12-24 10:00:00+07:00,34.6,34.2,967.0,0.0
2024-12-24 11:00:00+07:00,28.3,28.0,800.0,0.0
2024-12-24 12:00:00+07:00,24.3,24.0,593.0,0.0
2024-12-24 13:00:00+07:00,23.6,23.4,459.0,0.0
2024-12-24 14:00:00+07:00,23.1,22.7,368.0,0.0
2024-12-24 15:00:00+07:00,22.5,22.1,349.0,1.0
2024-12-24 16:00:00+07:00,22.4,22.0,607.0,1.0
2024-12-24 17:00:00+07:00,23.5,23.1,1427.0,1.0
2024-12-24 18:00:00+07:00,36.0,35.5,2523.0,1.0
2024-12-24 19:00:00+07:00,42.4,42.1,3239.0,0.0
2024-12-24 20:00:00+07:00,51.3,51.1,3239.0,0.0
2024-12-24 21:00:00+07:00,54.1,53.9,2858.0,1.0
2024-12-24 22:00:00+07:00,52.9,52.6,2455.0,1.0
2024-12-24 23:00:00+07:00,49.8,49.5,2130.0,1.0
2024-12-25 00:00:00+07:00,45.8,45.4,1781.0,1.0
2024-12-25 01:00:00+07:00,41.4,41.1,1460.0,1.0
2024-12-25 02:00:00+07:00,37.6,37.3,1146.0,1.0
2024-12-25 03:00:00+07:00,33.9,33.5,860.0,1.0
2024-12-25 04:00:00+07:00,30.9,30.5,720.0,1.0
2024-12-25 05:00:00+07:00,28.5,28.1,844.0,1.0
2024-12-25 06:00:00+07:00,27.0,26.7,1114.0,1.0
2024-12-25 07:00:00+07:00,24.4,24.2,1286.0,1.0
2024-12-25 08:00:00+07:00,32.5,32.2,1253.0,1.0
2024-12-25 09:00:00+07:00,29.1,28.8,1122.0,1.0
2024-12-25 10:00:00+07:00,21.2,20.9,974.0,1.0
2024-12-25 11:00:00+07:00,16.8,16.4,806.0,1.0
2024-12-25 12:00:00+07:00,14.7,14.3,621.0,1.0
2024-12-25 13:00:00+07:00,14.5,14.2,501.0,1.0
2024-12-25 14:00:00+07:00,14.7,14.4,368.0,1.0
2024-12-25 15:00:00+07:00,15.1,14.8,300.0,1.0
2024-12-25 16:00:00+07:00,15.5,15.1,616.0,1.0
2024-12-25 17:00:00+07:00,16.9,16.6,1746.0,1.0
2024-12-25 18:00:00+07:00,29.7,29.5,3259.0,1.0
2024-12-25 19:00:00+07:00,37.3,36.9,4185.0,1.0
2024-12-25 20:00:00+07:00,43.3,42.8,3979.0,1.0
2024-12-25 21:00:00+07:00,43.4,43.0,3185.0,1.0
2024-12-25 22:00:00+07:00,42.3,41.8,2464.0,1.0
2024-12-25 23:00:00+07:00,41.2,40.7,2044.0,1.0
2024-12-26 00:00:00+07:00,39.9,39.5,1697.0,1.0
2024-12-26 01:00:00+07:00,37.6,37.1,1394.0,1.0
2024-12-26 02:00:00+07:00,34.5,34.0,1099.0,1.0
2024-12-26 03:00:00+07:00,31.4,30.9,847.0,1.0
2024-12-26 04:00:00+07:00,28.9,28.4,722.0,1.0
2024-12-26 05:00:00+07:00,27.1,26.5,815.0,1.0
2024-12-26 06:00:00+07:00,26.0,25.5,1034.0,1.0
2024-12-26 07:00:00+07:00,27.0,26.5,1184.0,1.0
2024-12-26 08:00:00+07:00,34.7,34.3,1188.0,1.0
2024-12-26 09:00:00+07:00,32.8,32.4,1123.0,1.0
2024-12-26 10:00:00+07:00,25.7,25.0,1023.0,1.0
2024-12-26 11:00:00+07:00,21.7,20.8,872.0,1.0
2024-12-26 12:00:00+07:00,19.3,18.5,688.0,2.0
2024-12-26 13:00:00+07:00,18.3,17.5,553.0,2.0
2024-12-26 14:00:00+07:00,17.6,16.8,400.0,2.0
2024-12-26 15:00:00+07:00,17.5,16.7,296.0,2.0
2024-12-26 16:00:00+07:00,17.4,16.6,536.0,2.0
2024-12-26 17:00:00+07:00,21.1,20.4,1482.0,2.0
2024-12-26 18:00:00+07:00,34.6,33.9,2771.0,1.0
2024-12-26 19:00:00+07:00,38.9,38.4,3604.0,1.0
2024-12-26 20:00:00+07:00,47.0,46.6,3569.0,1.0
2024-12-26 21:00:00+07:00,49.2,48.8,3080.0,1.0
2024-12-26 22:00:00+07:00,49.7,49.1,2574.0,1.0
2024-12-26 23:00:00+07:00,48.2,47.6,2178.0,1.0
2024-12-27 00:00:00+07:00,44.7,44.2,1767.0,1.0
2024-12-27 01:00:00+07:00,39.9,39.3,1403.0,1.0
2024-12-27 02:00:00+07:00,34.7,34.1,1071.0,1.0
2024-12-27 03:00:00+07:00,30.0,29.5,787.0,1.0
2024-12-27 04:00:00+07:00,26.0,25.5,656.0,1.0
2024-12-27 05:00:00+07:00,22.8,22.3,792.0,1.0
2024-12-27 06:00:00+07:00,20.6,20.1,1082.0,1.0
2024-12-27 07:00:00+07:00,19.5,19.2,1289.0,1.0
2024-12-27 08:00:00+07:00,25.6,25.3,1320.0,1.0
2024-12-27 09:00:00+07:00,23.6,23.3,1269.0,0.0
2024-12-27 10:00:00+07:00,17.8,17.5,1183.0,0.0
2024-12-27 11:00:00+07:00,13.4,13.2,1054.0,0.0
2024-12-27 12:00:00+07:00,11.1,10.9,890.0,0.0
2024-12-27 13:00:00+07:00,10.2,10.1,768.0,0.0
2024-12-27 14:00:00+07:00,9.9,9.8,618.0,0.0
2024-12-27 15:00:00+07:00,9.6,9.5,510.0,0.0
2024-12-27 16:00:00+07:00,9.4,9.3,731.0,0.0
2024-12-27 17:00:00+07:00,11.8,11.7,1632.0,0.0
2024-12-27 18:00:00+07:00,24.7,24.7,2862.0,0.0
2024-12-27 19:00:00+07:00,31.8,31.8,3657.0,0.0
2024-12-27 20:00:00+07:00,38.0,38.0,3643.0,0.0
2024-12-27 21:00:00+07:00,38.0,37.8,3193.0,0.0
2024-12-27 22:00:00+07:00,35.4,35.4,2670.0,0.0
2024-12-27 23:00:00+07:00,32.0,32.0,2128.0,0.0
2024-12-28 00:00:00+07:00,28.2,28.1,1511.0,0.0
2024-12-28 01:00:00+07:00,24.2,24.1,1014.0,0.0
2024-12-28 02:00:00+07:00,20.1,20.1,705.0,0.0
2024-12-28 03:00:00+07:00,16.9,16.9,515.0,0.0
2024-12-28 04:00:00+07:00,14.4,14.4,429.0,0.0
2024-12-28 05:00:00+07:00,12.7,12.6,486.0,0.0
2024-12-28 06:00:00+07:00,11.8,11.8,648.0,0.0
2024-12-28 07:00:00+07:00,14.7,14.6,786.0,0.0
2024-12-28 08:00:00+07:00,17.1,17.1,876.0,0.0
2024-12-28 09:00:00+07:00,18.6,18.5,942.0,0.0
2024-12-28 10:00:00+07:00,15.4,15.3,933.0,0.0
2024-12-28 11:00:00+07:00,10.5,10.5,785.0,0.0
2024-12-28 12:00:00+07:00,8.8,8.8,561.0,0.0
2024-12-28 13:00:00+07:00,8.4,8.4,402.0,0.0
2024-12-28 14:00:00+07:00,8.1,8.1,262.0,0.0
2024-12-28 15:00:00+07:00,7.8,7.8,186.0,0.0
2024-12-28 16:00:00+07:00,7.8,7.8,452.0,0.0
2024-12-28 17:00:00+07:00,8.9,8.9,1431.0,0.0
2024-12-28 18:00:00+07:00,18.2,18.1,2752.0,0.0
2024-12-28 19:00:00+07:00,32.4,32.4,3579.0,0.0
2024-12-28 20:00:00+07:00,38.3,38.3,3475.0,0.0
2024-12-28 21:00:00+07:00,37.8,37.7,2878.0,0.0
2024-12-28 22:00:00+07:00,34.2,34.1,2266.0,0.0
2024-12-28 23:00:00+07:00,30.7,30.7,1755.0,0.0
2024-12-29 00:00:00+07:00,27.6,27.6,1229.0,0.0
2024-12-29 01:00:00+07:00,24.5,24.4,820.0,0.0
2024-12-29 02:00:00+07:00,22.1,22.1,580.0,0.0
2024-12-29 03:00:00+07:00,20.4,20.3,458.0,0.0
2024-12-29 04:00:00+07:00,19.1,19.1,429.0,0.0
2024-12-29 05:00:00+07:00,18.6,18.5,541.0,0.0
2024-12-29 06:00:00+07:00,19.0,18.9,747.0,0.0
2024-12-29 07:00:00+07:00,19.3,19.3,884.0,0.0
2024-12-29 08:00:00+07:00,26.7,26.7,878.0,0.0
2024-12-29 09:00:00+07:00,22.5,22.5,803.0,0.0
2024-12-29 10:00:00+07:00,20.3,20.3,722.0,0.0
2024-12-29 11:00:00+07:00,19.5,19.5,645.0,0.0
2024-12-29 12:00:00+07:00,20.4,20.4,561.0,0.0
2024-12-29 13:00:00+07:00,20.1,20.1,500.0,0.0
2024-12-29 14:00:00+07:00,20.1,20.1,377.0,0.0
2024-12-29 15:00:00+07:00,20.1,20.1,278.0,0.0
2024-12-29 16:00:00+07:00,20.6,20.5,489.0,0.0
2024-12-29 17:00:00+07:00,21.8,21.8,1336.0,0.0
2024-12-29 18:00:00+07:00,33.6,33.6,2494.0,0.0
2024-12-29 19:00:00+07:00,32.2,32.2,3268.0,0.0
2024-12-29 20:00:00+07:00,35.9,35.9,3299.0,0.0
2024-12-29 21:00:00+07:00,38.0,38.0,2947.0,0.0
2024-12-29 22:00:00+07:00,39.8,39.8,2596.0,0.0
2024-12-29 23:00:00+07:00,41.8,41.8,2395.0,0.0
2024-12-30 00:00:00+07:00,43.4,43.4,2195.0,0.0
2024-12-30 01:00:00+07:00,43.1,43.1,1934.0,0.0
2024-12-30 02:00:00+07:00,41.1,41.1,1513.0,0.0
2024-12-30 03:00:00+07:00,38.9,38.9,1030.0,0.0
2024-12-30 04:00:00+07:00,36.7,36.7,719.0,0.0
2024-12-30 05:00:00+07:00,34.7,34.7,732.0,0.0
2024-12-30 06:00:00+07:00,33.6,33.6,917.0,0.0
2024-12-30 07:00:00+07:00,32.0,32.0,1050.0,0.0
2024-12-30 08:00:00+07:00,40.5,40.5,1052.0,0.0
2024-12-30 09:00:00+07:00,34.0,34.0,1002.0,0.0
2024-12-30 10:00:00+07:00,23.7,23.7,919.0,0.0
2024-12-30 11:00:00+07:00,20.1,20.1,779.0,0.0
2024-12-30 12:00:00+07:00,18.6,18.6,605.0,0.0
2024-12-30 13:00:00+07:00,18.4,18.4,482.0,0.0
2024-12-30 14:00:00+07:00,18.1,18.1,364.0,0.0
2024-12-30 15:00:00+07:00,18.5,18.5,296.0,0.0
2024-12-30 16:00:00+07:00,18.6,18.6,504.0,0.0
2024-12-30 17:00:00+07:00,20.0,20.0,1281.0,0.0
2024-12-30 18:00:00+07:00,31.0,31.0,2332.0,0.0
2024-12-30 19:00:00+07:00,35.0,35.0,2999.0,0.0
2024-12-30 20:00:00+07:00,40.5,40.5,2908.0,0.0
2024-12-30 21:00:00+07:00,44.1,44.1,2433.0,0.0
2024-12-30 22:00:00+07:00,45.6,45.6,2036.0,0.0
2024-12-30 23:00:00+07:00,46.3,46.3,1931.0,0.0
2024-12-31 00:00:00+07:00,46.8,46.8,1905.0,0.0
2024-12-31 01:00:00+07:00,46.7,46.7,1776.0,0.0
2024-12-31 02:00:00+07:00,45.1,45.1,1399.0,0.0
2024-12-31 03:00:00+07:00,42.6,42.6,919.0,0.0
2024-12-31 04:00:00+07:00,40.3,40.3,598.0,0.0
2024-12-31 05:00:00+07:00,38.6,38.6,582.0,0.0
2024-12-31 06:00:00+07:00,38.3,38.3,724.0,0.0
2024-12-31 07:00:00+07:00,38.9,38.9,841.0,0.0
2024-12-31 08:00:00+07:00,45.1,45.1,878.0,0.0
2024-12-31 09:00:00+07:00,37.4,37.4,890.0,0.0
2024-12-31 10:00:00+07:00,24.4,24.4,860.0,0.0
2024-12-31 11:00:00+07:00,18.1,18.1,756.0,0.0
2024-12-31 12:00:00+07:00,17.0,17.0,610.0,0.0
2024-12-31 13:00:00+07:00,17.4,17.3,504.0,0.0
2024-12-31 14:00:00+07:00,17.6,17.6,421.0,0.0
2024-12-31 15:00:00+07:00,17.1,17.0,378.0,0.0
2024-12-31 16:00:00+07:00,17.2,17.2,507.0,0.0
2024-12-31 17:00:00+07:00,17.8,17.7,942.0,0.0
2024-12-31 18:00:00+07:00,24.6,24.6,1550.0,0.0
2024-12-31 19:00:00+07:00,35.6,35.5,2062.0,0.0
2024-12-31 20:00:00+07:00,38.8,38.6,2396.0,0.0
2024-12-31 21:00:00+07:00,40.6,40.6,2634.0,0.0
2024-12-31 22:00:00+07:00,42.1,42.0,2751.0,0.0
2024-12-31 23:00:00+07:00,45.5,45.4,2736.0,0.0
2025-01-01 00:00:00+07:00,47.1,47.0,2599.0,0.0
2025-01-01 01:00:00+07:00,46.8,46.7,2350.0,0.0
2025-01-01 02:00:00+07:00,46.0,45.9,1893.0,0.0
2025-01-01 03:00:00+07:00,44.8,44.8,1324.0,0.0
2025-01-01 04:00:00+07:00,42.8,42.8,934.0,0.0
2025-01-01 05:00:00+07:00,41.1,41.0,895.0,0.0
2025-01-01 06:00:00+07:00,39.8,39.7,1035.0,0.0
2025-01-01 07:00:00+07:00,32.6,32.6,1130.0,0.0
2025-01-01 08:00:00+07:00,39.3,39.2,1096.0,0.0
2025-01-01 09:00:00+07:00,28.1,28.1,1017.0,0.0
2025-01-01 10:00:00+07:00,15.7,15.6,918.0,0.0
2025-01-01 11:00:00+07:00,13.4,13.3,785.0,0.0
2025-01-01 12:00:00+07:00,13.8,13.7,631.0,0.0
2025-01-01 13:00:00+07:00,14.7,14.5,521.0,0.0
2025-01-01 14:00:00+07:00,15.4,15.1,364.0,0.0
2025-01-01 15:00:00+07:00,15.9,15.4,252.0,1.0
2025-01-01 16:00:00+07:00,16.8,16.1,520.0,1.0
2025-01-01 17:00:00+07:00,17.8,17.1,1591.0,1.0
2025-01-01 18:00:00+07:00,24.5,23.9,3043.0,1.0
2025-01-01 19:00:00+07:00,33.5,32.7,3949.0,1.0
2025-01-01 20:00:00+07:00,38.9,38.1,3790.0,1.0
2025-01-01 21:00:00+07:00,42.4,41.6,3084.0,2.0
2025-01-01 22:00:00+07:00,45.3,44.4,2459.0,2.0
2025-01-01 23:00:00+07:00,48.2,47.3,2160.0,2.0
2025-01-02 00:00:00+07:00,49.6,48.5,1941.0,2.0
2025-01-02 01:00:00+07:00,48.9,48.0,1695.0,2.0
2025-01-02 02:00:00+07:00,47.0,46.1,1320.0,2.0
2025-01-02 03:00:00+07:00,44.5,43.5,917.0,2.0
2025-01-02 04:00:00+07:00,42.0,41.1,684.0,2.0
2025-01-02 05:00:00+07:00,40.2,39.2,768.0,2.0
2025-01-02 06:00:00+07:00,38.6,37.7,1021.0,2.0
2025-01-02 07:00:00+07:00,38.9,38.0,1202.0,2.0
2025-01-02 08:00:00+07:00,46.0,45.1,1221.0,2.0
2025-01-02 09:00:00+07:00,38.2,37.4,1168.0,2.0
2025-01-02 10:00:00+07:00,28.3,27.4,1069.0,2.0
2025-01-02 11:00:00+07:00,23.6,22.4,898.0,2.0
2025-01-02 12:00:00+07:00,21.2,19.8,682.0,3.0
2025-01-02 13:00:00+07:00,20.7,19.2,527.0,3.0
2025-01-02 14:00:00+07:00,21.1,19.5,376.0,3.0
2025-01-02 15:00:00+07:00,21.7,20.1,285.0,3.0
2025-01-02 16:00:00+07:00,23.4,21.8,532.0,3.0
2025-01-02 17:00:00+07:00,26.1,24.5,1487.0,3.0
2025-01-02 18:00:00+07:00,37.3,35.9,2780.0,3.0
2025-01-02 19:00:00+07:00,46.7,45.5,3578.0,2.0
2025-01-02 20:00:00+07:00,52.0,50.8,3422.0,2.0
2025-01-02 21:00:00+07:00,56.0,54.6,2770.0,3.0
2025-01-02 22:00:00+07:00,57.2,55.9,2165.0,3.0
2025-01-02 23:00:00+07:00,55.5,54.1,1789.0,3.0
2025-01-03 00:00:00+07:00,52.9,51.5,1460.0,3.0
2025-01-03 01:00:00+07:00,49.6,48.2,1177.0,3.0
2025-01-03 02:00:00+07:00,46.6,45.3,923.0,3.0
2025-01-03 03:00:00+07:00,43.5,42.1,716.0,3.0
2025-01-03 04:00:00+07:00,40.6,39.2,604.0,3.0
2025-01-03 05:00:00+07:00,38.5,37.3,647.0,3.0
2025-01-03 06:00:00+07:00,37.8,36.4,786.0,3.0
2025-01-03 07:00:00+07:00,39.6,38.1,894.0,3.0
2025-01-03 08:00:00+07:00,47.0,45.4,935.0,3.0
2025-01-03 09:00:00+07:00,39.7,38.2,947.0,4.0
2025-01-03 10:00:00+07:00,28.9,26.8,912.0,4.0
2025-01-03 11:00:00+07:00,21.2,19.1,795.0,4.0
2025-01-03 12:00:00+07:00,18.4,16.4,632.0,4.0
2025-01-03 13:00:00+07:00,17.1,15.3,518.0,4.0
2025-01-03 14:00:00+07:00,16.2,14.6,384.0,4.0
2025-01-03 15:00:00+07:00,15.9,14.4,299.0,3.0
2025-01-03 16:00:00+07:00,15.8,14.3,570.0,3.0
2025-01-03 17:00:00+07:00,18.3,17.0,1564.0,3.0
2025-01-03 18:00:00+07:00,30.7,29.5,2913.0,3.0
2025-01-03 19:00:00+07:00,42.6,40.9,3818.0,3.0
2025-01-03 20:00:00+07:00,48.3,46.6,3902.0,3.0
2025-01-03 21:00:00+07:00,46.1,44.4,3543.0,3.0
2025-01-03 22:00:00+07:00,41.1,39.3,3071.0,3.0
2025-01-03 23:00:00+07:00,38.0,36.3,2516.0,3.0
2025-01-04 00:00:00+07:00,36.1,34.5,1848.0,3.0
2025-01-04 01:00:00+07:00,34.1,32.5,1311.0,3.0
2025-01-04 02:00:00+07:00,31.9,30.3,998.0,3.0
2025-01-04 03:00:00+07:00,29.7,28.2,815.0,3.0
2025-01-04 04:00:00+07:00,28.1,26.6,727.0,3.0
2025-01-04 05:00:00+07:00,26.8,25.4,773.0,3.0
2025-01-04 06:00:00+07:00,26.5,25.1,914.0,2.0
2025-01-04 07:00:00+07:00,13.9,13.7,999.0,0.0
2025-01-04 08:00:00+07:00,23.3,23.1,962.0,0.0
2025-01-04 09:00:00+07:00,17.8,17.6,868.0,0.0
2025-01-04 10:00:00+07:00,12.4,12.3,769.0,0.0
2025-01-04 11:00:00+07:00,9.6,9.5,666.0,0.0
2025-01-04 12:00:00+07:00,10.4,10.3,557.0,0.0
2025-01-04 13:00:00+07:00,11.7,11.5,485.0,0.0
2025-01-04 14:00:00+07:00,13.2,13.0,379.0,0.0
2025-01-04 15:00:00+07:00,14.3,14.1,311.0,0.0
2025-01-04 16:00:00+07:00,15.2,14.9,537.0,0.0
2025-01-04 17:00:00+07:00,16.9,16.6,1390.0,0.0
2025-01-04 18:00:00+07:00,29.5,29.2,2538.0,0.0
2025-01-04 19:00:00+07:00,38.3,38.2,3243.0,0.0
2025-01-04 20:00:00+07:00,44.1,43.9,3070.0,0.0
2025-01-04 21:00:00+07:00,48.7,48.4,2453.0,0.0
2025-01-04 22:00:00+07:00,50.8,50.5,1958.0,0.0
2025-01-04 23:00:00+07:00,52.0,51.8,1849.0,0.0
2025-01-05 00:00:00+07:00,51.9,51.7,1861.0,0.0
2025-01-05 01:00:00+07:00,49.9,49.7,1771.0,0.0
2025-01-05 02:00:00+07:00,46.6,46.2,1416.0,0.0
2025-01-05 03:00:00+07:00,42.8,42.6,959.0,1.0
2025-01-05 04:00:00+07:00,39.6,39.3,658.0,1.0
2025-01-05 05:00:00+07:00,37.1,36.8,667.0,1.0
2025-01-05 06:00:00+07:00,36.1,35.7,832.0,1.0
2025-01-05 07:00:00+07:00,38.4,38.0,958.0,1.0
2025-01-05 08:00:00+07:00,47.7,47.3,975.0,1.0
2025-01-05 09:00:00+07:00,43.2,42.8,952.0,1.0
2025-01-05 10:00:00+07:00,30.4,29.9,898.0,1.0
2025-01-05 11:00:00+07:00,23.9,23.5,794.0,1.0
2025-01-05 12:00:00+07:00,22.8,22.4,659.0,1.0
2025-01-05 13:00:00+07:00,22.6,22.1,565.0,1.0
2025-01-05 14:00:00+07:00,22.9,22.4,433.0,1.0
2025-01-05 15:00:00+07:00,22.8,22.2,341.0,1.0
2025-01-05 16:00:00+07:00,23.3,22.7,600.0,1.0
2025-01-05 17:00:00+07:00,26.0,25.4,1604.0,1.0
2025-01-05 18:00:00+07:00,39.8,39.2,2958.0,1.0
2025-01-05 19:00:00+07:00,43.5,43.1,3790.0,1.0
2025-01-05 20:00:00+07:00,51.6,51.2,3625.0,1.0
2025-01-05 21:00:00+07:00,54.1,53.7,2937.0,1.0
2025-01-05 22:00:00+07:00,53.7,53.2,2280.0,1.0
2025-01-05 23:00:00+07:00,52.0,51.6,1818.0,1.0
2025-01-06 00:00:00+07:00,49.4,48.9,1387.0,1.0
2025-01-06 01:00:00+07:00,45.3,44.8,1043.0,1.0
2025-01-06 02:00:00+07:00,41.0,40.5,793.0,1.0
2025-01-06 03:00:00+07:00,37.6,37.1,630.0,1.0
2025-01-06 04:00:00+07:00,35.0,34.5,594.0,1.0
2025-01-06 05:00:00+07:00,33.1,32.5,774.0,1.0
2025-01-06 06:00:00+07:00,31.8,31.3,1081.0,1.0
2025-01-06 07:00:00+07:00,28.9,28.4,1287.0,1.0
2025-01-06 08:00:00+07:00,37.7,37.3,1287.0,1.0
2025-01-06 09:00:00+07:00,33.5,33.1,1186.0,1.0
2025-01-06 10:00:00+07:00,26.5,26.0,1072.0,1.0
2025-01-06 11:00:00+07:00,22.1,21.7,964.0,1.0
2025-01-06 12:00:00+07:00,19.7,19.3,843.0,1.0
2025-01-06 13:00:00+07:00,19.1,18.7,743.0,1.0
2025-01-06 14:00:00+07:00,19.0,18.6,549.0,1.0
2025-01-06 15:00:00+07:00,19.0,18.6,377.0,1.0
2025-01-06 16:00:00+07:00,19.4,19.0,607.0,1.0
2025-01-06 17:00:00+07:00,20.5,20.1,1703.0,1.0
2025-01-06 18:00:00+07:00,31.5,31.2,3203.0,1.0
2025-01-06 19:00:00+07:00,40.2,39.8,4098.0,1.0
2025-01-06 20:00:00+07:00,44.8,44.5,3798.0,1.0
2025-01-06 21:00:00+07:00,48.4,48.1,2894.0,1.0
2025-01-06 22:00:00+07:00,50.8,50.4,2152.0,1.0
2025-01-06 23:00:00+07:00,51.8,51.5,1897.0,1.0
2025-01-07 00:00:00+07:00,50.6,50.3,1804.0,1.0
2025-01-07 01:00:00+07:00,48.1,47.7,1660.0,1.0
2025-01-07 02:00:00+07:00,44.9,44.6,1328.0,1.0
2025-01-07 03:00:00+07:00,41.9,41.6,946.0,1.0
2025-01-07 04:00:00+07:00,39.3,39.0,716.0,1.0
2025-01-07 05:00:00+07:00,37.7,37.4,769.0,1.0
2025-01-07 06:00:00+07:00,36.7,36.4,974.0,1.0
2025-01-07 07:00:00+07:00,39.6,39.2,1137.0,1.0
2025-01-07 08:00:00+07:00,48.5,48.3,1202.0,1.0
2025-01-07 09:00:00+07:00,46.6,46.2,1225.0,1.0
2025-01-07 10:00:00+07:00,36.4,36.1,1187.0,1.0
2025-01-07 11:00:00+07:00,28.3,27.9,1043.0,1.0
2025-01-07 12:00:00+07:00,24.6,24.3,837.0,1.0
2025-01-07 13:00:00+07:00,23.5,23.2,678.0,1.0
2025-01-07 14:00:00+07:00,22.9,22.6,516.0,1.0
2025-01-07 15:00:00+07:00,22.3,21.9,400.0,1.0
2025-01-07 16:00:00+07:00,22.2,21.9,587.0,1.0
2025-01-07 17:00:00+07:00,24.9,24.6,1390.0,1.0
2025-01-07 18:00:00+07:00,32.5,32.2,2496.0,0.0
2025-01-07 19:00:00+07:00,32.4,32.2,3218.0,0.0
2025-01-07 20:00:00+07:00,36.3,36.2,3179.0,0.0
2025-01-07 21:00:00+07:00,38.8,38.6,2756.0,0.0
2025-01-07 22:00:00+07:00,43.1,42.8,2401.0,0.0
2025-01-07 23:00:00+07:00,45.8,45.5,2315.0,0.0
2025-01-08 00:00:00+07:00,45.4,45.2,2297.0,0.0
2025-01-08 01:00:00+07:00,43.9,43.8,2193.0,0.0
2025-01-08 02:00:00+07:00,42.4,42.1,1884.0,0.0
2025-01-08 03:00:00+07:00,41.1,41.0,1488.0,0.0
2025-01-08 04:00:00+07:00,39.6,39.3,1206.0,0.0
2025-01-08 05:00:00+07:00,38.5,38.3,1153.0,0.0
2025-01-08 06:00:00+07:00,38.1,38.0,1214.0,0.0
2025-01-08 07:00:00+07:00,44.2,44.0,1241.0,0.0
2025-01-08 08:00:00+07:00,50.6,50.4,1179.0,0.0
2025-01-08 09:00:00+07:00,45.8,45.5,1083.0,0.0
2025-01-08 10:00:00+07:00,37.0,36.8,971.0,0.0
2025-01-08 11:00:00+07:00,32.6,32.4,827.0,0.0
2025-01-08 12:00:00+07:00,29.5,29.2,667.0,0.0
2025-01-08 13:00:00+07:00,27.4,27.1,554.0,0.0
2025-01-08 14:00:00+07:00,25.5,25.2,410.0,0.0
2025-01-08 15:00:00+07:00,24.6,24.3,313.0,0.0
2025-01-08 16:00:00+07:00,24.6,24.2,563.0,0.0
2025-01-08 17:00:00+07:00,26.3,26.0,1537.0,0.0
2025-01-08 18:00:00+07:00,35.7,35.4,2858.0,0.0
2025-01-08 19:00:00+07:00,40.4,40.2,3694.0,0.0
2025-01-08 20:00:00+07:00,42.8,42.6,3592.0,0.0
2025-01-08 21:00:00+07:00,43.7,43.4,3006.0,0.0
2025-01-08 22:00:00+07:00,43.9,43.7,2461.0,0.0
2025-01-08 23:00:00+07:00,43.5,43.3,2142.0,0.0
2025-01-09 00:00:00+07:00,42.7,42.6,1864.0,0.0
2025-01-09 01:00:00+07:00,41.3,41.1,1600.0,0.0
2025-01-09 02:00:00+07:00,40.0,39.9,1313.0,0.0
2025-01-09 03:00:00+07:00,37.1,36.9,1041.0,0.0
2025-01-09 04:00:00+07:00,33.3,33.2,863.0,0.0
2025-01-09 05:00:00+07:00,30.2,30.0,847.0,0.0
2025-01-09 06:00:00+07:00,27.4,27.3,926.0,0.0
2025-01-09 07:00:00+07:00,22.6,22.6,982.0,0.0
2025-01-09 08:00:00+07:00,28.6,28.6,977.0,0.0
2025-01-09 09:00:00+07:00,30.7,30.6,950.0,0.0
2025-01-09 10:00:00+07:00,27.9,27.9,895.0,0.0
2025-01-09 11:00:00+07:00,28.4,28.3,790.0,0.0
2025-01-09 12:00:00+07:00,29.4,29.2,657.0,0.0
2025-01-09 13:00:00+07:00,29.2,29.0,564.0,0.0
2025-01-09 14:00:00+07:00,28.6,28.3,451.0,0.0
2025-01-09 15:00:00+07:00,28.6,28.2,378.0,1.0
2025-01-09 16:00:00+07:00,28.5,28.1,584.0,1.0
2025-01-09 17:00:00+07:00,30.6,30.0,1363.0,1.0
2025-01-09 18:00:00+07:00,40.2,39.8,2423.0,1.0
2025-01-09 19:00:00+07:00,42.7,41.9,3124.0,1.0
2025-01-09 20:00:00+07:00,47.5,46.8,3152.0,1.0
2025-01-09 21:00:00+07:00,50.6,49.9,2823.0,1.0
2025-01-09 22:00:00+07:00,52.7,52.0,2440.0,1.0
2025-01-09 23:00:00+07:00,54.6,53.9,2064.0,1.0
2025-01-10 00:00:00+07:00,54.8,54.1,1636.0,1.0
2025-01-10 01:00:00+07:00,53.2,52.5,1281.0,1.0
2025-01-10 02:00:00+07:00,51.5,50.9,1037.0,1.0
2025-01-10 03:00:00+07:00,50.2,49.6,868.0,1.0
2025-01-10 04:00:00+07:00,48.4,47.8,789.0,1.0
2025-01-10 05:00:00+07:00,47.1,46.7,862.0,1.0
2025-01-10 06:00:00+07:00,48.0,47.4,1026.0,1.0
2025-01-10 07:00:00+07:00,50.8,50.3,1110.0,1.0
2025-01-10 08:00:00+07:00,56.3,55.9,1028.0,1.0
2025-01-10 09:00:00+07:00,51.3,51.0,866.0,1.0
2025-01-10 10:00:00+07:00,39.6,39.1,717.0,1.0
2025-01-10 11:00:00+07:00,28.5,28.0,602.0,1.0
2025-01-10 12:00:00+07:00,25.3,24.5,499.0,2.0
2025-01-10 13:00:00+07:00,23.5,22.3,432.0,2.0
2025-01-10 14:00:00+07:00,22.6,21.1,367.0,2.0
2025-01-10 15:00:00+07:00,22.1,20.4,339.0,3.0
2025-01-10 16:00:00+07:00,21.5,19.8,477.0,3.0
2025-01-10 17:00:00+07:00,21.2,19.6,932.0,3.0
2025-01-10 18:00:00+07:00,28.2,26.7,1553.0,3.0
2025-01-10 19:00:00+07:00,33.6,31.8,2015.0,4.0
2025-01-10 20:00:00+07:00,37.8,35.6,2184.0,4.0
2025-01-10 21:00:00+07:00,41.0,38.8,2194.0,4.0
2025-01-10 22:00:00+07:00,42.3,39.9,2120.0,4.0
2025-01-10 23:00:00+07:00,43.0,40.4,1951.0,4.0
2025-01-11 00:00:00+07:00,43.7,41.0,1699.0,5.0
2025-01-11 01:00:00+07:00,41.7,38.9,1468.0,5.0
2025-01-11 02:00:00+07:00,35.9,33.3,1267.0,5.0
2025-01-11 03:00:00+07:00,30.9,28.6,1087.0,4.0
2025-01-11 04:00:00+07:00,28.0,26.1,1014.0,4.0
2025-01-11 05:00:00+07:00,27.5,25.8,1148.0,4.0
2025-01-11 06:00:00+07:00,28.9,27.5,1387.0,3.0
2025-01-11 07:00:00+07:00,30.3,29.0,1515.0,2.0
2025-01-11 08:00:00+07:00,40.3,39.2,1420.0,1.0
2025-01-11 09:00:00+07:00,26.0,25.6,1212.0,1.0
2025-01-11 10:00:00+07:00,11.0,10.8,1006.0,0.0
2025-01-11 11:00:00+07:00,9.8,9.7,822.0,0.0
2025-01-11 12:00:00+07:00,9.5,9.3,639.0,0.0
2025-01-11 13:00:00+07:00,9.6,9.4,511.0,0.0
2025-01-11 14:00:00+07:00,10.0,9.7,448.0,0.0
2025-01-11 15:00:00+07:00,10.4,10.1,440.0,1.0
2025-01-11 16:00:00+07:00,11.2,10.9,508.0,1.0
2025-01-11 17:00:00+07:00,13.1,12.8,676.0,1.0
2025-01-11 18:00:00+07:00,18.9,18.7,919.0,0.0
2025-01-11 19:00:00+07:00,27.2,26.8,1186.0,1.0
2025-01-11 20:00:00+07:00,31.1,30.7,1513.0,1.0
2025-01-11 21:00:00+07:00,30.4,30.2,1862.0,1.0
2025-01-11 22:00:00+07:00,29.3,29.0,2071.0,1.0
2025-01-11 23:00:00+07:00,32.5,32.1,2043.0,1.0
2025-01-12 00:00:00+07:00,34.9,34.6,1874.0,1.0
2025-01-12 01:00:00+07:00,35.0,34.8,1686.0,1.0
2025-01-12 02:00:00+07:00,35.2,34.8,1489.0,1.0
2025-01-12 03:00:00+07:00,35.5,35.2,1273.0,1.0
2025-01-12 04:00:00+07:00,36.3,36.0,1129.0,1.0
2025-01-12 05:00:00+07:00,36.7,36.4,1142.0,1.0
2025-01-12 06:00:00+07:00,37.0,36.7,1227.0,1.0
2025-01-12 07:00:00+07:00,15.7,15.7,1225.0,0.0
2025-01-12 08:00:00+07:00,18.1,18.1,1031.0,0.0
2025-01-12 09:00:00+07:00,20.7,20.5,750.0,1.0
2025-01-12 10:00:00+07:00,21.2,20.8,535.0,1.0
2025-01-12 11:00:00+07:00,20.5,20.2,455.0,1.0
2025-01-12 12:00:00+07:00,18.3,17.9,442.0,1.0
2025-01-12 13:00:00+07:00,15.3,15.0,441.0,1.0
2025-01-12 14:00:00+07:00,12.5,12.3,389.0,1.0
2025-01-12 15:00:00+07:00,10.4,10.3,350.0,0.0
2025-01-12 16:00:00+07:00,8.9,8.8,462.0,0.0
2025-01-12 17:00:00+07:00,8.1,8.1,895.0,0.0
2025-01-12 18:00:00+07:00,13.5,13.5,1479.0,0.0
2025-01-12 19:00:00+07:00,26.5,26.3,1842.0,0.0
2025-01-12 20:00:00+07:00,32.9,32.7,1782.0,0.0
2025-01-12 21:00:00+07:00,34.6,34.5,1501.0,0.0
2025-01-12 22:00:00+07:00,34.5,34.2,1239.0,0.0
2025-01-12 23:00:00+07:00,33.5,33.3,1079.0,0.0
2025-01-13 00:00:00+07:00,31.4,31.3,938.0,0.0
2025-01-13 01:00:00+07:00,28.5,28.3,806.0,0.0
2025-01-13 02:00:00+07:00,25.4,25.3,654.0,0.0
2025-01-13 03:00:00+07:00,23.1,22.9,512.0,0.0
2025-01-13 04:00:00+07:00,21.3,21.1,458.0,0.0
2025-01-13 05:00:00+07:00,20.0,19.8,566.0,0.0
2025-01-13 06:00:00+07:00,19.4,19.2,763.0,0.0
2025-01-13 07:00:00+07:00,25.1,24.9,903.0,0.0
2025-01-13 08:00:00+07:00,35.2,34.9,930.0,0.0
2025-01-13 09:00:00+07:00,30.4,30.2,900.0,0.0
2025-01-13 10:00:00+07:00,22.0,21.7,841.0,0.0
2025-01-13 11:00:00+07:00,18.0,17.8,739.0,0.0
2025-01-13 12:00:00+07:00,16.8,16.5,609.0,0.0
2025-01-13 13:00:00+07:00,16.2,16.0,519.0,0.0
2025-01-13 14:00:00+07:00,15.8,15.6,417.0,0.0
2025-01-13 15:00:00+07:00,15.5,15.2,357.0,0.0
2025-01-13 16:00:00+07:00,15.2,15.0,566.0,0.0
2025-01-13 17:00:00+07:00,15.4,15.2,1314.0,0.0
2025-01-13 18:00:00+07:00,23.9,23.7,2333.0,0.0
2025-01-13 19:00:00+07:00,26.1,26.1,3045.0,0.0
2025-01-13 20:00:00+07:00,33.9,33.8,3193.0,0.0
2025-01-13 21:00:00+07:00,38.1,38.0,3036.0,0.0
2025-01-13 22:00:00+07:00,39.6,39.6,2768.0,0.0
2025-01-13 23:00:00+07:00,40.3,40.3,2397.0,0.0
2025-01-14 00:00:00+07:00,39.6,39.5,1916.0,0.0
2025-01-14 01:00:00+07:00,36.9,36.9,1501.0,0.0
2025-01-14 02:00:00+07:00,33.8,33.6,1193.0,0.0
2025-01-14 03:00:00+07:00,30.9,30.7,952.0,0.0
2025-01-14 04:00:00+07:00,28.2,28.2,827.0,0.0
2025-01-14 05:00:00+07:00,26.0,26.0,900.0,0.0
2025-01-14 06:00:00+07:00,24.6,24.5,1089.0,0.0
2025-01-14 07:00:00+07:00,23.2,23.2,1204.0,0.0
2025-01-14 08:00:00+07:00,31.9,31.8,1155.0,0.0
2025-01-14 09:00:00+07:00,26.4,26.4,1032.0,0.0
2025-01-14 10:00:00+07:00,19.2,19.2,908.0,0.0
2025-01-14 11:00:00+07:00,15.1,15.0,796.0,0.0
2025-01-14 12:00:00+07:00,14.7,14.6,685.0,0.0
2025-01-14 13:00:00+07:00,14.5,14.4,612.0,0.0
2025-01-14 14:00:00+07:00,14.3,14.2,515.0,0.0
2025-01-14 15:00:00+07:00,14.2,14.0,458.0,0.0
2025-01-14 16:00:00+07:00,13.9,13.8,669.0,0.0
2025-01-14 17:00:00+07:00,13.8,13.7,1419.0,0.0
2025-01-14 18:00:00+07:00,24.4,24.3,2438.0,0.0
2025-01-14 19:00:00+07:00,35.0,35.0,3141.0,0.0
2025-01-14 20:00:00+07:00,44.9,44.8,3265.0,0.0
2025-01-14 21:00:00+07:00,50.4,50.3,3074.0,0.0
2025-01-14 22:00:00+07:00,50.9,50.8,2776.0,0.0
2025-01-14 23:00:00+07:00,49.4,49.2,2387.0,0.0
2025-01-15 00:00:00+07:00,46.6,46.4,1891.0,0.0
2025-01-15 01:00:00+07:00,42.8,42.7,1450.0,0.0
2025-01-15 02:00:00+07:00,38.4,38.3,1088.0,0.0
2025-01-15 03:00:00+07:00,34.0,33.9,780.0,0.0
2025-01-15 04:00:00+07:00,29.9,29.8,616.0,0.0
2025-01-15 05:00:00+07:00,26.5,26.4,692.0,0.0
2025-01-15 06:00:00+07:00,24.1,24.0,911.0,0.0
2025-01-15 07:00:00+07:00,28.1,28.0,1072.0,0.0
2025-01-15 08:00:00+07:00,34.3,34.3,1106.0,0.0
2025-01-15 09:00:00+07:00,31.8,31.7,1081.0,0.0
2025-01-15 10:00:00+07:00,23.7,23.6,1001.0,0.0
2025-01-15 11:00:00+07:00,18.8,18.7,826.0,0.0
2025-01-15 12:00:00+07:00,16.3,16.2,597.0,0.0
2025-01-15 13:00:00+07:00,15.3,15.1,436.0,0.0
2025-01-15 14:00:00+07:00,14.7,14.6,300.0,0.0
2025-01-15 15:00:00+07:00,14.1,14.1,232.0,0.0
2025-01-15 16:00:00+07:00,13.9,13.8,490.0,0.0
2025-01-15 17:00:00+07:00,14.2,14.1,1454.0,0.0
2025-01-15 18:00:00+07:00,21.1,21.1,2744.0,0.0
2025-01-15 19:00:00+07:00,22.9,22.8,3475.0,0.0
2025-01-15 20:00:00+07:00,27.9,27.9,3119.0,0.0
2025-01-15 21:00:00+07:00,26.6,26.6,2205.0,0.0
2025-01-15 22:00:00+07:00,24.2,24.2,1431.0,0.0
2025-01-15 23:00:00+07:00,22.1,22.1,1061.0,0.0
2025-01-16 00:00:00+07:00,20.3,20.3,832.0,0.0
2025-01-16 01:00:00+07:00,18.3,18.3,655.0,0.0
2025-01-16 02:00:00+07:00,16.5,16.5,494.0,0.0
2025-01-16 03:00:00+07:00,15.1,15.1,384.0,0.0
2025-01-16 04:00:00+07:00,14.1,14.1,349.0,0.0
2025-01-16 05:00:00+07:00,13.5,13.5,431.0,0.0
2025-01-16 06:00:00+07:00,13.5,13.5,586.0,0.0
2025-01-16 07:00:00+07:00,8.7,8.6,709.0,0.0
2025-01-16 08:00:00+07:00,14.7,14.5,768.0,0.0
2025-01-16 09:00:00+07:00,11.2,11.1,795.0,0.0
2025-01-16 10:00:00+07:00,7.5,7.5,771.0,0.0
2025-01-16 11:00:00+07:00,6.4,6.4,656.0,0.0
2025-01-16 12:00:00+07:00,6.6,6.6,491.0,0.0
2025-01-16 13:00:00+07:00,7.0,7.0,381.0,0.0
2025-01-16 14:00:00+07:00,7.6,7.6,254.0,0.0
2025-01-16 15:00:00+07:00,7.9,7.9,182.0,0.0
2025-01-16 16:00:00+07:00,8.4,8.4,484.0,0.0
2025-01-16 17:00:00+07:00,9.6,9.6,1613.0,0.0
2025-01-16 18:00:00+07:00,17.2,17.2,3116.0,0.0
2025-01-16 19:00:00+07:00,22.4,22.4,3952.0,0.0
2025-01-16 20:00:00+07:00,27.7,27.7,3479.0,0.0
2025-01-16 21:00:00+07:00,30.0,30.0,2339.0,0.0
2025-01-16 22:00:00+07:00,30.6,30.5,1417.0,0.0
2025-01-16 23:00:00+07:00,30.6,30.6,1074.0,0.0
2025-01-17 00:00:00+07:00,29.6,29.6,949.0,0.0
2025-01-17 01:00:00+07:00,27.1,27.1,844.0,0.0
2025-01-17 02:00:00+07:00,24.4,24.4,668.0,0.0
2025-01-17 03:00:00+07:00,22.4,22.4,512.0,0.0
2025-01-17 04:00:00+07:00,20.8,20.8,453.0,0.0
2025-01-17 05:00:00+07:00,19.9,19.9,568.0,0.0
2025-01-17 06:00:00+07:00,19.7,19.7,781.0,0.0
2025-01-17 07:00:00+07:00,19.3,19.3,940.0,0.0
2025-01-17 08:00:00+07:00,25.6,25.6,988.0,0.0
2025-01-17 09:00:00+07:00,23.2,23.2,982.0,0.0
2025-01-17 10:00:00+07:00,21.0,20.9,939.0,0.0
2025-01-17 11:00:00+07:00,19.5,19.4,844.0,0.0
2025-01-17 12:00:00+07:00,19.3,19.2,712.0,0.0
2025-01-17 13:00:00+07:00,19.6,19.6,604.0,0.0
2025-01-17 14:00:00+07:00,20.7,20.7,405.0,0.0
2025-01-17 15:00:00+07:00,21.4,21.4,230.0,0.0
2025-01-17 16:00:00+07:00,22.1,22.1,482.0,0.0
2025-01-17 17:00:00+07:00,23.2,23.2,1642.0,0.0
2025-01-17 18:00:00+07:00,31.3,31.3,3230.0,0.0
2025-01-17 19:00:00+07:00,35.4,35.4,4204.0,0.0
2025-01-17 20:00:00+07:00,44.2,44.2,3986.0,0.0
2025-01-17 21:00:00+07:00,48.4,48.4,3155.0,0.0
2025-01-17 22:00:00+07:00,50.1,50.1,2408.0,0.0
2025-01-17 23:00:00+07:00,50.5,50.5,1995.0,0.0
2025-01-18 00:00:00+07:00,49.5,49.5,1666.0,0.0
2025-01-18 01:00:00+07:00,47.0,47.0,1374.0,0.0
2025-01-18 02:00:00+07:00,44.2,44.2,1074.0,0.0
2025-01-18 03:00:00+07:00,40.5,40.5,810.0,0.0
2025-01-18 04:00:00+07:00,37.5,37.5,667.0,0.0
2025-01-18 05:00:00+07:00,35.2,35.2,731.0,0.0
2025-01-18 06:00:00+07:00,33.9,33.9,917.0,0.0
2025-01-18 07:00:00+07:00,39.0,39.0,1048.0,0.0
2025-01-18 08:00:00+07:00,47.7,47.7,1050.0,0.0
2025-01-18 09:00:00+07:00,42.5,42.5,997.0,0.0
2025-01-18 10:00:00+07:00,31.8,31.8,942.0,0.0
2025-01-18 11:00:00+07:00,22.7,22.7,902.0,0.0
2025-01-18 12:00:00+07:00,20.4,20.4,859.0,0.0
2025-01-18 13:00:00+07:00,20.2,20.2,809.0,0.0
2025-01-18 14:00:00+07:00,20.3,20.3,616.0,0.0
2025-01-18 15:00:00+07:00,20.7,20.6,416.0,0.0
2025-01-18 16:00:00+07:00,21.4,21.2,609.0,0.0
2025-01-18 17:00:00+07:00,22.4,22.2,1638.0,0.0
2025-01-18 18:00:00+07:00,32.2,32.2,3061.0,0.0
2025-01-18 19:00:00+07:00,32.8,32.8,3945.0,0.0
2025-01-18 20:00:00+07:00,36.8,36.8,3791.0,0.0
2025-01-18 21:00:00+07:00,39.3,39.3,3100.0,0.0
2025-01-18 22:00:00+07:00,42.4,42.4,2439.0,0.0
2025-01-18 23:00:00+07:00,45.2,45.2,1984.0,0.0
2025-01-19 00:00:00+07:00,46.9,46.9,1561.0,0.0
2025-01-19 01:00:00+07:00,47.0,47.0,1213.0,0.0
2025-01-19 02:00:00+07:00,44.7,44.7,942.0,0.0
2025-01-19 03:00:00+07:00,41.2,41.2,746.0,0.0
2025-01-19 04:00:00+07:00,38.6,38.6,668.0,0.0
2025-01-19 05:00:00+07:00,37.3,37.3,785.0,0.0
2025-01-19 06:00:00+07:00,36.7,36.7,1019.0,0.0
2025-01-19 07:00:00+07:00,37.1,37.1,1186.0,0.0
2025-01-19 08:00:00+07:00,44.1,44.1,1213.0,0.0
2025-01-19 09:00:00+07:00,40.9,40.9,1171.0,0.0
2025-01-19 10:00:00+07:00,29.2,29.2,1091.0,0.0
2025-01-19 11:00:00+07:00,22.8,22.8,957.0,0.0
2025-01-19 12:00:00+07:00,19.6,19.6,784.0,0.0
2025-01-19 13:00:00+07:00,19.0,19.0,647.0,0.0
2025-01-19 14:00:00+07:00,19.3,19.3,451.0,0.0
2025-01-19 15:00:00+07:00,20.0,20.0,290.0,0.0
2025-01-19 16:00:00+07:00,20.4,20.4,524.0,0.0
2025-01-19 17:00:00+07:00,21.2,21.1,1596.0,0.0
2025-01-19 18:00:00+07:00,29.5,29.5,3061.0,0.0
2025-01-19 19:00:00+07:00,30.9,30.9,3949.0,0.0
2025-01-19 20:00:00+07:00,33.9,33.9,3697.0,0.0
2025-01-19 21:00:00+07:00,35.3,35.3,2867.0,0.0
2025-01-19 22:00:00+07:00,36.1,36.0,2169.0,0.0
2025-01-19 23:00:00+07:00,38.5,38.5,1879.0,0.0
2025-01-20 00:00:00+07:00,41.1,41.1,1722.0,0.0
2025-01-20 01:00:00+07:00,42.0,42.0,1575.0,0.0
2025-01-20 02:00:00+07:00,41.8,41.8,1380.0,0.0
2025-01-20 03:00:00+07:00,41.0,41.0,1197.0,0.0
2025-01-20 04:00:00+07:00,39.9,39.9,1082.0,0.0
2025-01-20 05:00:00+07:00,39.2,39.2,1082.0,0.0
2025-01-20 06:00:00+07:00,39.0,39.0,1150.0,0.0
2025-01-20 07:00:00+07:00,42.1,42.1,1211.0,0.0
2025-01-20 08:00:00+07:00,47.6,47.6,1259.0,0.0
2025-01-20 09:00:00+07:00,40.6,40.6,1298.0,0.0
2025-01-20 10:00:00+07:00,28.6,28.6,1266.0,0.0
2025-01-20 11:00:00+07:00,23.1,23.1,1102.0,0.0
2025-01-20 12:00:00+07:00,20.0,20.0,867.0,0.0
2025-01-20 13:00:00+07:00,19.0,19.0,681.0,0.0
2025-01-20 14:00:00+07:00,18.3,18.3,475.0,0.0
2025-01-20 15:00:00+07:00,17.7,17.6,317.0,0.0
2025-01-20 16:00:00+07:00,17.3,17.3,535.0,0.0
2025-01-20 17:00:00+07:00,17.5,17.5,1538.0,0.0
2025-01-20 18:00:00+07:00,23.4,23.4,2917.0,0.0
2025-01-20 19:00:00+07:00,29.3,29.3,3764.0,0.0
2025-01-20 20:00:00+07:00,32.1,32.1,3549.0,0.0
2025-01-20 21:00:00+07:00,33.2,33.2,2803.0,0.0
2025-01-20 22:00:00+07:00,34.5,34.5,2212.0,0.0
2025-01-20 23:00:00+07:00,35.6,35.6,2065.0,0.0
2025-01-21 00:00:00+07:00,36.6,36.6,2073.0,0.0
2025-01-21 01:00:00+07:00,36.1,36.1,2051.0,0.0
2025-01-21 02:00:00+07:00,35.0,35.0,1910.0,0.0
2025-01-21 03:00:00+07:00,34.1,34.1,1738.0,0.0
2025-01-21 04:00:00+07:00,34.1,34.0,1620.0,0.0
2025-01-21 05:00:00+07:00,34.7,34.7,1611.0,0.0
2025-01-21 06:00:00+07:00,35.6,35.6,1655.0,0.0
2025-01-21 07:00:00+07:00,33.4,33.3,1664.0,0.0
2025-01-21 08:00:00+07:00,39.0,39.0,1617.0,0.0
2025-01-21 09:00:00+07:00,32.8,32.8,1536.0,0.0
2025-01-21 10:00:00+07:00,23.0,23.0,1389.0,0.0
2025-01-21 11:00:00+07:00,19.6,19.5,1114.0,0.0
2025-01-21 12:00:00+07:00,18.0,18.0,775.0,0.0
2025-01-21 13:00:00+07:00,16.9,16.9,533.0,0.0
2025-01-21 14:00:00+07:00,15.8,15.7,365.0,0.0
2025-01-21 15:00:00+07:00,14.8,14.8,294.0,0.0
2025-01-21 16:00:00+07:00,14.1,14.1,552.0,0.0
2025-01-21 17:00:00+07:00,14.3,14.2,1476.0,0.0
2025-01-21 18:00:00+07:00,20.3,20.3,2729.0,0.0
2025-01-21 19:00:00+07:00,22.2,22.2,3537.0,0.0
2025-01-21 20:00:00+07:00,24.6,24.6,3466.0,0.0
2025-01-21 21:00:00+07:00,25.0,25.0,2949.0,0.0
2025-01-21 22:00:00+07:00,25.3,25.3,2511.0,0.0
2025-01-21 23:00:00+07:00,25.6,25.5,2366.0,0.0
2025-01-22 00:00:00+07:00,26.3,26.3,2301.0,0.0
2025-01-22 01:00:00+07:00,26.5,26.5,2199.0,0.0
2025-01-22 02:00:00+07:00,27.1,27.0,1991.0,0.0
2025-01-22 03:00:00+07:00,27.9,27.8,1746.0,0.0
2025-01-22 04:00:00+07:00,28.9,28.8,1555.0,0.0
2025-01-22 05:00:00+07:00,30.0,29.9,1465.0,0.0
2025-01-22 06:00:00+07:00,31.5,31.4,1430.0,0.0
2025-01-22 07:00:00+07:00,37.8,37.7,1401.0,0.0
2025-01-22 08:00:00+07:00,43.7,43.5,1377.0,0.0
2025-01-22 09:00:00+07:00,38.8,38.8,1358.0,0.0
2025-01-22 10:00:00+07:00,29.0,28.9,1298.0,0.0
2025-01-22 11:00:00+07:00,24.1,24.0,1157.0,0.0
2025-01-22 12:00:00+07:00,22.2,22.1,974.0,0.0
2025-01-22 13:00:00+07:00,21.0,20.9,817.0,0.0
2025-01-22 14:00:00+07:00,19.8,19.7,576.0,0.0
2025-01-22 15:00:00+07:00,18.7,18.6,362.0,0.0
2025-01-22 16:00:00+07:00,18.3,18.3,575.0,0.0
2025-01-22 17:00:00+07:00,19.1,19.0,1688.0,0.0
2025-01-22 18:00:00+07:00,26.9,26.8,3229.0,0.0
2025-01-22 19:00:00+07:00,30.6,30.5,4180.0,0.0
2025-01-22 20:00:00+07:00,34.1,34.0,3958.0,0.0
2025-01-22 21:00:00+07:00,34.9,34.9,3147.0,0.0
2025-01-22 22:00:00+07:00,35.6,35.5,2473.0,0.0
2025-01-22 23:00:00+07:00,37.6,37.5,2249.0,0.0
2025-01-23 00:00:00+07:00,39.0,38.9,2162.0,0.0
2025-01-23 01:00:00+07:00,39.0,38.9,2008.0,0.0
2025-01-23 02:00:00+07:00,38.8,38.8,1648.0,0.0
2025-01-23 03:00:00+07:00,39.5,39.3,1219.0,0.0
2025-01-23 04:00:00+07:00,40.2,40.0,931.0,0.0
2025-01-23 05:00:00+07:00,40.9,40.6,896.0,0.0
2025-01-23 06:00:00+07:00,41.7,41.6,1001.0,0.0
2025-01-23 07:00:00+07:00,45.8,45.6,1113.0,0.0
2025-01-23 08:00:00+07:00,50.5,50.4,1212.0,0.0
2025-01-23 09:00:00+07:00,46.6,46.6,1318.0,0.0
2025-01-23 10:00:00+07:00,37.7,37.6,1359.0,0.0
2025-01-23 11:00:00+07:00,34.8,34.6,1294.0,0.0
2025-01-23 12:00:00+07:00,32.0,31.9,1163.0,0.0
2025-01-23 13:00:00+07:00,28.6,28.5,1020.0,0.0
2025-01-23 14:00:00+07:00,25.6,25.4,735.0,0.0
2025-01-23 15:00:00+07:00,23.1,22.9,437.0,0.0
2025-01-23 16:00:00+07:00,21.4,21.3,564.0,0.0
2025-01-23 17:00:00+07:00,21.5,21.5,1592.0,0.0
2025-01-23 18:00:00+07:00,31.1,31.0,3044.0,0.0
2025-01-23 19:00:00+07:00,31.8,31.8,3928.0,0.0
2025-01-23 20:00:00+07:00,34.2,34.2,3675.0,0.0
2025-01-23 21:00:00+07:00,34.1,34.1,2854.0,0.0
2025-01-23 22:00:00+07:00,34.3,34.3,2181.0,0.0
2025-01-23 23:00:00+07:00,36.8,36.8,1972.0,0.0
2025-01-24 00:00:00+07:00,38.6,38.5,1912.0,0.0
2025-01-24 01:00:00+07:00,38.5,38.5,1772.0,0.0
2025-01-24 02:00:00+07:00,38.1,38.1,1395.0,0.0
2025-01-24 03:00:00+07:00,38.4,38.3,939.0,0.0
2025-01-24 04:00:00+07:00,38.9,38.9,640.0,0.0
2025-01-24 05:00:00+07:00,39.2,39.2,628.0,0.0
2025-01-24 06:00:00+07:00,39.1,39.0,774.0,0.0
2025-01-24 07:00:00+07:00,33.3,33.3,933.0,0.0
2025-01-24 08:00:00+07:00,39.7,39.7,1090.0,0.0
2025-01-24 09:00:00+07:00,35.0,35.0,1259.0,0.0
2025-01-24 10:00:00+07:00,27.8,27.8,1340.0,0.0
2025-01-24 11:00:00+07:00,19.6,19.5,1266.0,0.0
2025-01-24 12:00:00+07:00,15.3,15.3,1103.0,0.0
2025-01-24 13:00:00+07:00,13.1,13.1,947.0,0.0
2025-01-24 14:00:00+07:00,11.6,11.6,697.0,0.0
2025-01-24 15:00:00+07:00,10.4,10.4,455.0,0.0
2025-01-24 16:00:00+07:00,9.5,9.5,615.0,0.0
2025-01-24 17:00:00+07:00,9.8,9.8,1628.0,0.0
2025-01-24 18:00:00+07:00,18.3,18.3,3044.0,0.0
2025-01-24 19:00:00+07:00,29.3,29.3,3913.0,0.0
2025-01-24 20:00:00+07:00,33.4,33.4,3701.0,0.0
2025-01-24 21:00:00+07:00,36.9,36.9,2943.0,0.0
2025-01-24 22:00:00+07:00,41.0,41.0,2292.0,0.0
2025-01-24 23:00:00+07:00,43.9,43.9,1988.0,0.0
2025-01-25 00:00:00+07:00,44.5,44.4,1791.0,0.0
2025-01-25 01:00:00+07:00,43.5,43.4,1641.0,0.0
2025-01-25 02:00:00+07:00,42.1,42.0,1531.0,0.0
2025-01-25 03:00:00+07:00,40.3,40.2,1466.0,0.0
2025-01-25 04:00:00+07:00,37.5,37.4,1407.0,0.0
2025-01-25 05:00:00+07:00,34.3,34.2,1336.0,0.0
2025-01-25 06:00:00+07:00,31.8,31.8,1270.0,0.0
2025-01-25 07:00:00+07:00,32.1,32.0,1216.0,0.0
2025-01-25 08:00:00+07:00,39.7,39.6,1182.0,0.0
2025-01-25 09:00:00+07:00,37.0,37.0,1159.0,0.0
2025-01-25 10:00:00+07:00,26.6,26.4,1128.0,0.0
2025-01-25 11:00:00+07:00,23.3,23.1,1080.0,0.0
2025-01-25 12:00:00+07:00,18.6,18.5,1025.0,0.0
2025-01-25 13:00:00+07:00,15.5,15.4,971.0,0.0
2025-01-25 14:00:00+07:00,13.7,13.6,808.0,0.0
2025-01-25 15:00:00+07:00,12.5,12.4,647.0,0.0
2025-01-25 16:00:00+07:00,11.8,11.7,823.0,0.0
2025-01-25 17:00:00+07:00,11.9,11.8,1719.0,0.0
2025-01-25 18:00:00+07:00,21.1,21.0,2953.0,0.0
2025-01-25 19:00:00+07:00,22.9,22.9,3713.0,0.0
2025-01-25 20:00:00+07:00,26.4,26.0,3545.0,0.0
2025-01-25 21:00:00+07:00,28.1,27.5,2902.0,0.0
2025-01-25 22:00:00+07:00,30.0,29.3,2334.0,0.0
2025-01-25 23:00:00+07:00,32.4,31.5,2053.0,0.0
2025-01-26 00:00:00+07:00,33.9,33.1,1846.0,0.0
2025-01-26 01:00:00+07:00,33.1,32.2,1624.0,0.0
2025-01-26 02:00:00+07:00,30.4,29.6,1310.0,0.0
2025-01-26 03:00:00+07:00,27.8,27.0,980.0,0.0
2025-01-26 04:00:00+07:00,25.6,24.8,780.0,0.0
2025-01-26 05:00:00+07:00,23.5,22.8,804.0,0.0
2025-01-26 06:00:00+07:00,22.0,21.3,956.0,0.0
2025-01-26 07:00:00+07:00,27.0,26.3,1099.0,0.0
2025-01-26 08:00:00+07:00,34.0,33.3,1215.0,0.0
2025-01-26 09:00:00+07:00,31.8,31.3,1321.0,0.0
2025-01-26 10:00:00+07:00,26.3,26.3,1328.0,0.0
2025-01-26 11:00:00+07:00,26.8,26.7,1153.0,0.0
2025-01-26 12:00:00+07:00,25.3,25.2,879.0,0.0
2025-01-26 13:00:00+07:00,23.9,23.9,662.0,0.0
2025-01-26 14:00:00+07:00,22.4,22.4,439.0,0.0
2025-01-26 15:00:00+07:00,22.0,21.9,273.0,0.0
2025-01-26 16:00:00+07:00,22.4,22.3,505.0,0.0
2025-01-26 17:00:00+07:00,23.7,23.6,1536.0,0.0
2025-01-26 18:00:00+07:00,32.7,32.6,2965.0,0.0
2025-01-26 19:00:00+07:00,27.8,27.8,3932.0,0.0
2025-01-26 20:00:00+07:00,31.3,31.3,3989.0,0.0
2025-01-26 21:00:00+07:00,31.3,31.3,3584.0,0.0
2025-01-26 22:00:00+07:00,31.9,31.8,3195.0,0.0
2025-01-26 23:00:00+07:00,33.1,33.1,3040.0,0.0
2025-01-27 00:00:00+07:00,33.8,33.6,2902.0,0.0
2025-01-27 01:00:00+07:00,33.6,33.6,2607.0,0.0
2025-01-27 02:00:00+07:00,33.4,33.3,1964.0,0.0
2025-01-27 03:00:00+07:00,29.5,29.4,1164.0,0.0
2025-01-27 04:00:00+07:00,27.5,27.5,608.0,0.0
2025-01-27 05:00:00+07:00,27.1,27.1,512.0,0.0
2025-01-27 06:00:00+07:00,34.3,34.2,660.0,0.0
2025-01-27 07:00:00+07:00,33.6,33.6,808.0,0.0
2025-01-27 08:00:00+07:00,38.2,38.1,895.0,0.0
2025-01-27 09:00:00+07:00,40.3,40.2,983.0,0.0
2025-01-27 10:00:00+07:00,37.7,37.6,1011.0,0.0
2025-01-27 11:00:00+07:00,32.2,32.1,924.0,0.0
2025-01-27 12:00:00+07:00,28.2,28.1,777.0,0.0
2025-01-27 13:00:00+07:00,22.5,22.5,673.0,0.0
2025-01-27 14:00:00+07:00,19.6,19.5,639.0,0.0
2025-01-27 15:00:00+07:00,19.2,19.1,648.0,0.0
2025-01-27 16:00:00+07:00,20.1,20.0,716.0,0.0
2025-01-27 17:00:00+07:00,21.5,21.4,904.0,0.0
2025-01-27 18:00:00+07:00,22.9,22.8,1152.0,0.0
2025-01-27 19:00:00+07:00,42.5,42.4,1293.0,0.0
2025-01-27 20:00:00+07:00,47.5,47.3,1226.0,0.0
2025-01-27 21:00:00+07:00,50.8,50.5,1053.0,0.0
2025-01-27 22:00:00+07:00,51.8,51.6,912.0,0.0
2025-01-27 23:00:00+07:00,54.2,54.0,867.0,0.0
2025-01-28 00:00:00+07:00,55.8,55.5,855.0,0.0
2025-01-28 01:00:00+07:00,55.8,55.4,825.0,0.0
2025-01-28 02:00:00+07:00,54.7,54.4,728.0,0.0
2025-01-28 03:00:00+07:00,54.0,53.7,614.0,1.0
2025-01-28 04:00:00+07:00,53.1,52.7,580.0,1.0
2025-01-28 05:00:00+07:00,52.4,52.0,703.0,1.0
2025-01-28 06:00:00+07:00,51.8,51.5,907.0,1.0
2025-01-28 07:00:00+07:00,51.9,51.5,1053.0,1.0
2025-01-28 08:00:00+07:00,49.4,48.9,1095.0,1.0
2025-01-28 09:00:00+07:00,40.7,40.0,1079.0,1.0
2025-01-28 10:00:00+07:00,37.7,37.0,1016.0,1.0
2025-01-28 11:00:00+07:00,35.4,34.7,875.0,1.0
2025-01-28 12:00:00+07:00,32.8,32.2,685.0,1.0
2025-01-28 13:00:00+07:00,30.4,29.9,544.0,1.0
2025-01-28 14:00:00+07:00,28.5,28.1,416.0,1.0
2025-01-28 15:00:00+07:00,28.5,28.2,337.0,0.0
2025-01-28 16:00:00+07:00,29.0,28.8,509.0,0.0
2025-01-28 17:00:00+07:00,29.9,29.6,1157.0,0.0
2025-01-28 18:00:00+07:00,33.8,33.5,2057.0,0.0
2025-01-28 19:00:00+07:00,34.5,34.2,2741.0,0.0
2025-01-28 20:00:00+07:00,38.3,38.1,3000.0,0.0
2025-01-28 21:00:00+07:00,40.5,40.3,3043.0,0.0
2025-01-28 22:00:00+07:00,41.6,41.3,3031.0,0.0
2025-01-28 23:00:00+07:00,42.1,41.9,3041.0,0.0
2025-01-29 00:00:00+07:00,43.5,43.3,2997.0,0.0
2025-01-29 01:00:00+07:00,44.4,44.2,2823.0,0.0
2025-01-29 02:00:00+07:00,43.9,43.7,2394.0,0.0
2025-01-29 03:00:00+07:00,42.4,42.1,1837.0,0.0
2025-01-29 04:00:00+07:00,41.3,41.1,1456.0,0.0
2025-01-29 05:00:00+07:00,40.6,40.4,1453.0,0.0
2025-01-29 06:00:00+07:00,40.2,39.9,1626.0,0.0
2025-01-29 07:00:00+07:00,32.2,32.1,1677.0,0.0
2025-01-29 08:00:00+07:00,41.6,41.6,1443.0,0.0
2025-01-29 09:00:00+07:00,31.8,31.7,1085.0,0.0
2025-01-29 10:00:00+07:00,20.5,20.2,792.0,0.0
2025-01-29 11:00:00+07:00,18.2,17.9,631.0,0.0
2025-01-29 12:00:00+07:00,17.6,17.3,534.0,0.0
2025-01-29 13:00:00+07:00,18.0,17.7,485.0,0.0
2025-01-29 14:00:00+07:00,18.9,18.5,406.0,0.0
2025-01-29 15:00:00+07:00,21.4,21.0,375.0,0.0
2025-01-29 16:00:00+07:00,22.5,22.1,604.0,0.0
2025-01-29 17:00:00+07:00,23.3,22.9,1336.0,0.0
2025-01-29 18:00:00+07:00,28.9,28.5,2329.0,0.0
2025-01-29 19:00:00+07:00,38.8,38.2,3063.0,1.0
2025-01-29 20:00:00+07:00,41.9,41.3,3314.0,1.0
2025-01-29 21:00:00+07:00,42.8,42.1,3306.0,1.0
2025-01-29 22:00:00+07:00,43.8,43.2,3201.0,1.0
2025-01-29 23:00:00+07:00,45.6,44.9,3016.0,1.0
2025-01-30 00:00:00+07:00,47.5,46.9,2734.0,1.0
2025-01-30 01:00:00+07:00,49.0,48.4,2457.0,1.0
2025-01-30 02:00:00+07:00,48.8,48.2,2209.0,1.0
2025-01-30 03:00:00+07:00,48.4,47.8,1966.0,1.0
2025-01-30 04:00:00+07:00,48.1,47.5,1764.0,1.0
2025-01-30 05:00:00+07:00,47.6,47.0,1641.0,1.0
2025-01-30 06:00:00+07:00,47.1,46.6,1559.0,1.0
2025-01-30 07:00:00+07:00,45.9,45.4,1440.0,1.0
2025-01-30 08:00:00+07:00,50.4,49.9,1228.0,1.0
2025-01-30 09:00:00+07:00,36.6,36.2,979.0,0.0
2025-01-30 10:00:00+07:00,25.5,25.1,777.0,0.0
2025-01-30 11:00:00+07:00,22.6,22.3,661.0,0.0
2025-01-30 12:00:00+07:00,20.6,20.3,592.0,0.0
2025-01-30 13:00:00+07:00,19.2,18.9,546.0,0.0
2025-01-30 14:00:00+07:00,18.3,17.9,413.0,0.0
2025-01-30 15:00:00+07:00,17.3,16.8,303.0,1.0
2025-01-30 16:00:00+07:00,16.8,15.9,512.0,1.0
2025-01-30 17:00:00+07:00,16.6,15.7,1369.0,1.0
2025-01-30 18:00:00+07:00,21.7,20.9,2546.0,1.0
2025-01-30 19:00:00+07:00,30.7,29.8,3360.0,2.0
2025-01-30 20:00:00+07:00,33.4,32.5,3464.0,2.0
2025-01-30 21:00:00+07:00,33.4,32.6,3204.0,1.0
2025-01-30 22:00:00+07:00,31.8,31.1,2941.0,1.0
2025-01-30 23:00:00+07:00,29.5,29.0,2813.0,1.0
2025-01-31 00:00:00+07:00,27.5,27.2,2681.0,0.0
2025-01-31 01:00:00+07:00,26.0,25.8,2487.0,0.0
2025-01-31 02:00:00+07:00,24.9,24.7,2164.0,0.0
2025-01-31 03:00:00+07:00,25.0,24.7,1779.0,0.0
2025-01-31 04:00:00+07:00,25.2,25.0,1475.0,0.0
2025-01-31 05:00:00+07:00,25.8,25.7,1325.0,0.0
2025-01-31 06:00:00+07:00,27.4,27.3,1257.0,0.0
2025-01-31 07:00:00+07:00,33.2,33.1,1196.0,0.0
2025-01-31 08:00:00+07:00,41.1,40.9,1121.0,0.0
2025-01-31 09:00:00+07:00,30.3,30.0,1053.0,0.0
2025-01-31 10:00:00+07:00,20.5,20.1,979.0,0.0
2025-01-31 11:00:00+07:00,15.4,14.9,889.0,0.0
2025-01-31 12:00:00+07:00,13.3,12.6,794.0,1.0
2025-01-31 13:00:00+07:00,12.3,11.4,715.0,1.0
2025-01-31 14:00:00+07:00,11.3,10.4,569.0,1.0
2025-01-31 15:00:00+07:00,10.6,9.7,440.0,2.0
2025-01-31 16:00:00+07:00,10.2,9.2,600.0,2.0
2025-01-31 17:00:00+07:00,10.2,9.3,1364.0,2.0
2025-01-31 18:00:00+07:00,16.4,15.5,2417.0,1.0
2025-01-31 19:00:00+07:00,25.8,25.7,3092.0,0.0
2025-01-31 20:00:00+07:00,29.9,29.7,3032.0,0.0
2025-01-31 21:00:00+07:00,31.4,31.1,2593.0,0.0
2025-01-31 22:00:00+07:00,31.8,31.2,2180.0,0.0
2025-01-31 23:00:00+07:00,33.5,32.7,1941.0,0.0
2025-02-01 00:00:00+07:00,34.3,33.5,1728.0,0.0
2025-02-01 01:00:00+07:00,33.6,32.7,1500.0,0.0
2025-02-01 02:00:00+07:00,31.5,30.7,1190.0,0.0
2025-02-01 03:00:00+07:00,29.6,28.8,865.0,0.0
2025-02-01 04:00:00+07:00,27.6,26.9,684.0,0.0
2025-02-01 05:00:00+07:00,25.6,24.9,779.0,0.0
2025-02-01 06:00:00+07:00,23.8,23.2,1017.0,0.0
2025-02-01 07:00:00+07:00,23.6,23.2,1163.0,0.0
2025-02-01 08:00:00+07:00,33.5,32.8,1100.0,0.0
2025-02-01 09:00:00+07:00,28.1,27.5,945.0,0.0
2025-02-01 10:00:00+07:00,17.4,17.2,805.0,0.0
2025-02-01 11:00:00+07:00,12.3,12.1,715.0,0.0
2025-02-01 12:00:00+07:00,7.6,7.5,641.0,0.0
2025-02-01 13:00:00+07:00,6.2,6.1,588.0,0.0
2025-02-01 14:00:00+07:00,6.1,6.1,476.0,0.0
2025-02-01 15:00:00+07:00,6.3,6.2,385.0,0.0
2025-02-01 16:00:00+07:00,6.5,6.3,560.0,0.0
2025-02-01 17:00:00+07:00,6.9,6.8,1286.0,0.0
2025-02-01 18:00:00+07:00,15.0,14.9,2278.0,0.0
2025-02-01 19:00:00+07:00,27.2,27.1,2921.0,0.0
2025-02-01 20:00:00+07:00,32.0,31.4,2893.0,0.0
2025-02-01 21:00:00+07:00,34.0,33.3,2516.0,0.0
2025-02-01 22:00:00+07:00,36.1,35.2,2139.0,0.0
2025-02-01 23:00:00+07:00,38.5,37.5,1880.0,0.0
2025-02-02 00:00:00+07:00,39.7,38.5,1620.0,0.0
2025-02-02 01:00:00+07:00,38.0,36.9,1354.0,0.0
2025-02-02 02:00:00+07:00,35.2,34.1,1031.0,0.0
2025-02-02 03:00:00+07:00,32.2,31.3,701.0,0.0
2025-02-02 04:00:00+07:00,29.5,28.7,514.0,0.0
2025-02-02 05:00:00+07:00,27.0,26.2,574.0,0.0
2025-02-02 06:00:00+07:00,25.1,24.4,777.0,0.0
2025-02-02 07:00:00+07:00,25.1,24.6,954.0,0.0
2025-02-02 08:00:00+07:00,34.6,34.3,1066.0,0.0
2025-02-02 09:00:00+07:00,34.1,34.0,1153.0,0.0
2025-02-02 10:00:00+07:00,23.7,23.5,1170.0,0.0
2025-02-02 11:00:00+07:00,18.2,17.9,1060.0,0.0
2025-02-02 12:00:00+07:00,13.0,12.7,880.0,0.0
2025-02-02 13:00:00+07:00,11.4,11.1,753.0,0.0
2025-02-02 14:00:00+07:00,10.7,10.5,635.0,0.0
2025-02-02 15:00:00+07:00,10.4,10.1,570.0,0.0
2025-02-02 16:00:00+07:00,10.3,10.0,814.0,0.0
2025-02-02 17:00:00+07:00,10.6,10.4,1716.0,0.0
2025-02-02 18:00:00+07:00,18.9,18.7,2929.0,0.0
2025-02-02 19:00:00+07:00,26.7,26.6,3661.0,0.0
2025-02-02 20:00:00+07:00,32.1,32.0,3457.0,0.0
2025-02-02 21:00:00+07:00,35.9,35.4,2773.0,0.0
2025-02-02 22:00:00+07:00,38.2,37.5,2192.0,0.0
2025-02-02 23:00:00+07:00,40.3,39.5,1960.0,0.0
2025-02-03 00:00:00+07:00,40.9,40.0,1830.0,0.0
2025-02-03 01:00:00+07:00,38.9,38.1,1648.0,0.0
2025-02-03 02:00:00+07:00,35.9,35.3,1293.0,0.0
2025-02-03 03:00:00+07:00,33.1,32.7,886.0,0.0
2025-02-03 04:00:00+07:00,31.0,30.9,631.0,0.0
2025-02-03 05:00:00+07:00,29.2,29.1,657.0,0.0
2025-02-03 06:00:00+07:00,27.8,27.7,835.0,0.0
2025-02-03 07:00:00+07:00,29.0,28.9,987.0,0.0
2025-02-03 08:00:00+07:00,37.5,37.4,1062.0,0.0
2025-02-03 09:00:00+07:00,35.7,35.6,1110.0,0.0
2025-02-03 10:00:00+07:00,27.4,27.1,1103.0,0.0
2025-02-03 11:00:00+07:00,23.9,23.7,1002.0,0.0
2025-02-03 12:00:00+07:00,18.7,18.5,845.0,1.0
2025-02-03 13:00:00+07:00,16.8,16.4,720.0,1.0
2025-02-03 14:00:00+07:00,16.2,15.8,541.0,1.0
2025-02-03 15:00:00+07:00,16.0,15.6,394.0,1.0
2025-02-03 16:00:00+07:00,16.1,15.7,621.0,1.0
2025-02-03 17:00:00+07:00,16.5,16.2,1630.0,1.0
2025-02-03 18:00:00+07:00,27.5,27.2,3014.0,0.0
2025-02-03 19:00:00+07:00,37.6,37.5,3888.0,0.0
2025-02-03 20:00:00+07:00,42.7,42.5,3791.0,0.0
2025-02-03 21:00:00+07:00,44.0,43.8,3184.0,0.0
2025-02-03 22:00:00+07:00,44.8,44.6,2575.0,0.0
2025-02-03 23:00:00+07:00,45.6,45.4,2105.0,0.0
2025-02-04 00:00:00+07:00,43.2,43.1,1632.0,0.0
2025-02-04 01:00:00+07:00,39.7,39.5,1233.0,0.0
2025-02-04 02:00:00+07:00,36.1,35.9,921.0,0.0
2025-02-04 03:00:00+07:00,32.8,32.6,682.0,0.0
2025-02-04 04:00:00+07:00,31.0,30.7,556.0,0.0
2025-02-04 05:00:00+07:00,29.9,29.7,599.0,0.0
2025-02-04 06:00:00+07:00,29.6,29.4,754.0,0.0
2025-02-04 07:00:00+07:00,27.2,27.0,890.0,0.0
2025-02-04 08:00:00+07:00,36.8,36.7,981.0,0.0
2025-02-04 09:00:00+07:00,37.1,37.0,1053.0,0.0
2025-02-04 10:00:00+07:00,34.2,34.1,1051.0,0.0
2025-02-04 11:00:00+07:00,26.2,26.0,916.0,0.0
2025-02-04 12:00:00+07:00,22.0,21.9,707.0,0.0
2025-02-04 13:00:00+07:00,20.1,20.0,548.0,0.0
2025-02-04 14:00:00+07:00,20.1,20.0,438.0,0.0
2025-02-04 15:00:00+07:00,19.0,18.9,378.0,0.0
2025-02-04 16:00:00+07:00,18.8,18.7,492.0,0.0
2025-02-04 17:00:00+07:00,19.1,19.0,965.0,0.0
2025-02-04 18:00:00+07:00,21.1,21.0,1613.0,0.0
2025-02-04 19:00:00+07:00,26.7,26.6,2004.0,0.0
2025-02-04 20:00:00+07:00,26.5,26.4,1870.0,0.0
2025-02-04 21:00:00+07:00,26.3,26.2,1479.0,0.0
2025-02-04 22:00:00+07:00,27.1,27.0,1208.0,0.0
2025-02-04 23:00:00+07:00,28.5,28.4,1240.0,0.0
2025-02-05 00:00:00+07:00,29.6,29.5,1392.0,0.0
2025-02-05 01:00:00+07:00,29.8,29.7,1485.0,0.0
2025-02-05 02:00:00+07:00,29.7,29.6,1423.0,0.0
2025-02-05 03:00:00+07:00,30.5,30.3,1303.0,0.0
2025-02-05 04:00:00+07:00,31.2,31.1,1239.0,0.0
2025-02-05 05:00:00+07:00,32.0,31.8,1327.0,0.0
2025-02-05 06:00:00+07:00,32.9,32.8,1471.0,0.0
2025-02-05 07:00:00+07:00,39.6,39.5,1501.0,0.0
2025-02-05 08:00:00+07:00,44.1,43.9,1303.0,0.0
2025-02-05 09:00:00+07:00,36.4,36.2,991.0,0.0
2025-02-05 10:00:00+07:00,32.1,31.9,741.0,0.0
2025-02-05 11:00:00+07:00,31.0,30.7,629.0,0.0
2025-02-05 12:00:00+07:00,29.7,29.4,580.0,0.0
2025-02-05 13:00:00+07:00,28.8,28.3,542.0,0.0
2025-02-05 14:00:00+07:00,27.2,26.7,403.0,0.0
2025-02-05 15:00:00+07:00,26.2,25.7,276.0,1.0
2025-02-05 16:00:00+07:00,25.4,24.9,445.0,1.0
2025-02-05 17:00:00+07:00,25.3,24.8,1225.0,1.0
2025-02-05 18:00:00+07:00,28.9,28.5,2301.0,0.0
2025-02-05 19:00:00+07:00,36.3,35.9,3016.0,0.0
2025-02-05 20:00:00+07:00,40.3,39.8,3023.0,0.0
2025-02-05 21:00:00+07:00,41.4,41.1,2669.0,0.0
2025-02-05 22:00:00+07:00,42.0,41.7,2332.0,0.0
2025-02-05 23:00:00+07:00,43.3,43.0,2141.0,0.0
2025-02-06 00:00:00+07:00,43.4,43.1,1967.0,0.0
2025-02-06 01:00:00+07:00,42.3,41.9,1804.0,0.0
2025-02-06 02:00:00+07:00,40.7,40.4,1627.0,0.0
2025-02-06 03:00:00+07:00,40.3,39.9,1461.0,0.0
2025-02-06 04:00:00+07:00,40.3,39.9,1367.0,0.0
2025-02-06 05:00:00+07:00,40.3,39.9,1421.0,0.0
2025-02-06 06:00:00+07:00,40.7,40.4,1548.0,1.0
2025-02-06 07:00:00+07:00,46.3,46.0,1586.0,1.0
2025-02-06 08:00:00+07:00,56.8,56.3,1442.0,1.0
2025-02-06 09:00:00+07:00,50.4,49.6,1209.0,1.0
2025-02-06 10:00:00+07:00,38.0,36.9,1006.0,1.0
2025-02-06 11:00:00+07:00,29.4,28.2,878.0,1.0
2025-02-06 12:00:00+07:00,26.2,25.1,781.0,1.0
2025-02-06 13:00:00+07:00,23.9,22.8,696.0,1.0
2025-02-06 14:00:00+07:00,22.1,21.1,517.0,1.0
2025-02-06 15:00:00+07:00,20.8,19.8,351.0,1.0
2025-02-06 16:00:00+07:00,20.0,19.1,503.0,1.0
2025-02-06 17:00:00+07:00,19.9,19.0,1310.0,1.0
2025-02-06 18:00:00+07:00,24.9,24.1,2436.0,1.0
2025-02-06 19:00:00+07:00,29.0,28.5,3170.0,1.0
2025-02-06 20:00:00+07:00,31.8,31.3,3135.0,1.0
2025-02-06 21:00:00+07:00,32.8,32.4,2709.0,1.0
2025-02-06 22:00:00+07:00,33.8,33.3,2320.0,1.0
2025-02-06 23:00:00+07:00,35.2,34.7,2130.0,1.0
2025-02-07 00:00:00+07:00,38.0,37.6,1977.0,0.0
2025-02-07 01:00:00+07:00,39.2,38.9,1801.0,0.0
2025-02-07 02:00:00+07:00,38.8,38.4,1547.0,0.0
2025-02-07 03:00:00+07:00,38.4,38.1,1271.0,0.0
2025-02-07 04:00:00+07:00,38.0,37.6,1081.0,0.0
2025-02-07 05:00:00+07:00,37.1,36.8,1050.0,0.0
2025-02-07 06:00:00+07:00,36.3,36.1,1105.0,0.0
2025-02-07 07:00:00+07:00,40.0,39.6,1140.0,1.0
2025-02-07 08:00:00+07:00,45.9,45.5,1117.0,1.0
2025-02-07 09:00:00+07:00,41.6,41.0,1074.0,1.0
2025-02-07 10:00:00+07:00,34.2,33.6,1012.0,1.0
2025-02-07 11:00:00+07:00,28.8,28.3,925.0,1.0
2025-02-07 12:00:00+07:00,24.6,24.2,819.0,0.0
2025-02-07 13:00:00+07:00,21.9,21.4,719.0,0.0
2025-02-07 14:00:00+07:00,20.7,20.3,537.0,0.0
2025-02-07 15:00:00+07:00,20.3,19.8,361.0,0.0
2025-02-07 16:00:00+07:00,20.1,19.7,474.0,0.0
2025-02-07 17:00:00+07:00,20.2,19.8,1164.0,0.0
2025-02-07 18:00:00+07:00,24.3,23.9,2144.0,0.0
2025-02-07 19:00:00+07:00,30.4,30.0,2832.0,0.0
2025-02-07 20:00:00+07:00,34.2,33.8,2946.0,0.0
2025-02-07 21:00:00+07:00,35.7,35.4,2768.0,0.0
2025-02-07 22:00:00+07:00,37.6,37.1,2567.0,0.0
2025-02-07 23:00:00+07:00,39.7,39.2,2453.0,0.0
2025-02-08 00:00:00+07:00,41.2,40.7,2316.0,0.0
2025-02-08 01:00:00+07:00,41.6,41.1,2095.0,0.0
2025-02-08 02:00:00+07:00,40.7,40.3,1687.0,0.0
2025-02-08 03:00:00+07:00,40.9,40.4,1195.0,0.0
2025-02-08 04:00:00+07:00,41.2,40.7,863.0,0.0
2025-02-08 05:00:00+07:00,40.3,39.9,834.0,0.0
2025-02-08 06:00:00+07:00,40.2,39.8,966.0,0.0
2025-02-08 07:00:00+07:00,38.9,38.5,1072.0,0.0
2025-02-08 08:00:00+07:00,44.1,43.9,1099.0,0.0
2025-02-08 09:00:00+07:00,42.5,42.3,1100.0,0.0
2025-02-08 10:00:00+07:00,40.2,39.9,1051.0,0.0
2025-02-08 11:00:00+07:00,37.8,37.6,912.0,0.0
2025-02-08 12:00:00+07:00,36.4,36.2,724.0,0.0
2025-02-08 13:00:00+07:00,34.9,34.7,583.0,0.0
2025-02-08 14:00:00+07:00,33.5,33.3,464.0,0.0
2025-02-08 15:00:00+07:00,31.9,31.7,392.0,0.0
2025-02-08 16:00:00+07:00,31.0,30.7,544.0,0.0
2025-02-08 17:00:00+07:00,31.3,31.1,1128.0,0.0
2025-02-08 18:00:00+07:00,33.5,33.3,1935.0,0.0
2025-02-08 19:00:00+07:00,51.6,51.1,2516.0,0.0
2025-02-08 20:00:00+07:00,53.1,52.6,2672.0,0.0
2025-02-08 21:00:00+07:00,51.6,51.1,2603.0,0.0
2025-02-08 22:00:00+07:00,48.9,48.5,2456.0,0.0
2025-02-08 23:00:00+07:00,46.8,46.3,2253.0,0.0
2025-02-09 00:00:00+07:00,45.4,44.9,1972.0,0.0
2025-02-09 01:00:00+07:00,43.9,43.5,1695.0,0.0
2025-02-09 02:00:00+07:00,42.1,41.8,1419.0,0.0
2025-02-09 03:00:00+07:00,40.4,40.0,1148.0,0.0
2025-02-09 04:00:00+07:00,38.3,38.0,976.0,0.0
2025-02-09 05:00:00+07:00,36.3,36.0,996.0,0.0
2025-02-09 06:00:00+07:00,34.7,34.5,1115.0,0.0
2025-02-09 07:00:00+07:00,38.3,38.0,1156.0,0.0
2025-02-09 08:00:00+07:00,35.3,35.2,1016.0,0.0
2025-02-09 09:00:00+07:00,20.5,20.4,797.0,0.0
2025-02-09 10:00:00+07:00,15.0,14.9,627.0,0.0
2025-02-09 11:00:00+07:00,14.0,13.9,560.0,0.0
2025-02-09 12:00:00+07:00,14.5,14.4,541.0,0.0
2025-02-09 13:00:00+07:00,16.1,16.0,534.0,0.0
2025-02-09 14:00:00+07:00,18.1,18.0,483.0,0.0
2025-02-09 15:00:00+07:00,19.0,18.9,444.0,0.0
2025-02-09 16:00:00+07:00,20.0,19.8,549.0,0.0
2025-02-09 17:00:00+07:00,20.8,20.7,914.0,0.0
2025-02-09 18:00:00+07:00,23.3,23.2,1424.0,0.0
2025-02-09 19:00:00+07:00,30.5,30.4,1865.0,0.0
2025-02-09 20:00:00+07:00,32.2,32.0,2215.0,0.0
2025-02-09 21:00:00+07:00,31.4,31.3,2497.0,0.0
2025-02-09 22:00:00+07:00,29.9,29.8,2561.0,0.0
2025-02-09 23:00:00+07:00,28.1,27.9,2255.0,0.0
2025-02-10 00:00:00+07:00,26.4,26.3,1731.0,0.0
2025-02-10 01:00:00+07:00,25.1,25.0,1304.0,0.0
2025-02-10 02:00:00+07:00,24.4,24.4,1076.0,0.0
2025-02-10 03:00:00+07:00,24.2,24.1,944.0,0.0
2025-02-10 04:00:00+07:00,23.9,23.9,914.0,0.0
2025-02-10 05:00:00+07:00,24.0,23.9,1067.0,0.0
2025-02-10 06:00:00+07:00,24.4,24.3,1322.0,0.0
2025-02-10 07:00:00+07:00,27.1,27.0,1435.0,0.0
2025-02-10 08:00:00+07:00,32.2,32.2,1256.0,0.0
2025-02-10 09:00:00+07:00,20.3,20.3,935.0,0.0
2025-02-10 10:00:00+07:00,15.0,15.0,681.0,0.0
2025-02-10 11:00:00+07:00,14.7,14.6,578.0,0.0
2025-02-10 12:00:00+07:00,15.6,15.5,543.0,0.0
2025-02-10 13:00:00+07:00,16.4,16.2,528.0,0.0
2025-02-10 14:00:00+07:00,16.6,16.5,430.0,0.0
2025-02-10 15:00:00+07:00,17.1,16.9,354.0,0.0
2025-02-10 16:00:00+07:00,19.2,19.0,564.0,0.0
2025-02-10 17:00:00+07:00,19.1,18.9,1363.0,0.0
2025-02-10 18:00:00+07:00,21.4,21.2,2449.0,0.0
2025-02-10 19:00:00+07:00,26.7,26.5,3180.0,0.0
2025-02-10 20:00:00+07:00,29.6,29.4,3182.0,0.0
2025-02-10 21:00:00+07:00,31.0,30.9,2828.0,0.0
2025-02-10 22:00:00+07:00,32.1,31.9,2597.0,0.0
2025-02-10 23:00:00+07:00,32.7,32.5,2762.0,0.0
2025-02-11 00:00:00+07:00,33.3,33.2,3051.0,0.0
2025-02-11 01:00:00+07:00,33.5,33.3,3122.0,0.0
2025-02-11 02:00:00+07:00,33.3,33.1,2752.0,0.0
2025-02-11 03:00:00+07:00,33.4,33.3,2164.0,0.0
2025-02-11 04:00:00+07:00,33.4,33.2,1691.0,0.0
2025-02-11 05:00:00+07:00,33.1,32.8,1478.0,0.0
2025-02-11 06:00:00+07:00,33.4,33.3,1379.0,0.0
2025-02-11 07:00:00+07:00,39.9,39.8,1296.0,0.0
2025-02-11 08:00:00+07:00,46.0,45.9,1209.0,0.0
2025-02-11 09:00:00+07:00,36.0,35.7,1138.0,0.0
2025-02-11 10:00:00+07:00,26.4,26.3,1038.0,0.0
2025-02-11 11:00:00+07:00,23.4,23.2,866.0,0.0
2025-02-11 12:00:00+07:00,22.8,22.6,666.0,0.0
2025-02-11 13:00:00+07:00,21.8,21.5,525.0,0.0
2025-02-11 14:00:00+07:00,20.7,20.4,402.0,0.0
2025-02-11 15:00:00+07:00,19.5,19.2,339.0,0.0
2025-02-11 16:00:00+07:00,18.7,18.4,547.0,0.0
2025-02-11 17:00:00+07:00,18.2,17.9,1276.0,0.0
2025-02-11 18:00:00+07:00,22.3,22.1,2276.0,0.0
2025-02-11 19:00:00+07:00,27.6,27.5,3007.0,0.0
2025-02-11 20:00:00+07:00,30.0,30.0,3222.0,0.0
2025-02-11 21:00:00+07:00,29.4,29.3,3168.0,0.0
2025-02-11 22:00:00+07:00,28.4,28.3,3053.0,0.0
2025-02-11 23:00:00+07:00,27.2,27.2,2961.0,0.0
2025-02-12 00:00:00+07:00,26.4,26.4,2808.0,0.0
2025-02-12 01:00:00+07:00,25.4,25.3,2544.0,0.0
2025-02-12 02:00:00+07:00,24.7,24.7,2054.0,0.0
2025-02-12 03:00:00+07:00,25.6,25.6,1452.0,0.0
2025-02-12 04:00:00+07:00,26.8,26.8,1039.0,0.0
2025-02-12 05:00:00+07:00,27.8,27.7,990.0,0.0
2025-02-12 06:00:00+07:00,28.9,28.8,1129.0,0.0
2025-02-12 07:00:00+07:00,33.8,33.8,1223.0,0.0
2025-02-12 08:00:00+07:00,41.9,41.9,1178.0,0.0
2025-02-12 09:00:00+07:00,36.0,35.9,1088.0,0.0
2025-02-12 10:00:00+07:00,24.2,24.1,998.0,0.0
2025-02-12 11:00:00+07:00,17.4,17.3,925.0,0.0
2025-02-12 12:00:00+07:00,14.1,14.0,851.0,0.0
2025-02-12 13:00:00+07:00,12.3,12.2,769.0,0.0
2025-02-12 14:00:00+07:00,10.6,10.5,555.0,0.0
2025-02-12 15:00:00+07:00,9.0,8.9,333.0,0.0
2025-02-12 16:00:00+07:00,8.0,7.9,471.0,0.0
2025-02-12 17:00:00+07:00,7.8,7.7,1356.0,0.0
2025-02-12 18:00:00+07:00,14.5,14.4,2601.0,0.0
2025-02-12 19:00:00+07:00,26.0,25.9,3408.0,0.0
2025-02-12 20:00:00+07:00,31.0,30.9,3357.0,0.0
2025-02-12 21:00:00+07:00,32.9,32.8,2867.0,0.0
2025-02-12 22:00:00+07:00,34.8,34.5,2401.0,0.0
2025-02-12 23:00:00+07:00,35.0,34.8,2106.0,0.0
2025-02-13 00:00:00+07:00,33.9,33.8,1834.0,0.0
2025-02-13 01:00:00+07:00,33.5,33.4,1607.0,0.0
2025-02-13 02:00:00+07:00,33.9,33.9,1428.0,0.0
2025-02-13 03:00:00+07:00,33.9,33.9,1295.0,0.0
2025-02-13 04:00:00+07:00,32.8,32.8,1218.0,0.0
2025-02-13 05:00:00+07:00,31.2,31.1,1229.0,0.0
2025-02-13 06:00:00+07:00,30.2,29.9,1296.0,0.0
2025-02-13 07:00:00+07:00,31.2,30.6,1339.0,0.0
2025-02-13 08:00:00+07:00,40.5,39.9,1334.0,0.0
2025-02-13 09:00:00+07:00,37.1,36.9,1306.0,0.0
2025-02-13 10:00:00+07:00,28.8,28.6,1242.0,0.0
2025-02-13 11:00:00+07:00,19.7,19.6,1127.0,0.0
2025-02-13 12:00:00+07:00,15.6,15.4,977.0,0.0
2025-02-13 13:00:00+07:00,14.4,14.2,830.0,0.0
2025-02-13 14:00:00+07:00,13.2,13.0,597.0,0.0
2025-02-13 15:00:00+07:00,12.0,11.8,368.0,1.0
2025-02-13 16:00:00+07:00,11.5,11.1,446.0,1.0
2025-02-13 17:00:00+07:00,11.8,11.3,1149.0,1.0
2025-02-13 18:00:00+07:00,20.2,19.7,2160.0,1.0
2025-02-13 19:00:00+07:00,26.7,26.6,2835.0,0.0
2025-02-13 20:00:00+07:00,33.3,32.7,2858.0,0.0
2025-02-13 21:00:00+07:00,36.9,36.1,2544.0,0.0
2025-02-13 22:00:00+07:00,37.8,36.8,2194.0,0.0
2025-02-13 23:00:00+07:00,37.1,36.1,1880.0,0.0
2025-02-14 00:00:00+07:00,36.8,35.7,1528.0,0.0
2025-02-14 01:00:00+07:00,35.7,34.6,1221.0,0.0
2025-02-14 02:00:00+07:00,33.4,32.4,962.0,0.0
2025-02-14 03:00:00+07:00,30.9,29.9,747.0,0.0
2025-02-14 04:00:00+07:00,28.8,27.9,646.0,0.0
2025-02-14 05:00:00+07:00,27.2,26.4,729.0,0.0
2025-02-14 06:00:00+07:00,26.0,25.3,925.0,0.0
2025-02-14 07:00:00+07:00,25.8,25.1,1094.0,0.0
2025-02-14 08:00:00+07:00,36.8,35.9,1212.0,0.0
2025-02-14 09:00:00+07:00,34.6,33.8,1303.0,1.0
2025-02-14 10:00:00+07:00,21.5,21.0,1299.0,1.0
2025-02-14 11:00:00+07:00,15.1,14.3,1128.0,2.0
2025-02-14 12:00:00+07:00,12.5,11.5,863.0,2.0
2025-02-14 13:00:00+07:00,11.1,9.9,651.0,3.0
2025-02-14 14:00:00+07:00,10.5,9.1,453.0,3.0
2025-02-14 15:00:00+07:00,10.6,9.0,309.0,4.0
2025-02-14 16:00:00+07:00,11.1,9.4,489.0,4.0
2025-02-14 17:00:00+07:00,12.1,10.3,1322.0,4.0
2025-02-14 18:00:00+07:00,22.9,21.2,2480.0,3.0
2025-02-14 19:00:00+07:00,31.3,30.0,3247.0,3.0
2025-02-14 20:00:00+07:00,38.3,36.9,3277.0,3.0
2025-02-14 21:00:00+07:00,42.7,41.4,2917.0,2.0
2025-02-14 22:00:00+07:00,43.9,42.7,2494.0,2.0
2025-02-14 23:00:00+07:00,42.6,41.6,2068.0,2.0
2025-02-15 00:00:00+07:00,41.7,40.6,1578.0,2.0
2025-02-15 01:00:00+07:00,41.0,39.9,1171.0,2.0
2025-02-15 02:00:00+07:00,40.3,39.1,883.0,2.0
2025-02-15 03:00:00+07:00,39.3,38.2,677.0,3.0
2025-02-15 04:00:00+07:00,38.1,36.8,586.0,3.0
2025-02-15 05:00:00+07:00,36.8,35.4,678.0,3.0
2025-02-15 06:00:00+07:00,36.0,34.5,884.0,3.0
2025-02-15 07:00:00+07:00,36.3,34.8,1033.0,3.0
2025-02-15 08:00:00+07:00,48.0,46.4,1049.0,4.0
2025-02-15 09:00:00+07:00,48.0,46.1,1007.0,5.0
2025-02-15 10:00:00+07:00,40.2,37.0,964.0,6.0
2025-02-15 11:00:00+07:00,36.8,33.3,951.0,6.0
2025-02-15 12:00:00+07:00,35.2,32.1,936.0,6.0
2025-02-15 13:00:00+07:00,33.3,30.5,882.0,6.0
2025-02-15 14:00:00+07:00,31.5,28.8,655.0,6.0
2025-02-15 15:00:00+07:00,30.3,27.5,389.0,6.0
2025-02-15 16:00:00+07:00,29.7,26.8,447.0,6.0
2025-02-15 17:00:00+07:00,30.0,27.2,1188.0,6.0
2025-02-15 18:00:00+07:00,39.6,37.1,2253.0,5.0
2025-02-15 19:00:00+07:00,38.0,36.8,2934.0,2.0
2025-02-15 20:00:00+07:00,43.7,42.5,2849.0,2.0
2025-02-15 21:00:00+07:00,46.9,45.8,2379.0,2.0
2025-02-15 22:00:00+07:00,50.2,49.2,1957.0,2.0
2025-02-15 23:00:00+07:00,49.0,48.3,1746.0,2.0
2025-02-16 00:00:00+07:00,44.9,44.4,1582.0,1.0
2025-02-16 01:00:00+07:00,41.4,40.9,1407.0,1.0
2025-02-16 02:00:00+07:00,38.6,38.1,1162.0,1.0
2025-02-16 03:00:00+07:00,36.6,36.0,906.0,1.0
2025-02-16 04:00:00+07:00,34.9,34.3,751.0,1.0
2025-02-16 05:00:00+07:00,33.6,33.1,767.0,1.0
2025-02-16 06:00:00+07:00,33.1,32.6,885.0,1.0
2025-02-16 07:00:00+07:00,36.7,36.0,1013.0,1.0
2025-02-16 08:00:00+07:00,47.8,47.3,1160.0,2.0
2025-02-16 09:00:00+07:00,43.5,42.5,1318.0,2.0
2025-02-16 10:00:00+07:00,34.9,33.2,1369.0,3.0
2025-02-16 11:00:00+07:00,27.9,25.8,1226.0,3.0
2025-02-16 12:00:00+07:00,22.2,20.1,976.0,4.0
2025-02-16 13:00:00+07:00,19.7,17.8,765.0,4.0
2025-02-16 14:00:00+07:00,18.9,17.1,551.0,4.0
2025-02-16 15:00:00+07:00,18.3,16.5,377.0,4.0
2025-02-16 16:00:00+07:00,18.3,16.5,517.0,4.0
2025-02-16 17:00:00+07:00,18.8,16.9,1301.0,4.0
2025-02-16 18:00:00+07:00,27.8,26.1,2398.0,3.0
2025-02-16 19:00:00+07:00,41.2,39.6,3091.0,3.0
2025-02-16 20:00:00+07:00,45.9,44.1,3000.0,3.0
2025-02-16 21:00:00+07:00,48.5,46.9,2505.0,3.0
2025-02-16 22:00:00+07:00,50.8,49.5,2031.0,3.0
2025-02-16 23:00:00+07:00,49.0,48.0,1722.0,3.0
2025-02-17 00:00:00+07:00,45.9,44.9,1434.0,2.0
2025-02-17 01:00:00+07:00,42.0,41.2,1160.0,2.0
2025-02-17 02:00:00+07:00,38.3,37.5,857.0,2.0
2025-02-17 03:00:00+07:00,34.8,34.0,568.0,2.0
2025-02-17 04:00:00+07:00,31.5,30.7,417.0,2.0
2025-02-17 05:00:00+07:00,29.2,28.3,509.0,2.0
2025-02-17 06:00:00+07:00,28.2,27.3,739.0,2.0
2025-02-17 07:00:00+07:00,37.3,35.6,913.0,3.0
2025-02-17 08:00:00+07:00,45.9,44.6,952.0,4.0
2025-02-17 09:00:00+07:00,43.3,41.7,934.0,5.0
2025-02-17 10:00:00+07:00,38.0,34.8,901.0,6.0
2025-02-17 11:00:00+07:00,31.4,28.2,864.0,5.0
2025-02-17 12:00:00+07:00,27.0,24.7,811.0,4.0
2025-02-17 13:00:00+07:00,26.1,24.5,747.0,3.0
2025-02-17 14:00:00+07:00,25.7,24.3,551.0,3.0
2025-02-17 15:00:00+07:00,25.0,23.7,345.0,3.0
2025-02-17 16:00:00+07:00,24.4,23.1,496.0,3.0
2025-02-17 17:00:00+07:00,24.7,23.3,1402.0,3.0
2025-02-17 18:00:00+07:00,33.2,32.0,2666.0,2.0
2025-02-17 19:00:00+07:00,47.6,46.1,3464.0,3.0
2025-02-17 20:00:00+07:00,51.0,49.5,3351.0,3.0
2025-02-17 21:00:00+07:00,50.4,48.9,2771.0,3.0
2025-02-17 22:00:00+07:00,49.5,48.2,2233.0,3.0
2025-02-17 23:00:00+07:00,50.8,49.5,1911.0,3.0
2025-02-18 00:00:00+07:00,50.1,49.0,1629.0,2.0
2025-02-18 01:00:00+07:00,46.7,45.8,1372.0,2.0
2025-02-18 02:00:00+07:00,42.7,41.9,1111.0,2.0
2025-02-18 03:00:00+07:00,38.6,38.0,873.0,1.0
2025-02-18 04:00:00+07:00,35.3,34.6,728.0,1.0
2025-02-18 05:00:00+07:00,33.4,32.7,717.0,1.0
2025-02-18 06:00:00+07:00,33.6,32.9,797.0,1.0
2025-02-18 07:00:00+07:00,38.9,37.8,913.0,2.0
2025-02-18 08:00:00+07:00,48.9,48.0,1095.0,2.0
2025-02-18 09:00:00+07:00,48.2,47.4,1312.0,3.0
2025-02-18 10:00:00+07:00,37.5,36.0,1412.0,3.0
2025-02-18 11:00:00+07:00,34.9,33.1,1295.0,3.0
2025-02-18 12:00:00+07:00,33.4,31.7,1062.0,3.0
2025-02-18 13:00:00+07:00,32.6,31.2,856.0,3.0
2025-02-18 14:00:00+07:00,32.0,30.6,628.0,3.0
2025-02-18 15:00:00+07:00,31.3,30.2,428.0,2.0
2025-02-18 16:00:00+07:00,31.0,29.8,553.0,2.0
2025-02-18 17:00:00+07:00,32.7,31.8,1285.0,2.0
2025-02-18 18:00:00+07:00,40.7,39.9,2341.0,1.0
2025-02-18 19:00:00+07:00,47.3,46.1,3176.0,2.0
2025-02-18 20:00:00+07:00,48.1,47.0,3632.0,2.0
2025-02-18 21:00:00+07:00,47.7,46.7,3866.0,1.0
2025-02-18 22:00:00+07:00,47.7,46.9,3799.0,1.0
2025-02-18 23:00:00+07:00,48.5,47.7,3258.0,1.0
2025-02-19 00:00:00+07:00,49.7,49.0,2416.0,1.0
2025-02-19 01:00:00+07:00,49.6,48.9,1711.0,1.0
2025-02-19 02:00:00+07:00,48.5,48.1,1294.0,1.0
2025-02-19 03:00:00+07:00,48.5,48.1,1014.0,1.0
2025-02-19 04:00:00+07:00,48.3,47.8,862.0,1.0
2025-02-19 05:00:00+07:00,48.7,48.2,889.0,1.0
2025-02-19 06:00:00+07:00,48.4,47.8,1043.0,1.0
2025-02-19 07:00:00+07:00,51.9,51.2,1160.0,1.0
2025-02-19 08:00:00+07:00,49.1,48.5,1192.0,1.0
2025-02-19 09:00:00+07:00,43.1,42.3,1186.0,1.0
2025-02-19 10:00:00+07:00,41.1,40.2,1123.0,1.0
2025-02-19 11:00:00+07:00,43.0,42.0,957.0,1.0
2025-02-19 12:00:00+07:00,43.0,42.1,735.0,1.0
2025-02-19 13:00:00+07:00,42.5,41.4,569.0,1.0
2025-02-19 14:00:00+07:00,41.2,39.8,410.0,1.0
2025-02-19 15:00:00+07:00,39.1,37.8,307.0,2.0
2025-02-19 16:00:00+07:00,38.6,37.3,532.0,2.0
2025-02-19 17:00:00+07:00,39.5,38.0,1463.0,2.0
2025-02-19 18:00:00+07:00,46.3,45.2,2720.0,2.0
2025-02-19 19:00:00+07:00,32.0,31.1,3434.0,2.0
2025-02-19 20:00:00+07:00,35.7,34.8,3042.0,2.0
2025-02-19 21:00:00+07:00,38.5,37.5,2107.0,2.0
2025-02-19 22:00:00+07:00,42.1,41.0,1449.0,2.0
2025-02-19 23:00:00+07:00,46.7,45.5,1487.0,2.0
2025-02-20 00:00:00+07:00,51.8,50.6,1802.0,2.0
2025-02-20 01:00:00+07:00,55.2,53.9,1963.0,2.0
2025-02-20 02:00:00+07:00,55.9,54.6,1738.0,2.0
2025-02-20 03:00:00+07:00,55.6,54.4,1358.0,2.0
2025-02-20 04:00:00+07:00,55.8,54.5,1084.0,2.0
2025-02-20 05:00:00+07:00,56.0,54.7,1046.0,2.0
2025-02-20 06:00:00+07:00,56.6,55.3,1113.0,2.0
2025-02-20 07:00:00+07:00,44.0,43.2,1156.0,1.0
2025-02-20 08:00:00+07:00,52.2,51.3,1133.0,1.0
2025-02-20 09:00:00+07:00,43.5,42.6,1086.0,2.0
2025-02-20 10:00:00+07:00,38.8,37.5,1003.0,2.0
2025-02-20 11:00:00+07:00,37.3,36.0,853.0,2.0
2025-02-20 12:00:00+07:00,34.6,33.3,668.0,2.0
2025-02-20 13:00:00+07:00,31.3,30.2,533.0,2.0
2025-02-20 14:00:00+07:00,37.8,35.7,449.0,2.0
2025-02-20 15:00:00+07:00,27.6,26.3,415.0,2.0
2025-02-20 16:00:00+07:00,27.9,26.5,508.0,2.0
2025-02-20 17:00:00+07:00,28.7,27.3,816.0,2.0
2025-02-20 18:00:00+07:00,30.5,29.4,1251.0,2.0
2025-02-20 19:00:00+07:00,38.0,35.5,1625.0,5.0
2025-02-20 20:00:00+07:00,38.0,35.7,1871.0,5.0
2025-02-20 21:00:00+07:00,37.0,34.9,2057.0,4.0
2025-02-20 22:00:00+07:00,38.3,36.2,2190.0,4.0
2025-02-20 23:00:00+07:00,40.7,38.8,2308.0,4.0
2025-02-21 00:00:00+07:00,43.7,41.6,2375.0,4.0
2025-02-21 01:00:00+07:00,46.8,44.7,2290.0,4.0
2025-02-21 02:00:00+07:00,47.3,45.3,1921.0,4.0
2025-02-21 03:00:00+07:00,46.4,44.5,1401.0,3.0
2025-02-21 04:00:00+07:00,45.3,43.4,1028.0,3.0
2025-02-21 05:00:00+07:00,44.8,43.0,956.0,3.0
2025-02-21 06:00:00+07:00,45.4,43.5,1030.0,3.0
2025-02-21 07:00:00+07:00,48.8,47.3,1086.0,3.0
2025-02-21 08:00:00+07:00,52.7,51.8,1075.0,3.0
2025-02-21 09:00:00+07:00,46.8,45.4,1047.0,4.0
2025-02-21 10:00:00+07:00,36.8,34.7,981.0,4.0
2025-02-21 11:00:00+07:00,35.2,32.9,845.0,4.0
2025-02-21 12:00:00+07:00,31.2,29.1,672.0,4.0
2025-02-21 13:00:00+07:00,27.2,25.3,542.0,4.0
2025-02-21 14:00:00+07:00,25.0,23.1,454.0,4.0
2025-02-21 15:00:00+07:00,23.4,21.3,410.0,4.0
2025-02-21 16:00:00+07:00,22.7,20.5,496.0,4.0
2025-02-21 17:00:00+07:00,23.5,21.4,839.0,4.0
2025-02-21 18:00:00+07:00,26.9,25.1,1311.0,4.0
2025-02-21 19:00:00+07:00,29.8,27.1,1616.0,5.0
2025-02-21 20:00:00+07:00,33.6,30.7,1552.0,5.0
2025-02-21 21:00:00+07:00,36.8,33.9,1321.0,6.0
2025-02-21 22:00:00+07:00,40.5,37.6,1229.0,6.0
2025-02-21 23:00:00+07:00,44.6,41.6,1500.0,6.0
2025-02-22 00:00:00+07:00,47.1,44.1,1909.0,5.0
2025-02-22 01:00:00+07:00,46.6,43.9,2094.0,5.0
2025-02-22 02:00:00+07:00,44.8,42.3,1812.0,5.0
2025-02-22 03:00:00+07:00,43.9,41.6,1304.0,4.0
2025-02-22 04:00:00+07:00,44.1,42.0,935.0,4.0
2025-02-22 05:00:00+07:00,45.2,43.1,880.0,4.0
2025-02-22 06:00:00+07:00,46.3,44.4,963.0,3.0
2025-02-22 07:00:00+07:00,43.8,42.1,1017.0,3.0
2025-02-22 08:00:00+07:00,49.6,48.3,974.0,3.0
2025-02-22 09:00:00+07:00,38.2,36.7,902.0,2.0
2025-02-22 10:00:00+07:00,36.7,35.3,832.0,2.0
2025-02-22 11:00:00+07:00,33.5,32.1,772.0,2.0
2025-02-22 12:00:00+07:00,28.9,27.5,715.0,2.0
2025-02-22 13:00:00+07:00,24.6,23.2,666.0,2.0
2025-02-22 14:00:00+07:00,22.8,21.1,554.0,3.0
2025-02-22 15:00:00+07:00,21.9,20.1,450.0,3.0
2025-02-22 16:00:00+07:00,21.2,19.3,578.0,4.0
2025-02-22 17:00:00+07:00,21.2,19.1,1154.0,4.0
2025-02-22 18:00:00+07:00,25.2,23.4,1961.0,4.0
2025-02-22 19:00:00+07:00,31.3,28.8,2575.0,5.0
2025-02-22 20:00:00+07:00,34.8,32.4,2791.0,5.0
2025-02-22 21:00:00+07:00,34.0,31.7,2813.0,4.0
2025-02-22 22:00:00+07:00,34.1,31.9,2831.0,4.0
2025-02-22 23:00:00+07:00,35.3,33.1,2986.0,4.0
2025-02-23 00:00:00+07:00,35.7,33.4,3135.0,4.0
2025-02-23 01:00:00+07:00,35.9,33.5,3043.0,4.0
2025-02-23 02:00:00+07:00,36.0,33.6,2478.0,4.0
2025-02-23 03:00:00+07:00,36.2,33.6,1671.0,4.0
2025-02-23 04:00:00+07:00,36.1,33.4,1075.0,4.0
2025-02-23 05:00:00+07:00,35.6,32.9,923.0,4.0
2025-02-23 06:00:00+07:00,35.3,32.8,983.0,3.0
2025-02-23 07:00:00+07:00,37.1,34.9,1010.0,4.0
2025-02-23 08:00:00+07:00,40.4,38.3,908.0,4.0
2025-02-23 09:00:00+07:00,35.5,33.4,774.0,4.0
2025-02-23 10:00:00+07:00,32.4,30.2,655.0,4.0
2025-02-23 11:00:00+07:00,34.5,32.4,557.0,4.0
2025-02-23 12:00:00+07:00,35.6,33.8,474.0,3.0
2025-02-23 13:00:00+07:00,34.6,32.9,434.0,3.0
2025-02-23 14:00:00+07:00,32.8,31.2,402.0,3.0
2025-02-23 15:00:00+07:00,31.5,30.0,413.0,2.0
2025-02-23 16:00:00+07:00,32.5,31.0,602.0,2.0
2025-02-23 17:00:00+07:00,33.9,32.4,1125.0,2.0
2025-02-23 18:00:00+07:00,32.8,31.9,1827.0,1.0
2025-02-23 19:00:00+07:00,37.6,36.4,2373.0,2.0
2025-02-23 20:00:00+07:00,42.5,41.3,2699.0,2.0
2025-02-23 21:00:00+07:00,44.4,43.2,2871.0,2.0
2025-02-23 22:00:00+07:00,45.5,44.4,2750.0,2.0
2025-02-23 23:00:00+07:00,48.3,47.3,2109.0,2.0
2025-02-24 00:00:00+07:00,44.1,43.2,1175.0,2.0
2025-02-24 01:00:00+07:00,45.8,44.6,493.0,2.0
2025-02-24 02:00:00+07:00,46.1,44.9,320.0,2.0
2025-02-24 03:00:00+07:00,42.5,41.4,400.0,1.0
2025-02-24 04:00:00+07:00,36.8,35.9,503.0,1.0
2025-02-24 05:00:00+07:00,26.6,26.1,571.0,1.0
2025-02-24 06:00:00+07:00,23.2,22.8,663.0,1.0
2025-02-24 07:00:00+07:00,45.2,44.5,729.0,1.0
2025-02-24 08:00:00+07:00,49.4,48.5,751.0,1.0
2025-02-24 09:00:00+07:00,50.8,49.8,747.0,1.0
2025-02-24 10:00:00+07:00,43.0,42.1,723.0,1.0
2025-02-24 11:00:00+07:00,27.2,26.7,662.0,1.0
2025-02-24 12:00:00+07:00,20.3,19.8,581.0,0.0
2025-02-24 13:00:00+07:00,18.2,17.9,534.0,0.0
2025-02-24 14:00:00+07:00,16.8,16.5,519.0,0.0
2025-02-24 15:00:00+07:00,16.8,16.5,538.0,0.0
2025-02-24 16:00:00+07:00,16.9,16.6,657.0,0.0
2025-02-24 17:00:00+07:00,17.0,16.8,989.0,0.0
2025-02-24 18:00:00+07:00,18.3,18.0,1422.0,0.0
2025-02-24 19:00:00+07:00,31.9,31.7,1677.0,0.0
2025-02-24 20:00:00+07:00,36.2,35.9,1585.0,0.0
2025-02-24 21:00:00+07:00,37.5,37.3,1316.0,0.0
2025-02-24 22:00:00+07:00,36.0,35.6,1107.0,0.0
2025-02-24 23:00:00+07:00,31.3,31.1,1075.0,0.0
2025-02-25 00:00:00+07:00,26.1,25.8,1103.0,0.0
2025-02-25 01:00:00+07:00,23.9,23.6,1079.0,0.0
2025-02-25 02:00:00+07:00,22.5,22.2,909.0,0.0
2025-02-25 03:00:00+07:00,21.9,21.8,688.0,0.0
2025-02-25 04:00:00+07:00,22.5,22.3,583.0,0.0
2025-02-25 05:00:00+07:00,23.2,23.0,729.0,0.0
2025-02-25 06:00:00+07:00,25.0,24.7,992.0,0.0
2025-02-25 07:00:00+07:00,23.9,23.7,1142.0,0.0
2025-02-25 08:00:00+07:00,25.1,25.0,1054.0,0.0
2025-02-25 09:00:00+07:00,26.5,26.3,852.0,0.0
2025-02-25 10:00:00+07:00,24.6,24.3,677.0,0.0
2025-02-25 11:00:00+07:00,25.6,25.3,571.0,0.0
2025-02-25 12:00:00+07:00,26.8,26.5,491.0,0.0
2025-02-25 13:00:00+07:00,26.4,26.1,452.0,0.0
2025-02-25 14:00:00+07:00,25.2,24.9,387.0,0.0
2025-02-25 15:00:00+07:00,24.2,23.9,362.0,0.0
2025-02-25 16:00:00+07:00,23.4,23.1,588.0,0.0
2025-02-25 17:00:00+07:00,26.0,25.7,1296.0,0.0
2025-02-25 18:00:00+07:00,26.3,26.0,2255.0,0.0
2025-02-25 19:00:00+07:00,39.3,39.0,2987.0,0.0
2025-02-25 20:00:00+07:00,38.9,38.6,3311.0,0.0
2025-02-25 21:00:00+07:00,37.5,37.1,3408.0,0.0
2025-02-25 22:00:00+07:00,36.6,36.3,3339.0,0.0
2025-02-25 23:00:00+07:00,36.6,36.3,3076.0,0.0
2025-02-26 00:00:00+07:00,37.7,37.5,2646.0,0.0
2025-02-26 01:00:00+07:00,39.8,39.6,2198.0,0.0
2025-02-26 02:00:00+07:00,41.6,41.4,1716.0,0.0
2025-02-26 03:00:00+07:00,43.1,42.8,1215.0,0.0
2025-02-26 04:00:00+07:00,43.2,43.1,885.0,0.0
2025-02-26 05:00:00+07:00,41.6,41.4,863.0,0.0
2025-02-26 06:00:00+07:00,35.4,35.3,1012.0,0.0
2025-02-26 07:00:00+07:00,32.4,32.1,1115.0,0.0
2025-02-26 08:00:00+07:00,28.7,28.5,1090.0,0.0
2025-02-26 09:00:00+07:00,22.2,22.1,1019.0,0.0
2025-02-26 10:00:00+07:00,18.4,18.2,932.0,0.0
2025-02-26 11:00:00+07:00,16.2,16.1,819.0,0.0
2025-02-26 12:00:00+07:00,16.5,16.4,690.0,0.0
2025-02-26 13:00:00+07:00,16.1,15.9,608.0,0.0
2025-02-26 14:00:00+07:00,15.4,15.1,552.0,0.0
2025-02-26 15:00:00+07:00,15.5,15.1,542.0,1.0
2025-02-26 16:00:00+07:00,18.2,17.6,701.0,1.0
2025-02-26 17:00:00+07:00,19.1,18.4,1149.0,1.0
2025-02-26 18:00:00+07:00,20.8,20.3,1767.0,1.0
2025-02-26 19:00:00+07:00,25.6,25.3,2314.0,0.0
2025-02-26 20:00:00+07:00,33.9,33.5,2774.0,0.0
2025-02-26 21:00:00+07:00,38.5,38.2,3165.0,0.0
2025-02-26 22:00:00+07:00,41.6,41.3,3295.0,0.0
2025-02-26 23:00:00+07:00,42.8,42.5,3000.0,0.0
2025-02-27 00:00:00+07:00,43.2,43.0,2446.0,0.0
2025-02-27 01:00:00+07:00,42.7,42.4,1938.0,0.0
2025-02-27 02:00:00+07:00,41.7,41.3,1550.0,0.0
2025-02-27 03:00:00+07:00,40.5,40.3,1210.0,0.0
2025-02-27 04:00:00+07:00,43.2,43.0,1003.0,0.0
2025-02-27 05:00:00+07:00,42.0,41.8,1028.0,0.0
2025-02-27 06:00:00+07:00,40.5,40.3,1186.0,0.0
2025-02-27 07:00:00+07:00,28.3,28.2,1276.0,0.0
2025-02-27 08:00:00+07:00,31.9,31.7,1200.0,1.0
2025-02-27 09:00:00+07:00,25.6,25.1,1055.0,1.0
2025-02-27 10:00:00+07:00,16.8,15.8,926.0,2.0
2025-02-27 11:00:00+07:00,11.6,10.7,843.0,2.0
2025-02-27 12:00:00+07:00,9.3,8.6,775.0,1.0
2025-02-27 13:00:00+07:00,8.8,8.0,717.0,1.0
2025-02-27 14:00:00+07:00,8.4,7.6,584.0,1.0
2025-02-27 15:00:00+07:00,8.3,7.5,460.0,2.0
2025-02-27 16:00:00+07:00,8.3,7.5,598.0,2.0
2025-02-27 17:00:00+07:00,8.6,7.7,1236.0,2.0
2025-02-27 18:00:00+07:00,13.9,13.1,2136.0,1.0
2025-02-27 19:00:00+07:00,22.4,21.3,2831.0,2.0
2025-02-27 20:00:00+07:00,28.1,27.0,3134.0,2.0
2025-02-27 21:00:00+07:00,31.8,30.7,3232.0,2.0
2025-02-27 22:00:00+07:00,34.6,33.3,3218.0,2.0
2025-02-27 23:00:00+07:00,36.2,34.8,3134.0,2.0
2025-02-28 00:00:00+07:00,36.8,35.6,2937.0,1.0
2025-02-28 01:00:00+07:00,36.9,35.9,2595.0,1.0
2025-02-28 02:00:00+07:00,36.1,35.2,1961.0,1.0
2025-02-28 03:00:00+07:00,34.5,33.6,1182.0,1.0
2025-02-28 04:00:00+07:00,32.5,31.7,660.0,1.0
2025-02-28 05:00:00+07:00,31.2,30.4,630.0,1.0
2025-02-28 06:00:00+07:00,31.1,30.4,859.0,1.0
2025-02-28 07:00:00+07:00,28.1,27.1,1047.0,1.0
2025-02-28 08:00:00+07:00,40.5,39.5,1087.0,1.0
2025-02-28 09:00:00+07:00,26.2,25.2,1088.0,2.0
2025-02-28 10:00:00+07:00,18.5,17.3,1076.0,2.0
2025-02-28 11:00:00+07:00,13.7,12.8,1073.0,2.0
2025-02-28 12:00:00+07:00,11.8,10.9,1057.0,2.0
2025-02-28 13:00:00+07:00,10.8,9.9,993.0,2.0
2025-02-28 14:00:00+07:00,10.4,9.5,726.0,2.0
2025-02-28 15:00:00+07:00,10.0,9.1,410.0,2.0
2025-02-28 16:00:00+07:00,9.9,8.9,474.0,2.0
2025-02-28 17:00:00+07:00,10.0,9.0,1327.0,2.0
2025-02-28 18:00:00+07:00,15.4,14.6,2559.0,2.0
2025-02-28 19:00:00+07:00,29.0,28.7,3371.0,1.0
2025-02-28 20:00:00+07:00,35.3,34.8,3364.0,1.0
2025-02-28 21:00:00+07:00,39.8,39.0,2937.0,1.0
2025-02-28 22:00:00+07:00,42.8,41.8,2487.0,1.0
2025-02-28 23:00:00+07:00,46.0,44.7,2127.0,1.0
2025-03-01 00:00:00+07:00,46.7,45.5,1743.0,0.0
2025-03-01 01:00:00+07:00,45.5,44.5,1392.0,0.0
2025-03-01 02:00:00+07:00,43.8,42.8,1059.0,0.0
2025-03-01 03:00:00+07:00,41.9,41.0,759.0,0.0
2025-03-01 04:00:00+07:00,39.8,39.0,596.0,0.0
2025-03-01 05:00:00+07:00,37.8,37.1,666.0,0.0
2025-03-01 06:00:00+07:00,36.8,36.1,872.0,0.0
2025-03-01 07:00:00+07:00,28.6,28.1,1030.0,0.0
2025-03-01 08:00:00+07:00,35.5,34.8,1077.0,0.0
2025-03-01 09:00:00+07:00,27.5,27.1,1075.0,1.0
2025-03-01 10:00:00+07:00,20.5,19.9,1029.0,1.0
2025-03-01 11:00:00+07:00,15.7,15.0,914.0,1.0
2025-03-01 12:00:00+07:00,12.0,11.5,754.0,1.0
2025-03-01 13:00:00+07:00,9.1,8.4,628.0,1.0
2025-03-01 14:00:00+07:00,7.4,6.5,461.0,2.0
2025-03-01 15:00:00+07:00,6.9,5.8,329.0,2.0
2025-03-01 16:00:00+07:00,6.9,5.5,533.0,3.0
2025-03-01 17:00:00+07:00,7.0,5.5,1415.0,3.0
2025-03-01 18:00:00+07:00,12.9,11.5,2634.0,2.0
2025-03-01 19:00:00+07:00,23.2,23.1,3471.0,0.0
2025-03-01 20:00:00+07:00,31.1,30.5,3603.0,0.0
2025-03-01 21:00:00+07:00,34.6,33.8,3353.0,0.0
2025-03-01 22:00:00+07:00,36.3,35.5,2977.0,0.0
2025-03-01 23:00:00+07:00,39.1,38.2,2490.0,0.0
2025-03-02 00:00:00+07:00,39.1,38.3,1876.0,0.0
2025-03-02 01:00:00+07:00,36.1,35.3,1341.0,0.0
2025-03-02 02:00:00+07:00,32.6,31.9,921.0,0.0
2025-03-02 03:00:00+07:00,29.8,29.1,581.0,0.0
2025-03-02 04:00:00+07:00,27.2,26.5,418.0,0.0
2025-03-02 05:00:00+07:00,24.9,24.1,539.0,0.0
2025-03-02 06:00:00+07:00,23.3,22.5,839.0,0.0
2025-03-02 07:00:00+07:00,23.3,22.5,1098.0,1.0
2025-03-02 08:00:00+07:00,31.5,30.5,1264.0,1.0
2025-03-02 09:00:00+07:00,25.7,24.6,1389.0,1.0
2025-03-02 10:00:00+07:00,17.3,15.9,1412.0,2.0
2025-03-02 11:00:00+07:00,11.7,8.8,1265.0,4.0
2025-03-02 12:00:00+07:00,12.0,8.2,1015.0,6.0
2025-03-02 13:00:00+07:00,11.7,7.9,803.0,8.0
2025-03-02 14:00:00+07:00,11.3,7.7,561.0,8.0
2025-03-02 15:00:00+07:00,11.0,7.6,357.0,8.0
2025-03-02 16:00:00+07:00,11.3,7.9,539.0,7.0
2025-03-02 17:00:00+07:00,12.0,8.6,1538.0,7.0
2025-03-02 18:00:00+07:00,19.4,16.2,2923.0,7.0
2025-03-02 19:00:00+07:00,30.0,28.9,3749.0,2.0
2025-03-02 20:00:00+07:00,35.7,34.1,3471.0,2.0
2025-03-02 21:00:00+07:00,39.9,38.1,2634.0,2.0
2025-03-02 22:00:00+07:00,43.7,41.6,1924.0,2.0
2025-03-02 23:00:00+07:00,46.2,44.1,1614.0,2.0
2025-03-03 00:00:00+07:00,44.8,42.8,1431.0,2.0
2025-03-03 01:00:00+07:00,41.1,39.1,1239.0,2.0
2025-03-03 02:00:00+07:00,36.9,35.0,944.0,2.0
2025-03-03 03:00:00+07:00,33.2,31.4,641.0,2.0
2025-03-03 04:00:00+07:00,30.5,28.6,478.0,2.0
2025-03-03 05:00:00+07:00,28.7,26.9,559.0,2.0
2025-03-03 06:00:00+07:00,28.1,26.4,780.0,2.0
2025-03-03 07:00:00+07:00,29.1,27.4,985.0,2.0
2025-03-03 08:00:00+07:00,36.9,35.3,1143.0,3.0
2025-03-03 09:00:00+07:00,31.9,30.3,1285.0,3.0
2025-03-03 10:00:00+07:00,25.8,23.7,1344.0,4.0
2025-03-03 11:00:00+07:00,23.0,20.5,1264.0,5.0
2025-03-03 12:00:00+07:00,21.8,19.1,1102.0,5.0
2025-03-03 13:00:00+07:00,20.1,17.3,957.0,6.0
2025-03-03 14:00:00+07:00,18.2,15.4,766.0,6.0
2025-03-03 15:00:00+07:00,16.6,13.8,594.0,6.0
2025-03-03 16:00:00+07:00,15.7,12.9,732.0,6.0
2025-03-03 17:00:00+07:00,15.7,12.8,1528.0,6.0
2025-03-03 18:00:00+07:00,25.1,22.5,2634.0,5.0
2025-03-03 19:00:00+07:00,38.4,36.6,3304.0,4.0
2025-03-03 20:00:00+07:00,43.4,41.6,3118.0,4.0
2025-03-03 21:00:00+07:00,46.6,44.5,2495.0,3.0
2025-03-03 22:00:00+07:00,49.9,47.7,1942.0,3.0
2025-03-03 23:00:00+07:00,52.3,49.8,1652.0,3.0
2025-03-04 00:00:00+07:00,49.5,47.0,1432.0,3.0
2025-03-04 01:00:00+07:00,44.4,42.0,1206.0,3.0
2025-03-04 02:00:00+07:00,39.6,37.4,898.0,3.0
2025-03-04 03:00:00+07:00,35.9,33.8,584.0,3.0
2025-03-04 04:00:00+07:00,32.9,31.0,419.0,3.0
2025-03-04 05:00:00+07:00,31.2,29.4,498.0,3.0
2025-03-04 06:00:00+07:00,30.5,28.7,726.0,3.0
2025-03-04 07:00:00+07:00,40.9,38.5,976.0,5.0
2025-03-04 08:00:00+07:00,48.8,47.1,1264.0,5.0
2025-03-04 09:00:00+07:00,43.7,41.6,1575.0,6.0
2025-03-04 10:00:00+07:00,35.3,31.8,1730.0,7.0
2025-03-04 11:00:00+07:00,30.0,25.7,1613.0,8.0
2025-03-04 12:00:00+07:00,27.6,22.8,1341.0,9.0
2025-03-04 13:00:00+07:00,26.5,21.7,1091.0,10.0
2025-03-04 14:00:00+07:00,25.7,21.2,806.0,10.0
2025-03-04 15:00:00+07:00,25.4,21.1,542.0,9.0
2025-03-04 16:00:00+07:00,25.4,21.4,644.0,8.0
2025-03-04 17:00:00+07:00,26.4,22.4,1503.0,8.0
2025-03-04 18:00:00+07:00,37.0,33.3,2727.0,7.0
2025-03-04 19:00:00+07:00,45.5,42.6,3487.0,6.0
2025-03-04 20:00:00+07:00,51.9,49.0,3338.0,6.0
2025-03-04 21:00:00+07:00,55.8,53.0,2724.0,5.0
2025-03-04 22:00:00+07:00,58.7,56.1,2148.0,5.0
2025-03-04 23:00:00+07:00,58.4,56.1,1773.0,5.0
2025-03-05 00:00:00+07:00,54.5,52.5,1437.0,4.0
2025-03-05 01:00:00+07:00,50.3,48.3,1152.0,4.0
2025-03-05 02:00:00+07:00,47.0,45.1,901.0,4.0
2025-03-05 03:00:00+07:00,44.9,43.0,703.0,4.0
2025-03-05 04:00:00+07:00,43.7,41.7,624.0,4.0
2025-03-05 05:00:00+07:00,43.2,41.2,730.0,4.0
2025-03-05 06:00:00+07:00,43.8,41.7,956.0,4.0
2025-03-05 07:00:00+07:00,45.6,43.3,1173.0,5.0
2025-03-05 08:00:00+07:00,55.8,53.7,1392.0,6.0
2025-03-05 09:00:00+07:00,53.0,50.8,1602.0,8.0
2025-03-05 10:00:00+07:00,44.8,40.3,1648.0,9.0
2025-03-05 11:00:00+07:00,42.6,36.7,1387.0,10.0
2025-03-05 12:00:00+07:00,41.9,35.9,962.0,11.0
2025-03-05 13:00:00+07:00,40.0,34.5,644.0,11.0
2025-03-05 14:00:00+07:00,37.7,32.8,456.0,10.0
2025-03-05 15:00:00+07:00,35.5,31.2,374.0,9.0
2025-03-05 16:00:00+07:00,33.8,29.9,600.0,8.0
2025-03-05 17:00:00+07:00,32.8,29.3,1434.0,7.0
2025-03-05 18:00:00+07:00,42.1,39.1,2575.0,7.0
2025-03-05 19:00:00+07:00,40.2,39.0,3321.0,2.0
2025-03-05 20:00:00+07:00,44.9,43.8,3316.0,2.0
2025-03-05 21:00:00+07:00,48.0,46.9,2915.0,2.0
2025-03-05 22:00:00+07:00,49.9,48.9,2480.0,2.0
2025-03-05 23:00:00+07:00,50.2,49.2,2098.0,2.0
2025-03-06 00:00:00+07:00,48.1,47.3,1681.0,2.0
2025-03-06 01:00:00+07:00,46.1,45.3,1327.0,2.0
2025-03-06 02:00:00+07:00,44.2,43.5,1047.0,2.0
2025-03-06 03:00:00+07:00,42.5,41.7,829.0,2.0
2025-03-06 04:00:00+07:00,40.3,39.6,738.0,2.0
2025-03-06 05:00:00+07:00,38.3,37.5,859.0,2.0
2025-03-06 06:00:00+07:00,37.3,36.3,1107.0,2.0
2025-03-06 07:00:00+07:00,38.8,37.7,1292.0,2.0
2025-03-06 08:00:00+07:00,49.1,48.4,1351.0,3.0
2025-03-06 09:00:00+07:00,40.6,39.1,1346.0,4.0
2025-03-06 10:00:00+07:00,29.8,27.2,1280.0,5.0
2025-03-06 11:00:00+07:00,22.2,19.2,1113.0,6.0
2025-03-06 12:00:00+07:00,20.2,17.1,885.0,7.0
2025-03-06 13:00:00+07:00,18.7,15.4,709.0,7.0
2025-03-06 14:00:00+07:00,17.9,14.6,524.0,7.0
2025-03-06 15:00:00+07:00,17.7,14.4,392.0,7.0
2025-03-06 16:00:00+07:00,17.6,14.3,613.0,7.0
2025-03-06 17:00:00+07:00,17.9,14.8,1574.0,6.0
2025-03-06 18:00:00+07:00,25.7,22.9,2889.0,6.0
2025-03-06 19:00:00+07:00,42.5,39.3,3693.0,6.0
2025-03-06 20:00:00+07:00,47.6,44.6,3508.0,6.0
2025-03-06 21:00:00+07:00,49.8,47.0,2814.0,5.0
2025-03-06 22:00:00+07:00,49.2,46.9,2185.0,5.0
2025-03-06 23:00:00+07:00,46.6,44.6,1800.0,4.0
2025-03-07 00:00:00+07:00,43.4,41.8,1481.0,4.0
2025-03-07 01:00:00+07:00,39.6,38.1,1270.0,3.0
2025-03-07 02:00:00+07:00,35.7,34.3,1209.0,3.0
2025-03-07 03:00:00+07:00,32.8,31.4,1256.0,3.0
2025-03-07 04:00:00+07:00,30.5,29.2,1330.0,3.0
2025-03-07 05:00:00+07:00,29.3,27.8,1430.0,3.0
2025-03-07 06:00:00+07:00,30.2,28.6,1557.0,4.0
2025-03-07 07:00:00+07:00,32.8,31.0,1629.0,4.0
2025-03-07 08:00:00+07:00,43.4,41.9,1626.0,5.0
2025-03-07 09:00:00+07:00,38.6,36.3,1569.0,6.0
2025-03-07 10:00:00+07:00,33.2,29.7,1434.0,7.0
2025-03-07 11:00:00+07:00,32.2,28.7,1158.0,7.0
2025-03-07 12:00:00+07:00,34.8,31.4,805.0,6.0
2025-03-07 13:00:00+07:00,34.9,31.7,546.0,6.0
2025-03-07 14:00:00+07:00,36.3,33.3,429.0,6.0
2025-03-07 15:00:00+07:00,38.6,35.5,405.0,6.0
2025-03-07 16:00:00+07:00,40.5,37.4,499.0,6.0
2025-03-07 17:00:00+07:00,44.5,41.1,811.0,6.0
2025-03-07 18:00:00+07:00,51.2,48.7,1240.0,5.0
2025-03-07 19:00:00+07:00,36.4,34.3,1510.0,4.0
2025-03-07 20:00:00+07:00,38.1,36.0,1455.0,4.0
2025-03-07 21:00:00+07:00,35.7,33.9,1240.0,3.0
2025-03-07 22:00:00+07:00,32.6,31.2,1090.0,3.0
2025-03-07 23:00:00+07:00,31.2,30.0,1136.0,3.0
2025-03-08 00:00:00+07:00,30.3,29.1,1245.0,2.0
2025-03-08 01:00:00+07:00,31.1,29.8,1244.0,2.0
2025-03-08 02:00:00+07:00,35.2,33.8,983.0,2.0
2025-03-08 03:00:00+07:00,38.4,37.1,611.0,2.0
2025-03-08 04:00:00+07:00,40.3,39.1,402.0,2.0
2025-03-08 05:00:00+07:00,40.5,39.5,535.0,2.0
2025-03-08 06:00:00+07:00,40.4,39.5,831.0,1.0
2025-03-08 07:00:00+07:00,43.7,41.6,1021.0,4.0
2025-03-08 08:00:00+07:00,37.4,35.7,975.0,3.0
2025-03-08 09:00:00+07:00,37.0,36.0,824.0,2.0
2025-03-08 10:00:00+07:00,35.4,34.5,686.0,1.0
2025-03-08 11:00:00+07:00,34.5,33.3,599.0,1.0
2025-03-08 12:00:00+07:00,30.5,29.4,525.0,2.0
2025-03-08 13:00:00+07:00,29.2,28.1,475.0,2.0
2025-03-08 14:00:00+07:00,30.3,29.2,421.0,2.0
2025-03-08 15:00:00+07:00,34.2,32.9,390.0,2.0
2025-03-08 16:00:00+07:00,35.5,34.1,471.0,2.0
2025-03-08 17:00:00+07:00,34.9,33.4,786.0,2.0
2025-03-08 18:00:00+07:00,34.7,33.2,1213.0,2.0
2025-03-08 19:00:00+07:00,34.9,33.1,1474.0,3.0
2025-03-08 20:00:00+07:00,36.8,35.4,1405.0,3.0
2025-03-08 21:00:00+07:00,38.0,36.7,1169.0,2.0
2025-03-08 22:00:00+07:00,38.4,37.3,980.0,2.0
2025-03-08 23:00:00+07:00,40.0,38.9,925.0,2.0
2025-03-09 00:00:00+07:00,41.6,40.4,917.0,2.0
2025-03-09 01:00:00+07:00,43.4,42.4,905.0,2.0
2025-03-09 02:00:00+07:00,44.2,43.2,852.0,2.0
2025-03-09 03:00:00+07:00,45.3,44.4,794.0,2.0
2025-03-09 04:00:00+07:00,46.7,45.6,795.0,2.0
2025-03-09 05:00:00+07:00,47.8,46.9,929.0,2.0
2025-03-09 06:00:00+07:00,49.8,48.9,1121.0,1.0
2025-03-09 07:00:00+07:00,34.1,33.6,1208.0,1.0
2025-03-09 08:00:00+07:00,24.8,24.4,1088.0,1.0
2025-03-09 09:00:00+07:00,12.2,11.8,862.0,0.0
2025-03-09 10:00:00+07:00,9.7,9.4,669.0,0.0
2025-03-09 11:00:00+07:00,10.6,10.2,555.0,0.0
2025-03-09 12:00:00+07:00,14.7,14.0,475.0,1.0
2025-03-09 13:00:00+07:00,14.3,13.7,425.0,1.0
2025-03-09 14:00:00+07:00,15.4,14.8,310.0,1.0
2025-03-09 15:00:00+07:00,16.4,15.7,226.0,2.0
2025-03-09 16:00:00+07:00,17.4,16.4,463.0,2.0
2025-03-09 17:00:00+07:00,18.1,16.9,1391.0,2.0
2025-03-09 18:00:00+07:00,19.1,18.0,2640.0,2.0
2025-03-09 19:00:00+07:00,44.5,42.8,3393.0,3.0
2025-03-09 20:00:00+07:00,50.4,48.7,3164.0,3.0
2025-03-09 21:00:00+07:00,50.1,48.5,2440.0,3.0
2025-03-09 22:00:00+07:00,51.1,49.6,1863.0,3.0
2025-03-09 23:00:00+07:00,52.7,51.1,1700.0,3.0
2025-03-10 00:00:00+07:00,54.0,52.6,1685.0,2.0
2025-03-10 01:00:00+07:00,54.0,52.7,1657.0,2.0
2025-03-10 02:00:00+07:00,49.6,48.5,1546.0,2.0
2025-03-10 03:00:00+07:00,47.6,46.6,1423.0,2.0
2025-03-10 04:00:00+07:00,47.0,46.0,1338.0,2.0
2025-03-10 05:00:00+07:00,45.9,44.9,1334.0,2.0
2025-03-10 06:00:00+07:00,45.1,44.1,1367.0,1.0
2025-03-10 07:00:00+07:00,52.3,51.1,1362.0,2.0
2025-03-10 08:00:00+07:00,52.0,51.2,1284.0,2.0
2025-03-10 09:00:00+07:00,38.9,37.7,1168.0,2.0
2025-03-10 10:00:00+07:00,27.9,27.0,1035.0,2.0
2025-03-10 11:00:00+07:00,20.0,18.6,873.0,2.0
2025-03-10 12:00:00+07:00,16.5,15.7,695.0,2.0
2025-03-10 13:00:00+07:00,16.5,15.4,563.0,2.0
2025-03-10 14:00:00+07:00,17.2,15.7,416.0,3.0
2025-03-10 15:00:00+07:00,17.6,15.8,315.0,3.0
2025-03-10 16:00:00+07:00,17.8,15.6,506.0,4.0
2025-03-10 17:00:00+07:00,18.6,16.2,1270.0,4.0
2025-03-10 18:00:00+07:00,22.9,20.7,2326.0,4.0
2025-03-10 19:00:00+07:00,30.4,28.8,3083.0,3.0
2025-03-10 20:00:00+07:00,37.5,36.0,3269.0,3.0
2025-03-10 21:00:00+07:00,42.1,40.7,3156.0,3.0
2025-03-10 22:00:00+07:00,44.9,43.4,2969.0,3.0
2025-03-10 23:00:00+07:00,46.8,45.2,2773.0,3.0
2025-03-11 00:00:00+07:00,46.9,44.9,2503.0,3.0
2025-03-11 01:00:00+07:00,44.8,42.7,2187.0,3.0
2025-03-11 02:00:00+07:00,37.8,36.0,1763.0,3.0
2025-03-11 03:00:00+07:00,31.8,30.4,1294.0,3.0
2025-03-11 04:00:00+07:00,31.4,30.0,989.0,3.0
2025-03-11 05:00:00+07:00,33.6,31.8,990.0,4.0
2025-03-11 06:00:00+07:00,34.3,32.1,1157.0,4.0
2025-03-11 07:00:00+07:00,37.8,35.4,1277.0,5.0
2025-03-11 08:00:00+07:00,42.1,40.0,1280.0,6.0
2025-03-11 09:00:00+07:00,33.5,30.0,1237.0,6.0
2025-03-11 10:00:00+07:00,29.3,25.5,1148.0,7.0
2025-03-11 11:00:00+07:00,25.5,21.8,979.0,7.0
2025-03-11 12:00:00+07:00,21.1,18.5,763.0,6.0
2025-03-11 13:00:00+07:00,21.1,18.2,602.0,6.0
2025-03-11 14:00:00+07:00,21.7,18.3,439.0,7.0
2025-03-11 15:00:00+07:00,22.5,18.6,331.0,9.0
2025-03-11 16:00:00+07:00,24.6,19.7,544.0,10.0
2025-03-11 17:00:00+07:00,25.0,19.8,1418.0,11.0
2025-03-11 18:00:00+07:00,31.8,26.3,2614.0,11.0
2025-03-11 19:00:00+07:00,47.6,42.7,3376.0,10.0
2025-03-11 20:00:00+07:00,52.7,47.8,3275.0,10.0
2025-03-11 21:00:00+07:00,54.6,49.9,2742.0,9.0
2025-03-11 22:00:00+07:00,54.7,50.6,2312.0,8.0
2025-03-11 23:00:00+07:00,55.2,51.7,2234.0,7.0
2025-03-12 00:00:00+07:00,54.9,51.9,2260.0,6.0
2025-03-12 01:00:00+07:00,53.7,50.8,2179.0,5.0
2025-03-12 02:00:00+07:00,52.2,49.4,1846.0,4.0
2025-03-12 03:00:00+07:00,50.6,48.1,1406.0,4.0
2025-03-12 04:00:00+07:00,49.1,46.6,1083.0,4.0
2025-03-12 05:00:00+07:00,48.0,45.4,987.0,4.0
2025-03-12 06:00:00+07:00,47.7,45.2,1007.0,4.0
2025-03-12 07:00:00+07:00,63.8,60.1,1036.0,6.0
2025-03-12 08:00:00+07:00,74.3,71.7,1050.0,6.0
2025-03-12 09:00:00+07:00,62.4,59.3,1072.0,7.0
2025-03-12 10:00:00+07:00,51.5,48.0,1066.0,7.0
2025-03-12 11:00:00+07:00,42.7,39.5,1017.0,7.0
2025-03-12 12:00:00+07:00,36.1,33.1,939.0,7.0
2025-03-12 13:00:00+07:00,32.1,28.6,840.0,7.0
2025-03-12 14:00:00+07:00,29.0,25.0,593.0,8.0
2025-03-12 15:00:00+07:00,27.2,22.8,326.0,8.0
2025-03-12 16:00:00+07:00,26.4,21.7,426.0,9.0
2025-03-12 17:00:00+07:00,26.1,21.6,1293.0,9.0
2025-03-12 18:00:00+07:00,34.2,29.6,2528.0,9.0
2025-03-12 19:00:00+07:00,41.0,37.1,3322.0,7.0
2025-03-12 20:00:00+07:00,46.4,42.6,3227.0,7.0
2025-03-12 21:00:00+07:00,49.1,45.6,2691.0,6.0
2025-03-12 22:00:00+07:00,51.3,48.2,2248.0,6.0
2025-03-12 23:00:00+07:00,53.0,50.3,2149.0,5.0
2025-03-13 00:00:00+07:00,53.8,51.5,2143.0,5.0
2025-03-13 01:00:00+07:00,52.4,50.2,2007.0,4.0
2025-03-13 02:00:00+07:00,50.4,48.3,1547.0,4.0
2025-03-13 03:00:00+07:00,49.2,47.3,957.0,3.0
2025-03-13 04:00:00+07:00,47.8,46.0,597.0,3.0
2025-03-13 05:00:00+07:00,46.4,44.6,698.0,3.0
2025-03-13 06:00:00+07:00,45.6,43.8,1030.0,2.0
2025-03-13 07:00:00+07:00,45.6,44.2,1263.0,2.0
2025-03-13 08:00:00+07:00,59.6,58.3,1263.0,2.0
2025-03-13 09:00:00+07:00,39.0,37.4,1163.0,3.0
2025-03-13 10:00:00+07:00,26.1,24.6,1035.0,3.0
2025-03-13 11:00:00+07:00,19.0,17.9,880.0,3.0
2025-03-13 12:00:00+07:00,15.5,14.3,697.0,2.0
2025-03-13 13:00:00+07:00,13.2,12.0,549.0,2.0
2025-03-13 14:00:00+07:00,11.9,10.4,378.0,3.0
2025-03-13 15:00:00+07:00,11.4,9.6,243.0,3.0
2025-03-13 16:00:00+07:00,11.9,9.6,379.0,4.0
2025-03-13 17:00:00+07:00,12.5,10.0,1076.0,4.0
2025-03-13 18:00:00+07:00,17.8,15.6,2045.0,4.0
2025-03-13 19:00:00+07:00,30.3,29.0,2651.0,2.0
2025-03-13 20:00:00+07:00,31.5,30.5,2536.0,2.0
2025-03-13 21:00:00+07:00,30.7,29.8,2058.0,2.0
2025-03-13 22:00:00+07:00,33.1,32.2,1663.0,2.0
2025-03-13 23:00:00+07:00,35.5,34.7,1536.0,2.0
2025-03-14 00:00:00+07:00,34.9,34.1,1492.0,2.0
2025-03-14 01:00:00+07:00,33.3,32.4,1420.0,2.0
2025-03-14 02:00:00+07:00,32.1,31.2,1248.0,2.0
2025-03-14 03:00:00+07:00,32.0,30.9,1049.0,2.0
2025-03-14 04:00:00+07:00,33.2,31.8,931.0,2.0
2025-03-14 05:00:00+07:00,35.0,33.5,971.0,2.0
2025-03-14 06:00:00+07:00,37.5,35.6,1093.0,3.0
2025-03-14 07:00:00+07:00,35.4,33.5,1174.0,2.0
2025-03-14 08:00:00+07:00,45.5,43.0,1165.0,6.0
2025-03-14 09:00:00+07:00,37.5,33.2,1115.0,11.0
2025-03-14 10:00:00+07:00,38.5,30.7,1051.0,16.0
2025-03-14 11:00:00+07:00,40.7,29.7,975.0,19.0
2025-03-14 12:00:00+07:00,40.3,29.0,885.0,21.0
2025-03-14 13:00:00+07:00,38.4,27.6,800.0,22.0
2025-03-14 14:00:00+07:00,36.9,26.5,674.0,22.0
2025-03-14 15:00:00+07:00,35.7,25.9,554.0,20.0
2025-03-14 16:00:00+07:00,34.9,25.6,600.0,19.0
2025-03-14 17:00:00+07:00,34.8,26.0,954.0,18.0
2025-03-14 18:00:00+07:00,40.9,32.5,1475.0,18.0
2025-03-14 19:00:00+07:00,48.7,41.6,1899.0,14.0
2025-03-14 20:00:00+07:00,49.6,42.6,2146.0,14.0
2025-03-14 21:00:00+07:00,49.9,43.4,2295.0,13.0
2025-03-14 22:00:00+07:00,51.7,45.8,2324.0,12.0
2025-03-14 23:00:00+07:00,54.1,49.1,2190.0,11.0
2025-03-15 00:00:00+07:00,55.3,51.1,1935.0,9.0
2025-03-15 01:00:00+07:00,55.9,51.9,1665.0,8.0
2025-03-15 02:00:00+07:00,55.9,52.0,1359.0,8.0
2025-03-15 03:00:00+07:00,55.4,51.6,1039.0,8.0
2025-03-15 04:00:00+07:00,55.1,51.1,871.0,8.0
2025-03-15 05:00:00+07:00,54.4,50.4,995.0,7.0
2025-03-15 06:00:00+07:00,52.9,49.0,1271.0,7.0
2025-03-15 07:00:00+07:00,55.4,51.3,1450.0,8.0
2025-03-15 08:00:00+07:00,61.5,58.1,1413.0,10.0
2025-03-15 09:00:00+07:00,52.5,47.8,1279.0,12.0
2025-03-15 10:00:00+07:00,44.8,38.2,1149.0,13.0
2025-03-15 11:00:00+07:00,38.0,31.4,1060.0,13.0
2025-03-15 12:00:00+07:00,34.1,28.3,975.0,12.0
2025-03-15 13:00:00+07:00,32.0,26.5,892.0,11.0
2025-03-15 14:00:00+07:00,30.3,25.0,754.0,11.0
2025-03-15 15:00:00+07:00,28.9,23.6,617.0,11.0
2025-03-15 16:00:00+07:00,28.5,22.9,645.0,11.0
2025-03-15 17:00:00+07:00,29.1,23.6,992.0,10.0
2025-03-15 18:00:00+07:00,35.0,30.3,1504.0,10.0
2025-03-15 19:00:00+07:00,45.2,39.5,1886.0,12.0
2025-03-15 20:00:00+07:00,48.0,42.1,2017.0,12.0
2025-03-15 21:00:00+07:00,49.2,43.7,2019.0,11.0
2025-03-15 22:00:00+07:00,51.7,46.6,1959.0,10.0
2025-03-15 23:00:00+07:00,53.7,49.2,1846.0,9.0
2025-03-16 00:00:00+07:00,53.9,50.3,1670.0,7.0
2025-03-16 01:00:00+07:00,53.4,50.2,1475.0,6.0
2025-03-16 02:00:00+07:00,52.9,49.7,1223.0,6.0
2025-03-16 03:00:00+07:00,52.9,49.6,950.0,6.0
2025-03-16 04:00:00+07:00,52.4,49.1,812.0,6.0
2025-03-16 05:00:00+07:00,51.2,47.8,916.0,6.0
2025-03-16 06:00:00+07:00,49.8,46.6,1153.0,6.0
2025-03-16 07:00:00+07:00,51.5,48.1,1355.0,7.0
2025-03-16 08:00:00+07:00,54.1,51.6,1481.0,8.0
2025-03-16 09:00:00+07:00,50.9,47.5,1571.0,10.0
2025-03-16 10:00:00+07:00,45.9,40.3,1577.0,11.0
2025-03-16 11:00:00+07:00,40.2,34.2,1447.0,13.0
2025-03-16 12:00:00+07:00,39.2,32.4,1233.0,14.0
2025-03-16 13:00:00+07:00,39.8,32.5,1039.0,15.0
2025-03-16 14:00:00+07:00,38.4,31.3,840.0,15.0
2025-03-16 15:00:00+07:00,36.4,29.8,661.0,14.0
2025-03-16 16:00:00+07:00,34.9,28.6,683.0,13.0
2025-03-16 17:00:00+07:00,35.5,29.2,1079.0,12.0
2025-03-16 18:00:00+07:00,42.6,37.1,1677.0,12.0
2025-03-16 19:00:00+07:00,70.1,60.1,2135.0,20.0
2025-03-16 20:00:00+07:00,71.5,61.7,2332.0,19.0
2025-03-16 21:00:00+07:00,70.5,61.5,2390.0,18.0
2025-03-16 22:00:00+07:00,70.5,62.6,2336.0,16.0
2025-03-16 23:00:00+07:00,69.6,63.3,2125.0,14.0
2025-03-17 00:00:00+07:00,68.7,63.3,1802.0,11.0
2025-03-17 01:00:00+07:00,67.5,62.9,1526.0,9.0
2025-03-17 02:00:00+07:00,66.4,61.7,1346.0,8.0
2025-03-17 03:00:00+07:00,65.7,61.2,1213.0,8.0
2025-03-17 04:00:00+07:00,65.2,61.0,1137.0,8.0
2025-03-17 05:00:00+07:00,65.4,61.0,1147.0,8.0
2025-03-17 06:00:00+07:00,63.3,59.0,1215.0,8.0
2025-03-17 07:00:00+07:00,75.2,69.6,1266.0,11.0
2025-03-17 08:00:00+07:00,88.7,83.6,1297.0,12.0
2025-03-17 09:00:00+07:00,75.0,68.7,1312.0,14.0
2025-03-17 10:00:00+07:00,66.6,59.0,1248.0,15.0
2025-03-17 11:00:00+07:00,58.8,52.0,1029.0,15.0
2025-03-17 12:00:00+07:00,60.8,53.1,730.0,14.0
2025-03-17 13:00:00+07:00,55.3,48.2,514.0,14.0
2025-03-17 14:00:00+07:00,55.2,47.6,383.0,15.0
2025-03-17 15:00:00+07:00,55.1,47.4,335.0,16.0
2025-03-17 16:00:00+07:00,55.1,47.1,524.0,16.0
2025-03-17 17:00:00+07:00,56.5,48.7,1193.0,15.0
2025-03-17 18:00:00+07:00,60.8,54.5,2100.0,13.0
2025-03-17 19:00:00+07:00,60.1,53.6,2668.0,13.0
2025-03-17 20:00:00+07:00,59.6,53.4,2594.0,12.0
2025-03-17 21:00:00+07:00,55.9,50.3,2183.0,11.0
2025-03-17 22:00:00+07:00,53.4,48.8,1769.0,9.0
2025-03-17 23:00:00+07:00,50.3,46.7,1440.0,7.0
2025-03-18 00:00:00+07:00,46.4,43.8,1109.0,5.0
2025-03-18 01:00:00+07:00,43.0,40.9,853.0,4.0
2025-03-18 02:00:00+07:00,40.3,38.4,691.0,3.0
2025-03-18 03:00:00+07:00,38.2,36.4,605.0,3.0
2025-03-18 04:00:00+07:00,36.4,34.8,613.0,3.0
2025-03-18 05:00:00+07:00,34.9,33.4,798.0,3.0
2025-03-18 06:00:00+07:00,34.3,32.8,1078.0,4.0
2025-03-18 07:00:00+07:00,42.4,40.5,1224.0,4.0
2025-03-18 08:00:00+07:00,41.2,39.8,1101.0,5.0
2025-03-18 09:00:00+07:00,37.0,34.0,845.0,6.0
2025-03-18 10:00:00+07:00,36.8,33.4,636.0,7.0
2025-03-18 11:00:00+07:00,36.9,32.7,541.0,8.0
2025-03-18 12:00:00+07:00,37.4,32.1,493.0,10.0
2025-03-18 13:00:00+07:00,36.6,31.1,466.0,11.0
2025-03-18 14:00:00+07:00,37.4,31.4,379.0,11.0
2025-03-18 15:00:00+07:00,37.1,31.3,313.0,11.0
2025-03-18 16:00:00+07:00,37.0,31.3,491.0,11.0
2025-03-18 17:00:00+07:00,38.9,33.2,1219.0,10.0
2025-03-18 18:00:00+07:00,41.4,36.8,2190.0,9.0
2025-03-18 19:00:00+07:00,63.6,56.6,2712.0,14.0
2025-03-18 20:00:00+07:00,63.8,57.2,2338.0,12.0
2025-03-18 21:00:00+07:00,59.6,54.4,1515.0,9.0
2025-03-18 22:00:00+07:00,54.6,50.8,884.0,7.0
2025-03-18 23:00:00+07:00,53.9,50.4,734.0,6.0
2025-03-19 00:00:00+07:00,54.4,51.0,777.0,6.0
2025-03-19 01:00:00+07:00,55.3,52.4,793.0,6.0
2025-03-19 02:00:00+07:00,55.9,53.2,659.0,5.0
2025-03-19 03:00:00+07:00,55.3,53.1,500.0,4.0
2025-03-19 04:00:00+07:00,53.7,52.2,465.0,3.0
2025-03-19 05:00:00+07:00,52.9,51.7,699.0,2.0
2025-03-19 06:00:00+07:00,54.4,53.2,1059.0,2.0
2025-03-19 07:00:00+07:00,60.1,58.7,1264.0,3.0
2025-03-19 08:00:00+07:00,56.8,55.4,1153.0,3.0
2025-03-19 09:00:00+07:00,57.5,55.8,888.0,3.0
2025-03-19 10:00:00+07:00,58.7,56.8,677.0,3.0
2025-03-19 11:00:00+07:00,59.3,57.3,603.0,3.0
2025-03-19 12:00:00+07:00,67.1,64.7,583.0,4.0
2025-03-19 13:00:00+07:00,64.0,61.9,572.0,4.0
2025-03-19 14:00:00+07:00,66.4,64.3,522.0,4.0
2025-03-19 15:00:00+07:00,68.5,66.6,482.0,3.0
2025-03-19 16:00:00+07:00,70.8,68.9,551.0,3.0
2025-03-19 17:00:00+07:00,73.3,71.2,802.0,3.0
2025-03-19 18:00:00+07:00,77.3,75.2,1163.0,4.0
2025-03-19 19:00:00+07:00,87.8,85.7,1513.0,4.0
2025-03-19 20:00:00+07:00,93.6,92.0,1869.0,4.0
2025-03-19 21:00:00+07:00,96.9,95.2,2214.0,3.0
2025-03-19 22:00:00+07:00,89.6,88.0,2379.0,3.0
2025-03-19 23:00:00+07:00,93.4,91.7,2254.0,3.0
2025-03-20 00:00:00+07:00,94.3,92.9,1949.0,2.0
2025-03-20 01:00:00+07:00,92.9,91.7,1630.0,2.0
2025-03-20 02:00:00+07:00,90.3,89.2,1298.0,2.0
2025-03-20 03:00:00+07:00,87.3,86.4,952.0,2.0
2025-03-20 04:00:00+07:00,83.8,82.9,748.0,2.0
2025-03-20 05:00:00+07:00,80.1,79.2,818.0,2.0
2025-03-20 06:00:00+07:00,76.8,76.1,1032.0,1.0
2025-03-20 07:00:00+07:00,69.6,69.2,1151.0,1.0
2025-03-20 08:00:00+07:00,59.6,58.8,1053.0,2.0
2025-03-20 09:00:00+07:00,60.5,59.1,861.0,3.0
2025-03-20 10:00:00+07:00,62.9,60.8,709.0,4.0
2025-03-20 11:00:00+07:00,64.0,61.7,650.0,4.0
2025-03-20 12:00:00+07:00,64.7,62.2,632.0,5.0
2025-03-20 13:00:00+07:00,65.7,62.9,626.0,5.0
2025-03-20 14:00:00+07:00,66.8,63.8,553.0,5.0
2025-03-20 15:00:00+07:00,68.9,65.7,493.0,6.0
2025-03-20 16:00:00+07:00,66.4,63.1,662.0,6.0
2025-03-20 17:00:00+07:00,64.3,61.5,1262.0,5.0
2025-03-20 18:00:00+07:00,65.7,63.3,2092.0,5.0
2025-03-20 19:00:00+07:00,50.9,49.5,2761.0,3.0
2025-03-20 20:00:00+07:00,52.6,50.9,3137.0,3.0
2025-03-20 21:00:00+07:00,54.1,52.3,3353.0,4.0
2025-03-20 22:00:00+07:00,57.3,55.4,3412.0,4.0
2025-03-20 23:00:00+07:00,60.5,58.6,3280.0,4.0
2025-03-21 00:00:00+07:00,62.9,60.8,2991.0,4.0
2025-03-21 01:00:00+07:00,65.4,63.3,2657.0,4.0
2025-03-21 02:00:00+07:00,65.9,63.8,2245.0,4.0
2025-03-21 03:00:00+07:00,64.0,61.9,1787.0,3.0
2025-03-21 04:00:00+07:00,61.2,59.6,1492.0,3.0
2025-03-21 05:00:00+07:00,59.3,57.6,1525.0,3.0
2025-03-21 06:00:00+07:00,57.9,56.3,1720.0,3.0
2025-03-21 07:00:00+07:00,59.5,58.1,1792.0,3.0
2025-03-21 08:00:00+07:00,58.8,57.5,1587.0,3.0
2025-03-21 09:00:00+07:00,53.1,51.6,1259.0,4.0
2025-03-21 10:00:00+07:00,53.6,51.5,981.0,4.0
2025-03-21 11:00:00+07:00,57.4,54.7,816.0,5.0
2025-03-21 12:00:00+07:00,61.0,58.1,700.0,5.0
2025-03-21 13:00:00+07:00,63.1,60.1,620.0,6.0
2025-03-21 14:00:00+07:00,63.6,60.8,503.0,6.0
2025-03-21 15:00:00+07:00,62.4,59.5,421.0,6.0
2025-03-21 16:00:00+07:00,61.5,58.7,572.0,6.0
2025-03-21 17:00:00+07:00,61.5,58.6,1188.0,6.0
2025-03-21 18:00:00+07:00,66.8,64.3,2036.0,5.0
2025-03-21 19:00:00+07:00,96.6,92.9,2620.0,7.0
2025-03-21 20:00:00+07:00,106.6,102.9,2684.0,7.0
2025-03-21 21:00:00+07:00,112.7,108.7,2483.0,8.0
2025-03-21 22:00:00+07:00,115.9,111.8,2287.0,8.0
2025-03-21 23:00:00+07:00,116.4,112.5,2200.0,8.0
2025-03-22 00:00:00+07:00,115.0,111.1,2117.0,8.0
2025-03-22 01:00:00+07:00,112.2,108.3,1991.0,8.0
2025-03-22 02:00:00+07:00,109.0,105.0,1749.0,8.0
2025-03-22 03:00:00+07:00,106.2,102.7,1463.0,7.0
2025-03-22 04:00:00+07:00,104.8,101.0,1308.0,7.0
2025-03-22 05:00:00+07:00,104.5,100.6,1433.0,7.0
2025-03-22 06:00:00+07:00,105.5,101.5,1689.0,8.0
2025-03-22 07:00:00+07:00,102.9,99.2,1797.0,7.0
2025-03-22 08:00:00+07:00,112.0,108.7,1598.0,8.0
2025-03-22 09:00:00+07:00,99.2,95.2,1250.0,8.0
2025-03-22 10:00:00+07:00,83.6,78.9,955.0,9.0
2025-03-22 11:00:00+07:00,79.6,75.0,781.0,9.0
2025-03-22 12:00:00+07:00,78.0,73.3,660.0,9.0
2025-03-22 13:00:00+07:00,75.9,71.5,583.0,9.0
2025-03-22 14:00:00+07:00,74.5,70.3,449.0,9.0
2025-03-22 15:00:00+07:00,72.9,68.7,360.0,8.0
2025-03-22 16:00:00+07:00,71.9,68.0,611.0,8.0
2025-03-22 17:00:00+07:00,73.3,69.4,1566.0,8.0
2025-03-22 18:00:00+07:00,80.3,76.6,2860.0,8.0
2025-03-22 19:00:00+07:00,94.8,91.0,3697.0,7.0
2025-03-22 20:00:00+07:00,102.9,99.2,3652.0,7.0
2025-03-22 21:00:00+07:00,106.6,102.9,3149.0,7.0
2025-03-22 22:00:00+07:00,108.0,104.3,2660.0,7.0
2025-03-22 23:00:00+07:00,109.7,105.9,2346.0,7.0
2025-03-23 00:00:00+07:00,109.7,106.2,2046.0,6.0
2025-03-23 01:00:00+07:00,108.3,105.2,1748.0,6.0
2025-03-23 02:00:00+07:00,105.5,102.4,1401.0,6.0
2025-03-23 03:00:00+07:00,102.4,99.7,1058.0,5.0
2025-03-23 04:00:00+07:00,99.2,96.2,860.0,5.0
2025-03-23 05:00:00+07:00,96.4,93.6,927.0,5.0
2025-03-23 06:00:00+07:00,94.8,92.0,1141.0,5.0
2025-03-23 07:00:00+07:00,88.7,86.4,1289.0,5.0
2025-03-23 08:00:00+07:00,90.1,87.8,1288.0,5.0
2025-03-23 09:00:00+07:00,78.9,75.9,1221.0,6.0
2025-03-23 10:00:00+07:00,71.5,68.2,1131.0,6.0
2025-03-23 11:00:00+07:00,60.3,57.2,1014.0,6.0
2025-03-23 12:00:00+07:00,55.1,52.2,873.0,5.0
2025-03-23 13:00:00+07:00,52.4,49.6,760.0,5.0
2025-03-23 14:00:00+07:00,50.3,47.6,618.0,5.0
2025-03-23 15:00:00+07:00,48.8,46.1,503.0,5.0
2025-03-23 16:00:00+07:00,47.7,45.2,637.0,5.0
2025-03-23 17:00:00+07:00,48.2,45.6,1257.0,5.0
2025-03-23 18:00:00+07:00,54.4,52.2,2125.0,4.0
2025-03-23 19:00:00+07:00,79.6,76.4,2757.0,6.0
2025-03-23 20:00:00+07:00,86.6,83.4,2949.0,6.0
2025-03-23 21:00:00+07:00,88.7,85.4,2903.0,6.0
2025-03-23 22:00:00+07:00,87.3,84.3,2742.0,6.0
2025-03-23 23:00:00+07:00,85.9,83.6,2459.0,5.0
2025-03-24 00:00:00+07:00,84.5,82.4,2061.0,5.0
2025-03-24 01:00:00+07:00,82.2,80.3,1691.0,4.0
2025-03-24 02:00:00+07:00,79.4,77.8,1357.0,4.0
2025-03-24 03:00:00+07:00,77.8,75.9,1052.0,3.0
2025-03-24 04:00:00+07:00,76.6,75.0,899.0,3.0
2025-03-24 05:00:00+07:00,76.1,74.5,1020.0,3.0
2025-03-24 06:00:00+07:00,76.4,74.5,1293.0,3.0
2025-03-24 07:00:00+07:00,80.1,78.2,1477.0,3.0
2025-03-24 08:00:00+07:00,92.2,90.6,1462.0,4.0
2025-03-24 09:00:00+07:00,83.1,81.0,1357.0,4.0
2025-03-24 10:00:00+07:00,65.0,62.4,1248.0,5.0
2025-03-24 11:00:00+07:00,50.3,47.8,1166.0,5.0
2025-03-24 12:00:00+07:00,44.9,42.5,1081.0,5.0
2025-03-24 13:00:00+07:00,44.4,41.8,985.0,5.0
2025-03-24 14:00:00+07:00,42.8,40.3,775.0,5.0
2025-03-24 15:00:00+07:00,41.3,38.9,555.0,5.0
2025-03-24 16:00:00+07:00,40.5,38.1,631.0,5.0
2025-03-24 17:00:00+07:00,40.7,38.3,1309.0,5.0
2025-03-24 18:00:00+07:00,49.4,47.1,2284.0,4.0
2025-03-24 19:00:00+07:00,66.1,63.8,2941.0,4.0
2025-03-24 20:00:00+07:00,70.3,68.0,2985.0,4.0
2025-03-24 21:00:00+07:00,70.5,68.5,2712.0,3.0
2025-03-24 22:00:00+07:00,70.1,68.5,2398.0,3.0
2025-03-24 23:00:00+07:00,67.5,66.1,2113.0,3.0
2025-03-25 00:00:00+07:00,63.8,62.6,1789.0,2.0
2025-03-25 01:00:00+07:00,59.6,58.7,1492.0,2.0
2025-03-25 02:00:00+07:00,56.0,55.1,1213.0,2.0
2025-03-25 03:00:00+07:00,53.2,52.4,962.0,1.0
2025-03-25 04:00:00+07:00,51.0,50.2,840.0,1.0
2025-03-25 05:00:00+07:00,49.2,48.5,954.0,1.0
2025-03-25 06:00:00+07:00,48.3,47.6,1197.0,1.0
2025-03-25 07:00:00+07:00,51.8,51.1,1352.0,1.0
2025-03-25 08:00:00+07:00,56.1,55.6,1317.0,1.0
2025-03-25 09:00:00+07:00,42.5,41.7,1194.0,2.0
2025-03-25 10:00:00+07:00,34.3,33.3,1069.0,2.0
2025-03-25 11:00:00+07:00,27.7,26.4,965.0,2.0
2025-03-25 12:00:00+07:00,27.0,25.4,859.0,3.0
2025-03-25 13:00:00+07:00,24.2,22.6,765.0,3.0
2025-03-25 14:00:00+07:00,22.1,20.6,577.0,3.0
2025-03-25 15:00:00+07:00,20.8,19.4,402.0,3.0
2025-03-25 16:00:00+07:00,20.6,19.3,572.0,3.0
2025-03-25 17:00:00+07:00,21.5,20.3,1458.0,3.0
2025-03-25 18:00:00+07:00,28.4,27.2,2689.0,2.0
2025-03-25 19:00:00+07:00,39.0,37.8,3488.0,2.0
2025-03-25 20:00:00+07:00,45.1,44.0,3458.0,2.0
2025-03-25 21:00:00+07:00,45.6,44.7,2996.0,1.0
2025-03-25 22:00:00+07:00,39.6,38.8,2520.0,1.0
2025-03-25 23:00:00+07:00,35.7,35.3,2152.0,1.0
2025-03-26 00:00:00+07:00,35.7,35.3,1769.0,1.0
2025-03-26 01:00:00+07:00,36.1,35.6,1425.0,1.0
2025-03-26 02:00:00+07:00,35.7,35.4,1097.0,1.0
2025-03-26 03:00:00+07:00,35.2,34.8,807.0,1.0
2025-03-26 04:00:00+07:00,35.0,34.6,673.0,1.0
2025-03-26 05:00:00+07:00,34.9,34.3,816.0,1.0
2025-03-26 06:00:00+07:00,35.6,35.0,1115.0,1.0
2025-03-26 07:00:00+07:00,38.5,37.8,1331.0,1.0
2025-03-26 08:00:00+07:00,42.1,41.7,1372.0,1.0
2025-03-26 09:00:00+07:00,31.3,30.7,1329.0,2.0
2025-03-26 10:00:00+07:00,21.4,20.5,1235.0,2.0
2025-03-26 11:00:00+07:00,18.5,17.3,1070.0,2.0
2025-03-26 12:00:00+07:00,16.1,14.9,852.0,2.0
2025-03-26 13:00:00+07:00,13.9,12.7,673.0,2.0
2025-03-26 14:00:00+07:00,12.4,11.4,498.0,2.0
2025-03-26 15:00:00+07:00,11.9,10.9,361.0,2.0
2025-03-26 16:00:00+07:00,12.3,11.2,450.0,2.0
2025-03-26 17:00:00+07:00,13.5,12.4,948.0,2.0
2025-03-26 18:00:00+07:00,20.3,19.4,1672.0,2.0
2025-03-26 19:00:00+07:00,36.1,34.7,2257.0,3.0
2025-03-26 20:00:00+07:00,39.1,37.8,2601.0,3.0
2025-03-26 21:00:00+07:00,39.1,38.0,2808.0,2.0
2025-03-26 22:00:00+07:00,40.9,39.9,2821.0,2.0
2025-03-26 23:00:00+07:00,44.4,43.4,2552.0,2.0
2025-03-27 00:00:00+07:00,47.0,46.0,2090.0,1.0
2025-03-27 01:00:00+07:00,47.8,46.4,1649.0,1.0
2025-03-27 02:00:00+07:00,47.4,46.1,1248.0,1.0
2025-03-27 03:00:00+07:00,46.9,45.5,867.0,2.0
2025-03-27 04:00:00+07:00,46.1,44.7,660.0,2.0
2025-03-27 05:00:00+07:00,45.2,43.8,757.0,2.0
2025-03-27 06:00:00+07:00,44.2,43.0,1027.0,2.0
2025-03-27 07:00:00+07:00,50.6,49.6,1231.0,2.0
2025-03-27 08:00:00+07:00,55.5,54.4,1288.0,3.0
2025-03-27 09:00:00+07:00,44.4,41.8,1278.0,5.0
2025-03-27 10:00:00+07:00,34.5,31.1,1201.0,7.0
2025-03-27 11:00:00+07:00,28.7,25.6,1020.0,8.0
2025-03-27 12:00:00+07:00,24.7,21.4,772.0,8.0
2025-03-27 13:00:00+07:00,23.0,18.8,572.0,8.0
2025-03-27 14:00:00+07:00,22.5,17.7,401.0,9.0
2025-03-27 15:00:00+07:00,23.1,17.9,278.0,10.0
2025-03-27 16:00:00+07:00,24.9,19.4,371.0,11.0
2025-03-27 17:00:00+07:00,27.9,22.3,860.0,11.0
2025-03-27 18:00:00+07:00,36.2,31.0,1567.0,11.0
2025-03-27 19:00:00+07:00,44.6,39.1,2122.0,11.0
2025-03-27 20:00:00+07:00,47.6,42.4,2396.0,10.0
2025-03-27 21:00:00+07:00,43.9,39.5,2520.0,8.0
2025-03-27 22:00:00+07:00,40.0,36.4,2515.0,7.0
2025-03-27 23:00:00+07:00,40.3,37.4,2358.0,6.0
2025-03-28 00:00:00+07:00,40.5,38.1,2073.0,5.0
2025-03-28 01:00:00+07:00,40.3,38.1,1754.0,4.0
2025-03-28 02:00:00+07:00,40.3,38.1,1359.0,4.0
2025-03-28 03:00:00+07:00,40.3,38.1,930.0,4.0
2025-03-28 04:00:00+07:00,40.2,37.8,694.0,4.0
2025-03-28 05:00:00+07:00,40.0,37.5,814.0,4.0
2025-03-28 06:00:00+07:00,40.5,37.8,1127.0,4.0
2025-03-28 07:00:00+07:00,38.5,36.3,1363.0,4.0
2025-03-28 08:00:00+07:00,42.0,39.6,1423.0,7.0
2025-03-28 09:00:00+07:00,44.4,38.9,1407.0,10.0
2025-03-28 10:00:00+07:00,41.1,34.3,1343.0,13.0
2025-03-28 11:00:00+07:00,36.4,29.7,1226.0,13.0
2025-03-28 12:00:00+07:00,31.1,24.7,1061.0,12.0
2025-03-28 13:00:00+07:00,26.8,21.1,893.0,11.0
2025-03-28 14:00:00+07:00,25.1,19.4,620.0,11.0
2025-03-28 15:00:00+07:00,24.2,18.5,344.0,11.0
2025-03-28 16:00:00+07:00,23.5,17.8,416.0,11.0
2025-03-28 17:00:00+07:00,23.6,17.9,1201.0,11.0
2025-03-28 18:00:00+07:00,30.3,25.1,2334.0,11.0
2025-03-28 19:00:00+07:00,61.0,50.5,3066.0,21.0
2025-03-28 20:00:00+07:00,66.6,55.5,2997.0,20.0
2025-03-28 21:00:00+07:00,69.4,59.3,2527.0,19.0
2025-03-28 22:00:00+07:00,69.8,61.0,2107.0,17.0
2025-03-28 23:00:00+07:00,70.1,63.1,1914.0,15.0
2025-03-29 00:00:00+07:00,70.1,64.0,1773.0,13.0
2025-03-29 01:00:00+07:00,70.1,64.3,1603.0,11.0
2025-03-29 02:00:00+07:00,70.1,64.7,1326.0,10.0
2025-03-29 03:00:00+07:00,69.8,64.7,1021.0,10.0
2025-03-29 04:00:00+07:00,68.9,63.6,851.0,10.0
2025-03-29 05:00:00+07:00,67.8,62.4,940.0,10.0
2025-03-29 06:00:00+07:00,67.1,61.7,1164.0,9.0
2025-03-29 07:00:00+07:00,99.0,90.1,1317.0,17.0
2025-03-29 08:00:00+07:00,98.5,91.7,1317.0,20.0
2025-03-29 09:00:00+07:00,96.9,85.7,1246.0,23.0
2025-03-29 10:00:00+07:00,88.7,75.0,1140.0,26.0
2025-03-29 11:00:00+07:00,81.0,66.8,989.0,26.0
2025-03-29 12:00:00+07:00,70.3,57.3,805.0,25.0
2025-03-29 13:00:00+07:00,64.0,52.0,656.0,24.0
2025-03-29 14:00:00+07:00,59.6,48.4,475.0,22.0
2025-03-29 15:00:00+07:00,55.6,45.5,330.0,20.0
2025-03-29 16:00:00+07:00,53.2,43.8,496.0,18.0
2025-03-29 17:00:00+07:00,52.0,43.4,1298.0,17.0
2025-03-29 18:00:00+07:00,57.6,50.3,2411.0,16.0
2025-03-29 19:00:00+07:00,61.2,54.9,3138.0,12.0
2025-03-29 20:00:00+07:00,66.8,60.3,3101.0,11.0
2025-03-29 21:00:00+07:00,71.0,65.2,2678.0,10.0
2025-03-29 22:00:00+07:00,73.1,68.0,2305.0,9.0
2025-03-29 23:00:00+07:00,72.9,68.9,2163.0,8.0
2025-03-30 00:00:00+07:00,72.9,69.4,2071.0,7.0
2025-03-30 01:00:00+07:00,73.3,70.3,1919.0,6.0
2025-03-30 02:00:00+07:00,72.9,70.1,1607.0,5.0
2025-03-30 03:00:00+07:00,72.2,69.6,1235.0,4.0
2025-03-30 04:00:00+07:00,70.8,68.2,1000.0,4.0
2025-03-30 05:00:00+07:00,69.6,67.3,1031.0,4.0
2025-03-30 06:00:00+07:00,70.1,67.8,1199.0,4.0
2025-03-30 07:00:00+07:00,65.0,62.6,1309.0,4.0
2025-03-30 08:00:00+07:00,70.1,68.2,1289.0,5.0
2025-03-30 09:00:00+07:00,60.5,57.3,1211.0,6.0
2025-03-30 10:00:00+07:00,52.4,48.4,1101.0,7.0
2025-03-30 11:00:00+07:00,52.0,48.2,942.0,7.0
2025-03-30 12:00:00+07:00,51.1,47.6,752.0,7.0
2025-03-30 13:00:00+07:00,52.9,49.1,606.0,7.0
2025-03-30 14:00:00+07:00,51.0,47.5,463.0,7.0
2025-03-30 15:00:00+07:00,50.2,46.7,365.0,6.0
2025-03-30 16:00:00+07:00,50.5,47.0,515.0,6.0
2025-03-30 17:00:00+07:00,50.8,47.4,1205.0,6.0
2025-03-30 18:00:00+07:00,53.8,50.9,2143.0,5.0
2025-03-30 19:00:00+07:00,57.6,54.0,2658.0,6.0
2025-03-30 20:00:00+07:00,58.4,55.1,2333.0,6.0
2025-03-30 21:00:00+07:00,56.5,53.7,1584.0,5.0
2025-03-30 22:00:00+07:00,54.7,52.4,990.0,4.0
2025-03-30 23:00:00+07:00,51.9,50.3,787.0,3.0
2025-03-31 00:00:00+07:00,48.0,46.8,738.0,2.0
2025-03-31 01:00:00+07:00,44.2,43.4,709.0,1.0
2025-03-31 02:00:00+07:00,41.0,40.4,642.0,1.0
2025-03-31 03:00:00+07:00,38.5,38.1,597.0,1.0
2025-03-31 04:00:00+07:00,36.4,36.0,613.0,1.0
2025-03-31 05:00:00+07:00,34.5,34.0,761.0,1.0
2025-03-31 06:00:00+07:00,33.1,32.7,972.0,1.0
2025-03-31 07:00:00+07:00,38.3,37.7,1079.0,1.0
2025-03-31 08:00:00+07:00,34.5,33.9,980.0,1.0
2025-03-31 09:00:00+07:00,33.5,32.6,778.0,2.0
2025-03-31 10:00:00+07:00,34.9,33.9,612.0,2.0
2025-03-31 11:00:00+07:00,33.2,32.0,537.0,2.0
2025-03-31 12:00:00+07:00,30.0,28.8,499.0,2.0
2025-03-31 13:00:00+07:00,27.4,26.1,474.0,2.0
2025-03-31 14:00:00+07:00,25.5,24.3,419.0,2.0
2025-03-31 15:00:00+07:00,24.2,23.1,376.0,2.0
2025-03-31 16:00:00+07:00,23.7,22.6,451.0,2.0
2025-03-31 17:00:00+07:00,26.0,24.7,768.0,2.0
2025-03-31 18:00:00+07:00,26.4,25.4,1202.0,1.0
2025-03-31 19:00:00+07:00,40.4,39.1,1485.0,2.0
2025-03-31 20:00:00+07:00,41.2,40.0,1475.0,2.0
2025-03-31 21:00:00+07:00,42.8,41.8,1314.0,2.0
2025-03-31 22:00:00+07:00,44.7,43.7,1164.0,2.0
2025-03-31 23:00:00+07:00,46.3,45.4,1088.0,2.0
2025-04-01 00:00:00+07:00,47.5,46.6,1022.0,1.0
2025-04-01 01:00:00+07:00,47.7,46.9,937.0,1.0
2025-04-01 02:00:00+07:00,47.5,46.7,779.0,1.0
2025-04-01 03:00:00+07:00,47.3,46.4,603.0,1.0
2025-04-01 04:00:00+07:00,47.3,46.4,541.0,1.0
2025-04-01 05:00:00+07:00,47.6,46.8,721.0,1.0
2025-04-01 06:00:00+07:00,49.1,48.2,1015.0,1.0
2025-04-01 07:00:00+07:00,65.2,63.8,1178.0,2.0
2025-04-01 08:00:00+07:00,60.3,58.8,1069.0,3.0
2025-04-01 09:00:00+07:00,55.2,52.7,829.0,4.0
2025-04-01 10:00:00+07:00,49.6,47.1,628.0,4.0
2025-04-01 11:00:00+07:00,43.8,41.7,532.0,4.0
2025-04-01 12:00:00+07:00,40.4,38.4,475.0,3.0
2025-04-01 13:00:00+07:00,36.9,35.3,435.0,2.0
2025-04-01 14:00:00+07:00,34.3,32.8,387.0,2.0
2025-04-01 15:00:00+07:00,49.5,47.4,355.0,2.0
2025-04-01 16:00:00+07:00,33.4,32.0,395.0,2.0
2025-04-01 17:00:00+07:00,36.1,34.8,563.0,2.0
2025-04-01 18:00:00+07:00,37.0,36.0,801.0,1.0
2025-04-01 19:00:00+07:00,34.8,34.0,997.0,1.0
2025-04-01 20:00:00+07:00,35.3,34.6,1108.0,1.0
2025-04-01 21:00:00+07:00,36.7,36.0,1176.0,1.0
2025-04-01 22:00:00+07:00,38.6,38.0,1210.0,1.0
2025-04-01 23:00:00+07:00,40.5,39.9,1210.0,1.0
2025-04-02 00:00:00+07:00,41.4,40.9,1175.0,1.0
2025-04-02 01:00:00+07:00,41.4,40.9,1115.0,1.0
2025-04-02 02:00:00+07:00,41.3,40.9,988.0,1.0
2025-04-02 03:00:00+07:00,41.1,40.6,837.0,1.0
2025-04-02 04:00:00+07:00,41.6,41.1,794.0,1.0
2025-04-02 05:00:00+07:00,42.8,42.3,991.0,1.0
2025-04-02 06:00:00+07:00,44.6,44.0,1296.0,1.0
2025-04-02 07:00:00+07:00,51.8,51.2,1452.0,1.0
2025-04-02 08:00:00+07:00,45.8,45.1,1309.0,1.0
2025-04-02 09:00:00+07:00,37.7,36.6,1017.0,2.0
2025-04-02 10:00:00+07:00,34.6,33.2,760.0,2.0
2025-04-02 11:00:00+07:00,32.4,31.1,597.0,2.0
2025-04-02 12:00:00+07:00,31.0,29.7,471.0,2.0
2025-04-02 13:00:00+07:00,29.5,28.3,390.0,2.0
2025-04-02 14:00:00+07:00,28.1,26.9,345.0,2.0
2025-04-02 15:00:00+07:00,27.3,26.2,345.0,1.0
2025-04-02 16:00:00+07:00,27.8,26.8,437.0,1.0
2025-04-02 17:00:00+07:00,27.9,27.0,702.0,1.0
2025-04-02 18:00:00+07:00,28.6,27.9,1058.0,1.0
2025-04-02 19:00:00+07:00,40.9,39.8,1301.0,1.0
2025-04-02 20:00:00+07:00,39.8,38.9,1332.0,1.0
2025-04-02 21:00:00+07:00,38.8,38.0,1250.0,1.0
2025-04-02 22:00:00+07:00,39.3,38.5,1144.0,1.0
2025-04-02 23:00:00+07:00,41.0,40.3,1029.0,1.0
2025-04-03 00:00:00+07:00,43.0,42.3,890.0,1.0
2025-04-03 01:00:00+07:00,44.1,43.4,774.0,1.0
2025-04-03 02:00:00+07:00,45.3,44.6,670.0,1.0
2025-04-03 03:00:00+07:00,46.7,46.1,588.0,1.0
2025-04-03 04:00:00+07:00,48.5,48.1,611.0,1.0
2025-04-03 05:00:00+07:00,50.8,50.3,855.0,1.0
2025-04-03 06:00:00+07:00,53.0,52.6,1203.0,0.0
2025-04-03 07:00:00+07:00,72.2,71.5,1384.0,1.0
2025-04-03 08:00:00+07:00,67.5,66.8,1233.0,1.0
2025-04-03 09:00:00+07:00,60.1,58.9,916.0,1.0
2025-04-03 10:00:00+07:00,54.6,53.6,660.0,1.0
2025-04-03 11:00:00+07:00,52.2,51.1,557.0,1.0
2025-04-03 12:00:00+07:00,50.1,49.1,516.0,1.0
2025-04-03 13:00:00+07:00,48.8,47.8,492.0,1.0
2025-04-03 14:00:00+07:00,48.0,47.0,424.0,1.0
2025-04-03 15:00:00+07:00,47.5,46.6,373.0,1.0
2025-04-03 16:00:00+07:00,48.3,47.4,482.0,1.0
2025-04-03 17:00:00+07:00,48.1,47.3,903.0,1.0
2025-04-03 18:00:00+07:00,48.7,48.0,1483.0,1.0
2025-04-03 19:00:00+07:00,60.5,59.8,1903.0,1.0
2025-04-03 20:00:00+07:00,65.9,65.0,2028.0,1.0
2025-04-03 21:00:00+07:00,69.6,68.9,1993.0,1.0
2025-04-03 22:00:00+07:00,72.4,71.7,1888.0,1.0
2025-04-03 23:00:00+07:00,75.0,74.3,1708.0,1.0
2025-04-04 00:00:00+07:00,79.2,78.5,1457.0,1.0
2025-04-04 01:00:00+07:00,82.9,82.2,1239.0,1.0
2025-04-04 02:00:00+07:00,81.7,81.0,1054.0,1.0
2025-04-04 03:00:00+07:00,80.6,79.9,902.0,1.0
2025-04-04 04:00:00+07:00,82.2,81.7,882.0,1.0
2025-04-04 05:00:00+07:00,71.5,70.8,1126.0,1.0
2025-04-04 06:00:00+07:00,62.2,61.7,1502.0,1.0
2025-04-04 07:00:00+07:00,96.9,96.4,1710.0,1.0
2025-04-04 08:00:00+07:00,97.6,97.1,1583.0,1.0
2025-04-04 09:00:00+07:00,78.0,77.1,1289.0,1.0
2025-04-04 10:00:00+07:00,49.7,48.9,1030.0,1.0
2025-04-04 11:00:00+07:00,37.1,36.3,869.0,1.0
2025-04-04 12:00:00+07:00,33.1,32.2,744.0,1.0
2025-04-04 13:00:00+07:00,34.0,33.2,665.0,1.0
2025-04-04 14:00:00+07:00,35.5,34.7,640.0,1.0
2025-04-04 15:00:00+07:00,37.7,36.9,663.0,1.0
2025-04-04 16:00:00+07:00,40.9,40.0,725.0,1.0
2025-04-04 17:00:00+07:00,44.6,43.9,847.0,1.0
2025-04-04 18:00:00+07:00,46.4,45.8,1008.0,1.0
2025-04-04 19:00:00+07:00,43.5,42.8,1140.0,1.0
2025-04-04 20:00:00+07:00,47.0,46.4,1216.0,1.0
2025-04-04 21:00:00+07:00,48.8,48.3,1263.0,1.0
2025-04-04 22:00:00+07:00,47.4,46.9,1287.0,1.0
2025-04-04 23:00:00+07:00,49.4,49.0,1287.0,1.0
2025-04-05 00:00:00+07:00,49.1,48.9,1265.0,0.0
2025-04-05 01:00:00+07:00,48.7,48.4,1236.0,0.0
2025-04-05 02:00:00+07:00,49.5,49.2,1179.0,0.0
2025-04-05 03:00:00+07:00,49.9,49.7,1115.0,0.0
2025-04-05 04:00:00+07:00,50.1,49.7,1116.0,0.0
2025-04-05 05:00:00+07:00,49.7,49.4,1263.0,0.0
2025-04-05 06:00:00+07:00,50.1,49.7,1475.0,0.0
2025-04-05 07:00:00+07:00,70.5,70.1,1583.0,0.0
2025-04-05 08:00:00+07:00,66.4,66.1,1493.0,0.0
2025-04-05 09:00:00+07:00,56.8,56.0,1298.0,1.0
2025-04-05 10:00:00+07:00,42.0,41.0,1111.0,1.0
2025-04-05 11:00:00+07:00,29.8,28.9,963.0,1.0
2025-04-05 12:00:00+07:00,23.5,22.8,822.0,1.0
2025-04-05 13:00:00+07:00,20.8,20.1,702.0,1.0
2025-04-05 14:00:00+07:00,19.8,19.3,540.0,1.0
2025-04-05 15:00:00+07:00,19.7,19.2,398.0,1.0
2025-04-05 16:00:00+07:00,20.1,19.6,478.0,1.0
2025-04-05 17:00:00+07:00,20.8,20.3,1022.0,1.0
2025-04-05 18:00:00+07:00,21.8,21.2,1789.0,1.0
2025-04-05 19:00:00+07:00,26.3,26.0,2251.0,0.0
2025-04-05 20:00:00+07:00,33.2,32.9,2091.0,0.0
2025-04-05 21:00:00+07:00,39.8,39.6,1627.0,0.0
2025-04-05 22:00:00+07:00,46.9,46.7,1289.0,0.0
2025-04-05 23:00:00+07:00,52.2,51.9,1291.0,0.0
2025-04-06 00:00:00+07:00,56.0,55.8,1419.0,0.0
2025-04-06 01:00:00+07:00,58.1,58.0,1466.0,0.0
2025-04-06 02:00:00+07:00,58.6,58.3,1301.0,0.0
2025-04-06 03:00:00+07:00,57.9,57.6,1055.0,0.0
2025-04-06 04:00:00+07:00,57.3,57.2,911.0,0.0
2025-04-06 05:00:00+07:00,57.0,56.8,992.0,0.0
2025-04-06 06:00:00+07:00,57.0,56.7,1174.0,0.0
2025-04-06 07:00:00+07:00,60.8,60.8,1269.0,0.0
2025-04-06 08:00:00+07:00,53.3,53.2,1178.0,0.0
2025-04-06 09:00:00+07:00,28.5,28.2,999.0,0.0
2025-04-06 10:00:00+07:00,15.5,15.1,837.0,0.0
2025-04-06 11:00:00+07:00,12.2,11.7,725.0,0.0
2025-04-06 12:00:00+07:00,11.4,10.9,630.0,1.0
2025-04-06 13:00:00+07:00,11.2,10.6,559.0,1.0
2025-04-06 14:00:00+07:00,12.6,12.0,465.0,1.0
2025-04-06 15:00:00+07:00,13.3,12.7,395.0,1.0
2025-04-06 16:00:00+07:00,14.3,13.9,496.0,1.0
2025-04-06 17:00:00+07:00,18.1,17.8,920.0,1.0
2025-04-06 18:00:00+07:00,20.8,20.6,1515.0,0.0
2025-04-06 19:00:00+07:00,22.0,21.9,1971.0,0.0
2025-04-06 20:00:00+07:00,26.7,26.5,2191.0,0.0
2025-04-06 21:00:00+07:00,30.0,29.9,2272.0,0.0
2025-04-06 22:00:00+07:00,32.9,32.8,2194.0,0.0
2025-04-06 23:00:00+07:00,36.7,36.6,1860.0,0.0
2025-04-07 00:00:00+07:00,39.8,39.5,1367.0,0.0
2025-04-07 01:00:00+07:00,37.7,37.3,989.0,0.0
2025-04-07 02:00:00+07:00,37.5,37.1,833.0,0.0
2025-04-07 03:00:00+07:00,39.9,39.7,791.0,0.0
2025-04-07 04:00:00+07:00,41.2,41.0,816.0,0.0
2025-04-07 05:00:00+07:00,41.0,40.9,945.0,0.0
2025-04-07 06:00:00+07:00,40.5,40.4,1140.0,0.0
2025-04-07 07:00:00+07:00,45.4,45.2,1244.0,0.0
2025-04-07 08:00:00+07:00,38.6,38.4,1169.0,0.0
2025-04-07 09:00:00+07:00,31.3,31.0,1003.0,0.0
2025-04-07 10:00:00+07:00,28.0,27.6,849.0,0.0
2025-04-07 11:00:00+07:00,27.9,27.5,740.0,0.0
2025-04-07 12:00:00+07:00,28.6,28.1,642.0,1.0
2025-04-07 13:00:00+07:00,26.7,26.1,559.0,1.0
2025-04-07 14:00:00+07:00,22.6,22.1,443.0,1.0
2025-04-07 15:00:00+07:00,20.1,19.6,342.0,1.0
2025-04-07 16:00:00+07:00,23.1,22.4,400.0,1.0
2025-04-07 17:00:00+07:00,21.7,21.1,776.0,1.0
2025-04-07 18:00:00+07:00,23.1,22.6,1311.0,0.0
2025-04-07 19:00:00+07:00,14.7,14.6,1670.0,0.0
2025-04-07 20:00:00+07:00,19.7,19.6,1679.0,0.0
2025-04-07 21:00:00+07:00,21.8,21.5,1511.0,0.0
2025-04-07 22:00:00+07:00,23.5,23.2,1352.0,0.0
2025-04-07 23:00:00+07:00,24.6,24.4,1268.0,0.0
2025-04-08 00:00:00+07:00,26.3,26.1,1194.0,0.0
2025-04-08 01:00:00+07:00,28.1,27.8,1117.0,0.0
2025-04-08 02:00:00+07:00,28.8,28.5,996.0,0.0
2025-04-08 03:00:00+07:00,29.6,29.3,873.0,0.0
2025-04-08 04:00:00+07:00,29.7,29.5,862.0,0.0
2025-04-08 05:00:00+07:00,29.9,29.6,1098.0,0.0
2025-04-08 06:00:00+07:00,30.5,30.2,1447.0,1.0
2025-04-08 07:00:00+07:00,27.6,27.4,1618.0,0.0
2025-04-08 08:00:00+07:00,28.9,28.7,1434.0,0.0
2025-04-08 09:00:00+07:00,24.2,23.9,1073.0,0.0
2025-04-08 10:00:00+07:00,19.5,19.2,778.0,0.0
2025-04-08 11:00:00+07:00,15.7,15.4,645.0,0.0
2025-04-08 12:00:00+07:00,15.4,15.1,578.0,0.0
2025-04-08 13:00:00+07:00,15.5,15.2,535.0,0.0
2025-04-08 14:00:00+07:00,15.9,15.5,455.0,0.0
2025-04-08 15:00:00+07:00,16.3,15.9,398.0,0.0
2025-04-08 16:00:00+07:00,16.8,16.4,509.0,0.0
2025-04-08 17:00:00+07:00,21.9,21.5,941.0,0.0
2025-04-08 18:00:00+07:00,24.3,23.9,1540.0,0.0
2025-04-08 19:00:00+07:00,27.1,26.7,1988.0,0.0
2025-04-08 20:00:00+07:00,28.4,28.1,2161.0,0.0
2025-04-08 21:00:00+07:00,29.6,29.3,2183.0,0.0
2025-04-08 22:00:00+07:00,32.2,32.0,2107.0,0.0
2025-04-08 23:00:00+07:00,34.0,33.8,1910.0,0.0
2025-04-09 00:00:00+07:00,34.7,34.6,1615.0,0.0
2025-04-09 01:00:00+07:00,34.6,34.3,1343.0,0.0
2025-04-09 02:00:00+07:00,35.2,34.9,1100.0,0.0
2025-04-09 03:00:00+07:00,36.6,36.3,881.0,0.0
2025-04-09 04:00:00+07:00,38.3,38.1,782.0,0.0
2025-04-09 05:00:00+07:00,40.0,39.8,914.0,0.0
2025-04-09 06:00:00+07:00,42.7,42.6,1168.0,0.0
2025-04-09 07:00:00+07:00,49.2,49.0,1314.0,0.0
2025-04-09 08:00:00+07:00,46.2,46.0,1240.0,0.0
2025-04-09 09:00:00+07:00,41.3,41.1,1058.0,0.0
2025-04-09 10:00:00+07:00,41.3,41.0,877.0,0.0
2025-04-09 11:00:00+07:00,38.2,37.3,717.0,0.0
2025-04-09 12:00:00+07:00,32.5,31.4,558.0,1.0
2025-04-09 13:00:00+07:00,29.7,28.7,449.0,1.0
2025-04-09 14:00:00+07:00,28.3,27.5,321.0,1.0
2025-04-09 15:00:00+07:00,26.5,26.0,244.0,1.0
2025-04-09 16:00:00+07:00,26.8,26.3,477.0,1.0
2025-04-09 17:00:00+07:00,46.3,45.3,1350.0,1.0
2025-04-09 18:00:00+07:00,45.9,45.2,2533.0,0.0
2025-04-09 19:00:00+07:00,50.5,49.6,3293.0,1.0
2025-04-09 20:00:00+07:00,56.8,56.0,3258.0,1.0
2025-04-09 21:00:00+07:00,61.0,60.1,2800.0,0.0
2025-04-09 22:00:00+07:00,64.5,63.8,2309.0,0.0
2025-04-09 23:00:00+07:00,67.3,66.8,1863.0,0.0
2025-04-10 00:00:00+07:00,69.4,68.9,1384.0,0.0
2025-04-10 01:00:00+07:00,68.9,68.5,1025.0,0.0
2025-04-10 02:00:00+07:00,67.5,67.3,826.0,0.0
2025-04-10 03:00:00+07:00,66.6,66.4,747.0,0.0
2025-04-10 04:00:00+07:00,66.1,65.9,825.0,0.0
2025-04-10 05:00:00+07:00,62.4,62.2,1209.0,0.0
2025-04-10 06:00:00+07:00,60.5,60.3,1749.0,0.0
2025-04-10 07:00:00+07:00,68.2,68.0,2031.0,0.0
2025-04-10 08:00:00+07:00,64.3,64.0,1799.0,0.0
2025-04-10 09:00:00+07:00,54.7,54.4,1309.0,0.0
2025-04-10 10:00:00+07:00,52.0,51.6,918.0,0.0
2025-04-10 11:00:00+07:00,48.7,48.0,775.0,0.0
2025-04-10 12:00:00+07:00,47.0,46.1,732.0,1.0
2025-04-10 13:00:00+07:00,45.1,44.2,693.0,1.0
2025-04-10 14:00:00+07:00,42.1,41.2,588.0,1.0
2025-04-10 15:00:00+07:00,41.4,40.6,488.0,1.0
2025-04-10 16:00:00+07:00,44.2,43.3,516.0,1.0
2025-04-10 17:00:00+07:00,41.8,41.0,758.0,1.0
2025-04-10 18:00:00+07:00,36.0,35.5,1127.0,0.0
2025-04-10 19:00:00+07:00,53.6,52.9,1490.0,1.0
2025-04-10 20:00:00+07:00,57.6,57.0,1856.0,1.0
2025-04-10 21:00:00+07:00,59.5,59.0,2215.0,0.0
2025-04-10 22:00:00+07:00,57.2,56.7,2405.0,0.0
2025-04-10 23:00:00+07:00,55.9,55.4,2327.0,0.0
2025-04-11 00:00:00+07:00,54.8,54.4,2080.0,0.0
2025-04-11 01:00:00+07:00,53.0,52.6,1791.0,0.0
2025-04-11 02:00:00+07:00,50.8,50.4,1432.0,0.0
2025-04-11 03:00:00+07:00,49.2,48.9,1031.0,0.0
2025-04-11 04:00:00+07:00,48.4,48.1,806.0,0.0
2025-04-11 05:00:00+07:00,48.8,48.4,924.0,0.0
2025-04-11 06:00:00+07:00,49.4,49.0,1218.0,0.0
2025-04-11 07:00:00+07:00,73.8,73.6,1403.0,0.0
2025-04-11 08:00:00+07:00,61.0,60.8,1351.0,0.0
2025-04-11 09:00:00+07:00,39.9,39.2,1190.0,0.0
2025-04-11 10:00:00+07:00,30.6,29.9,1015.0,0.0
2025-04-11 11:00:00+07:00,25.7,25.0,841.0,0.0
2025-04-11 12:00:00+07:00,21.9,21.2,653.0,0.0
2025-04-11 13:00:00+07:00,19.3,18.7,509.0,0.0
2025-04-11 14:00:00+07:00,18.5,17.9,387.0,0.0
2025-04-11 15:00:00+07:00,17.3,16.7,308.0,0.0
2025-04-11 16:00:00+07:00,17.4,16.8,393.0,0.0
2025-04-11 17:00:00+07:00,18.8,18.2,821.0,0.0
2025-04-11 18:00:00+07:00,20.1,19.6,1413.0,0.0
2025-04-11 19:00:00+07:00,21.6,21.2,1754.0,0.0
2025-04-11 20:00:00+07:00,24.3,23.9,1577.0,0.0
2025-04-11 21:00:00+07:00,25.8,25.6,1149.0,0.0
2025-04-11 22:00:00+07:00,25.5,25.3,858.0,0.0
2025-04-11 23:00:00+07:00,25.6,25.4,891.0,0.0
2025-04-12 00:00:00+07:00,27.4,27.1,1059.0,0.0
2025-04-12 01:00:00+07:00,29.1,28.8,1188.0,0.0
2025-04-12 02:00:00+07:00,29.2,28.9,1198.0,0.0
2025-04-12 03:00:00+07:00,28.3,28.2,1168.0,0.0
2025-04-12 04:00:00+07:00,27.0,26.7,1157.0,0.0
2025-04-12 05:00:00+07:00,23.9,23.7,1222.0,0.0
2025-04-12 06:00:00+07:00,23.5,23.3,1304.0,0.0
2025-04-12 07:00:00+07:00,17.1,17.0,1291.0,0.0
2025-04-12 08:00:00+07:00,15.7,15.6,1085.0,0.0
2025-04-12 09:00:00+07:00,13.0,12.8,782.0,0.0
2025-04-12 10:00:00+07:00,9.5,9.4,559.0,0.0
2025-04-12 11:00:00+07:00,8.4,8.3,507.0,0.0
2025-04-12 12:00:00+07:00,7.5,7.3,534.0,0.0
2025-04-12 13:00:00+07:00,5.7,5.5,538.0,0.0
2025-04-12 14:00:00+07:00,6.5,6.4,412.0,0.0
2025-04-12 15:00:00+07:00,6.6,6.5,263.0,0.0
2025-04-12 16:00:00+07:00,6.9,6.8,315.0,0.0
2025-04-12 17:00:00+07:00,7.4,7.3,796.0,0.0
2025-04-12 18:00:00+07:00,10.7,10.7,1477.0,0.0
2025-04-12 19:00:00+07:00,13.0,12.4,1896.0,0.0
2025-04-12 20:00:00+07:00,17.9,17.2,1779.0,0.0
2025-04-12 21:00:00+07:00,21.7,20.8,1401.0,0.0
2025-04-12 22:00:00+07:00,24.7,23.8,1117.0,0.0
2025-04-12 23:00:00+07:00,29.0,28.1,1107.0,0.0
2025-04-13 00:00:00+07:00,31.5,30.6,1192.0,0.0
2025-04-13 01:00:00+07:00,32.5,31.5,1193.0,0.0
2025-04-13 02:00:00+07:00,32.4,31.4,988.0,0.0
2025-04-13 03:00:00+07:00,31.9,30.9,700.0,0.0
2025-04-13 04:00:00+07:00,30.9,29.9,516.0,0.0
2025-04-13 05:00:00+07:00,30.0,29.1,559.0,0.0
2025-04-13 06:00:00+07:00,29.6,28.6,708.0,0.0
2025-04-13 07:00:00+07:00,6.7,6.6,783.0,0.0
2025-04-13 08:00:00+07:00,7.8,7.7,687.0,0.0
2025-04-13 09:00:00+07:00,8.4,8.2,518.0,0.0
2025-04-13 10:00:00+07:00,8.0,7.9,395.0,0.0
2025-04-13 11:00:00+07:00,8.6,8.5,368.0,0.0
2025-04-13 12:00:00+07:00,9.1,9.1,387.0,0.0
2025-04-13 13:00:00+07:00,9.9,9.8,426.0,0.0
2025-04-13 14:00:00+07:00,11.0,10.9,467.0,0.0
2025-04-13 15:00:00+07:00,12.2,12.1,528.0,0.0
2025-04-13 16:00:00+07:00,13.1,13.1,635.0,0.0
2025-04-13 17:00:00+07:00,14.3,14.2,829.0,0.0
2025-04-13 18:00:00+07:00,17.3,17.2,1068.0,0.0
2025-04-13 19:00:00+07:00,19.0,19.0,1253.0,0.0
2025-04-13 20:00:00+07:00,19.1,19.0,1366.0,0.0
2025-04-13 21:00:00+07:00,14.0,13.9,1426.0,0.0
2025-04-13 22:00:00+07:00,12.0,11.9,1388.0,0.0
2025-04-13 23:00:00+07:00,9.5,9.5,1194.0,0.0
2025-04-14 00:00:00+07:00,8.5,8.5,902.0,0.0
2025-04-14 01:00:00+07:00,4.4,4.4,648.0,0.0
2025-04-14 02:00:00+07:00,4.4,4.4,456.0,0.0
2025-04-14 03:00:00+07:00,5.3,5.3,301.0,0.0
2025-04-14 04:00:00+07:00,6.2,6.1,240.0,0.0
2025-04-14 05:00:00+07:00,7.2,7.1,346.0,0.0
2025-04-14 06:00:00+07:00,8.8,8.7,546.0,0.0
2025-04-14 07:00:00+07:00,21.7,21.1,684.0,1.0
2025-04-14 08:00:00+07:00,26.6,25.7,690.0,1.0
2025-04-14 09:00:00+07:00,26.7,25.6,633.0,2.0
2025-04-14 10:00:00+07:00,25.1,24.1,570.0,2.0
2025-04-14 11:00:00+07:00,23.5,22.6,504.0,2.0
2025-04-14 12:00:00+07:00,22.5,21.7,431.0,2.0
2025-04-14 13:00:00+07:00,21.5,20.6,395.0,2.0
2025-04-14 14:00:00+07:00,20.9,20.0,372.0,2.0
2025-04-14 15:00:00+07:00,21.5,20.4,386.0,2.0
2025-04-14 16:00:00+07:00,21.3,20.2,549.0,2.0
2025-04-14 17:00:00+07:00,22.2,21.0,1016.0,2.0
2025-04-14 18:00:00+07:00,28.1,27.0,1632.0,2.0
2025-04-14 19:00:00+07:00,35.5,34.6,2052.0,2.0
2025-04-14 20:00:00+07:00,37.7,36.9,2106.0,2.0
2025-04-14 21:00:00+07:00,43.1,42.3,1963.0,1.0
2025-04-14 22:00:00+07:00,50.1,49.2,1788.0,1.0
2025-04-14 23:00:00+07:00,55.4,54.7,1624.0,1.0
2025-04-15 00:00:00+07:00,56.0,55.3,1428.0,1.0
2025-04-15 01:00:00+07:00,50.8,50.1,1237.0,1.0
2025-04-15 02:00:00+07:00,46.8,46.2,1037.0,1.0
2025-04-15 03:00:00+07:00,44.0,43.4,842.0,1.0
2025-04-15 04:00:00+07:00,39.5,38.8,737.0,1.0
2025-04-15 05:00:00+07:00,37.0,36.3,810.0,1.0
2025-04-15 06:00:00+07:00,36.1,35.4,973.0,2.0
2025-04-15 07:00:00+07:00,23.7,23.5,1043.0,0.0
2025-04-15 08:00:00+07:00,25.8,25.4,908.0,0.0
2025-04-15 09:00:00+07:00,21.5,21.0,682.0,1.0
2025-04-15 10:00:00+07:00,17.8,17.2,518.0,1.0
2025-04-15 11:00:00+07:00,16.1,15.7,490.0,1.0
2025-04-15 12:00:00+07:00,16.2,15.8,526.0,1.0
2025-04-15 13:00:00+07:00,16.4,16.1,562.0,1.0
2025-04-15 14:00:00+07:00,15.2,15.0,499.0,1.0
2025-04-15 15:00:00+07:00,13.5,13.3,436.0,0.0
2025-04-15 16:00:00+07:00,13.9,13.6,611.0,0.0
2025-04-15 17:00:00+07:00,14.7,14.5,1303.0,0.0
2025-04-15 18:00:00+07:00,16.2,15.9,2232.0,0.0
2025-04-15 19:00:00+07:00,24.5,24.3,2794.0,0.0
2025-04-15 20:00:00+07:00,33.2,33.1,2618.0,0.0
2025-04-15 21:00:00+07:00,38.1,38.0,2075.0,0.0
2025-04-15 22:00:00+07:00,41.3,41.2,1671.0,0.0
2025-04-15 23:00:00+07:00,42.1,41.9,1661.0,0.0
2025-04-16 00:00:00+07:00,41.8,41.6,1791.0,0.0
2025-04-16 01:00:00+07:00,42.0,41.9,1805.0,0.0
2025-04-16 02:00:00+07:00,42.4,42.3,1527.0,0.0
2025-04-16 03:00:00+07:00,42.0,41.9,1134.0,0.0
2025-04-16 04:00:00+07:00,42.0,41.9,896.0,0.0
2025-04-16 05:00:00+07:00,42.7,42.7,991.0,0.0
2025-04-16 06:00:00+07:00,43.3,43.2,1242.0,0.0
2025-04-16 07:00:00+07:00,38.1,37.7,1391.0,0.0
2025-04-16 08:00:00+07:00,32.7,32.5,1310.0,0.0
2025-04-16 09:00:00+07:00,16.6,16.6,1127.0,0.0
2025-04-16 10:00:00+07:00,8.5,8.5,972.0,0.0
2025-04-16 11:00:00+07:00,6.6,6.5,902.0,0.0
2025-04-16 12:00:00+07:00,5.7,5.6,861.0,0.0
2025-04-16 13:00:00+07:00,4.9,4.9,809.0,0.0
2025-04-16 14:00:00+07:00,4.7,4.7,664.0,0.0
2025-04-16 15:00:00+07:00,5.0,4.9,508.0,0.0
2025-04-16 16:00:00+07:00,5.7,5.7,551.0,0.0
2025-04-16 17:00:00+07:00,6.9,6.9,1005.0,0.0
2025-04-16 18:00:00+07:00,9.3,9.2,1659.0,0.0
2025-04-16 19:00:00+07:00,17.3,17.3,2085.0,0.0
2025-04-16 20:00:00+07:00,20.4,20.3,2026.0,0.0
2025-04-16 21:00:00+07:00,20.5,20.5,1740.0,0.0
2025-04-16 22:00:00+07:00,21.9,21.7,1576.0,0.0
2025-04-16 23:00:00+07:00,23.6,23.3,1758.0,0.0
2025-04-17 00:00:00+07:00,26.5,26.2,2062.0,0.0
2025-04-17 01:00:00+07:00,28.3,27.9,2170.0,0.0
2025-04-17 02:00:00+07:00,28.5,28.2,1842.0,0.0
2025-04-17 03:00:00+07:00,28.5,28.1,1317.0,0.0
2025-04-17 04:00:00+07:00,25.8,25.5,997.0,0.0
2025-04-17 05:00:00+07:00,24.9,24.6,1142.0,0.0
2025-04-17 06:00:00+07:00,26.1,25.8,1492.0,0.0
2025-04-17 07:00:00+07:00,10.8,10.7,1670.0,0.0
2025-04-17 08:00:00+07:00,9.8,9.7,1473.0,0.0
2025-04-17 09:00:00+07:00,9.5,9.4,1105.0,0.0
2025-04-17 10:00:00+07:00,9.5,9.4,799.0,0.0
2025-04-17 11:00:00+07:00,8.6,8.5,646.0,0.0
2025-04-17 12:00:00+07:00,7.8,7.7,555.0,0.0
2025-04-17 13:00:00+07:00,7.2,7.0,493.0,0.0
2025-04-17 14:00:00+07:00,6.9,6.7,386.0,0.0
2025-04-17 15:00:00+07:00,6.8,6.5,308.0,0.0
2025-04-17 16:00:00+07:00,6.8,6.4,442.0,0.0
2025-04-17 17:00:00+07:00,7.1,6.8,1014.0,0.0
2025-04-17 18:00:00+07:00,9.3,9.0,1798.0,0.0
2025-04-17 19:00:00+07:00,13.9,13.9,2300.0,0.0
2025-04-17 20:00:00+07:00,15.7,15.6,2244.0,0.0
2025-04-17 21:00:00+07:00,15.7,15.6,1906.0,0.0
2025-04-17 22:00:00+07:00,16.7,16.6,1613.0,0.0
2025-04-17 23:00:00+07:00,19.4,19.3,1495.0,0.0
2025-04-18 00:00:00+07:00,21.1,21.0,1422.0,0.0
2025-04-18 01:00:00+07:00,22.4,22.2,1335.0,0.0
2025-04-18 02:00:00+07:00,23.4,23.1,1181.0,0.0
2025-04-18 03:00:00+07:00,24.2,23.9,1014.0,0.0
2025-04-18 04:00:00+07:00,24.4,24.1,935.0,0.0
2025-04-18 05:00:00+07:00,24.3,24.0,1044.0,0.0
2025-04-18 06:00:00+07:00,24.6,24.3,1240.0,0.0
2025-04-18 07:00:00+07:00,22.9,22.1,1324.0,0.0
2025-04-18 08:00:00+07:00,14.2,13.8,1181.0,0.0
2025-04-18 09:00:00+07:00,6.5,6.3,926.0,0.0
2025-04-18 10:00:00+07:00,4.3,4.3,704.0,0.0
2025-04-18 11:00:00+07:00,3.2,3.2,562.0,0.0
2025-04-18 12:00:00+07:00,2.8,2.7,453.0,0.0
2025-04-18 13:00:00+07:00,2.8,2.7,381.0,0.0
2025-04-18 14:00:00+07:00,3.8,3.6,308.0,0.0
2025-04-18 15:00:00+07:00,4.2,3.9,272.0,1.0
2025-04-18 16:00:00+07:00,5.4,5.0,394.0,1.0
2025-04-18 17:00:00+07:00,6.3,5.9,801.0,1.0
2025-04-18 18:00:00+07:00,7.9,7.4,1366.0,1.0
2025-04-18 19:00:00+07:00,17.6,17.3,1821.0,0.0
2025-04-18 20:00:00+07:00,24.7,24.4,2091.0,0.0
2025-04-18 21:00:00+07:00,30.9,30.5,2252.0,1.0
2025-04-18 22:00:00+07:00,35.7,35.2,2266.0,1.0
2025-04-18 23:00:00+07:00,38.2,37.5,2052.0,1.0
2025-04-19 00:00:00+07:00,37.8,37.0,1690.0,1.0
2025-04-19 01:00:00+07:00,36.7,35.9,1382.0,1.0
2025-04-19 02:00:00+07:00,36.2,35.3,1182.0,1.0
2025-04-19 03:00:00+07:00,36.4,35.5,1036.0,1.0
2025-04-19 04:00:00+07:00,36.6,35.6,981.0,1.0
2025-04-19 05:00:00+07:00,36.1,35.0,1101.0,1.0
2025-04-19 06:00:00+07:00,38.5,37.8,1312.0,1.0
2025-04-19 07:00:00+07:00,23.5,22.6,1403.0,2.0
2025-04-19 08:00:00+07:00,19.4,18.0,1246.0,3.0
2025-04-19 09:00:00+07:00,16.2,14.0,968.0,5.0
2025-04-19 10:00:00+07:00,17.4,14.1,737.0,6.0
2025-04-19 11:00:00+07:00,18.3,14.4,623.0,6.0
2025-04-19 12:00:00+07:00,17.1,13.4,557.0,6.0
2025-04-19 13:00:00+07:00,15.4,11.9,498.0,6.0
2025-04-19 14:00:00+07:00,14.4,10.9,334.0,6.0
2025-04-19 15:00:00+07:00,14.3,10.4,177.0,7.0
2025-04-19 16:00:00+07:00,14.0,10.3,322.0,7.0
2025-04-19 17:00:00+07:00,15.1,11.0,1143.0,7.0
2025-04-19 18:00:00+07:00,15.9,12.1,2267.0,6.0
2025-04-19 19:00:00+07:00,24.1,19.2,2864.0,10.0
2025-04-19 20:00:00+07:00,27.1,22.2,2392.0,9.0
2025-04-19 21:00:00+07:00,29.5,25.1,1395.0,8.0
2025-04-19 22:00:00+07:00,32.8,29.0,672.0,7.0
2025-04-19 23:00:00+07:00,36.7,33.3,598.0,7.0
2025-04-20 00:00:00+07:00,38.9,35.7,800.0,6.0
2025-04-20 01:00:00+07:00,39.8,36.8,954.0,6.0
2025-04-20 02:00:00+07:00,39.9,37.0,916.0,6.0
2025-04-20 03:00:00+07:00,38.5,35.7,831.0,5.0
2025-04-20 04:00:00+07:00,37.1,34.3,813.0,5.0
2025-04-20 05:00:00+07:00,37.5,34.8,965.0,5.0
2025-04-20 06:00:00+07:00,38.5,35.7,1185.0,4.0
2025-04-20 07:00:00+07:00,45.3,42.6,1281.0,4.0
2025-04-20 08:00:00+07:00,36.2,32.9,1134.0,7.0
2025-04-20 09:00:00+07:00,26.5,20.9,863.0,10.0
2025-04-20 10:00:00+07:00,25.7,18.8,633.0,13.0
2025-04-20 11:00:00+07:00,24.9,17.9,503.0,13.0
2025-04-20 12:00:00+07:00,23.3,16.5,414.0,13.0
2025-04-20 13:00:00+07:00,21.6,15.4,350.0,12.0
2025-04-20 14:00:00+07:00,20.3,14.6,271.0,11.0
2025-04-20 15:00:00+07:00,18.8,13.7,218.0,10.0
2025-04-20 16:00:00+07:00,18.4,13.6,298.0,9.0
2025-04-20 17:00:00+07:00,18.5,14.0,657.0,8.0
2025-04-20 18:00:00+07:00,18.6,14.8,1150.0,7.0
2025-04-20 19:00:00+07:00,16.0,13.7,1446.0,5.0
2025-04-20 20:00:00+07:00,17.4,15.2,1340.0,5.0
2025-04-20 21:00:00+07:00,19.2,17.1,1036.0,4.0
2025-04-20 22:00:00+07:00,21.7,19.8,820.0,4.0
2025-04-20 23:00:00+07:00,24.3,22.6,825.0,3.0
2025-04-21 00:00:00+07:00,26.5,25.1,917.0,2.0
2025-04-21 01:00:00+07:00,28.0,26.7,978.0,2.0
2025-04-21 02:00:00+07:00,29.3,27.9,931.0,2.0
2025-04-21 03:00:00+07:00,30.6,29.0,853.0,3.0
2025-04-21 04:00:00+07:00,31.9,30.2,850.0,3.0
2025-04-21 05:00:00+07:00,33.5,31.5,1029.0,3.0
2025-04-21 06:00:00+07:00,33.1,31.0,1283.0,3.0
2025-04-21 07:00:00+07:00,46.0,43.5,1398.0,4.0
2025-04-21 08:00:00+07:00,35.6,31.2,1241.0,8.0
2025-04-21 09:00:00+07:00,32.5,24.7,944.0,13.0
2025-04-21 10:00:00+07:00,30.6,22.2,691.0,16.0
2025-04-21 11:00:00+07:00,27.8,19.8,547.0,16.0
2025-04-21 12:00:00+07:00,24.8,17.8,447.0,14.0
2025-04-21 13:00:00+07:00,22.6,16.4,372.0,12.0
2025-04-21 14:00:00+07:00,21.0,15.4,300.0,11.0
2025-04-21 15:00:00+07:00,21.4,15.8,254.0,11.0
2025-04-21 16:00:00+07:00,19.8,14.8,286.0,10.0
2025-04-21 17:00:00+07:00,20.1,15.1,449.0,9.0
2025-04-21 18:00:00+07:00,20.5,16.2,689.0,8.0
2025-04-21 19:00:00+07:00,16.6,13.7,898.0,6.0
2025-04-21 20:00:00+07:00,17.6,15.2,1040.0,5.0
2025-04-21 21:00:00+07:00,18.2,16.2,1150.0,4.0
2025-04-21 22:00:00+07:00,19.1,17.4,1224.0,3.0
2025-04-21 23:00:00+07:00,20.5,19.2,1259.0,2.0
2025-04-22 00:00:00+07:00,23.0,21.7,1258.0,2.0
2025-04-22 01:00:00+07:00,25.1,23.7,1227.0,2.0
2025-04-22 02:00:00+07:00,25.7,24.4,1136.0,2.0
2025-04-22 03:00:00+07:00,24.2,23.1,1016.0,2.0
2025-04-22 04:00:00+07:00,24.3,23.2,966.0,2.0
2025-04-22 05:00:00+07:00,25.0,23.9,1080.0,2.0
2025-04-22 06:00:00+07:00,26.2,25.0,1265.0,1.0
2025-04-22 07:00:00+07:00,31.5,30.3,1338.0,2.0
2025-04-22 08:00:00+07:00,25.6,23.7,1190.0,5.0
2025-04-22 09:00:00+07:00,20.5,15.9,930.0,8.0
2025-04-22 10:00:00+07:00,20.7,15.0,709.0,11.0
2025-04-22 11:00:00+07:00,21.0,14.7,583.0,12.0
2025-04-22 12:00:00+07:00,19.3,13.5,495.0,12.0
2025-04-22 13:00:00+07:00,18.6,13.1,426.0,11.0
2025-04-22 14:00:00+07:00,17.6,12.7,269.0,10.0
2025-04-22 15:00:00+07:00,16.8,12.3,130.0,9.0
2025-04-22 16:00:00+07:00,16.5,12.2,306.0,8.0
2025-04-22 17:00:00+07:00,17.1,13.3,1102.0,7.0
2025-04-22 18:00:00+07:00,16.6,13.9,2213.0,5.0
2025-04-22 19:00:00+07:00,26.8,24.1,3014.0,5.0
2025-04-22 20:00:00+07:00,31.5,29.0,3225.0,4.0
2025-04-22 21:00:00+07:00,33.8,31.7,3126.0,4.0
2025-04-22 22:00:00+07:00,34.8,33.1,2939.0,3.0
2025-04-22 23:00:00+07:00,37.0,35.4,2724.0,3.0
2025-04-23 00:00:00+07:00,38.8,37.1,2420.0,2.0
2025-04-23 01:00:00+07:00,39.0,37.5,2062.0,2.0
2025-04-23 02:00:00+07:00,38.2,36.7,1572.0,2.0
2025-04-23 03:00:00+07:00,37.0,35.5,1029.0,2.0
2025-04-23 04:00:00+07:00,36.1,34.7,699.0,2.0
2025-04-23 05:00:00+07:00,35.0,33.5,790.0,2.0
2025-04-23 06:00:00+07:00,34.1,32.7,1094.0,1.0
2025-04-23 07:00:00+07:00,34.8,32.9,1261.0,2.0
2025-04-23 08:00:00+07:00,26.5,24.2,1113.0,4.0
2025-04-23 09:00:00+07:00,22.2,17.6,828.0,8.0
2025-04-23 10:00:00+07:00,21.4,15.9,584.0,10.0
2025-04-23 11:00:00+07:00,20.8,15.3,445.0,11.0
2025-04-23 12:00:00+07:00,21.2,15.6,347.0,11.0
2025-04-23 13:00:00+07:00,22.5,16.7,284.0,11.0
2025-04-23 14:00:00+07:00,25.6,19.2,237.0,12.0
2025-04-23 15:00:00+07:00,28.1,21.5,224.0,13.0
2025-04-23 16:00:00+07:00,31.2,24.4,293.0,14.0
2025-04-23 17:00:00+07:00,35.7,28.4,520.0,13.0
2025-04-23 18:00:00+07:00,37.1,30.7,828.0,12.0
2025-04-23 19:00:00+07:00,27.8,24.7,1034.0,6.0
2025-04-23 20:00:00+07:00,29.1,26.2,1014.0,5.0
2025-04-23 21:00:00+07:00,31.0,28.5,892.0,5.0
2025-04-23 22:00:00+07:00,33.8,31.8,855.0,4.0
2025-04-23 23:00:00+07:00,36.6,34.8,1036.0,4.0
2025-04-24 00:00:00+07:00,38.6,37.1,1303.0,3.0
2025-04-24 01:00:00+07:00,39.7,38.4,1445.0,3.0
2025-04-24 02:00:00+07:00,40.0,38.8,1315.0,3.0
2025-04-24 03:00:00+07:00,39.8,38.6,1061.0,2.0
2025-04-24 04:00:00+07:00,39.7,38.4,917.0,2.0
2025-04-24 05:00:00+07:00,39.5,38.0,1037.0,1.0
2025-04-24 06:00:00+07:00,39.8,38.3,1268.0,1.0
2025-04-24 07:00:00+07:00,39.7,38.1,1385.0,2.0
2025-04-24 08:00:00+07:00,32.1,29.5,1268.0,6.0
2025-04-24 09:00:00+07:00,26.0,19.4,1036.0,11.0
2025-04-24 10:00:00+07:00,29.5,21.7,827.0,15.0
2025-04-24 11:00:00+07:00,31.5,23.3,684.0,16.0
2025-04-24 12:00:00+07:00,32.4,24.3,564.0,16.0
2025-04-24 13:00:00+07:00,32.8,25.0,470.0,16.0
2025-04-24 14:00:00+07:00,33.6,26.1,366.0,16.0
2025-04-24 15:00:00+07:00,35.9,28.6,289.0,15.0
2025-04-24 16:00:00+07:00,39.2,32.0,347.0,14.0
2025-04-24 17:00:00+07:00,42.8,35.6,681.0,13.0
2025-04-24 18:00:00+07:00,45.5,38.9,1151.0,12.0
2025-04-24 19:00:00+07:00,46.3,38.6,1449.0,15.0
2025-04-24 20:00:00+07:00,47.4,39.9,1383.0,14.0
2025-04-24 21:00:00+07:00,46.4,40.2,1146.0,12.0
2025-04-24 22:00:00+07:00,45.8,40.3,1002.0,11.0
2025-04-24 23:00:00+07:00,45.8,40.9,1105.0,10.0
2025-04-25 00:00:00+07:00,45.5,41.2,1302.0,9.0
2025-04-25 01:00:00+07:00,44.7,40.6,1403.0,8.0
2025-04-25 02:00:00+07:00,43.9,40.0,1281.0,7.0
2025-04-25 03:00:00+07:00,43.2,39.5,1063.0,7.0
2025-04-25 04:00:00+07:00,42.7,38.9,943.0,7.0
2025-04-25 05:00:00+07:00,42.8,39.0,1056.0,6.0
2025-04-25 06:00:00+07:00,42.5,38.6,1267.0,6.0
2025-04-25 07:00:00+07:00,46.6,42.0,1357.0,9.0
2025-04-25 08:00:00+07:00,43.2,36.1,1197.0,12.0
2025-04-25 09:00:00+07:00,40.7,30.9,917.0,17.0
2025-04-25 10:00:00+07:00,41.8,31.1,689.0,20.0
2025-04-25 11:00:00+07:00,40.9,30.2,586.0,21.0
2025-04-25 12:00:00+07:00,39.7,29.1,534.0,21.0
2025-04-25 13:00:00+07:00,39.8,29.3,490.0,21.0
2025-04-25 14:00:00+07:00,39.2,29.5,395.0,20.0
2025-04-25 15:00:00+07:00,39.0,29.6,308.0,19.0
2025-04-25 16:00:00+07:00,38.3,29.3,352.0,18.0
2025-04-25 17:00:00+07:00,37.7,28.9,608.0,17.0
2025-04-25 18:00:00+07:00,38.2,30.2,997.0,17.0
2025-04-25 19:00:00+07:00,48.3,39.8,1403.0,17.0
2025-04-25 20:00:00+07:00,49.6,41.3,1899.0,15.0
2025-04-25 21:00:00+07:00,46.3,39.6,2413.0,13.0
2025-04-25 22:00:00+07:00,44.0,38.4,2610.0,11.0
2025-04-25 23:00:00+07:00,42.4,37.7,2227.0,9.0
2025-04-26 00:00:00+07:00,41.8,37.8,1527.0,7.0
2025-04-26 01:00:00+07:00,41.3,38.0,969.0,6.0
2025-04-26 02:00:00+07:00,41.2,38.1,712.0,6.0
2025-04-26 03:00:00+07:00,41.3,38.2,597.0,6.0
2025-04-26 04:00:00+07:00,41.0,38.0,605.0,6.0
2025-04-26 05:00:00+07:00,41.0,37.8,824.0,6.0
2025-04-26 06:00:00+07:00,41.3,38.2,1166.0,5.0
2025-04-26 07:00:00+07:00,48.9,44.9,1355.0,8.0
2025-04-26 08:00:00+07:00,47.3,41.8,1238.0,11.0
2025-04-26 09:00:00+07:00,43.7,34.9,966.0,16.0
2025-04-26 10:00:00+07:00,44.1,34.3,719.0,19.0
2025-04-26 11:00:00+07:00,43.1,33.3,546.0,19.0
2025-04-26 12:00:00+07:00,42.0,32.6,398.0,18.0
2025-04-26 13:00:00+07:00,39.7,31.2,298.0,17.0
2025-04-26 14:00:00+07:00,38.5,30.5,257.0,16.0
2025-04-26 15:00:00+07:00,36.7,29.3,266.0,14.0
2025-04-26 16:00:00+07:00,35.5,28.8,318.0,13.0
2025-04-26 17:00:00+07:00,37.6,31.3,430.0,12.0
2025-04-26 18:00:00+07:00,37.8,31.9,586.0,10.0
2025-04-26 19:00:00+07:00,31.4,27.8,734.0,7.0
2025-04-26 20:00:00+07:00,33.5,30.6,865.0,6.0
2025-04-26 21:00:00+07:00,36.0,33.2,988.0,6.0
2025-04-26 22:00:00+07:00,37.8,35.3,1076.0,5.0
2025-04-26 23:00:00+07:00,38.8,36.3,1125.0,5.0
2025-04-27 00:00:00+07:00,39.5,37.1,1139.0,4.0
2025-04-27 01:00:00+07:00,39.2,36.9,1104.0,4.0
2025-04-27 02:00:00+07:00,37.0,34.9,967.0,4.0
2025-04-27 03:00:00+07:00,34.7,32.7,781.0,3.0
2025-04-27 04:00:00+07:00,33.6,31.8,697.0,3.0
2025-04-27 05:00:00+07:00,33.3,31.5,837.0,3.0
2025-04-27 06:00:00+07:00,34.8,33.1,1079.0,3.0
2025-04-27 07:00:00+07:00,30.2,28.4,1207.0,3.0
2025-04-27 08:00:00+07:00,30.2,27.8,1100.0,4.0
2025-04-27 09:00:00+07:00,30.2,26.3,880.0,6.0
2025-04-27 10:00:00+07:00,29.0,24.7,691.0,8.0
2025-04-27 11:00:00+07:00,30.3,25.6,589.0,9.0
2025-04-27 12:00:00+07:00,31.1,26.4,520.0,9.0
2025-04-27 13:00:00+07:00,31.3,26.8,464.0,9.0
2025-04-27 14:00:00+07:00,31.5,27.1,405.0,9.0
2025-04-27 15:00:00+07:00,31.5,27.2,360.0,8.0
2025-04-27 16:00:00+07:00,30.4,26.5,364.0,8.0
2025-04-27 17:00:00+07:00,33.2,28.9,432.0,7.0
2025-04-27 18:00:00+07:00,33.3,29.8,549.0,7.0
2025-04-27 19:00:00+07:00,23.7,22.2,703.0,3.0
2025-04-27 20:00:00+07:00,26.0,24.5,940.0,3.0
2025-04-27 21:00:00+07:00,28.4,27.0,1214.0,2.0
2025-04-27 22:00:00+07:00,24.3,23.2,1370.0,2.0
2025-04-27 23:00:00+07:00,23.7,22.5,1315.0,2.0
2025-04-28 00:00:00+07:00,23.4,22.1,1143.0,2.0
2025-04-28 01:00:00+07:00,20.4,19.3,977.0,2.0
2025-04-28 02:00:00+07:00,19.2,17.9,820.0,2.0
2025-04-28 03:00:00+07:00,20.5,19.2,668.0,2.0
2025-04-28 04:00:00+07:00,21.6,20.3,639.0,2.0
2025-04-28 05:00:00+07:00,22.0,20.7,858.0,2.0
2025-04-28 06:00:00+07:00,22.8,21.4,1199.0,2.0
2025-04-28 07:00:00+07:00,17.7,16.6,1398.0,2.0
2025-04-28 08:00:00+07:00,18.6,17.5,1315.0,2.0
2025-04-28 09:00:00+07:00,18.9,17.5,1090.0,3.0
2025-04-28 10:00:00+07:00,18.9,17.5,882.0,3.0
2025-04-28 11:00:00+07:00,18.5,17.1,736.0,3.0
2025-04-28 12:00:00+07:00,18.3,16.6,606.0,3.0
2025-04-28 13:00:00+07:00,18.6,16.9,515.0,3.0
2025-04-28 14:00:00+07:00,18.6,17.0,466.0,3.0
2025-04-28 15:00:00+07:00,18.3,16.8,456.0,3.0
2025-04-28 16:00:00+07:00,18.2,16.9,500.0,3.0
2025-04-28 17:00:00+07:00,17.8,16.6,597.0,2.0
2025-04-28 18:00:00+07:00,18.7,17.8,749.0,2.0
2025-04-28 19:00:00+07:00,20.9,19.9,970.0,2.0
2025-04-28 20:00:00+07:00,23.6,22.9,1341.0,2.0
2025-04-28 21:00:00+07:00,23.1,22.4,1782.0,1.0
2025-04-28 22:00:00+07:00,19.2,18.7,2070.0,1.0
2025-04-28 23:00:00+07:00,18.2,17.7,2115.0,1.0
2025-04-29 00:00:00+07:00,19.0,18.5,2008.0,1.0
2025-04-29 01:00:00+07:00,19.4,18.9,1794.0,1.0
2025-04-29 02:00:00+07:00,18.9,18.4,1403.0,1.0
2025-04-29 03:00:00+07:00,19.4,18.9,905.0,1.0
2025-04-29 04:00:00+07:00,16.2,15.8,565.0,1.0
2025-04-29 05:00:00+07:00,13.3,13.1,533.0,1.0
2025-04-29 06:00:00+07:00,15.3,14.9,657.0,1.0
2025-04-29 07:00:00+07:00,18.3,17.9,749.0,1.0
2025-04-29 08:00:00+07:00,19.5,19.0,739.0,1.0
2025-04-29 09:00:00+07:00,20.5,20.1,696.0,1.0
2025-04-29 10:00:00+07:00,18.0,17.5,635.0,1.0
2025-04-29 11:00:00+07:00,14.8,14.3,543.0,1.0
2025-04-29 12:00:00+07:00,12.7,12.4,433.0,0.0
2025-04-29 13:00:00+07:00,11.5,11.2,355.0,0.0
2025-04-29 14:00:00+07:00,10.9,10.7,308.0,0.0
2025-04-29 15:00:00+07:00,10.4,10.2,294.0,0.0
2025-04-29 16:00:00+07:00,10.3,10.1,371.0,0.0
2025-04-29 17:00:00+07:00,10.8,10.6,578.0,0.0
2025-04-29 18:00:00+07:00,11.9,11.6,877.0,0.0
2025-04-29 19:00:00+07:00,15.5,15.3,1204.0,0.0
2025-04-29 20:00:00+07:00,14.8,14.5,1642.0,0.0
2025-04-29 21:00:00+07:00,15.2,14.9,2109.0,0.0
2025-04-29 22:00:00+07:00,13.8,13.6,2300.0,0.0
2025-04-29 23:00:00+07:00,15.3,15.0,1978.0,0.0
2025-04-30 00:00:00+07:00,17.2,16.9,1379.0,0.0
2025-04-30 01:00:00+07:00,15.0,14.8,908.0,0.0
2025-04-30 02:00:00+07:00,15.4,15.1,715.0,0.0
2025-04-30 03:00:00+07:00,16.6,16.4,650.0,0.0
2025-04-30 04:00:00+07:00,17.9,17.8,663.0,0.0
2025-04-30 05:00:00+07:00,18.9,18.6,799.0,0.0
2025-04-30 06:00:00+07:00,18.5,18.3,1013.0,0.0
2025-04-30 07:00:00+07:00,16.2,16.1,1117.0,0.0
2025-04-30 08:00:00+07:00,13.6,13.4,1001.0,0.0
2025-04-30 09:00:00+07:00,13.2,13.0,775.0,0.0
2025-04-30 10:00:00+07:00,13.5,13.2,581.0,0.0
2025-04-30 11:00:00+07:00,14.2,13.9,464.0,0.0
2025-04-30 12:00:00+07:00,15.0,14.6,379.0,0.0
2025-04-30 13:00:00+07:00,16.3,15.9,338.0,0.0
2025-04-30 14:00:00+07:00,17.1,16.8,338.0,0.0
2025-04-30 15:00:00+07:00,18.0,17.7,381.0,0.0
2025-04-30 16:00:00+07:00,18.2,17.9,484.0,0.0
2025-04-30 17:00:00+07:00,18.6,18.3,670.0,0.0
2025-04-30 18:00:00+07:00,19.4,19.2,914.0,0.0
2025-04-30 19:00:00+07:00,14.9,14.8,1163.0,0.0
2025-04-30 20:00:00+07:00,11.6,11.6,1431.0,0.0
2025-04-30 21:00:00+07:00,11.4,11.3,1702.0,0.0
2025-04-30 22:00:00+07:00,10.0,10.0,1877.0,0.0
2025-04-30 23:00:00+07:00,10.3,10.2,1915.0,0.0
